"Label","Census Tract 401, Cayuga County, New York!!Estimate","Census Tract 401, Cayuga County, New York!!Margin of Error","Census Tract 401, Cayuga County, New York!!Percent","Census Tract 401, Cayuga County, New York!!Percent Margin of Error","Census Tract 402, Cayuga County, New York!!Estimate","Census Tract 402, Cayuga County, New York!!Margin of Error","Census Tract 402, Cayuga County, New York!!Percent","Census Tract 402, Cayuga County, New York!!Percent Margin of Error","Census Tract 403, Cayuga County, New York!!Estimate","Census Tract 403, Cayuga County, New York!!Margin of Error","Census Tract 403, Cayuga County, New York!!Percent","Census Tract 403, Cayuga County, New York!!Percent Margin of Error","Census Tract 404, Cayuga County, New York!!Estimate","Census Tract 404, Cayuga County, New York!!Margin of Error","Census Tract 404, Cayuga County, New York!!Percent","Census Tract 404, Cayuga County, New York!!Percent Margin of Error","Census Tract 405, Cayuga County, New York!!Estimate","Census Tract 405, Cayuga County, New York!!Margin of Error","Census Tract 405, Cayuga County, New York!!Percent","Census Tract 405, Cayuga County, New York!!Percent Margin of Error","Census Tract 406, Cayuga County, New York!!Estimate","Census Tract 406, Cayuga County, New York!!Margin of Error","Census Tract 406, Cayuga County, New York!!Percent","Census Tract 406, Cayuga County, New York!!Percent Margin of Error","Census Tract 407, Cayuga County, New York!!Estimate","Census Tract 407, Cayuga County, New York!!Margin of Error","Census Tract 407, Cayuga County, New York!!Percent","Census Tract 407, Cayuga County, New York!!Percent Margin of Error","Census Tract 408, Cayuga County, New York!!Estimate","Census Tract 408, Cayuga County, New York!!Margin of Error","Census Tract 408, Cayuga County, New York!!Percent","Census Tract 408, Cayuga County, New York!!Percent Margin of Error","Census Tract 409, Cayuga County, New York!!Estimate","Census Tract 409, Cayuga County, New York!!Margin of Error","Census Tract 409, Cayuga County, New York!!Percent","Census Tract 409, Cayuga County, New York!!Percent Margin of Error","Census Tract 410, Cayuga County, New York!!Estimate","Census Tract 410, Cayuga County, New York!!Margin of Error","Census Tract 410, Cayuga County, New York!!Percent","Census Tract 410, Cayuga County, New York!!Percent Margin of Error","Census Tract 411, Cayuga County, New York!!Estimate","Census Tract 411, Cayuga County, New York!!Margin of Error","Census Tract 411, Cayuga County, New York!!Percent","Census Tract 411, Cayuga County, New York!!Percent Margin of Error","Census Tract 412, Cayuga County, New York!!Estimate","Census Tract 412, Cayuga County, New York!!Margin of Error","Census Tract 412, Cayuga County, New York!!Percent","Census Tract 412, Cayuga County, New York!!Percent Margin of Error","Census Tract 413, Cayuga County, New York!!Estimate","Census Tract 413, Cayuga County, New York!!Margin of Error","Census Tract 413, Cayuga County, New York!!Percent","Census Tract 413, Cayuga County, New York!!Percent Margin of Error","Census Tract 414, Cayuga County, New York!!Estimate","Census Tract 414, Cayuga County, New York!!Margin of Error","Census Tract 414, Cayuga County, New York!!Percent","Census Tract 414, Cayuga County, New York!!Percent Margin of Error","Census Tract 415, Cayuga County, New York!!Estimate","Census Tract 415, Cayuga County, New York!!Margin of Error","Census Tract 415, Cayuga County, New York!!Percent","Census Tract 415, Cayuga County, New York!!Percent Margin of Error","Census Tract 416, Cayuga County, New York!!Estimate","Census Tract 416, Cayuga County, New York!!Margin of Error","Census Tract 416, Cayuga County, New York!!Percent","Census Tract 416, Cayuga County, New York!!Percent Margin of Error","Census Tract 417, Cayuga County, New York!!Estimate","Census Tract 417, Cayuga County, New York!!Margin of Error","Census Tract 417, Cayuga County, New York!!Percent","Census Tract 417, Cayuga County, New York!!Percent Margin of Error","Census Tract 418, Cayuga County, New York!!Estimate","Census Tract 418, Cayuga County, New York!!Margin of Error","Census Tract 418, Cayuga County, New York!!Percent","Census Tract 418, Cayuga County, New York!!Percent Margin of Error","Census Tract 421, Cayuga County, New York!!Estimate","Census Tract 421, Cayuga County, New York!!Margin of Error","Census Tract 421, Cayuga County, New York!!Percent","Census Tract 421, Cayuga County, New York!!Percent Margin of Error","Census Tract 9902, Cayuga County, New York!!Estimate","Census Tract 9902, Cayuga County, New York!!Margin of Error","Census Tract 9902, Cayuga County, New York!!Percent","Census Tract 9902, Cayuga County, New York!!Percent Margin of Error"
"HOUSEHOLDS BY TYPE","","","","","","","","","","","","","","","","","","","","","","","","","","","","","","","","","","","","","","","","","","","","","","","","","","","","","","","","","","","","","","","","","","","","","","","","","","","","","","","",""
"    Total households","1,826","±137","1,826","(X)","1,802","±96","1,802","(X)","1,655","±86","1,655","(X)","1,794","±96","1,794","(X)","1,369","±65","1,369","(X)","1,254","±98","1,254","(X)","1,526","±105","1,526","(X)","1,534","±119","1,534","(X)","1,544","±75","1,544","(X)","1,783","±76","1,783","(X)","1,673","±83","1,673","(X)","1,953","±111","1,953","(X)","1,686","±136","1,686","(X)","2,498","±166","2,498","(X)","1,262","±104","1,262","(X)","1,013","±87","1,013","(X)","1,822","±112","1,822","(X)","1,989","±168","1,989","(X)","1,238","±153","1,238","(X)","0","±12","0","(X)"
"        Married-couple family","1,052","±122","57.6%","±5.3","955","±85","53.0%","±5.0","799","±83","48.3%","±4.8","779","±93","43.4%","±5.6","773","±69","56.5%","±4.3","736","±104","58.7%","±7.4","920","±84","60.3%","±6.4","784","±81","51.1%","±5.1","774","±65","50.1%","±4.4","1,046","±82","58.7%","±4.0","1,009","±76","60.3%","±4.6","1,064","±79","54.5%","±3.9","460","±112","27.3%","±7.0","542","±132","21.7%","±5.2","391","±68","31.0%","±5.8","413","±89","40.8%","±9.2","706","±127","38.7%","±6.6","597","±159","30.0%","±8.0","152","±61","12.3%","±4.5","0","±12","-","**"
"            With own children of the householder under 18 years","286","±70","15.7%","±3.6","346","±57","19.2%","±3.4","267","±52","16.1%","±3.1","264","±70","14.7%","±4.1","249","±45","18.2%","±3.4","215","±54","17.1%","±4.5","239","±65","15.7%","±4.3","252","±48","16.4%","±3.1","214","±39","13.9%","±2.5","282","±47","15.8%","±2.4","276","±49","16.5%","±3.1","320","±50","16.4%","±2.6","124","±62","7.4%","±3.8","152","±85","6.1%","±3.4","159","±47","12.6%","±3.7","197","±49","19.4%","±5.2","231","±84","12.7%","±4.4","200","±106","10.1%","±5.4","34","±36","2.7%","±2.8","0","±12","-","**"
"        Cohabiting couple household","263","±72","14.4%","±4.0","228","±63","12.7%","±3.3","195","±64","11.8%","±3.7","181","±69","10.1%","±3.9","101","±32","7.4%","±2.2","82","±50","6.5%","±4.0","42","±26","2.8%","±1.6","163","±48","10.6%","±3.2","137","±36","8.9%","±2.3","165","±48","9.3%","±2.6","118","±39","7.1%","±2.3","159","±47","8.1%","±2.3","164","±65","9.7%","±3.9","290","±115","11.6%","±4.6","164","±94","13.0%","±7.3","110","±83","10.9%","±8.0","99","±48","5.4%","±2.6","154","±92","7.7%","±4.6","173","±96","14.0%","±7.5","0","±12","-","**"
"            With own children of the householder under 18 years","136","±64","7.4%","±3.6","77","±36","4.3%","±1.9","37","±24","2.2%","±1.4","75","±49","4.2%","±2.8","62","±28","4.5%","±2.0","47","±34","3.7%","±2.7","29","±21","1.9%","±1.3","89","±45","5.8%","±2.9","38","±23","2.5%","±1.5","45","±21","2.5%","±1.2","69","±32","4.1%","±1.9","34","±20","1.7%","±1.0","78","±47","4.6%","±2.8","218","±100","8.7%","±4.0","14","±27","1.1%","±2.1","47","±37","4.6%","±3.6","38","±35","2.1%","±1.9","45","±42","2.3%","±2.1","64","±59","5.2%","±4.7","0","±12","-","**"
"        Male householder, no spouse/partner present","284","±81","15.6%","±4.1","286","±66","15.9%","±3.4","308","±67","18.6%","±3.8","349","±84","19.5%","±4.1","260","±49","19.0%","±3.6","192","±73","15.3%","±5.6","294","±98","19.3%","±5.8","219","±57","14.3%","±3.2","326","±65","21.1%","±3.9","270","±56","15.1%","±3.0","261","±60","15.6%","±3.3","290","±66","14.8%","±3.1","490","±130","29.1%","±7.0","778","±161","31.1%","±6.3","286","±117","22.7%","±8.6","139","±61","13.7%","±5.8","344","±103","18.9%","±5.4","366","±143","18.4%","±6.9","431","±139","34.8%","±9.8","0","±12","-","**"
"            With own children of the householder under 18 years","20","±22","1.1%","±1.2","32","±31","1.8%","±1.7","38","±34","2.3%","±2.0","54","±28","3.0%","±1.5","26","±18","1.9%","±1.3","11","±14","0.9%","±1.1","30","±32","2.0%","±2.1","18","±26","1.2%","±1.7","37","±22","2.4%","±1.4","20","±17","1.1%","±0.9","8","±8","0.5%","±0.5","22","±15","1.1%","±0.7","109","±89","6.5%","±5.3","0","±12","0.0%","±1.3","0","±12","0.0%","±2.5","21","±19","2.1%","±1.8","0","±12","0.0%","±1.8","8","±16","0.4%","±0.8","0","±12","0.0%","±2.6","0","±12","-","**"
"            Householder living alone","155","±51","8.5%","±2.6","197","±53","10.9%","±2.8","184","±53","11.1%","±3.1","218","±80","12.2%","±4.1","192","±41","14.0%","±3.0","97","±49","7.7%","±3.8","235","±85","15.4%","±5.0","165","±50","10.8%","±2.9","221","±56","14.3%","±3.5","189","±41","10.6%","±2.3","228","±57","13.6%","±3.2","205","±56","10.5%","±2.7","296","±94","17.6%","±5.4","711","±173","28.5%","±6.7","164","±77","13.0%","±5.8","101","±54","10.0%","±5.1","302","±105","16.6%","±5.6","218","±118","11.0%","±5.7","319","±126","25.8%","±9.1","0","±12","-","**"
"                65 years and over","39","±20","2.1%","±1.1","54","±31","3.0%","±1.7","83","±34","5.0%","±2.1","41","±27","2.3%","±1.5","63","±24","4.6%","±1.8","31","±25","2.5%","±2.0","130","±75","8.5%","±4.7","63","±27","4.1%","±1.7","100","±33","6.5%","±2.1","47","±27","2.6%","±1.5","54","±26","3.2%","±1.5","76","±28","3.9%","±1.4","118","±56","7.0%","±3.3","79","±58","3.2%","±2.4","40","±50","3.2%","±4.0","35","±31","3.5%","±3.0","74","±58","4.1%","±3.2","100","±78","5.0%","±3.8","72","±58","5.8%","±4.7","0","±12","-","**"
"        Female householder, no spouse/partner present","227","±61","12.4%","±3.0","333","±84","18.5%","±4.5","353","±63","21.3%","±3.7","485","±95","27.0%","±4.7","235","±36","17.2%","±2.6","244","±69","19.5%","±5.2","270","±81","17.7%","±4.8","368","±76","24.0%","±4.1","307","±57","19.9%","±3.4","302","±51","16.9%","±2.8","285","±63","17.0%","±3.5","440","±79","22.5%","±3.7","572","±143","33.9%","±7.5","888","±228","35.5%","±8.5","421","±113","33.4%","±8.6","351","±108","34.6%","±10.1","673","±121","36.9%","±6.4","872","±192","43.8%","±8.7","482","±137","38.9%","±11.0","0","±12","-","**"
"            With own children of the householder under 18 years","27","±18","1.5%","±1.0","80","±43","4.4%","±2.4","73","±40","4.4%","±2.4","173","±78","9.6%","±4.2","37","±20","2.7%","±1.5","14","±20","1.1%","±1.6","0","±12","0.0%","±2.1","78","±41","5.1%","±2.7","70","±27","4.5%","±1.7","30","±22","1.7%","±1.2","21","±17","1.3%","±1.0","73","±35","3.7%","±1.8","144","±74","8.5%","±4.4","125","±102","5.0%","±4.2","19","±30","1.5%","±2.4","95","±48","9.4%","±4.6","138","±81","7.6%","±4.5","226","±132","11.4%","±6.5","137","±82","11.1%","±6.7","0","±12","-","**"
"            Householder living alone","134","±44","7.3%","±2.2","173","±52","9.6%","±2.8","203","±56","12.3%","±3.3","233","±70","13.0%","±3.6","126","±31","9.2%","±2.3","167","±61","13.3%","±4.5","229","±75","15.0%","±4.5","232","±61","15.1%","±3.5","157","±42","10.2%","±2.5","201","±39","11.3%","±2.1","172","±50","10.3%","±2.8","295","±61","15.1%","±2.8","289","±109","17.1%","±6.0","661","±212","26.5%","±7.7","250","±81","19.8%","±6.2","116","±70","11.5%","±6.6","414","±100","22.7%","±5.4","500","±167","25.1%","±8.0","226","±83","18.3%","±6.9","0","±12","-","**"
"                65 years and over","98","±39","5.4%","±2.0","125","±46","6.9%","±2.5","112","±34","6.8%","±2.0","169","±58","9.4%","±3.0","87","±24","6.4%","±1.8","101","±38","8.1%","±3.0","183","±69","12.0%","±4.3","152","±50","9.9%","±3.0","80","±30","5.2%","±1.9","103","±25","5.8%","±1.4","82","±32","4.9%","±1.8","192","±54","9.8%","±2.7","68","±37","4.0%","±2.2","319","±115","12.8%","±4.5","149","±56","11.8%","±4.4","27","±23","2.7%","±2.3","269","±88","14.8%","±4.7","332","±113","16.7%","±5.5","143","±63","11.6%","±5.5","0","±12","-","**"
"        Households with one or more people under 18 years","536","±75","29.4%","±4.4","612","±66","34.0%","±3.5","483","±66","29.2%","±3.4","642","±69","35.8%","±4.3","410","±46","29.9%","±3.4","306","±48","24.4%","±4.2","298","±66","19.5%","±4.2","473","±64","30.8%","±3.8","390","±50","25.3%","±3.1","446","±53","25.0%","±2.6","417","±52","24.9%","±3.4","543","±67","27.8%","±3.3","568","±100","33.7%","±6.2","518","±134","20.7%","±5.4","276","±81","21.9%","±6.3","416","±77","41.1%","±7.5","457","±111","25.1%","±5.7","592","±140","29.8%","±6.8","268","±73","21.6%","±5.8","0","±12","-","**"
"        Households with one or more people 65 years and over","648","±96","35.5%","±4.0","539","±58","29.9%","±2.7","525","±49","31.7%","±3.0","499","±55","27.8%","±2.7","466","±40","34.0%","±2.4","487","±66","38.8%","±4.2","613","±89","40.2%","±4.0","554","±71","36.1%","±3.6","519","±52","33.6%","±3.0","599","±45","33.6%","±2.4","593","±69","35.4%","±3.8","748","±71","38.3%","±3.0","420","±80","24.9%","±4.5","691","±117","27.7%","±4.6","342","±81","27.1%","±6.3","245","±70","24.2%","±7.1","608","±83","33.4%","±4.4","725","±135","36.5%","±5.9","343","±73","27.7%","±6.6","0","±12","-","**"
"        Average household size","2.66","±0.15","(X)","(X)","2.71","±0.15","(X)","(X)","2.48","±0.12","(X)","(X)","2.39","±0.13","(X)","(X)","2.54","±0.13","(X)","(X)","2.45","±0.16","(X)","(X)","2.39","±0.16","(X)","(X)","2.39","±0.12","(X)","(X)","2.44","±0.12","(X)","(X)","2.42","±0.08","(X)","(X)","2.44","±0.11","(X)","(X)","2.41","±0.11","(X)","(X)","2.17","±0.17","(X)","(X)","1.82","±0.15","(X)","(X)","2.16","±0.17","(X)","(X)","2.50","±0.21","(X)","(X)","2.08","±0.15","(X)","(X)","2.32","±0.24","(X)","(X)","1.91","±0.14","(X)","(X)","-","**","(X)","(X)"
"        Average family size","2.93","±0.18","(X)","(X)","3.09","±0.17","(X)","(X)","3.00","±0.19","(X)","(X)","2.76","±0.14","(X)","(X)","2.96","±0.16","(X)","(X)","2.82","±0.23","(X)","(X)","2.99","±0.21","(X)","(X)","2.76","±0.16","(X)","(X)","2.85","±0.12","(X)","(X)","2.79","±0.10","(X)","(X)","2.82","±0.13","(X)","(X)","2.92","±0.12","(X)","(X)","2.70","±0.22","(X)","(X)","2.65","±0.22","(X)","(X)","2.76","±0.30","(X)","(X)","2.87","±0.22","(X)","(X)","2.78","±0.18","(X)","(X)","3.05","±0.37","(X)","(X)","2.74","±0.36","(X)","(X)","-","**","(X)","(X)"
"RELATIONSHIP","","","","","","","","","","","","","","","","","","","","","","","","","","","","","","","","","","","","","","","","","","","","","","","","","","","","","","","","","","","","","","","","","","","","","","","","","","","","","","","",""
"    Population in households","4,854","±282","4,854","(X)","4,880","±291","4,880","(X)","4,100","±239","4,100","(X)","4,285","±45","4,285","(X)","3,481","±177","3,481","(X)","3,078","±117","3,078","(X)","3,646","±18","3,646","(X)","3,672","±221","3,672","(X)","3,760","±203","3,760","(X)","4,309","±203","4,309","(X)","4,074","±153","4,074","(X)","4,705","±203","4,705","(X)","3,658","±310","3,658","(X)","4,550","±354","4,550","(X)","2,729","±259","2,729","(X)","2,533","±244","2,533","(X)","3,794","±340","3,794","(X)","4,611","±465","4,611","(X)","2,363","±310","2,363","(X)","0","±12","0","(X)"
"        Householder","1,826","±137","37.6%","±2.2","1,802","±96","36.9%","±2.0","1,655","±86","40.4%","±1.9","1,794","±96","41.9%","±2.3","1,369","±65","39.3%","±2.0","1,254","±98","40.7%","±2.7","1,526","±105","41.9%","±2.8","1,534","±119","41.8%","±2.1","1,544","±75","41.1%","±2.0","1,783","±76","41.4%","±1.4","1,673","±83","41.1%","±1.8","1,953","±111","41.5%","±1.9","1,686","±136","46.1%","±3.5","2,498","±166","54.9%","±4.4","1,262","±104","46.2%","±3.6","1,013","±87","40.0%","±3.3","1,822","±112","48.0%","±3.3","1,989","±168","43.1%","±4.5","1,238","±153","52.4%","±3.8","0","±12","-","**"
"        Spouse","1,047","±118","21.6%","±2.0","961","±83","19.7%","±1.7","805","±83","19.6%","±1.6","775","±95","18.1%","±2.2","768","±65","22.1%","±1.4","754","±112","24.5%","±3.2","922","±75","25.3%","±2.1","770","±89","21.0%","±2.1","764","±67","20.3%","±1.6","1,062","±96","24.6%","±1.8","1,011","±80","24.8%","±1.8","1,070","±81","22.7%","±1.7","455","±111","12.4%","±2.9","544","±134","12.0%","±2.7","347","±91","12.7%","±3.3","404","±95","15.9%","±3.5","678","±118","17.9%","±2.6","632","±165","13.7%","±3.4","153","±63","6.5%","±2.4","0","±12","-","**"
"        Unmarried partner","256","±69","5.3%","±1.5","232","±59","4.8%","±1.1","200","±68","4.9%","±1.6","189","±76","4.4%","±1.8","93","±28","2.7%","±0.8","81","±50","2.6%","±1.6","43","±26","1.2%","±0.7","165","±56","4.5%","±1.5","129","±40","3.4%","±1.0","159","±44","3.7%","±1.0","114","±37","2.8%","±0.9","152","±46","3.2%","±0.9","168","±73","4.6%","±1.9","288","±120","6.3%","±2.5","162","±98","5.9%","±3.6","110","±85","4.3%","±3.2","99","±50","2.6%","±1.3","157","±93","3.4%","±1.9","186","±103","7.9%","±4.1","0","±12","-","**"
"        Child","1,397","±174","28.8%","±3.1","1,487","±200","30.5%","±3.0","1,092","±158","26.6%","±2.9","1,238","±121","28.9%","±2.8","973","±110","28.0%","±2.3","772","±127","25.1%","±4.2","1,079","±109","29.6%","±3.0","977","±118","26.6%","±2.6","1,070","±137","28.5%","±2.6","1,034","±99","24.0%","±1.8","1,052","±100","25.8%","±2.2","1,200","±135","25.5%","±2.7","967","±226","26.4%","±5.1","998","±210","21.9%","±3.6","594","±153","21.8%","±5.2","699","±163","27.6%","±5.2","1,006","±207","26.5%","±4.0","1,293","±380","28.0%","±7.0","511","±120","21.6%","±4.1","0","±12","-","**"
"        Other relatives","247","±120","5.1%","±2.4","221","±64","4.5%","±1.3","210","±57","5.1%","±1.4","143","±52","3.3%","±1.2","181","±51","5.2%","±1.5","113","±71","3.7%","±2.3","64","±61","1.8%","±1.7","131","±56","3.6%","±1.5","117","±33","3.1%","±0.9","154","±47","3.6%","±1.1","156","±47","3.8%","±1.1","230","±78","4.9%","±1.6","213","±118","5.8%","±3.2","121","±102","2.7%","±2.3","109","±79","4.0%","±2.8","229","±119","9.0%","±4.7","89","±61","2.3%","±1.5","171","±190","3.7%","±4.1","157","±110","6.6%","±4.5","0","±12","-","**"
"        Other nonrelatives","81","±37","1.7%","±0.7","177","±67","3.6%","±1.3","138","±58","3.4%","±1.4","146","±62","3.4%","±1.5","97","±35","2.8%","±1.0","104","±77","3.4%","±2.5","12","±19","0.3%","±0.5","95","±38","2.6%","±1.0","136","±72","3.6%","±1.9","117","±39","2.7%","±0.9","68","±48","1.7%","±1.2","100","±44","2.1%","±0.9","169","±82","4.6%","±2.2","101","±97","2.2%","±2.1","255","±157","9.3%","±5.4","78","±60","3.1%","±2.3","100","±96","2.6%","±2.5","369","±321","8.0%","±6.7","118","±68","5.0%","±2.8","0","±12","-","**"
"MARITAL STATUS","","","","","","","","","","","","","","","","","","","","","","","","","","","","","","","","","","","","","","","","","","","","","","","","","","","","","","","","","","","","","","","","","","","","","","","","","","","","","","","",""
"    Males 15 years and over","2,048","±166","2,048","(X)","1,992","±162","1,992","(X)","1,738","±116","1,738","(X)","1,740","±114","1,740","(X)","1,442","±74","1,442","(X)","1,452","±122","1,452","(X)","1,500","±120","1,500","(X)","2,434","±163","2,434","(X)","1,631","±100","1,631","(X)","2,117","±141","2,117","(X)","1,771","±90","1,771","(X)","1,959","±114","1,959","(X)","1,432","±178","1,432","(X)","1,964","±280","1,964","(X)","1,170","±216","1,170","(X)","923","±134","923","(X)","1,522","±190","1,522","(X)","1,730","±277","1,730","(X)","2,676","±259","2,676","(X)","0","±12","0","(X)"
"        Never married","546","±115","26.7%","±5.2","690","±148","34.6%","±5.2","593","±106","34.1%","±4.9","574","±105","33.0%","±4.7","367","±58","25.5%","±3.5","472","±125","32.5%","±7.3","316","±92","21.1%","±5.3","921","±180","37.8%","±6.1","531","±93","32.6%","±4.6","787","±120","37.2%","±4.1","519","±86","29.3%","±4.1","560","±85","28.6%","±3.7","641","±142","44.8%","±7.9","880","±269","44.8%","±10.3","678","±208","57.9%","±10.2","370","±130","40.1%","±10.8","579","±170","38.0%","±8.6","643","±218","37.2%","±9.5","1,613","±176","60.3%","±5.2","0","±12","-","**"
"        Now married, except separated","1,092","±134","53.3%","±6.1","975","±84","48.9%","±5.1","842","±85","48.4%","±4.3","783","±93","45.0%","±5.6","798","±66","55.3%","±3.8","796","±95","54.8%","±7.4","930","±79","62.0%","±6.2","1,039","±110","42.7%","±4.7","781","±71","47.9%","±4.3","1,073","±82","50.7%","±4.1","1,032","±82","58.3%","±4.6","1,120","±75","57.2%","±3.7","456","±110","31.8%","±7.4","568","±138","28.9%","±6.7","380","±94","32.5%","±8.9","407","±87","44.1%","±10.4","752","±128","49.4%","±8.3","725","±166","41.9%","±8.6","667","±121","24.9%","±3.7","0","±12","-","**"
"        Separated","46","±35","2.2%","±1.7","53","±39","2.7%","±2.0","71","±45","4.1%","±2.5","32","±25","1.8%","±1.5","38","±24","2.6%","±1.7","25","±25","1.7%","±1.7","30","±32","2.0%","±2.1","142","±58","5.8%","±2.3","20","±15","1.2%","±1.0","36","±15","1.7%","±0.7","10","±9","0.6%","±0.5","25","±20","1.3%","±1.0","37","±54","2.6%","±3.8","157","±98","8.0%","±4.9","13","±21","1.1%","±1.8","11","±13","1.2%","±1.4","0","±12","0.0%","±2.1","16","±23","0.9%","±1.3","61","±58","2.3%","±2.1","0","±12","-","**"
"        Widowed","74","±46","3.6%","±2.2","66","±25","3.3%","±1.2","82","±24","4.7%","±1.5","87","±50","5.0%","±2.8","63","±22","4.4%","±1.5","54","±38","3.7%","±2.6","87","±64","5.8%","±4.0","56","±22","2.3%","±0.9","64","±27","3.9%","±1.6","68","±30","3.2%","±1.4","19","±14","1.1%","±0.8","49","±23","2.5%","±1.1","57","±50","4.0%","±3.4","53","±46","2.7%","±2.3","35","±49","3.0%","±4.2","17","±20","1.8%","±2.1","56","±29","3.7%","±2.0","92","±51","5.3%","±2.9","68","±39","2.5%","±1.5","0","±12","-","**"
"        Divorced","290","±96","14.2%","±4.2","208","±48","10.4%","±2.4","150","±46","8.6%","±2.8","264","±74","15.2%","±4.2","176","±45","12.2%","±3.1","105","±55","7.2%","±3.6","137","±77","9.1%","±5.1","276","±78","11.3%","±3.3","235","±52","14.4%","±3.3","153","±38","7.2%","±1.8","191","±59","10.8%","±3.3","205","±51","10.5%","±2.4","241","±96","16.8%","±6.1","306","±108","15.6%","±5.9","64","±47","5.5%","±4.0","118","±74","12.8%","±7.6","135","±67","8.9%","±4.3","254","±137","14.7%","±7.9","267","±106","10.0%","±3.6","0","±12","-","**"
"    Females 15 years and over","1,879","±151","1,879","(X)","1,914","±116","1,914","(X)","1,709","±121","1,709","(X)","1,843","±90","1,843","(X)","1,412","±85","1,412","(X)","1,533","±109","1,533","(X)","1,596","±122","1,596","(X)","1,628","±125","1,628","(X)","1,481","±93","1,481","(X)","2,008","±137","2,008","(X)","1,780","±104","1,780","(X)","2,050","±112","2,050","(X)","1,395","±152","1,395","(X)","2,075","±232","2,075","(X)","1,234","±159","1,234","(X)","1,022","±137","1,022","(X)","1,779","±190","1,779","(X)","2,268","±219","2,268","(X)","1,079","±172","1,079","(X)","0","±12","0","(X)"
"        Never married","401","±85","21.3%","±4.1","564","±103","29.5%","±4.3","476","±94","27.9%","±4.5","520","±99","28.2%","±4.9","287","±52","20.3%","±3.1","396","±114","25.8%","±6.9","398","±106","24.9%","±5.5","412","±75","25.3%","±4.1","323","±68","21.8%","±4.0","520","±103","25.9%","±4.0","380","±82","21.3%","±3.8","392","±98","19.1%","±4.3","426","±122","30.5%","±7.3","594","±190","28.6%","±8.0","490","±140","39.7%","±8.2","277","±128","27.1%","±10.2","503","±154","28.3%","±6.7","657","±172","29.0%","±6.9","553","±153","51.3%","±10.1","0","±12","-","**"
"        Now married, except separated","1,100","±128","58.5%","±5.1","996","±85","52.0%","±4.4","847","±84","49.6%","±4.3","797","±96","43.2%","±5.8","826","±67","58.5%","±3.7","812","±121","53.0%","±7.2","933","±78","58.5%","±5.7","841","±89","51.7%","±4.4","817","±72","55.2%","±4.6","1,133","±99","56.4%","±4.2","1,063","±75","59.7%","±4.1","1,118","±79","54.5%","±4.2","483","±111","34.6%","±7.7","721","±173","34.7%","±8.2","414","±64","33.5%","±6.6","441","±98","43.2%","±10.3","710","±125","39.9%","±6.6","692","±164","30.5%","±7.5","230","±94","21.3%","±8.1","0","±12","-","**"
"        Separated","25","±16","1.3%","±0.8","44","±34","2.3%","±1.8","29","±20","1.7%","±1.2","65","±46","3.5%","±2.5","25","±20","1.8%","±1.4","0","±12","0.0%","±2.1","0","±12","0.0%","±2.0","24","±17","1.5%","±1.0","43","±26","2.9%","±1.7","34","±21","1.7%","±1.0","4","±6","0.2%","±0.4","91","±41","4.4%","±2.0","108","±77","7.7%","±5.5","53","±47","2.6%","±2.3","67","±62","5.4%","±4.7","17","±19","1.7%","±1.9","126","±66","7.1%","±3.9","89","±78","3.9%","±3.4","25","±32","2.3%","±3.0","0","±12","-","**"
"        Widowed","145","±57","7.7%","±2.9","128","±39","6.7%","±2.1","174","±44","10.2%","±2.7","154","±45","8.4%","±2.5","169","±33","12.0%","±2.3","180","±67","11.7%","±4.3","175","±68","11.0%","±4.2","196","±61","12.0%","±3.6","152","±35","10.3%","±2.3","130","±33","6.5%","±1.6","144","±47","8.1%","±2.6","241","±66","11.8%","±3.0","99","±39","7.1%","±2.7","264","±95","12.7%","±4.7","63","±39","5.1%","±3.0","103","±66","10.1%","±6.8","199","±68","11.2%","±3.9","478","±155","21.1%","±6.3","132","±56","12.2%","±5.4","0","±12","-","**"
"        Divorced","208","±60","11.1%","±3.1","182","±48","9.5%","±2.5","183","±48","10.7%","±2.8","307","±68","16.7%","±3.3","105","±29","7.4%","±2.0","145","±61","9.5%","±4.0","90","±51","5.6%","±3.1","155","±47","9.5%","±2.8","146","±42","9.9%","±2.7","191","±40","9.5%","±2.0","189","±51","10.6%","±2.9","208","±48","10.1%","±2.3","279","±97","20.0%","±6.7","443","±156","21.3%","±6.7","200","±86","16.2%","±7.0","184","±98","18.0%","±9.0","241","±83","13.5%","±4.5","352","±156","15.5%","±6.5","139","±79","12.9%","±6.9","0","±12","-","**"
"FERTILITY","","","","","","","","","","","","","","","","","","","","","","","","","","","","","","","","","","","","","","","","","","","","","","","","","","","","","","","","","","","","","","","","","","","","","","","","","","","","","","","",""
"    Number of women 15 to 50 years old who had a birth in the past 12 months","78","±39","78","(X)","28","±20","28","(X)","71","±27","71","(X)","64","±55","64","(X)","32","±21","32","(X)","3","±10","3","(X)","84","±50","84","(X)","57","±32","57","(X)","30","±19","30","(X)","41","±21","41","(X)","31","±25","31","(X)","28","±16","28","(X)","111","±50","111","(X)","92","±97","92","(X)","55","±58","55","(X)","41","±28","41","(X)","20","±21","20","(X)","103","±80","103","(X)","56","±47","56","(X)","0","±12","0","(X)"
"        Unmarried women (widowed, divorced, and never married)","35","±29","44.9%","±26.8","6","±9","21.4%","±28.9","16","±16","22.5%","±21.2","49","±55","76.6%","±28.7","18","±18","56.3%","±34.7","0","±12","0.0%","±100.0","13","±19","15.5%","±20.7","45","±31","78.9%","±19.5","21","±18","70.0%","±26.7","6","±7","14.6%","±15.5","15","±20","48.4%","±43.7","10","±9","35.7%","±20.9","54","±35","48.6%","±27.7","76","±92","82.6%","±40.2","10","±15","18.2%","±35.6","13","±15","31.7%","±36.0","13","±21","65.0%","±53.0","76","±84","73.8%","±39.3","56","±47","100.0%","±39.6","0","±12","-","**"
"            Per 1,000 unmarried women","76","±64","(X)","(X)","10","±15","(X)","(X)","31","±32","(X)","(X)","81","±87","(X)","(X)","56","±55","(X)","(X)","0","±72","(X)","(X)","36","±53","(X)","(X)","103","±69","(X)","(X)","64","±55","(X)","(X)","11","±12","(X)","(X)","37","±45","(X)","(X)","22","±20","(X)","(X)","102","±62","(X)","(X)","111","±135","(X)","(X)","20","±32","(X)","(X)","37","±43","(X)","(X)","28","±41","(X)","(X)","112","±118","(X)","(X)","97","±81","(X)","(X)","-","**","(X)","(X)"
"        Per 1,000 women 15 to 50 years old","83","±42","(X)","(X)","27","±20","(X)","(X)","77","±30","(X)","(X)","61","±52","(X)","(X)","46","±30","(X)","(X)","4","±14","(X)","(X)","125","±85","(X)","(X)","75","±42","(X)","(X)","46","±30","(X)","(X)","41","±21","(X)","(X)","40","±30","(X)","(X)","29","±16","(X)","(X)","135","±61","(X)","(X)","93","±103","(X)","(X)","74","±82","(X)","(X)","67","±43","(X)","(X)","25","±26","(X)","(X)","94","±71","(X)","(X)","80","±67","(X)","(X)","-","**","(X)","(X)"
"        Per 1,000 women 15 to 19 years old","0","±354","(X)","(X)","0","±154","(X)","(X)","0","±187","(X)","(X)","18","±32","(X)","(X)","0","±243","(X)","(X)","0","±239","(X)","(X)","0","±236","(X)","(X)","0","±231","(X)","(X)","0","±259","(X)","(X)","0","±203","(X)","(X)","0","±228","(X)","(X)","0","±171","(X)","(X)","0","±250","(X)","(X)","0","±208","(X)","(X)","0","±299","(X)","(X)","0","±335","(X)","(X)","0","±209","(X)","(X)","0","±524","(X)","(X)","0","±469","(X)","(X)","-","**","(X)","(X)"
"        Per 1,000 women 20 to 34 years old","153","±95","(X)","(X)","78","±56","(X)","(X)","246","±101","(X)","(X)","164","±135","(X)","(X)","121","±77","(X)","(X)","10","±34","(X)","(X)","206","±167","(X)","(X)","143","±93","(X)","(X)","117","±82","(X)","(X)","81","±41","(X)","(X)","88","±78","(X)","(X)","56","±38","(X)","(X)","232","±153","(X)","(X)","157","±170","(X)","(X)","139","±149","(X)","(X)","217","±145","(X)","(X)","73","±81","(X)","(X)","172","±128","(X)","(X)","161","±131","(X)","(X)","-","**","(X)","(X)"
"        Per 1,000 women 35 to 50 years old","33","±41","(X)","(X)","0","±67","(X)","(X)","6","±11","(X)","(X)","0","±62","(X)","(X)","0","±100","(X)","(X)","0","±100","(X)","(X)","81","±81","(X)","(X)","51","±54","(X)","(X)","12","±16","(X)","(X)","8","±13","(X)","(X)","14","±15","(X)","(X)","21","±19","(X)","(X)","104","±113","(X)","(X)","0","±114","(X)","(X)","0","±119","(X)","(X)","18","±30","(X)","(X)","0","±82","(X)","(X)","0","±67","(X)","(X)","0","±98","(X)","(X)","-","**","(X)","(X)"
"GRANDPARENTS","","","","","","","","","","","","","","","","","","","","","","","","","","","","","","","","","","","","","","","","","","","","","","","","","","","","","","","","","","","","","","","","","","","","","","","","","","","","","","","",""
"    Number of grandparents living with own grandchildren under 18 years","106","±80","106","(X)","132","±53","132","(X)","84","±40","84","(X)","126","±68","126","(X)","79","±37","79","(X)","31","±38","31","(X)","68","±94","68","(X)","73","±43","73","(X)","43","±21","43","(X)","100","±54","100","(X)","85","±46","85","(X)","126","±49","126","(X)","148","±100","148","(X)","48","±46","48","(X)","48","±58","48","(X)","47","±53","47","(X)","57","±55","57","(X)","52","±62","52","(X)","33","±38","33","(X)","0","±12","0","(X)"
"        Grandparents responsible for grandchildren","29","±25","27.4%","±29.6","28","±23","21.2%","±15.0","18","±16","21.4%","±15.2","30","±31","23.8%","±22.5","39","±32","49.4%","±26.0","3","±9","9.7%","±32.1","0","±12","0.0%","±35.7","34","±32","46.6%","±30.9","35","±19","81.4%","±21.0","43","±35","43.0%","±22.1","15","±15","17.6%","±15.0","52","±36","41.3%","±19.6","115","±93","77.7%","±22.2","13","±27","27.1%","±41.7","27","±43","56.3%","±56.3","39","±51","83.0%","±33.9","31","±36","54.4%","±51.6","0","±12","0.0%","±41.1","23","±34","69.7%","±54.0","0","±12","-","**"
"        Years responsible for grandchildren","","","","","","","","","","","","","","","","","","","","","","","","","","","","","","","","","","","","","","","","","","","","","","","","","","","","","","","","","","","","","","","","","","","","","","","","","","","","","","","",""
"            Less than 1 year","0","±12","0.0%","±25.9","6","±9","4.5%","±6.6","6","±9","7.1%","±9.3","22","±28","17.5%","±19.4","5","±6","6.3%","±7.9","0","±12","0.0%","±53.3","0","±12","0.0%","±35.7","27","±32","37.0%","±32.7","6","±8","14.0%","±17.5","34","±33","34.0%","±23.4","4","±6","4.7%","±7.0","4","±6","3.2%","±4.6","35","±44","23.6%","±26.7","13","±27","27.1%","±41.7","27","±43","56.3%","±56.3","30","±49","63.8%","±50.7","10","±15","17.5%","±23.4","0","±12","0.0%","±41.1","0","±12","0.0%","±51.6","0","±12","-","**"
"            1 or 2 years","20","±23","18.9%","±25.8","13","±19","9.8%","±12.9","0","±12","0.0%","±31.0","8","±14","6.3%","±12.5","4","±5","5.1%","±6.9","0","±12","0.0%","±53.3","0","±12","0.0%","±35.7","0","±12","0.0%","±34.1","0","±12","0.0%","±45.2","9","±7","9.0%","±6.5","0","±12","0.0%","±30.7","13","±14","10.3%","±11.4","0","±12","0.0%","±19.6","0","±12","0.0%","±42.8","0","±12","0.0%","±42.8","0","±12","0.0%","±43.3","10","±15","17.5%","±24.3","0","±12","0.0%","±41.1","23","±34","69.7%","±54.0","0","±12","-","**"
"            3 or 4 years","0","±12","0.0%","±25.9","0","±12","0.0%","±21.6","3","±5","3.6%","±6.4","0","±12","0.0%","±22.5","21","±30","26.6%","±31.8","3","±9","9.7%","±32.1","0","±12","0.0%","±35.7","0","±12","0.0%","±34.1","0","±12","0.0%","±45.2","0","±12","0.0%","±27.2","7","±11","8.2%","±12.7","12","±12","9.5%","±10.3","63","±72","42.6%","±34.7","0","±12","0.0%","±42.8","0","±12","0.0%","±42.8","0","±12","0.0%","±43.3","11","±17","19.3%","±33.3","0","±12","0.0%","±41.1","0","±12","0.0%","±51.6","0","±12","-","**"
"            5 or more years","9","±13","8.5%","±14.9","9","±10","6.8%","±7.7","9","±12","10.7%","±14.2","0","±12","0.0%","±22.5","9","±10","11.4%","±13.2","0","±12","0.0%","±53.3","0","±12","0.0%","±35.7","7","±8","9.6%","±13.4","29","±17","67.4%","±23.2","0","±12","0.0%","±27.2","4","±7","4.7%","±7.1","23","±31","18.3%","±21.3","17","±20","11.5%","±15.0","0","±12","0.0%","±42.8","0","±12","0.0%","±42.8","9","±13","19.1%","±33.8","0","±12","0.0%","±39.3","0","±12","0.0%","±41.1","0","±12","0.0%","±51.6","0","±12","-","**"
"    Number of grandparents responsible for own grandchildren under 18 years","29","±25","29","(X)","28","±23","28","(X)","18","±16","18","(X)","30","±31","30","(X)","39","±32","39","(X)","3","±9","3","(X)","0","±12","0","(X)","34","±32","34","(X)","35","±19","35","(X)","43","±35","43","(X)","15","±15","15","(X)","52","±36","52","(X)","115","±93","115","(X)","13","±27","13","(X)","27","±43","27","(X)","39","±51","39","(X)","31","±36","31","(X)","0","±12","0","(X)","23","±34","23","(X)","0","±12","0","(X)"
"        Who are female","16","±13","55.2%","±18.7","19","±14","67.9%","±23.3","6","±8","33.3%","±30.3","16","±16","53.3%","±11.5","22","±17","56.4%","±9.5","3","±9","100.0%","±100.0","0","±12","-","**","17","±17","50.0%","±14.1","16","±10","45.7%","±29.3","26","±24","60.5%","±21.3","8","±8","53.3%","±34.4","32","±20","61.5%","±11.5","62","±50","53.9%","±11.1","13","±27","100.0%","±82.2","27","±43","100.0%","±57.1","39","±51","100.0%","±47.5","21","±24","67.7%","±27.8","0","±12","-","**","23","±34","100.0%","±61.8","0","±12","-","**"
"        Who are married","29","±25","100.0%","±55.1","19","±21","67.9%","±35.6","12","±12","66.7%","±43.5","30","±31","100.0%","±54.1","39","±32","100.0%","±47.5","0","±12","0.0%","±100.0","0","±12","-","**","20","±30","58.8%","±49.4","14","±13","40.0%","±39.5","43","±35","100.0%","±45.2","11","±14","73.3%","±36.6","49","±36","94.2%","±12.4","98","±88","85.2%","±20.5","0","±12","0.0%","±82.3","0","±12","0.0%","±57.1","0","±12","0.0%","±47.5","20","±31","64.5%","±55.0","0","±12","-","**","0","±12","0.0%","±61.8","0","±12","-","**"
"SCHOOL ENROLLMENT","","","","","","","","","","","","","","","","","","","","","","","","","","","","","","","","","","","","","","","","","","","","","","","","","","","","","","","","","","","","","","","","","","","","","","","","","","","","","","","",""
"    Population 3 years and over enrolled in school","941","±155","941","(X)","1,198","±240","1,198","(X)","887","±113","887","(X)","1,057","±127","1,057","(X)","745","±100","745","(X)","607","±135","607","(X)","724","±226","724","(X)","813","±112","813","(X)","803","±114","803","(X)","1,220","±117","1,220","(X)","769","±107","769","(X)","959","±136","959","(X)","849","±182","849","(X)","703","±184","703","(X)","634","±164","634","(X)","640","±173","640","(X)","827","±198","827","(X)","1,240","±311","1,240","(X)","481","±180","481","(X)","0","±12","0","(X)"
"        Nursery school, preschool","50","±34","5.3%","±3.8","40","±27","3.3%","±2.1","19","±16","2.1%","±1.8","30","±26","2.8%","±2.5","42","±18","5.6%","±2.5","3","±6","0.5%","±1.0","32","±29","4.4%","±3.5","11","±8","1.4%","±1.1","26","±16","3.2%","±1.9","27","±14","2.2%","±1.2","40","±20","5.2%","±2.8","59","±33","6.2%","±3.4","137","±68","16.1%","±7.4","84","±78","11.9%","±11.7","18","±23","2.8%","±3.7","76","±32","11.9%","±6.1","42","±34","5.1%","±4.1","56","±57","4.5%","±5.1","24","±29","5.0%","±5.5","0","±12","-","**"
"        Kindergarten","64","±39","6.8%","±3.9","57","±28","4.8%","±2.3","50","±21","5.6%","±2.2","71","±49","6.7%","±4.6","28","±23","3.8%","±3.0","47","±59","7.7%","±8.8","28","±31","3.9%","±4.0","89","±40","10.9%","±4.9","44","±24","5.5%","±2.8","59","±27","4.8%","±2.1","45","±25","5.9%","±3.1","44","±21","4.6%","±2.1","23","±31","2.7%","±3.6","122","±109","17.4%","±14.6","25","±30","3.9%","±4.7","68","±57","10.6%","±8.0","31","±28","3.7%","±3.4","0","±12","0.0%","±2.6","0","±12","0.0%","±6.5","0","±12","-","**"
"        Elementary school (grades 1-8)","478","±143","50.8%","±10.7","549","±142","45.8%","±6.4","427","±69","48.1%","±6.0","409","±89","38.7%","±7.8","347","±71","46.6%","±7.4","288","±74","47.4%","±12.3","202","±105","27.9%","±9.9","368","±77","45.3%","±7.2","379","±80","47.2%","±6.0","389","±74","31.9%","±5.0","320","±59","41.6%","±7.7","410","±89","42.8%","±7.5","396","±137","46.6%","±11.9","220","±118","31.3%","±12.9","170","±69","26.8%","±13.4","254","±109","39.7%","±11.0","310","±74","37.5%","±11.9","586","±244","47.3%","±13.4","137","±70","28.5%","±9.7","0","±12","-","**"
"        High school (grades 9-12)","197","±90","20.9%","±8.9","362","±96","30.2%","±6.2","310","±73","34.9%","±6.3","350","±100","33.1%","±8.5","198","±52","26.6%","±6.2","156","±71","25.7%","±12.1","192","±98","26.5%","±10.4","256","±75","31.5%","±8.0","238","±57","29.6%","±6.7","234","±52","19.2%","±4.2","223","±84","29.0%","±9.2","303","±74","31.6%","±6.1","81","±54","9.5%","±6.0","168","±117","23.9%","±14.3","87","±64","13.7%","±9.7","170","±80","26.6%","±8.8","295","±161","35.7%","±14.1","162","±91","13.1%","±7.1","70","±61","14.6%","±12.2","0","±12","-","**"
"        College or graduate school","152","±57","16.2%","±6.3","190","±65","15.9%","±4.8","81","±31","9.1%","±3.4","197","±61","18.6%","±4.7","130","±55","17.4%","±6.5","113","±72","18.6%","±9.5","270","±102","37.3%","±11.2","89","±34","10.9%","±3.6","116","±38","14.4%","±4.5","511","±76","41.9%","±4.5","141","±58","18.3%","±6.3","143","±49","14.9%","±4.5","212","±96","25.0%","±9.5","109","±70","15.5%","±9.8","334","±174","52.7%","±16.8","72","±45","11.3%","±7.6","149","±83","18.0%","±8.4","436","±175","35.2%","±10.9","250","±129","52.0%","±18.4","0","±12","-","**"
"EDUCATIONAL ATTAINMENT","","","","","","","","","","","","","","","","","","","","","","","","","","","","","","","","","","","","","","","","","","","","","","","","","","","","","","","","","","","","","","","","","","","","","","","","","","","","","","","",""
"    Population 25 years and over","3,469","±236","3,469","(X)","3,218","±168","3,218","(X)","2,806","±144","2,806","(X)","3,031","±104","3,031","(X)","2,496","±113","2,496","(X)","2,539","±137","2,539","(X)","2,668","±120","2,668","(X)","3,583","±142","3,583","(X)","2,672","±120","2,672","(X)","3,272","±153","3,272","(X)","3,053","±129","3,053","(X)","3,417","±169","3,417","(X)","2,450","±213","2,450","(X)","3,583","±287","3,583","(X)","1,887","±240","1,887","(X)","1,674","±155","1,674","(X)","2,776","±204","2,776","(X)","3,506","±317","3,506","(X)","3,336","±263","3,336","(X)","0","±12","0","(X)"
"        Less than 9th grade","116","±63","3.3%","±1.8","91","±34","2.8%","±1.1","109","±34","3.9%","±1.2","47","±34","1.6%","±1.1","47","±19","1.9%","±0.7","45","±32","1.8%","±1.2","154","±96","5.8%","±3.7","125","±58","3.5%","±1.6","82","±27","3.1%","±1.0","125","±46","3.8%","±1.4","95","±44","3.1%","±1.5","63","±28","1.8%","±0.8","117","±75","4.8%","±2.9","48","±28","1.3%","±0.8","6","±11","0.3%","±0.6","110","±109","6.6%","±6.5","37","±23","1.3%","±0.8","77","±52","2.2%","±1.5","368","±112","11.0%","±3.2","0","±12","-","**"
"        9th to 12th grade, no diploma","191","±70","5.5%","±2.0","218","±81","6.8%","±2.5","329","±60","11.7%","±2.2","246","±77","8.1%","±2.5","196","±46","7.9%","±1.8","144","±72","5.7%","±2.8","56","±32","2.1%","±1.2","537","±104","15.0%","±2.8","211","±56","7.9%","±2.0","184","±52","5.6%","±1.6","160","±53","5.2%","±1.7","257","±69","7.5%","±2.1","287","±115","11.7%","±4.3","274","±117","7.6%","±3.4","75","±58","4.0%","±3.0","62","±54","3.7%","±3.2","126","±52","4.5%","±1.9","340","±129","9.7%","±3.5","1,017","±187","30.5%","±5.5","0","±12","-","**"
"        High school graduate (includes equivalency)","1,383","±187","39.9%","±4.2","1,327","±135","41.2%","±3.7","1,282","±140","45.7%","±3.9","1,032","±146","34.0%","±4.6","1,058","±94","42.4%","±3.5","707","±156","27.8%","±5.9","539","±131","20.2%","±4.8","1,184","±152","33.0%","±3.9","1,179","±121","44.1%","±3.8","1,012","±101","30.9%","±2.8","1,008","±123","33.0%","±3.8","1,153","±129","33.7%","±3.2","850","±133","34.7%","±4.9","1,061","±267","29.6%","±6.8","527","±218","27.9%","±9.8","239","±96","14.3%","±5.9","781","±181","28.1%","±5.7","1,173","±303","33.5%","±7.7","941","±203","28.2%","±5.5","0","±12","-","**"
"        Some college, no degree","641","±110","18.5%","±3.2","400","±76","12.4%","±2.2","502","±89","17.9%","±3.1","507","±90","16.7%","±3.0","414","±60","16.6%","±2.5","429","±124","16.9%","±4.6","445","±94","16.7%","±3.4","708","±112","19.8%","±3.1","419","±60","15.7%","±2.2","472","±60","14.4%","±1.8","530","±84","17.4%","±2.7","737","±106","21.6%","±2.9","605","±120","24.7%","±5.2","832","±218","23.2%","±5.5","504","±121","26.7%","±6.9","372","±120","22.2%","±6.2","590","±147","21.3%","±5.0","804","±240","22.9%","±6.4","537","±164","16.1%","±4.5","0","±12","-","**"
"        Associate's degree","482","±93","13.9%","±2.7","450","±72","14.0%","±2.3","279","±63","9.9%","±2.2","447","±96","14.7%","±3.1","331","±69","13.3%","±2.6","346","±99","13.6%","±3.8","439","±104","16.5%","±3.8","509","±93","14.2%","±2.5","284","±57","10.6%","±2.1","385","±69","11.8%","±2.0","410","±81","13.4%","±2.5","429","±71","12.6%","±2.2","264","±86","10.8%","±3.4","434","±166","12.1%","±4.6","321","±121","17.0%","±6.7","298","±88","17.8%","±5.4","419","±92","15.1%","±3.3","466","±149","13.3%","±4.2","264","±112","7.9%","±3.4","0","±12","-","**"
"        Bachelor's degree","393","±92","11.3%","±2.4","526","±97","16.3%","±2.7","176","±45","6.3%","±1.6","581","±127","19.2%","±4.2","294","±62","11.8%","±2.4","542","±119","21.3%","±4.8","559","±104","21.0%","±3.8","340","±67","9.5%","±1.9","291","±63","10.9%","±2.3","524","±71","16.0%","±2.1","482","±77","15.8%","±2.6","434","±83","12.7%","±2.2","238","±91","9.7%","±3.7","684","±216","19.1%","±5.7","240","±141","12.7%","±6.9","338","±101","20.2%","±5.6","420","±114","15.1%","±3.9","478","±190","13.6%","±5.5","146","±64","4.4%","±1.9","0","±12","-","**"
"        Graduate or professional degree","263","±71","7.6%","±2.1","206","±59","6.4%","±1.8","129","±32","4.6%","±1.1","171","±55","5.6%","±1.8","156","±37","6.3%","±1.4","326","±120","12.8%","±4.6","476","±134","17.8%","±4.6","180","±45","5.0%","±1.3","206","±50","7.7%","±1.9","570","±81","17.4%","±2.3","368","±70","12.1%","±2.2","344","±62","10.1%","±1.7","89","±61","3.6%","±2.4","250","±118","7.0%","±3.4","214","±73","11.3%","±3.9","255","±76","15.2%","±4.3","403","±104","14.5%","±3.9","168","±122","4.8%","±3.4","63","±57","1.9%","±1.7","0","±12","-","**"
"        High school graduate or higher","3,162","±218","91.2%","±2.0","2,909","±179","90.4%","±2.6","2,368","±154","84.4%","±2.5","2,738","±115","90.3%","±2.6","2,253","±109","90.3%","±2.0","2,350","±150","92.6%","±3.0","2,458","±186","92.1%","±3.9","2,921","±159","81.5%","±3.0","2,379","±117","89.0%","±2.1","2,963","±153","90.6%","±2.2","2,798","±137","91.6%","±2.1","3,097","±186","90.6%","±2.2","2,046","±190","83.5%","±6.1","3,261","±323","91.0%","±3.6","1,806","±231","95.7%","±3.0","1,502","±176","89.7%","±7.1","2,613","±200","94.1%","±2.0","3,089","±312","88.1%","±3.7","1,951","±289","58.5%","±6.7","0","±12","-","**"
"        Bachelor's degree or higher","656","±117","18.9%","±3.0","732","±116","22.7%","±3.2","305","±55","10.9%","±1.9","752","±144","24.8%","±4.8","450","±73","18.0%","±2.8","868","±152","34.2%","±6.0","1,035","±176","38.8%","±5.9","520","±80","14.5%","±2.3","497","±80","18.6%","±3.0","1,094","±117","33.4%","±3.2","850","±108","27.8%","±3.4","778","±108","22.8%","±2.7","327","±119","13.3%","±4.7","934","±209","26.1%","±5.6","454","±164","24.1%","±7.7","593","±131","35.4%","±6.9","823","±138","29.6%","±5.0","646","±241","18.4%","±6.9","209","±83","6.3%","±2.4","0","±12","-","**"
"VETERAN STATUS","","","","","","","","","","","","","","","","","","","","","","","","","","","","","","","","","","","","","","","","","","","","","","","","","","","","","","","","","","","","","","","","","","","","","","","","","","","","","","","",""
"    Civilian population 18 years and over","3,785","±231","3,785","(X)","3,677","±199","3,677","(X)","3,191","±176","3,191","(X)","3,345","±97","3,345","(X)","2,701","±123","2,701","(X)","2,855","±85","2,855","(X)","2,936","±114","2,936","(X)","3,841","±144","3,841","(X)","2,974","±130","2,974","(X)","3,953","±186","3,953","(X)","3,383","±143","3,383","(X)","3,788","±161","3,788","(X)","2,765","±235","2,765","(X)","3,921","±310","3,921","(X)","2,317","±221","2,317","(X)","1,852","±171","1,852","(X)","3,087","±264","3,087","(X)","3,899","±343","3,899","(X)","3,715","±282","3,715","(X)","0","±12","0","(X)"
"        Civilian veterans","491","±102","13.0%","±2.5","365","±76","9.9%","±1.9","254","±47","8.0%","±1.4","344","±78","10.3%","±2.3","263","±46","9.7%","±1.7","250","±89","8.8%","±3.1","248","±66","8.4%","±2.2","361","±73","9.4%","±1.9","292","±49","9.8%","±1.6","308","±43","7.8%","±1.0","179","±45","5.3%","±1.3","264","±52","7.0%","±1.3","291","±107","10.5%","±3.7","348","±170","8.9%","±4.2","167","±87","7.2%","±3.6","131","±63","7.1%","±3.4","241","±75","7.8%","±2.4","221","±98","5.7%","±2.4","236","±78","6.4%","±2.2","0","±12","-","**"
"DISABILITY STATUS OF THE CIVILIAN NONINSTITUTIONALIZED POPULATION","","","","","","","","","","","","","","","","","","","","","","","","","","","","","","","","","","","","","","","","","","","","","","","","","","","","","","","","","","","","","","","","","","","","","","","","","","","","","","","",""
"    Total Civilian Noninstitutionalized Population","4,854","±282","4,854","(X)","4,880","±291","4,880","(X)","4,116","±240","4,116","(X)","4,294","±45","4,294","(X)","3,481","±177","3,481","(X)","3,073","±116","3,073","(X)","3,640","±29","3,640","(X)","3,672","±221","3,672","(X)","3,760","±203","3,760","(X)","4,773","±218","4,773","(X)","4,079","±151","4,079","(X)","4,768","±202","4,768","(X)","3,663","±310","3,663","(X)","4,589","±355","4,589","(X)","2,748","±260","2,748","(X)","2,533","±244","2,533","(X)","3,840","±344","3,840","(X)","4,620","±465","4,620","(X)","2,456","±308","2,456","(X)","0","±12","0","(X)"
"        With a disability","690","±139","14.2%","±2.8","698","±122","14.3%","±2.3","625","±89","15.2%","±2.0","616","±126","14.3%","±2.9","491","±72","14.1%","±2.0","403","±108","13.1%","±3.5","297","±79","8.2%","±2.2","511","±112","13.9%","±2.8","533","±74","14.2%","±2.0","642","±94","13.5%","±1.9","413","±81","10.1%","±2.0","563","±84","11.8%","±1.7","663","±181","18.1%","±4.5","764","±223","16.6%","±4.9","460","±173","16.7%","±5.7","226","±85","8.9%","±3.3","529","±124","13.8%","±3.2","942","±227","20.4%","±4.7","731","±207","29.8%","±7.4","0","±12","-","**"
"    Under 18 years","1,090","±183","1,090","(X)","1,203","±191","1,203","(X)","925","±120","925","(X)","949","±88","949","(X)","780","±99","780","(X)","488","±78","488","(X)","704","±111","704","(X)","871","±105","871","(X)","786","±129","786","(X)","820","±88","820","(X)","696","±84","696","(X)","980","±122","980","(X)","898","±208","898","(X)","740","±195","740","(X)","431","±110","431","(X)","681","±160","681","(X)","757","±161","757","(X)","1,041","±262","1,041","(X)","450","±117","450","(X)","0","±12","0","(X)"
"        With a disability","64","±41","5.9%","±3.7","58","±43","4.8%","±3.3","91","±56","9.8%","±5.5","50","±50","5.3%","±5.3","31","±21","4.0%","±2.5","74","±46","15.2%","±8.8","10","±17","1.4%","±2.5","45","±32","5.2%","±3.8","57","±27","7.3%","±3.1","77","±45","9.4%","±5.4","24","±15","3.4%","±2.1","53","±29","5.4%","±3.1","79","±60","8.8%","±6.3","46","±51","6.2%","±6.7","26","±41","6.0%","±9.1","8","±13","1.2%","±1.9","42","±36","5.5%","±4.5","129","±109","12.4%","±9.5","80","±89","17.8%","±20.2","0","±12","-","**"
"    18 to 64 years","2,872","±187","2,872","(X)","2,965","±173","2,965","(X)","2,477","±158","2,477","(X)","2,706","±105","2,706","(X)","2,061","±110","2,061","(X)","1,929","±103","1,929","(X)","2,118","±133","2,118","(X)","2,028","±141","2,028","(X)","2,269","±115","2,269","(X)","3,057","±167","3,057","(X)","2,515","±142","2,515","(X)","2,741","±139","2,741","(X)","2,257","±206","2,257","(X)","2,980","±296","2,980","(X)","1,855","±206","1,855","(X)","1,506","±181","1,506","(X)","2,239","±263","2,239","(X)","2,700","±296","2,700","(X)","1,598","±271","1,598","(X)","0","±12","0","(X)"
"        With a disability","357","±98","12.4%","±3.4","352","±85","11.9%","±2.6","246","±64","9.9%","±2.6","319","±81","11.8%","±2.9","257","±58","12.5%","±2.8","176","±70","9.1%","±3.5","121","±56","5.7%","±2.6","250","±73","12.3%","±3.2","255","±47","11.2%","±2.1","307","±59","10.0%","±1.9","190","±53","7.6%","±2.1","199","±56","7.3%","±2.1","317","±126","14.0%","±5.2","388","±185","13.0%","±6.0","207","±101","11.2%","±5.4","171","±80","11.4%","±4.8","266","±92","11.9%","±4.0","398","±169","14.7%","±6.2","419","±155","26.2%","±8.1","0","±12","-","**"
"    65 years and over","892","±120","892","(X)","712","±64","712","(X)","714","±66","714","(X)","639","±76","639","(X)","640","±49","640","(X)","656","±87","656","(X)","818","±126","818","(X)","773","±83","773","(X)","705","±68","705","(X)","896","±66","896","(X)","868","±104","868","(X)","1,047","±102","1,047","(X)","508","±105","508","(X)","869","±112","869","(X)","462","±120","462","(X)","346","±93","346","(X)","844","±98","844","(X)","879","±149","879","(X)","408","±72","408","(X)","0","±12","0","(X)"
"        With a disability","269","±81","30.2%","±7.3","288","±68","40.4%","±8.9","288","±51","40.3%","±5.4","247","±62","38.7%","±7.7","203","±39","31.7%","±5.9","153","±79","23.3%","±11.6","166","±64","20.3%","±8.2","216","±57","27.9%","±6.7","221","±43","31.3%","±5.2","258","±46","28.8%","±4.8","199","±61","22.9%","±5.9","311","±57","29.7%","±4.8","267","±109","52.6%","±14.3","330","±120","38.0%","±12.3","227","±122","49.1%","±19.8","47","±34","13.6%","±9.5","221","±83","26.2%","±9.4","415","±138","47.2%","±11.3","232","±70","56.9%","±13.4","0","±12","-","**"
"RESIDENCE 1 YEAR AGO","","","","","","","","","","","","","","","","","","","","","","","","","","","","","","","","","","","","","","","","","","","","","","","","","","","","","","","","","","","","","","","","","","","","","","","","","","","","","","","",""
"    Population 1 year and over","4,813","±267","4,813","(X)","4,853","±288","4,853","(X)","4,060","±237","4,060","(X)","4,268","±48","4,268","(X)","3,455","±177","3,455","(X)","3,419","±34","3,419","(X)","3,601","±47","3,601","(X)","4,657","±145","4,657","(X)","3,727","±196","3,727","(X)","4,747","±218","4,747","(X)","4,059","±146","4,059","(X)","4,733","±199","4,733","(X)","3,518","±286","3,518","(X)","4,588","±363","4,588","(X)","2,701","±252","2,701","(X)","2,502","±237","2,502","(X)","3,869","±339","3,869","(X)","4,868","±449","4,868","(X)","4,157","±326","4,157","(X)","0","±12","0","(X)"
"        Same house","4,558","±269","94.7%","±1.9","4,522","±275","93.2%","±2.1","3,524","±245","86.8%","±3.8","4,003","±120","93.8%","±2.8","3,142","±173","90.9%","±3.4","2,940","±147","86.0%","±4.1","3,465","±100","96.2%","±2.8","4,001","±210","85.9%","±4.2","3,493","±198","93.7%","±2.1","4,165","±222","87.7%","±2.6","3,756","±158","92.5%","±2.7","4,304","±198","90.9%","±2.3","2,924","±317","83.1%","±5.6","3,598","±427","78.4%","±6.7","2,156","±290","79.8%","±7.9","2,349","±266","93.9%","±4.1","3,520","±310","91.0%","±4.8","3,576","±442","73.5%","±9.0","2,579","±364","62.0%","±7.0","0","±12","-","**"
"        Different house in the U.S.","255","±95","5.3%","±1.9","327","±105","6.7%","±2.1","533","±162","13.1%","±3.8","259","±118","6.1%","±2.8","313","±122","9.1%","±3.4","479","±140","14.0%","±4.1","129","±99","3.6%","±2.7","648","±199","13.9%","±4.2","216","±81","5.8%","±2.1","553","±127","11.6%","±2.6","300","±111","7.4%","±2.7","419","±113","8.9%","±2.3","594","±201","16.9%","±5.6","990","±316","21.6%","±6.7","545","±219","20.2%","±7.9","153","±101","6.1%","±4.1","349","±198","9.0%","±4.8","1,292","±497","26.5%","±9.0","1,568","±311","37.7%","±7.0","0","±12","-","**"
"            Same county","71","±51","1.5%","±1.0","149","±76","3.1%","±1.6","403","±169","9.9%","±4.0","147","±86","3.4%","±2.0","217","±106","6.3%","±3.0","226","±89","6.6%","±2.6","120","±98","3.3%","±2.7","248","±99","5.3%","±2.1","92","±63","2.5%","±1.7","352","±110","7.4%","±2.3","219","±105","5.4%","±2.6","270","±103","5.7%","±2.1","416","±196","11.8%","±5.5","663","±292","14.5%","±6.4","420","±229","15.5%","±8.4","132","±99","5.3%","±4.0","251","±180","6.5%","±4.5","776","±349","15.9%","±6.4","634","±272","15.3%","±6.4","0","±12","-","**"
"            Different county","184","±91","3.8%","±1.9","178","±73","3.7%","±1.4","130","±87","3.2%","±2.1","112","±79","2.6%","±1.8","96","±69","2.8%","±2.0","253","±102","7.4%","±3.0","9","±14","0.2%","±0.4","400","±173","8.6%","±3.7","124","±51","3.3%","±1.4","201","±56","4.2%","±1.2","81","±38","2.0%","±0.9","149","±84","3.1%","±1.8","178","±107","5.1%","±3.0","327","±155","7.1%","±3.3","125","±168","4.6%","±6.1","21","±24","0.8%","±1.0","98","±90","2.5%","±2.3","516","±321","10.6%","±6.5","934","±210","22.5%","±4.8","0","±12","-","**"
"                Same state","134","±80","2.8%","±1.7","155","±72","3.2%","±1.4","121","±85","3.0%","±2.1","88","±75","2.1%","±1.8","93","±68","2.7%","±2.0","211","±94","6.2%","±2.7","9","±14","0.2%","±0.4","397","±174","8.5%","±3.7","105","±50","2.8%","±1.3","137","±49","2.9%","±1.0","59","±35","1.5%","±0.9","136","±82","2.9%","±1.7","106","±71","3.0%","±2.0","287","±155","6.3%","±3.3","117","±166","4.3%","±6.1","21","±24","0.8%","±1.0","89","±90","2.3%","±2.3","495","±317","10.2%","±6.4","911","±213","21.9%","±4.9","0","±12","-","**"
"                Different state","50","±51","1.0%","±1.1","23","±21","0.5%","±0.4","9","±12","0.2%","±0.3","24","±28","0.6%","±0.7","3","±4","0.1%","±0.1","42","±43","1.2%","±1.2","0","±12","0.0%","±0.9","3","±4","0.1%","±0.1","19","±16","0.5%","±0.4","64","±32","1.3%","±0.7","22","±24","0.5%","±0.6","13","±14","0.3%","±0.3","72","±90","2.0%","±2.5","40","±40","0.9%","±0.9","8","±13","0.3%","±0.5","0","±12","0.0%","±1.3","9","±13","0.2%","±0.3","21","±33","0.4%","±0.7","23","±27","0.6%","±0.7","0","±12","-","**"
"        Abroad","0","±12","0.0%","±0.7","4","±7","0.1%","±0.1","3","±7","0.1%","±0.2","6","±10","0.1%","±0.2","0","±12","0.0%","±0.9","0","±12","0.0%","±0.9","7","±12","0.2%","±0.3","8","±9","0.2%","±0.2","18","±16","0.5%","±0.4","29","±33","0.6%","±0.7","3","±5","0.1%","±0.1","10","±11","0.2%","±0.2","0","±12","0.0%","±0.9","0","±12","0.0%","±0.7","0","±12","0.0%","±1.2","0","±12","0.0%","±1.3","0","±12","0.0%","±0.8","0","±12","0.0%","±0.7","10","±17","0.2%","±0.4","0","±12","-","**"
"PLACE OF BIRTH","","","","","","","","","","","","","","","","","","","","","","","","","","","","","","","","","","","","","","","","","","","","","","","","","","","","","","","","","","","","","","","","","","","","","","","","","","","","","","","",""
"    Total population","4,875","±279","4,875","(X)","4,880","±291","4,880","(X)","4,116","±240","4,116","(X)","4,294","±45","4,294","(X)","3,481","±177","3,481","(X)","3,422","±33","3,422","(X)","3,656","±17","3,656","(X)","4,712","±149","4,712","(X)","3,760","±203","3,760","(X)","4,775","±218","4,775","(X)","4,085","±152","4,085","(X)","4,768","±202","4,768","(X)","3,663","±310","3,663","(X)","4,661","±370","4,661","(X)","2,748","±260","2,748","(X)","2,533","±244","2,533","(X)","3,879","±341","3,879","(X)","4,940","±475","4,940","(X)","4,177","±329","4,177","(X)","0","±12","0","(X)"
"        Native","4,829","±273","99.1%","±0.6","4,856","±291","99.5%","±0.4","4,085","±238","99.2%","±0.4","4,213","±75","98.1%","±1.5","3,445","±170","99.0%","±0.8","3,325","±63","97.2%","±1.6","3,527","±72","96.5%","±1.9","4,648","±146","98.6%","±0.8","3,707","±208","98.6%","±1.1","4,589","±211","96.1%","±1.2","3,997","±153","97.8%","±0.8","4,692","±200","98.4%","±0.7","3,585","±326","97.9%","±1.8","4,472","±364","95.9%","±2.8","2,727","±261","99.2%","±0.8","2,533","±244","100.0%","±1.3","3,765","±337","97.1%","±2.0","4,746","±442","96.1%","±2.3","3,958","±332","94.8%","±2.2","0","±12","-","**"
"            Born in United States","4,829","±273","99.1%","±0.6","4,856","±291","99.5%","±0.4","4,077","±239","99.1%","±0.4","4,171","±96","97.1%","±2.0","3,433","±170","98.6%","±0.8","3,317","±63","96.9%","±1.7","3,507","±80","95.9%","±2.1","4,588","±142","97.4%","±0.9","3,682","±209","97.9%","±1.3","4,536","±216","95.0%","±1.5","3,986","±153","97.6%","±0.8","4,674","±198","98.0%","±0.8","3,515","±322","96.0%","±1.9","4,433","±369","95.1%","±3.4","2,697","±264","98.1%","±1.5","2,533","±244","100.0%","±1.3","3,739","±338","96.4%","±2.0","4,737","±440","95.9%","±2.3","3,854","±325","92.3%","±2.3","0","±12","-","**"
"                State of residence","4,308","±259","88.4%","±2.8","4,498","±288","92.2%","±1.7","3,753","±227","91.2%","±1.6","3,845","±153","89.5%","±3.5","3,156","±170","90.7%","±2.4","2,847","±178","83.2%","±5.2","3,192","±129","87.3%","±3.5","4,110","±172","87.2%","±2.2","3,135","±207","83.4%","±2.8","3,744","±226","78.4%","±2.6","3,572","±156","87.4%","±2.4","4,094","±184","85.9%","±2.1","3,100","±316","84.6%","±4.4","4,171","±374","89.5%","±4.3","2,313","±263","84.2%","±5.4","2,322","±236","91.7%","±3.8","3,309","±352","85.3%","±3.9","4,103","±440","83.1%","±4.5","3,294","±301","78.9%","±3.7","0","±12","-","**"
"                Different state","521","±136","10.7%","±2.6","358","±80","7.3%","±1.6","324","±68","7.9%","±1.6","326","±114","7.6%","±2.7","277","±79","8.0%","±2.2","470","±163","13.7%","±4.8","315","±113","8.6%","±3.1","478","±95","10.1%","±2.1","547","±88","14.5%","±2.3","792","±105","16.6%","±2.3","414","±99","10.1%","±2.3","580","±104","12.2%","±2.1","415","±144","11.3%","±3.7","262","±136","5.6%","±2.9","384","±145","14.0%","±5.0","211","±100","8.3%","±3.8","430","±107","11.1%","±2.8","634","±199","12.8%","±3.9","560","±167","13.4%","±3.8","0","±12","-","**"
"            Born in Puerto Rico, U.S. Island areas, or born abroad to American parent(s)","0","±12","0.0%","±0.7","0","±12","0.0%","±0.7","8","±7","0.2%","±0.2","42","±47","1.0%","±1.1","12","±9","0.3%","±0.3","8","±14","0.2%","±0.4","20","±21","0.5%","±0.6","60","±34","1.3%","±0.7","25","±19","0.7%","±0.5","53","±42","1.1%","±0.9","11","±12","0.3%","±0.3","18","±18","0.4%","±0.4","70","±51","1.9%","±1.4","39","±58","0.8%","±1.2","30","±28","1.1%","±1.0","0","±12","0.0%","±1.3","26","±20","0.7%","±0.5","9","±15","0.2%","±0.3","104","±55","2.5%","±1.3","0","±12","-","**"
"        Foreign born","46","±31","0.9%","±0.6","24","±20","0.5%","±0.4","31","±16","0.8%","±0.4","81","±65","1.9%","±1.5","36","±29","1.0%","±0.8","97","±56","2.8%","±1.6","129","±69","3.5%","±1.9","64","±37","1.4%","±0.8","53","±43","1.4%","±1.1","186","±59","3.9%","±1.2","88","±32","2.2%","±0.8","76","±32","1.6%","±0.7","78","±65","2.1%","±1.8","189","±132","4.1%","±2.8","21","±21","0.8%","±0.8","0","±12","0.0%","±1.3","114","±80","2.9%","±2.0","194","±122","3.9%","±2.3","219","±92","5.2%","±2.2","0","±12","-","**"
"U.S. CITIZENSHIP STATUS","","","","","","","","","","","","","","","","","","","","","","","","","","","","","","","","","","","","","","","","","","","","","","","","","","","","","","","","","","","","","","","","","","","","","","","","","","","","","","","",""
"    Foreign-born population","46","±31","46","(X)","24","±20","24","(X)","31","±16","31","(X)","81","±65","81","(X)","36","±29","36","(X)","97","±56","97","(X)","129","±69","129","(X)","64","±37","64","(X)","53","±43","53","(X)","186","±59","186","(X)","88","±32","88","(X)","76","±32","76","(X)","78","±65","78","(X)","189","±132","189","(X)","21","±21","21","(X)","0","±12","0","(X)","114","±80","114","(X)","194","±122","194","(X)","219","±92","219","(X)","0","±12","0","(X)"
"        Naturalized U.S. citizen","34","±29","73.9%","±25.6","20","±17","83.3%","±23.1","23","±13","74.2%","±26.8","64","±60","79.0%","±27.7","14","±16","38.9%","±43.5","54","±37","55.7%","±31.1","95","±69","73.6%","±39.5","32","±25","50.0%","±29.6","16","±11","30.2%","±32.6","66","±30","35.5%","±13.0","62","±23","70.5%","±21.6","50","±29","65.8%","±19.4","52","±42","66.7%","±18.7","40","±37","21.2%","±23.3","21","±21","100.0%","±64.7","0","±12","-","**","51","±50","44.7%","±30.5","141","±99","72.7%","±32.2","46","±41","21.0%","±15.2","0","±12","-","**"
"        Not a U.S. citizen","12","±11","26.1%","±25.6","4","±7","16.7%","±23.1","8","±10","25.8%","±26.8","17","±21","21.0%","±27.7","22","±26","61.1%","±43.5","43","±44","44.3%","±31.1","34","±52","26.4%","±39.5","32","±28","50.0%","±29.6","37","±41","69.8%","±32.6","120","±47","64.5%","±13.0","26","±23","29.5%","±21.6","26","±16","34.2%","±19.4","26","±27","33.3%","±18.7","149","±125","78.8%","±23.3","0","±12","0.0%","±64.7","0","±12","-","**","63","±52","55.3%","±30.5","53","±71","27.3%","±32.2","173","±76","79.0%","±15.2","0","±12","-","**"
"YEAR OF ENTRY","","","","","","","","","","","","","","","","","","","","","","","","","","","","","","","","","","","","","","","","","","","","","","","","","","","","","","","","","","","","","","","","","","","","","","","","","","","","","","","",""
"    Population born outside the United States","46","±31","46","(X)","24","±20","24","(X)","39","±17","39","(X)","123","±86","123","(X)","48","±30","48","(X)","105","±57","105","(X)","149","±76","149","(X)","124","±44","124","(X)","78","±51","78","(X)","239","±75","239","(X)","99","±34","99","(X)","94","±38","94","(X)","148","±69","148","(X)","228","±159","228","(X)","51","±42","51","(X)","0","±12","0","(X)","140","±79","140","(X)","203","±122","203","(X)","323","±99","323","(X)","0","±12","0","(X)"
"        Native","0","±12","0","(X)","0","±12","0","(X)","8","±7","8","(X)","42","±47","42","(X)","12","±9","12","(X)","8","±14","8","(X)","20","±21","20","(X)","60","±34","60","(X)","25","±19","25","(X)","53","±42","53","(X)","11","±12","11","(X)","18","±18","18","(X)","70","±51","70","(X)","39","±58","39","(X)","30","±28","30","(X)","0","±12","0","(X)","26","±20","26","(X)","9","±15","9","(X)","104","±55","104","(X)","0","±12","0","(X)"
"            Entered 2010 or later","0","±12","-","**","0","±12","-","**","5","±6","62.5%","±50.5","14","±23","33.3%","±32.1","0","±12","0.0%","±85.6","0","±12","0.0%","±100.0","0","±12","0.0%","±66.3","0","±12","0.0%","±38.3","20","±18","80.0%","±25.5","0","±12","0.0%","±40.7","0","±12","0.0%","±89.4","0","±12","0.0%","±69.9","19","±29","27.1%","±37.2","0","±12","0.0%","±47.5","0","±12","0.0%","±54.1","0","±12","-","**","0","±12","0.0%","±58.2","0","±12","0.0%","±98.9","31","±31","29.8%","±20.8","0","±12","-","**"
"            Entered before 2010","0","±12","-","**","0","±12","-","**","3","±4","37.5%","±50.5","28","±29","66.7%","±32.1","12","±9","100.0%","±85.6","8","±14","100.0%","±100.0","20","±21","100.0%","±66.3","60","±34","100.0%","±38.3","5","±5","20.0%","±25.5","53","±42","100.0%","±40.7","11","±12","100.0%","±89.4","18","±18","100.0%","±69.9","51","±42","72.9%","±37.2","39","±58","100.0%","±47.5","30","±28","100.0%","±54.1","0","±12","-","**","26","±20","100.0%","±58.2","9","±15","100.0%","±98.9","73","±36","70.2%","±20.8","0","±12","-","**"
"        Foreign born","46","±31","46","(X)","24","±20","24","(X)","31","±16","31","(X)","81","±65","81","(X)","36","±29","36","(X)","97","±56","97","(X)","129","±69","129","(X)","64","±37","64","(X)","53","±43","53","(X)","186","±59","186","(X)","88","±32","88","(X)","76","±32","76","(X)","78","±65","78","(X)","189","±132","189","(X)","21","±21","21","(X)","0","±12","0","(X)","114","±80","114","(X)","194","±122","194","(X)","219","±92","219","(X)","0","±12","0","(X)"
"            Entered 2010 or later","0","±12","0.0%","±43.7","4","±7","16.7%","±23.1","6","±9","19.4%","±23.9","6","±10","7.4%","±14.7","3","±6","8.3%","±19.4","7","±12","7.2%","±11.5","0","±12","0.0%","±22.0","10","±20","15.6%","±25.8","33","±29","62.3%","±11.2","44","±35","23.7%","±18.5","0","±12","0.0%","±29.9","30","±27","39.5%","±26.0","0","±12","0.0%","±32.7","127","±122","67.2%","±33.6","0","±12","0.0%","±64.7","0","±12","-","**","45","±49","39.5%","±37.5","10","±17","5.2%","±9.5","44","±34","20.1%","±11.2","0","±12","-","**"
"            Entered before 2010","46","±31","100.0%","±43.7","20","±17","83.3%","±23.1","25","±14","80.6%","±23.9","75","±65","92.6%","±14.7","33","±29","91.7%","±19.4","90","±53","92.8%","±11.5","129","±69","100.0%","±22.0","54","±32","84.4%","±25.8","20","±15","37.7%","±11.2","142","±61","76.3%","±18.5","88","±32","100.0%","±29.9","46","±22","60.5%","±26.0","78","±65","100.0%","±32.7","62","±54","32.8%","±33.6","21","±21","100.0%","±64.7","0","±12","-","**","69","±63","60.5%","±37.5","184","±120","94.8%","±9.5","175","±72","79.9%","±11.2","0","±12","-","**"
"WORLD REGION OF BIRTH OF FOREIGN BORN","","","","","","","","","","","","","","","","","","","","","","","","","","","","","","","","","","","","","","","","","","","","","","","","","","","","","","","","","","","","","","","","","","","","","","","","","","","","","","","",""
"    Foreign-born population, excluding population born at sea","46","±31","46","(X)","24","±20","24","(X)","31","±16","31","(X)","81","±65","81","(X)","36","±29","36","(X)","97","±56","97","(X)","129","±69","129","(X)","64","±37","64","(X)","53","±43","53","(X)","186","±59","186","(X)","88","±32","88","(X)","76","±32","76","(X)","78","±65","78","(X)","189","±132","189","(X)","21","±21","21","(X)","0","±12","0","(X)","114","±80","114","(X)","194","±122","194","(X)","219","±92","219","(X)","0","±12","0","(X)"
"        Europe","22","±14","47.8%","±32.7","7","±9","29.2%","±30.8","11","±11","35.5%","±28.6","47","±54","58.0%","±39.6","8","±7","22.2%","±27.6","23","±20","23.7%","±21.5","118","±68","91.5%","±12.9","6","±9","9.4%","±13.7","14","±11","26.4%","±29.8","33","±14","17.7%","±7.6","33","±17","37.5%","±18.7","22","±24","28.9%","±25.4","29","±27","37.2%","±38.2","31","±32","16.4%","±18.8","11","±15","52.4%","±51.9","0","±12","-","**","92","±73","80.7%","±20.4","84","±84","43.3%","±30.2","25","±30","11.4%","±11.9","0","±12","-","**"
"        Asia","17","±25","37.0%","±37.4","14","±16","58.3%","±38.8","4","±5","12.9%","±16.7","12","±15","14.8%","±22.8","17","±25","47.2%","±49.0","25","±29","25.8%","±25.3","2","±4","1.6%","±3.0","38","±29","59.4%","±29.3","0","±12","0.0%","±40.7","14","±16","7.5%","±8.1","6","±9","6.8%","±10.3","25","±19","32.9%","±21.9","1","±2","1.3%","±3.0","127","±122","67.2%","±33.6","0","±12","0.0%","±64.7","0","±12","-","**","0","±12","0.0%","±24.4","10","±17","5.2%","±9.5","37","±33","16.9%","±13.3","0","±12","-","**"
"        Africa","0","±12","0.0%","±43.7","3","±7","12.5%","±30.5","0","±12","0.0%","±53.3","0","±12","0.0%","±31.8","0","±12","0.0%","±49.4","5","±10","5.2%","±10.9","0","±12","0.0%","±22.0","0","±12","0.0%","±37.0","3","±4","5.7%","±10.0","4","±9","2.2%","±4.3","3","±6","3.4%","±6.9","6","±12","7.9%","±16.1","0","±12","0.0%","±32.7","0","±12","0.0%","±15.7","0","±12","0.0%","±64.7","0","±12","-","**","0","±12","0.0%","±24.4","45","±62","23.2%","±28.9","18","±21","8.2%","±9.5","0","±12","-","**"
"        Oceania","0","±12","0.0%","±43.7","0","±12","0.0%","±60.5","5","±7","16.1%","±22.8","0","±12","0.0%","±31.8","0","±12","0.0%","±49.4","0","±12","0.0%","±27.8","0","±12","0.0%","±22.0","0","±12","0.0%","±37.0","0","±12","0.0%","±40.7","0","±12","0.0%","±16.0","0","±12","0.0%","±29.9","0","±12","0.0%","±33.2","0","±12","0.0%","±32.7","0","±12","0.0%","±15.7","0","±12","0.0%","±64.7","0","±12","-","**","0","±12","0.0%","±24.4","0","±12","0.0%","±15.4","0","±12","0.0%","±13.8","0","±12","-","**"
"        Latin America","0","±12","0.0%","±43.7","0","±12","0.0%","±60.5","6","±7","19.4%","±22.3","22","±26","27.2%","±29.7","11","±15","30.6%","±40.7","44","±45","45.4%","±31.9","9","±15","7.0%","±12.3","5","±10","7.8%","±14.2","34","±40","64.2%","±37.4","127","±48","68.3%","±12.5","40","±28","45.5%","±21.7","23","±19","30.3%","±25.4","48","±56","61.5%","±38.4","16","±24","8.5%","±13.8","10","±15","47.6%","±51.9","0","±12","-","**","12","±18","10.5%","±16.6","55","±52","28.4%","±23.2","122","±64","55.7%","±19.4","0","±12","-","**"
"        Northern America","7","±9","15.2%","±20.2","0","±12","0.0%","±60.5","5","±7","16.1%","±20.2","0","±12","0.0%","±31.8","0","±12","0.0%","±49.4","0","±12","0.0%","±27.8","0","±12","0.0%","±22.0","15","±20","23.4%","±25.3","2","±3","3.8%","±6.8","8","±7","4.3%","±4.0","6","±6","6.8%","±7.1","0","±12","0.0%","±33.2","0","±12","0.0%","±32.7","15","±26","7.9%","±16.1","0","±12","0.0%","±64.7","0","±12","-","**","10","±16","8.8%","±13.9","0","±12","0.0%","±15.4","17","±19","7.8%","±8.4","0","±12","-","**"
"LANGUAGE SPOKEN AT HOME","","","","","","","","","","","","","","","","","","","","","","","","","","","","","","","","","","","","","","","","","","","","","","","","","","","","","","","","","","","","","","","","","","","","","","","","","","","","","","","",""
"    Population 5 years and over","4,522","±271","4,522","(X)","4,634","±284","4,634","(X)","3,959","±231","3,959","(X)","4,129","±71","4,129","(X)","3,275","±164","3,275","(X)","3,328","±61","3,328","(X)","3,413","±135","3,413","(X)","4,558","±142","4,558","(X)","3,603","±186","3,603","(X)","4,613","±211","4,613","(X)","3,921","±142","3,921","(X)","4,534","±203","4,534","(X)","3,280","±288","3,280","(X)","4,461","±366","4,461","(X)","2,599","±249","2,599","(X)","2,329","±250","2,329","(X)","3,709","±318","3,709","(X)","4,723","±442","4,723","(X)","3,945","±328","3,945","(X)","0","±12","0","(X)"
"        English only","4,465","±268","98.7%","±1.0","4,528","±290","97.7%","±1.3","3,876","±224","97.9%","±0.8","4,037","±90","97.8%","±1.7","3,206","±154","97.9%","±1.3","3,231","±91","97.1%","±1.9","3,086","±301","90.4%","±5.7","4,422","±143","97.0%","±1.4","3,469","±189","96.3%","±1.9","4,244","±198","92.0%","±2.0","3,838","±143","97.9%","±1.0","4,399","±190","97.0%","±1.0","3,030","±323","92.4%","±3.5","4,186","±364","93.8%","±3.6","2,579","±252","99.2%","±0.8","2,301","±250","98.8%","±0.9","3,542","±328","95.5%","±2.0","4,195","±454","88.8%","±6.7","3,536","±363","89.6%","±3.5","0","±12","-","**"
"        Language other than English","57","±44","1.3%","±1.0","106","±61","2.3%","±1.3","83","±32","2.1%","±0.8","92","±72","2.2%","±1.7","69","±43","2.1%","±1.3","97","±64","2.9%","±1.9","327","±185","9.6%","±5.7","136","±65","3.0%","±1.4","134","±70","3.7%","±1.9","369","±97","8.0%","±2.0","83","±39","2.1%","±1.0","135","±46","3.0%","±1.0","250","±111","7.6%","±3.5","275","±165","6.2%","±3.6","20","±21","0.8%","±0.8","28","±22","1.2%","±0.9","167","±71","4.5%","±2.0","528","±327","11.2%","±6.7","409","±129","10.4%","±3.5","0","±12","-","**"
"            Speak English less than ""very well""","21","±25","0.5%","±0.5","4","±7","0.1%","±0.1","10","±11","0.3%","±0.3","7","±12","0.2%","±0.3","0","±12","0.0%","±1.0","54","±57","1.6%","±1.7","67","±50","2.0%","±1.5","76","±40","1.7%","±0.9","43","±36","1.2%","±1.0","100","±46","2.2%","±1.0","23","±21","0.6%","±0.5","30","±22","0.7%","±0.5","63","±47","1.9%","±1.5","118","±94","2.6%","±2.1","12","±16","0.5%","±0.6","0","±12","0.0%","±1.4","25","±24","0.7%","±0.7","55","±64","1.2%","±1.3","259","±110","6.6%","±2.9","0","±12","-","**"
"        Spanish","18","±19","0.4%","±0.4","23","±20","0.5%","±0.4","40","±23","1.0%","±0.6","17","±20","0.4%","±0.5","8","±8","0.2%","±0.2","48","±56","1.4%","±1.7","47","±37","1.4%","±1.1","100","±47","2.2%","±1.0","86","±61","2.4%","±1.7","290","±91","6.3%","±1.9","68","±38","1.7%","±1.0","77","±37","1.7%","±0.8","188","±100","5.7%","±3.1","114","±77","2.6%","±1.7","0","±12","0.0%","±1.2","0","±12","0.0%","±1.4","37","±33","1.0%","±0.9","58","±44","1.2%","±0.9","319","±122","8.1%","±3.2","0","±12","-","**"
"            Speak English less than ""very well""","0","±12","0.0%","±0.7","0","±12","0.0%","±0.7","7","±8","0.2%","±0.2","0","±12","0.0%","±0.8","0","±12","0.0%","±1.0","47","±56","1.4%","±1.7","0","±12","0.0%","±0.9","62","±36","1.4%","±0.8","23","±27","0.6%","±0.8","88","±42","1.9%","±0.9","18","±21","0.5%","±0.5","20","±15","0.4%","±0.3","54","±45","1.6%","±1.4","0","±12","0.0%","±0.7","0","±12","0.0%","±1.2","0","±12","0.0%","±1.4","13","±16","0.4%","±0.4","0","±12","0.0%","±0.7","198","±102","5.0%","±2.7","0","±12","-","**"
"        Other Indo-European languages","9","±8","0.2%","±0.2","69","±54","1.5%","±1.2","40","±22","1.0%","±0.6","50","±53","1.2%","±1.3","26","±12","0.8%","±0.4","19","±21","0.6%","±0.6","278","±185","8.1%","±5.6","6","±6","0.1%","±0.1","48","±34","1.3%","±0.9","62","±25","1.3%","±0.5","12","±10","0.3%","±0.3","39","±27","0.9%","±0.6","62","±53","1.9%","±1.6","125","±123","2.8%","±2.7","20","±21","0.8%","±0.8","28","±22","1.2%","±0.9","130","±68","3.5%","±1.9","63","±62","1.3%","±1.3","60","±40","1.5%","±1.0","0","±12","-","**"
"            Speak English less than ""very well""","4","±5","0.1%","±0.1","0","±12","0.0%","±0.7","0","±12","0.0%","±0.8","0","±12","0.0%","±0.8","0","±12","0.0%","±1.0","0","±12","0.0%","±1.0","65","±49","1.9%","±1.4","0","±12","0.0%","±0.7","20","±24","0.6%","±0.7","4","±5","0.1%","±0.1","2","±4","0.1%","±0.1","4","±7","0.1%","±0.2","9","±14","0.3%","±0.4","82","±88","1.8%","±2.0","12","±16","0.5%","±0.6","0","±12","0.0%","±1.4","12","±18","0.3%","±0.5","0","±12","0.0%","±0.7","36","±40","0.9%","±1.0","0","±12","-","**"
"        Asian and Pacific Islander languages","30","±35","0.7%","±0.8","14","±16","0.3%","±0.3","0","±12","0.0%","±0.8","25","±42","0.6%","±1.0","35","±42","1.1%","±1.3","25","±29","0.8%","±0.9","2","±4","0.1%","±0.1","19","±21","0.4%","±0.5","0","±12","0.0%","±0.9","13","±25","0.3%","±0.5","0","±12","0.0%","±0.8","13","±16","0.3%","±0.4","0","±12","0.0%","±1.0","36","±57","0.8%","±1.3","0","±12","0.0%","±1.2","0","±12","0.0%","±1.4","0","±12","0.0%","±0.9","10","±17","0.2%","±0.4","16","±22","0.4%","±0.6","0","±12","-","**"
"            Speak English less than ""very well""","17","±25","0.4%","±0.5","4","±7","0.1%","±0.1","0","±12","0.0%","±0.8","7","±12","0.2%","±0.3","0","±12","0.0%","±1.0","7","±12","0.2%","±0.4","2","±4","0.1%","±0.1","14","±19","0.3%","±0.4","0","±12","0.0%","±0.9","8","±17","0.2%","±0.4","0","±12","0.0%","±0.8","6","±12","0.1%","±0.3","0","±12","0.0%","±1.0","36","±57","0.8%","±1.3","0","±12","0.0%","±1.2","0","±12","0.0%","±1.4","0","±12","0.0%","±0.9","10","±17","0.2%","±0.4","16","±22","0.4%","±0.6","0","±12","-","**"
"        Other languages","0","±12","0.0%","±0.7","0","±12","0.0%","±0.7","3","±7","0.1%","±0.2","0","±12","0.0%","±0.8","0","±12","0.0%","±1.0","5","±10","0.2%","±0.3","0","±12","0.0%","±0.9","11","±19","0.2%","±0.4","0","±12","0.0%","±0.9","4","±5","0.1%","±0.1","3","±6","0.1%","±0.1","6","±12","0.1%","±0.3","0","±12","0.0%","±1.0","0","±12","0.0%","±0.7","0","±12","0.0%","±1.2","0","±12","0.0%","±1.4","0","±12","0.0%","±0.9","397","±315","8.4%","±6.5","14","±18","0.4%","±0.5","0","±12","-","**"
"            Speak English less than ""very well""","0","±12","0.0%","±0.7","0","±12","0.0%","±0.7","3","±7","0.1%","±0.2","0","±12","0.0%","±0.8","0","±12","0.0%","±1.0","0","±12","0.0%","±1.0","0","±12","0.0%","±0.9","0","±12","0.0%","±0.7","0","±12","0.0%","±0.9","0","±12","0.0%","±0.7","3","±6","0.1%","±0.1","0","±12","0.0%","±0.7","0","±12","0.0%","±1.0","0","±12","0.0%","±0.7","0","±12","0.0%","±1.2","0","±12","0.0%","±1.4","0","±12","0.0%","±0.9","45","±62","1.0%","±1.3","9","±16","0.2%","±0.4","0","±12","-","**"
"ANCESTRY","","","","","","","","","","","","","","","","","","","","","","","","","","","","","","","","","","","","","","","","","","","","","","","","","","","","","","","","","","","","","","","","","","","","","","","","","","","","","","","",""
"    Total population","4,875","±279","4,875","(X)","4,880","±291","4,880","(X)","4,116","±240","4,116","(X)","4,294","±45","4,294","(X)","3,481","±177","3,481","(X)","3,422","±33","3,422","(X)","3,656","±17","3,656","(X)","4,712","±149","4,712","(X)","3,760","±203","3,760","(X)","4,775","±218","4,775","(X)","4,085","±152","4,085","(X)","4,768","±202","4,768","(X)","3,663","±310","3,663","(X)","4,661","±370","4,661","(X)","2,748","±260","2,748","(X)","2,533","±244","2,533","(X)","3,879","±341","3,879","(X)","4,940","±475","4,940","(X)","4,177","±329","4,177","(X)","0","±12","0","(X)"
"        American","214","±96","4.4%","±1.9","201","±75","4.1%","±1.5","372","±105","9.0%","±2.5","117","±75","2.7%","±1.8","135","±45","3.9%","±1.3","105","±73","3.1%","±2.1","205","±96","5.6%","±2.6","214","±77","4.5%","±1.6","397","±128","10.6%","±3.3","192","±59","4.0%","±1.2","178","±65","4.4%","±1.6","267","±78","5.6%","±1.6","63","±72","1.7%","±1.9","188","±167","4.0%","±3.5","84","±71","3.1%","±2.5","31","±29","1.2%","±1.1","118","±77","3.0%","±2.0","314","±190","6.4%","±3.8","80","±50","1.9%","±1.2","0","±12","-","**"
"        Arab","0","±12","0.0%","±0.7","0","±12","0.0%","±0.7","0","±12","0.0%","±0.8","0","±12","0.0%","±0.8","4","±5","0.1%","±0.1","0","±12","0.0%","±0.9","0","±12","0.0%","±0.9","0","±12","0.0%","±0.7","7","±7","0.2%","±0.2","27","±32","0.6%","±0.7","29","±19","0.7%","±0.5","0","±12","0.0%","±0.7","0","±12","0.0%","±0.9","0","±12","0.0%","±0.7","41","±52","1.5%","±1.8","0","±12","0.0%","±1.3","9","±14","0.2%","±0.4","43","±51","0.9%","±1.0","18","±20","0.4%","±0.5","0","±12","-","**"
"        Czech","20","±24","0.4%","±0.5","0","±12","0.0%","±0.7","0","±12","0.0%","±0.8","4","±6","0.1%","±0.1","6","±6","0.2%","±0.2","0","±12","0.0%","±0.9","0","±12","0.0%","±0.9","23","±22","0.5%","±0.5","21","±19","0.6%","±0.5","9","±9","0.2%","±0.2","5","±8","0.1%","±0.2","0","±12","0.0%","±0.7","27","±43","0.7%","±1.1","15","±24","0.3%","±0.5","17","±28","0.6%","±1.0","10","±16","0.4%","±0.6","0","±12","0.0%","±0.8","9","±13","0.2%","±0.3","10","±15","0.2%","±0.4","0","±12","-","**"
"        Danish","8","±9","0.2%","±0.2","5","±7","0.1%","±0.1","12","±14","0.3%","±0.3","9","±13","0.2%","±0.3","4","±5","0.1%","±0.1","0","±12","0.0%","±0.9","0","±12","0.0%","±0.9","17","±12","0.4%","±0.3","8","±7","0.2%","±0.2","52","±31","1.1%","±0.6","0","±12","0.0%","±0.8","38","±31","0.8%","±0.6","13","±20","0.4%","±0.5","0","±12","0.0%","±0.7","0","±12","0.0%","±1.2","0","±12","0.0%","±1.3","10","±14","0.3%","±0.4","0","±12","0.0%","±0.7","9","±13","0.2%","±0.3","0","±12","-","**"
"        Dutch","228","±95","4.7%","±1.9","341","±189","7.0%","±3.7","257","±108","6.2%","±2.5","249","±112","5.8%","±2.6","114","±46","3.3%","±1.3","84","±52","2.5%","±1.5","24","±24","0.7%","±0.7","130","±53","2.8%","±1.1","124","±51","3.3%","±1.3","219","±70","4.6%","±1.5","149","±46","3.6%","±1.1","211","±88","4.4%","±1.9","151","±91","4.1%","±2.5","200","±161","4.3%","±3.3","79","±69","2.9%","±2.6","98","±64","3.9%","±2.5","86","±53","2.2%","±1.4","127","±106","2.6%","±2.1","57","±52","1.4%","±1.3","0","±12","-","**"
"        English","713","±157","14.6%","±3.1","737","±163","15.1%","±3.3","587","±113","14.3%","±2.8","862","±151","20.1%","±3.5","590","±108","16.9%","±3.1","414","±122","12.1%","±3.5","655","±185","17.9%","±5.1","717","±119","15.2%","±2.5","626","±125","16.6%","±3.3","889","±99","18.6%","±2.0","715","±113","17.5%","±2.7","878","±121","18.4%","±2.6","350","±120","9.6%","±3.2","724","±255","15.5%","±5.3","326","±125","11.9%","±4.5","281","±109","11.1%","±4.5","416","±131","10.7%","±3.5","513","±193","10.4%","±4.0","256","±128","6.1%","±3.0","0","±12","-","**"
"        French (except Basque)","321","±128","6.6%","±2.7","289","±97","5.9%","±2.0","154","±62","3.7%","±1.5","51","±25","1.2%","±0.6","131","±51","3.8%","±1.4","230","±96","6.7%","±2.8","107","±67","2.9%","±1.8","100","±31","2.1%","±0.6","179","±60","4.8%","±1.6","152","±39","3.2%","±0.8","196","±78","4.8%","±1.9","182","±91","3.8%","±1.9","184","±113","5.0%","±3.1","79","±74","1.7%","±1.6","160","±93","5.8%","±3.3","28","±31","1.1%","±1.2","255","±177","6.6%","±4.4","157","±98","3.2%","±2.0","54","±50","1.3%","±1.2","0","±12","-","**"
"        French Canadian","124","±94","2.5%","±1.9","155","±65","3.2%","±1.4","59","±27","1.4%","±0.7","88","±52","2.0%","±1.2","81","±56","2.3%","±1.6","31","±35","0.9%","±1.0","90","±63","2.5%","±1.7","132","±74","2.8%","±1.6","30","±23","0.8%","±0.6","78","±45","1.6%","±0.9","124","±72","3.0%","±1.8","42","±23","0.9%","±0.5","45","±47","1.2%","±1.3","49","±48","1.1%","±1.0","59","±52","2.1%","±1.9","98","±99","3.9%","±3.9","35","±29","0.9%","±0.7","69","±74","1.4%","±1.5","11","±16","0.3%","±0.4","0","±12","-","**"
"        German","1,124","±234","23.1%","±4.6","925","±159","19.0%","±3.1","663","±122","16.1%","±2.8","969","±200","22.6%","±4.7","646","±105","18.6%","±2.9","688","±195","20.1%","±5.7","791","±335","21.6%","±9.2","845","±149","17.9%","±3.2","752","±130","20.0%","±3.5","935","±147","19.6%","±3.0","797","±169","19.5%","±4.1","871","±138","18.3%","±2.9","486","±190","13.3%","±5.3","829","±311","17.8%","±6.4","779","±214","28.3%","±7.3","153","±62","6.0%","±2.5","682","±254","17.6%","±6.2","691","±288","14.0%","±5.7","615","±204","14.7%","±4.7","0","±12","-","**"
"        Greek","0","±12","0.0%","±0.7","0","±12","0.0%","±0.7","0","±12","0.0%","±0.8","0","±12","0.0%","±0.8","36","±54","1.0%","±1.6","17","±27","0.5%","±0.8","0","±12","0.0%","±0.9","3","±5","0.1%","±0.1","0","±12","0.0%","±0.9","15","±16","0.3%","±0.3","9","±14","0.2%","±0.4","0","±12","0.0%","±0.7","37","±57","1.0%","±1.6","0","±12","0.0%","±0.7","3","±8","0.1%","±0.3","0","±12","0.0%","±1.3","108","±156","2.8%","±4.0","0","±12","0.0%","±0.7","0","±12","0.0%","±0.8","0","±12","-","**"
"        Hungarian","32","±29","0.7%","±0.6","7","±12","0.1%","±0.2","12","±17","0.3%","±0.4","0","±12","0.0%","±0.8","0","±12","0.0%","±0.9","0","±12","0.0%","±0.9","16","±26","0.4%","±0.7","7","±9","0.1%","±0.2","23","±17","0.6%","±0.4","23","±11","0.5%","±0.2","5","±8","0.1%","±0.2","25","±25","0.5%","±0.5","68","±88","1.9%","±2.3","8","±17","0.2%","±0.4","0","±12","0.0%","±1.2","0","±12","0.0%","±1.3","63","±54","1.6%","±1.4","0","±12","0.0%","±0.7","0","±12","0.0%","±0.8","0","±12","-","**"
"        Irish","665","±161","13.6%","±3.1","999","±244","20.5%","±4.4","758","±112","18.4%","±2.8","979","±176","22.8%","±4.1","869","±151","25.0%","±3.8","979","±220","28.6%","±6.4","868","±193","23.7%","±5.3","793","±178","16.8%","±3.9","614","±110","16.3%","±2.9","1,019","±146","21.3%","±2.8","1,131","±206","27.7%","±5.1","1,199","±197","25.1%","±3.9","854","±274","23.3%","±6.9","1,163","±362","25.0%","±7.6","666","±188","24.2%","±7.2","835","±187","33.0%","±7.6","834","±193","21.5%","±4.9","1,078","±297","21.8%","±5.6","332","±160","7.9%","±3.8","0","±12","-","**"
"        Italian","404","±165","8.3%","±3.5","331","±97","6.8%","±2.0","458","±126","11.1%","±2.9","516","±178","12.0%","±4.1","653","±119","18.8%","±3.4","594","±176","17.4%","±5.1","952","±218","26.0%","±6.0","339","±111","7.2%","±2.3","241","±82","6.4%","±2.2","378","±78","7.9%","±1.6","562","±117","13.8%","±2.9","752","±165","15.8%","±3.6","542","±255","14.8%","±6.7","710","±252","15.2%","±5.5","395","±136","14.4%","±4.8","684","±178","27.0%","±7.4","874","±220","22.5%","±5.2","891","±340","18.0%","±6.8","281","±89","6.7%","±2.2","0","±12","-","**"
"        Lithuanian","3","±5","0.1%","±0.1","6","±8","0.1%","±0.2","0","±12","0.0%","±0.8","0","±12","0.0%","±0.8","0","±12","0.0%","±0.9","0","±12","0.0%","±0.9","0","±12","0.0%","±0.9","5","±7","0.1%","±0.1","0","±12","0.0%","±0.9","26","±19","0.5%","±0.4","0","±12","0.0%","±0.8","4","±6","0.1%","±0.1","0","±12","0.0%","±0.9","0","±12","0.0%","±0.7","0","±12","0.0%","±1.2","0","±12","0.0%","±1.3","8","±13","0.2%","±0.3","0","±12","0.0%","±0.7","0","±12","0.0%","±0.8","0","±12","-","**"
"        Norwegian","30","±39","0.6%","±0.8","13","±14","0.3%","±0.3","9","±7","0.2%","±0.2","24","±20","0.6%","±0.5","5","±8","0.1%","±0.2","9","±16","0.3%","±0.5","31","±35","0.8%","±1.0","13","±13","0.3%","±0.3","34","±26","0.9%","±0.7","63","±41","1.3%","±0.9","7","±8","0.2%","±0.2","5","±7","0.1%","±0.1","0","±12","0.0%","±0.9","0","±12","0.0%","±0.7","0","±12","0.0%","±1.2","8","±13","0.3%","±0.5","4","±8","0.1%","±0.2","20","±33","0.4%","±0.7","0","±12","0.0%","±0.8","0","±12","-","**"
"        Polish","258","±92","5.3%","±1.9","342","±90","7.0%","±1.9","365","±131","8.9%","±3.2","452","±180","10.5%","±4.2","294","±69","8.4%","±2.0","214","±95","6.3%","±2.8","233","±145","6.4%","±4.0","131","±48","2.8%","±1.0","102","±49","2.7%","±1.3","209","±57","4.4%","±1.2","318","±102","7.8%","±2.5","254","±64","5.3%","±1.3","389","±132","10.6%","±3.5","271","±207","5.8%","±4.4","152","±108","5.5%","±3.8","227","±175","9.0%","±6.9","348","±177","9.0%","±4.6","336","±207","6.8%","±4.0","62","±61","1.5%","±1.5","0","±12","-","**"
"        Portuguese","9","±12","0.2%","±0.2","8","±8","0.2%","±0.2","0","±12","0.0%","±0.8","0","±12","0.0%","±0.8","0","±12","0.0%","±0.9","0","±12","0.0%","±0.9","38","±49","1.0%","±1.4","4","±6","0.1%","±0.1","2","±4","0.1%","±0.1","13","±17","0.3%","±0.4","0","±12","0.0%","±0.8","0","±12","0.0%","±0.7","0","±12","0.0%","±0.9","0","±12","0.0%","±0.7","0","±12","0.0%","±1.2","0","±12","0.0%","±1.3","12","±18","0.3%","±0.5","12","±19","0.2%","±0.4","0","±12","0.0%","±0.8","0","±12","-","**"
"        Russian","10","±9","0.2%","±0.2","5","±8","0.1%","±0.2","7","±8","0.2%","±0.2","7","±11","0.2%","±0.3","3","±4","0.1%","±0.1","28","±30","0.8%","±0.9","50","±47","1.4%","±1.3","4","±5","0.1%","±0.1","25","±28","0.7%","±0.8","26","±16","0.5%","±0.3","18","±20","0.4%","±0.5","33","±22","0.7%","±0.5","0","±12","0.0%","±0.9","34","±42","0.7%","±0.9","8","±13","0.3%","±0.5","0","±12","0.0%","±1.3","43","±49","1.1%","±1.3","9","±14","0.2%","±0.3","27","±35","0.6%","±0.8","0","±12","-","**"
"        Scotch-Irish","47","±46","1.0%","±0.9","39","±28","0.8%","±0.6","12","±8","0.3%","±0.2","5","±7","0.1%","±0.2","31","±32","0.9%","±0.9","12","±18","0.4%","±0.5","19","±20","0.5%","±0.6","18","±16","0.4%","±0.3","23","±15","0.6%","±0.4","21","±13","0.4%","±0.3","17","±12","0.4%","±0.3","30","±31","0.6%","±0.7","53","±68","1.4%","±1.9","110","±106","2.4%","±2.3","18","±25","0.7%","±0.9","85","±84","3.4%","±3.3","14","±16","0.4%","±0.4","7","±13","0.1%","±0.3","7","±12","0.2%","±0.3","0","±12","-","**"
"        Scottish","127","±63","2.6%","±1.3","131","±76","2.7%","±1.5","63","±30","1.5%","±0.7","108","±51","2.5%","±1.2","36","±16","1.0%","±0.4","32","±26","0.9%","±0.8","18","±21","0.5%","±0.6","122","±55","2.6%","±1.2","77","±29","2.0%","±0.8","94","±29","2.0%","±0.6","51","±42","1.2%","±1.0","126","±53","2.6%","±1.1","83","±69","2.3%","±1.8","200","±139","4.3%","±2.9","80","±82","2.9%","±2.9","68","±56","2.7%","±2.2","87","±75","2.2%","±2.0","51","±42","1.0%","±0.9","137","±109","3.3%","±2.6","0","±12","-","**"
"        Slovak","7","±11","0.1%","±0.2","14","±22","0.3%","±0.4","3","±5","0.1%","±0.1","3","±5","0.1%","±0.1","0","±12","0.0%","±0.9","0","±12","0.0%","±0.9","0","±12","0.0%","±0.9","7","±8","0.1%","±0.2","12","±8","0.3%","±0.2","23","±17","0.5%","±0.4","0","±12","0.0%","±0.8","3","±4","0.1%","±0.1","0","±12","0.0%","±0.9","0","±12","0.0%","±0.7","0","±12","0.0%","±1.2","0","±12","0.0%","±1.3","0","±12","0.0%","±0.8","29","±47","0.6%","±1.0","0","±12","0.0%","±0.8","0","±12","-","**"
"        Subsaharan African","0","±12","0.0%","±0.7","16","±17","0.3%","±0.3","0","±12","0.0%","±0.8","0","±12","0.0%","±0.8","0","±12","0.0%","±0.9","5","±10","0.1%","±0.3","0","±12","0.0%","±0.9","0","±12","0.0%","±0.7","0","±12","0.0%","±0.9","7","±11","0.1%","±0.2","11","±17","0.3%","±0.4","6","±12","0.1%","±0.3","0","±12","0.0%","±0.9","0","±12","0.0%","±0.7","0","±12","0.0%","±1.2","0","±12","0.0%","±1.3","0","±12","0.0%","±0.8","0","±12","0.0%","±0.7","15","±21","0.4%","±0.5","0","±12","-","**"
"        Swedish","17","±18","0.3%","±0.4","30","±16","0.6%","±0.3","16","±12","0.4%","±0.3","5","±8","0.1%","±0.2","17","±15","0.5%","±0.4","39","±56","1.1%","±1.6","0","±12","0.0%","±0.9","37","±21","0.8%","±0.4","63","±31","1.7%","±0.8","25","±19","0.5%","±0.4","81","±71","2.0%","±1.7","84","±32","1.8%","±0.7","113","±150","3.1%","±4.0","0","±12","0.0%","±0.7","0","±12","0.0%","±1.2","0","±12","0.0%","±1.3","26","±42","0.7%","±1.1","0","±12","0.0%","±0.7","0","±12","0.0%","±0.8","0","±12","-","**"
"        Swiss","68","±65","1.4%","±1.3","64","±75","1.3%","±1.5","32","±42","0.8%","±1.0","24","±21","0.6%","±0.5","2","±3","0.1%","±0.1","0","±12","0.0%","±0.9","19","±23","0.5%","±0.6","13","±12","0.3%","±0.3","12","±11","0.3%","±0.3","31","±20","0.6%","±0.4","81","±72","2.0%","±1.8","11","±9","0.2%","±0.2","0","±12","0.0%","±0.9","31","±36","0.7%","±0.8","0","±12","0.0%","±1.2","11","±16","0.4%","±0.7","0","±12","0.0%","±0.8","0","±12","0.0%","±0.7","0","±12","0.0%","±0.8","0","±12","-","**"
"        Ukrainian","89","±101","1.8%","±2.1","101","±53","2.1%","±1.1","91","±44","2.2%","±1.1","51","±32","1.2%","±0.8","106","±47","3.0%","±1.3","59","±54","1.7%","±1.6","133","±72","3.6%","±2.0","43","±27","0.9%","±0.6","19","±15","0.5%","±0.4","32","±15","0.7%","±0.3","121","±53","3.0%","±1.3","113","±39","2.4%","±0.8","186","±91","5.1%","±2.4","77","±61","1.7%","±1.3","38","±32","1.4%","±1.2","19","±21","0.8%","±0.8","173","±103","4.5%","±2.6","186","±124","3.8%","±2.6","187","±149","4.5%","±3.6","0","±12","-","**"
"        Welsh","25","±20","0.5%","±0.4","66","±44","1.4%","±0.9","9","±8","0.2%","±0.2","42","±39","1.0%","±0.9","26","±36","0.7%","±1.0","10","±18","0.3%","±0.5","6","±10","0.2%","±0.3","20","±12","0.4%","±0.3","59","±36","1.6%","±0.9","58","±23","1.2%","±0.5","27","±23","0.7%","±0.5","61","±32","1.3%","±0.7","31","±30","0.8%","±0.8","9","±16","0.2%","±0.3","13","±23","0.5%","±0.8","0","±12","0.0%","±1.3","21","±22","0.5%","±0.6","178","±172","3.6%","±3.5","65","±82","1.6%","±2.0","0","±12","-","**"
"        West Indian (excluding Hispanic origin groups)","0","±12","0.0%","±0.7","5","±7","0.1%","±0.1","0","±12","0.0%","±0.8","11","±16","0.3%","±0.4","24","±35","0.7%","±1.0","8","±14","0.2%","±0.4","0","±12","0.0%","±0.9","11","±19","0.2%","±0.4","3","±5","0.1%","±0.1","26","±33","0.5%","±0.7","0","±12","0.0%","±0.8","5","±7","0.1%","±0.1","0","±12","0.0%","±0.9","0","±12","0.0%","±0.7","0","±12","0.0%","±1.2","0","±12","0.0%","±1.3","0","±12","0.0%","±0.8","0","±12","0.0%","±0.7","26","±21","0.6%","±0.5","0","±12","-","**"
"COMPUTERS AND INTERNET USE","","","","","","","","","","","","","","","","","","","","","","","","","","","","","","","","","","","","","","","","","","","","","","","","","","","","","","","","","","","","","","","","","","","","","","","","","","","","","","","",""
"    Total households","1,826","±137","1,826","(X)","1,802","±96","1,802","(X)","1,655","±86","1,655","(X)","1,794","±96","1,794","(X)","1,369","±65","1,369","(X)","1,254","±98","1,254","(X)","1,526","±105","1,526","(X)","1,534","±119","1,534","(X)","1,544","±75","1,544","(X)","1,783","±76","1,783","(X)","1,673","±83","1,673","(X)","1,953","±111","1,953","(X)","1,686","±136","1,686","(X)","2,498","±166","2,498","(X)","1,262","±104","1,262","(X)","1,013","±87","1,013","(X)","1,822","±112","1,822","(X)","1,989","±168","1,989","(X)","1,238","±153","1,238","(X)","0","±12","0","(X)"
"        With a computer","1,679","±133","91.9%","±2.8","1,592","±98","88.3%","±2.9","1,424","±93","86.0%","±3.5","1,605","±90","89.5%","±3.4","1,199","±64","87.6%","±2.7","1,199","±101","95.6%","±2.7","1,325","±126","86.8%","±4.7","1,340","±110","87.4%","±2.8","1,312","±79","85.0%","±3.3","1,557","±77","87.3%","±2.8","1,540","±96","92.1%","±3.0","1,689","±107","86.5%","±2.9","1,430","±157","84.8%","±5.8","2,112","±214","84.5%","±5.6","1,164","±121","92.2%","±4.8","968","±94","95.6%","±5.6","1,567","±128","86.0%","±4.5","1,579","±205","79.4%","±7.8","1,026","±158","82.9%","±5.8","0","±12","-","**"
"        With a broadband Internet subscription","1,541","±120","84.4%","±3.7","1,455","±103","80.7%","±4.0","1,302","±91","78.7%","±3.8","1,454","±109","81.0%","±4.1","1,072","±68","78.3%","±3.3","1,135","±126","90.5%","±5.0","1,314","±141","86.1%","±5.3","1,203","±94","78.4%","±3.3","1,142","±80","74.0%","±4.2","1,367","±87","76.7%","±3.9","1,444","±100","86.3%","±3.4","1,563","±99","80.0%","±3.5","1,281","±147","76.0%","±6.4","1,794","±206","71.8%","±7.3","1,068","±141","84.6%","±8.0","951","±95","93.9%","±5.8","1,524","±139","83.6%","±4.8","1,467","±186","73.8%","±7.4","813","±159","65.7%","±9.3","0","±12","-","**"