"Label","Census Tract 9701, Chenango County, New York!!Estimate","Census Tract 9701, Chenango County, New York!!Margin of Error","Census Tract 9701, Chenango County, New York!!Percent","Census Tract 9701, Chenango County, New York!!Percent Margin of Error","Census Tract 9702, Chenango County, New York!!Estimate","Census Tract 9702, Chenango County, New York!!Margin of Error","Census Tract 9702, Chenango County, New York!!Percent","Census Tract 9702, Chenango County, New York!!Percent Margin of Error","Census Tract 9703, Chenango County, New York!!Estimate","Census Tract 9703, Chenango County, New York!!Margin of Error","Census Tract 9703, Chenango County, New York!!Percent","Census Tract 9703, Chenango County, New York!!Percent Margin of Error","Census Tract 9704, Chenango County, New York!!Estimate","Census Tract 9704, Chenango County, New York!!Margin of Error","Census Tract 9704, Chenango County, New York!!Percent","Census Tract 9704, Chenango County, New York!!Percent Margin of Error","Census Tract 9705, Chenango County, New York!!Estimate","Census Tract 9705, Chenango County, New York!!Margin of Error","Census Tract 9705, Chenango County, New York!!Percent","Census Tract 9705, Chenango County, New York!!Percent Margin of Error","Census Tract 9706.01, Chenango County, New York!!Estimate","Census Tract 9706.01, Chenango County, New York!!Margin of Error","Census Tract 9706.01, Chenango County, New York!!Percent","Census Tract 9706.01, Chenango County, New York!!Percent Margin of Error","Census Tract 9706.02, Chenango County, New York!!Estimate","Census Tract 9706.02, Chenango County, New York!!Margin of Error","Census Tract 9706.02, Chenango County, New York!!Percent","Census Tract 9706.02, Chenango County, New York!!Percent Margin of Error","Census Tract 9707, Chenango County, New York!!Estimate","Census Tract 9707, Chenango County, New York!!Margin of Error","Census Tract 9707, Chenango County, New York!!Percent","Census Tract 9707, Chenango County, New York!!Percent Margin of Error","Census Tract 9708.01, Chenango County, New York!!Estimate","Census Tract 9708.01, Chenango County, New York!!Margin of Error","Census Tract 9708.01, Chenango County, New York!!Percent","Census Tract 9708.01, Chenango County, New York!!Percent Margin of Error","Census Tract 9708.02, Chenango County, New York!!Estimate","Census Tract 9708.02, Chenango County, New York!!Margin of Error","Census Tract 9708.02, Chenango County, New York!!Percent","Census Tract 9708.02, Chenango County, New York!!Percent Margin of Error","Census Tract 9709, Chenango County, New York!!Estimate","Census Tract 9709, Chenango County, New York!!Margin of Error","Census Tract 9709, Chenango County, New York!!Percent","Census Tract 9709, Chenango County, New York!!Percent Margin of Error","Census Tract 9710, Chenango County, New York!!Estimate","Census Tract 9710, Chenango County, New York!!Margin of Error","Census Tract 9710, Chenango County, New York!!Percent","Census Tract 9710, Chenango County, New York!!Percent Margin of Error"
"HOUSEHOLDS BY TYPE","","","","","","","","","","","","","","","","","","","","","","","","","","","","","","","","","","","","","","","","","","","","","","","",""
"    Total households","2,521","±162","2,521","(X)","1,816","±102","1,816","(X)","1,666","±135","1,666","(X)","1,309","±126","1,309","(X)","2,278","±142","2,278","(X)","1,652","±118","1,652","(X)","1,674","±152","1,674","(X)","1,112","±90","1,112","(X)","1,627","±133","1,627","(X)","1,490","±108","1,490","(X)","2,106","±133","2,106","(X)","1,446","±104","1,446","(X)"
"        Married-couple family","1,233","±101","48.9%","±4.3","898","±71","49.4%","±4.2","588","±87","35.3%","±5.9","363","±100","27.7%","±6.9","1,237","±135","54.3%","±5.3","823","±111","49.8%","±5.9","750","±126","44.8%","±7.9","521","±66","46.9%","±5.6","723","±116","44.4%","±6.5","752","±75","50.5%","±5.0","978","±133","46.4%","±6.9","785","±99","54.3%","±5.9"
"            With own children of the householder under 18 years","406","±93","16.1%","±4.0","236","±40","13.0%","±2.3","188","±62","11.3%","±4.0","71","±44","5.4%","±3.3","377","±92","16.5%","±4.0","260","±52","15.7%","±2.9","249","±64","14.9%","±3.7","137","±34","12.3%","±3.1","244","±67","15.0%","±4.1","264","±49","17.7%","±3.2","248","±62","11.8%","±3.0","202","±54","14.0%","±3.9"
"        Cohabiting couple household","194","±69","7.7%","±2.6","185","±42","10.2%","±2.2","132","±69","7.9%","±4.1","251","±113","19.2%","±8.6","254","±82","11.2%","±3.7","198","±76","12.0%","±4.5","146","±71","8.7%","±4.0","64","±26","5.8%","±2.4","207","±69","12.7%","±3.9","91","±33","6.1%","±2.2","231","±81","11.0%","±3.7","122","±63","8.4%","±4.4"
"            With own children of the householder under 18 years","56","±38","2.2%","±1.5","92","±31","5.1%","±1.7","23","±22","1.4%","±1.3","97","±65","7.4%","±5.1","129","±72","5.7%","±3.1","51","±34","3.1%","±2.0","60","±46","3.6%","±2.7","33","±19","3.0%","±1.8","53","±39","3.3%","±2.4","21","±18","1.4%","±1.2","94","±50","4.5%","±2.3","46","±41","3.2%","±2.9"
"        Male householder, no spouse/partner present","488","±105","19.4%","±3.6","426","±80","23.5%","±3.7","287","±112","17.2%","±6.2","247","±97","18.9%","±6.8","373","±107","16.4%","±4.4","284","±71","17.2%","±4.0","439","±135","26.2%","±7.0","263","±61","23.7%","±4.8","293","±116","18.0%","±6.8","282","±72","18.9%","±4.3","580","±147","27.5%","±6.2","229","±62","15.8%","±3.9"
"            With own children of the householder under 18 years","98","±74","3.9%","±2.9","40","±25","2.2%","±1.4","28","±44","1.7%","±2.7","8","±14","0.6%","±1.1","11","±12","0.5%","±0.5","12","±18","0.7%","±1.1","62","±46","3.7%","±2.7","7","±11","0.6%","±0.9","3","±5","0.2%","±0.3","49","±46","3.3%","±3.0","49","±36","2.3%","±1.7","41","±32","2.8%","±2.2"
"            Householder living alone","322","±77","12.8%","±2.7","282","±60","15.5%","±2.9","232","±108","13.9%","±5.9","199","±91","15.2%","±6.4","304","±108","13.3%","±4.5","206","±68","12.5%","±3.8","322","±130","19.2%","±7.2","238","±60","21.4%","±4.8","199","±95","12.2%","±5.4","206","±49","13.8%","±3.1","368","±111","17.5%","±4.8","122","±42","8.4%","±2.9"
"                65 years and over","117","±43","4.6%","±1.7","109","±36","6.0%","±1.9","80","±59","4.8%","±3.4","52","±45","4.0%","±3.5","74","±41","3.2%","±1.7","97","±52","5.9%","±3.0","84","±71","5.0%","±4.1","77","±29","6.9%","±2.5","87","±53","5.3%","±3.2","48","±22","3.2%","±1.5","72","±31","3.4%","±1.4","28","±22","1.9%","±1.5"
"        Female householder, no spouse/partner present","606","±103","24.0%","±3.7","307","±54","16.9%","±2.7","659","±125","39.6%","±6.5","448","±105","34.2%","±7.8","414","±105","18.2%","±4.5","347","±88","21.0%","±5.1","339","±112","20.3%","±6.4","264","±59","23.7%","±4.7","404","±99","24.8%","±5.8","365","±77","24.5%","±4.5","317","±86","15.1%","±3.8","310","±74","21.4%","±4.9"
"            With own children of the householder under 18 years","137","±53","5.4%","±2.1","49","±22","2.7%","±1.2","122","±75","7.3%","±4.4","84","±64","6.4%","±4.8","37","±31","1.6%","±1.4","34","±45","2.1%","±2.7","18","±20","1.1%","±1.2","49","±35","4.4%","±3.1","102","±61","6.3%","±3.7","36","±24","2.4%","±1.7","35","±28","1.7%","±1.3","37","±30","2.6%","±2.1"
"            Householder living alone","347","±86","13.8%","±3.2","176","±41","9.7%","±2.1","466","±111","28.0%","±5.8","259","±78","19.8%","±5.6","279","±86","12.2%","±3.7","200","±68","12.1%","±4.0","210","±86","12.5%","±4.9","151","±45","13.6%","±3.8","197","±72","12.1%","±4.3","264","±70","17.7%","±4.3","225","±74","10.7%","±3.3","203","±67","14.0%","±4.5"
"                65 years and over","190","±51","7.5%","±1.9","115","±28","6.3%","±1.5","261","±74","15.7%","±4.2","109","±43","8.3%","±3.3","129","±52","5.7%","±2.3","114","±43","6.9%","±2.6","139","±70","8.3%","±4.0","66","±29","5.9%","±2.5","138","±63","8.5%","±3.9","194","±68","13.0%","±4.3","148","±63","7.0%","±2.8","129","±61","8.9%","±4.2"
"        Households with one or more people under 18 years","774","±107","30.7%","±4.2","485","±47","26.7%","±2.7","414","±102","24.8%","±6.6","313","±76","23.9%","±6.0","620","±103","27.2%","±4.6","457","±86","27.7%","±4.4","410","±97","24.5%","±5.4","270","±47","24.3%","±4.1","436","±75","26.8%","±4.2","395","±58","26.5%","±3.4","492","±92","23.4%","±4.4","411","±66","28.4%","±4.9"
"        Households with one or more people 65 years and over","809","±99","32.1%","±3.3","666","±70","36.7%","±3.0","593","±94","35.6%","±5.1","363","±71","27.7%","±5.4","749","±100","32.9%","±3.8","579","±74","35.0%","±3.9","472","±93","28.2%","±4.3","351","±48","31.6%","±3.9","651","±118","40.0%","±6.6","542","±80","36.4%","±4.4","797","±105","37.8%","±4.4","509","±74","35.2%","±4.9"
"        Average household size","2.34","±0.12","(X)","(X)","2.35","±0.13","(X)","(X)","2.11","±0.20","(X)","(X)","2.23","±0.21","(X)","(X)","2.31","±0.10","(X)","(X)","2.39","±0.12","(X)","(X)","2.15","±0.12","(X)","(X)","2.08","±0.10","(X)","(X)","2.29","±0.14","(X)","(X)","2.37","±0.13","(X)","(X)","2.33","±0.13","(X)","(X)","2.31","±0.13","(X)","(X)"
"        Average family size","2.88","±0.14","(X)","(X)","2.70","±0.12","(X)","(X)","2.90","±0.26","(X)","(X)","2.83","±0.29","(X)","(X)","2.63","±0.11","(X)","(X)","2.88","±0.16","(X)","(X)","2.66","±0.15","(X)","(X)","2.60","±0.11","(X)","(X)","2.62","±0.18","(X)","(X)","2.97","±0.15","(X)","(X)","2.81","±0.20","(X)","(X)","2.67","±0.19","(X)","(X)"
"RELATIONSHIP","","","","","","","","","","","","","","","","","","","","","","","","","","","","","","","","","","","","","","","","","","","","","","","",""
"    Population in households","5,908","±269","5,908","(X)","4,262","±217","4,262","(X)","3,516","±282","3,516","(X)","2,923","±273","2,923","(X)","5,268","±251","5,268","(X)","3,941","±275","3,941","(X)","3,600","±285","3,600","(X)","2,311","±169","2,311","(X)","3,718","±341","3,718","(X)","3,524","±263","3,524","(X)","4,917","±275","4,917","(X)","3,334","±211","3,334","(X)"
"        Householder","2,521","±162","42.7%","±2.2","1,816","±102","42.6%","±2.3","1,666","±135","47.4%","±4.5","1,309","±126","44.8%","±4.2","2,278","±142","43.2%","±1.9","1,652","±118","41.9%","±2.1","1,674","±152","46.5%","±2.7","1,112","±90","48.1%","±2.2","1,627","±133","43.8%","±2.6","1,490","±108","42.3%","±2.3","2,106","±133","42.8%","±2.4","1,446","±104","43.4%","±2.4"
"        Spouse","1,270","±103","21.5%","±1.7","908","±85","21.3%","±1.7","595","±94","16.9%","±2.7","348","±91","11.9%","±3.1","1,233","±137","23.4%","±2.3","816","±104","20.7%","±2.3","757","±132","21.0%","±3.3","513","±63","22.2%","±2.4","730","±117","19.6%","±2.4","757","±86","21.5%","±1.8","973","±132","19.8%","±2.6","783","±103","23.5%","±2.8"
"        Unmarried partner","187","±67","3.2%","±1.1","189","±43","4.4%","±0.9","147","±78","4.2%","±2.2","238","±104","8.1%","±3.3","250","±80","4.7%","±1.5","210","±80","5.3%","±2.0","143","±68","4.0%","±1.8","68","±26","2.9%","±1.1","202","±62","5.4%","±1.6","96","±34","2.7%","±1.0","204","±71","4.1%","±1.5","119","±67","3.6%","±2.0"
"        Child","1,576","±178","26.7%","±2.6","983","±107","23.1%","±2.1","846","±197","24.1%","±4.5","730","±186","25.0%","±5.1","1,183","±137","22.5%","±2.4","928","±126","23.5%","±2.6","834","±136","23.2%","±3.4","484","±80","20.9%","±2.7","910","±168","24.5%","±3.1","1,048","±141","29.7%","±2.5","1,200","±193","24.4%","±3.3","725","±131","21.7%","±3.2"
"        Other relatives","248","±86","4.2%","±1.4","230","±56","5.4%","±1.2","193","±106","5.5%","±2.9","176","±107","6.0%","±3.7","189","±67","3.6%","±1.3","273","±99","6.9%","±2.4","119","±65","3.3%","±1.8","105","±41","4.5%","±1.7","96","±55","2.6%","±1.5","87","±43","2.5%","±1.2","284","±133","5.8%","±2.6","186","±82","5.6%","±2.5"
"        Other nonrelatives","106","±51","1.8%","±0.9","136","±42","3.2%","±0.9","69","±57","2.0%","±1.5","122","±79","4.2%","±2.6","135","±69","2.6%","±1.3","62","±31","1.6%","±0.8","73","±61","2.0%","±1.6","29","±17","1.3%","±0.8","153","±68","4.1%","±1.8","46","±23","1.3%","±0.6","150","±72","3.1%","±1.4","75","±48","2.2%","±1.4"
"MARITAL STATUS","","","","","","","","","","","","","","","","","","","","","","","","","","","","","","","","","","","","","","","","","","","","","","","",""
"    Males 15 years and over","2,359","±169","2,359","(X)","1,884","±119","1,884","(X)","1,247","±156","1,247","(X)","1,136","±158","1,136","(X)","2,264","±180","2,264","(X)","1,779","±145","1,779","(X)","1,676","±161","1,676","(X)","1,029","±101","1,029","(X)","1,518","±181","1,518","(X)","1,403","±129","1,403","(X)","2,179","±172","2,179","(X)","1,366","±125","1,366","(X)"
"        Never married","661","±127","28.0%","±4.1","556","±88","29.5%","±3.8","427","±145","34.2%","±8.5","429","±115","37.8%","±7.4","608","±146","26.9%","±5.3","513","±126","28.8%","±5.8","503","±116","30.0%","±6.2","301","±85","29.3%","±6.7","417","±125","27.5%","±7.2","436","±74","31.1%","±3.7","686","±158","31.5%","±5.7","396","±94","29.0%","±5.5"
"        Now married, except separated","1,285","±104","54.5%","±5.4","971","±76","51.5%","±3.9","693","±94","55.6%","±8.7","432","±105","38.0%","±7.8","1,316","±155","58.1%","±6.3","869","±108","48.8%","±5.5","764","±128","45.6%","±7.5","531","±66","51.6%","±5.6","753","±121","49.6%","±6.9","774","±81","55.2%","±5.2","1,000","±120","45.9%","±6.0","796","±97","58.3%","±6.5"
"        Separated","49","±28","2.1%","±1.2","66","±30","3.5%","±1.5","10","±12","0.8%","±1.0","61","±52","5.4%","±4.6","71","±32","3.1%","±1.5","12","±12","0.7%","±0.7","50","±55","3.0%","±3.2","4","±6","0.4%","±0.5","34","±24","2.2%","±1.6","18","±17","1.3%","±1.2","74","±52","3.4%","±2.4","25","±21","1.8%","±1.6"
"        Widowed","58","±35","2.5%","±1.5","33","±14","1.8%","±0.8","19","±20","1.5%","±1.6","14","±15","1.2%","±1.3","59","±39","2.6%","±1.7","107","±49","6.0%","±2.7","136","±88","8.1%","±5.0","38","±19","3.7%","±1.9","85","±45","5.6%","±2.9","45","±23","3.2%","±1.7","83","±63","3.8%","±2.8","20","±19","1.5%","±1.4"
"        Divorced","306","±92","13.0%","±3.4","258","±64","13.7%","±3.3","98","±54","7.9%","±4.4","200","±88","17.6%","±7.9","210","±67","9.3%","±2.8","278","±81","15.6%","±4.6","223","±88","13.3%","±5.0","155","±46","15.1%","±4.5","229","±96","15.1%","±5.7","130","±60","9.3%","±3.9","336","±75","15.4%","±3.3","129","±54","9.4%","±3.8"
"    Females 15 years and over","2,482","±137","2,482","(X)","1,680","±95","1,680","(X)","1,726","±149","1,726","(X)","1,355","±157","1,355","(X)","2,266","±168","2,266","(X)","1,699","±111","1,699","(X)","1,437","±145","1,437","(X)","960","±90","960","(X)","1,546","±150","1,546","(X)","1,441","±130","1,441","(X)","1,870","±131","1,870","(X)","1,474","±113","1,474","(X)"
"        Never married","532","±104","21.4%","±3.6","388","±59","23.1%","±2.9","494","±117","28.6%","±6.0","513","±142","37.9%","±8.4","448","±119","19.8%","±4.4","455","±107","26.8%","±5.8","272","±88","18.9%","±5.3","179","±49","18.6%","±4.7","315","±83","20.4%","±4.8","289","±70","20.1%","±4.0","379","±94","20.3%","±4.7","316","±97","21.4%","±5.7"
"        Now married, except separated","1,304","±94","52.5%","±3.9","928","±75","55.2%","±3.6","675","±110","39.1%","±5.9","404","±92","29.8%","±7.4","1,271","±125","56.1%","±5.1","852","±111","50.1%","±5.8","820","±132","57.1%","±7.8","553","±66","57.6%","±4.8","722","±114","46.7%","±6.3","771","±86","53.5%","±4.7","1,031","±129","55.1%","±6.5","802","±96","54.4%","±6.5"
"        Separated","103","±74","4.1%","±2.9","41","±20","2.4%","±1.2","65","±56","3.8%","±3.2","107","±60","7.9%","±4.1","64","±44","2.8%","±2.0","34","±26","2.0%","±1.5","68","±48","4.7%","±3.3","21","±25","2.2%","±2.6","47","±31","3.0%","±2.0","34","±25","2.4%","±1.7","39","±28","2.1%","±1.5","40","±49","2.7%","±3.4"
"        Widowed","234","±54","9.4%","±2.2","143","±33","8.5%","±1.9","260","±80","15.1%","±4.4","157","±57","11.6%","±4.2","254","±92","11.2%","±4.1","189","±55","11.1%","±3.3","191","±75","13.3%","±5.1","77","±24","8.0%","±2.5","201","±73","13.0%","±4.3","182","±59","12.6%","±3.9","184","±78","9.8%","±4.0","150","±58","10.2%","±4.0"
"        Divorced","309","±78","12.4%","±2.9","180","±41","10.7%","±2.4","232","±88","13.4%","±4.9","174","±63","12.8%","±4.5","229","±69","10.1%","±3.0","169","±65","9.9%","±3.8","86","±49","6.0%","±3.3","130","±41","13.5%","±4.0","261","±75","16.9%","±4.6","165","±50","11.5%","±3.4","237","±71","12.7%","±3.6","166","±59","11.3%","±3.9"
"FERTILITY","","","","","","","","","","","","","","","","","","","","","","","","","","","","","","","","","","","","","","","","","","","","","","","",""
"    Number of women 15 to 50 years old who had a birth in the past 12 months","68","±43","68","(X)","37","±19","37","(X)","23","±23","23","(X)","34","±30","34","(X)","39","±27","39","(X)","122","±52","122","(X)","60","±47","60","(X)","2","±3","2","(X)","36","±28","36","(X)","28","±23","28","(X)","45","±34","45","(X)","29","±23","29","(X)"
"        Unmarried women (widowed, divorced, and never married)","22","±17","32.4%","±24.3","23","±18","62.2%","±23.6","8","±14","34.8%","±44.6","0","±12","0.0%","±50.9","30","±25","76.9%","±30.4","73","±44","59.8%","±21.7","18","±28","30.0%","±40.3","0","±12","0.0%","±100.0","18","±21","50.0%","±30.5","8","±9","28.6%","±27.5","21","±20","46.7%","±37.0","15","±14","51.7%","±43.3"
"            Per 1,000 unmarried women","41","±30","(X)","(X)","54","±42","(X)","(X)","16","±29","(X)","(X)","0","±61","(X)","(X)","60","±51","(X)","(X)","158","±89","(X)","(X)","67","±100","(X)","(X)","0","±149","(X)","(X)","46","±52","(X)","(X)","27","±32","(X)","(X)","49","±45","(X)","(X)","39","±37","(X)","(X)"
"        Per 1,000 women 15 to 50 years old","56","±36","(X)","(X)","46","±24","(X)","(X)","27","±26","(X)","(X)","43","±39","(X)","(X)","37","±26","(X)","(X)","137","±55","(X)","(X)","100","±74","(X)","(X)","4","±8","(X)","(X)","49","±37","(X)","(X)","43","±34","(X)","(X)","54","±41","(X)","(X)","40","±33","(X)","(X)"
"        Per 1,000 women 15 to 19 years old","73","±101","(X)","(X)","0","±215","(X)","(X)","0","±207","(X)","(X)","0","±246","(X)","(X)","0","±147","(X)","(X)","296","±219","(X)","(X)","0","±354","(X)","(X)","0","±404","(X)","(X)","0","±341","(X)","(X)","0","±335","(X)","(X)","0","±265","(X)","(X)","91","±95","(X)","(X)"
"        Per 1,000 women 20 to 34 years old","114","±83","(X)","(X)","119","±63","(X)","(X)","48","±47","(X)","(X)","101","±91","(X)","(X)","115","±79","(X)","(X)","179","±90","(X)","(X)","164","±137","(X)","(X)","12","±22","(X)","(X)","118","±98","(X)","(X)","29","±34","(X)","(X)","87","±68","(X)","(X)","61","±81","(X)","(X)"
"        Per 1,000 women 35 to 50 years old","0","±56","(X)","(X)","5","±7","(X)","(X)","0","±126","(X)","(X)","0","±90","(X)","(X)","0","±62","(X)","(X)","48","±56","(X)","(X)","50","±80","(X)","(X)","0","±127","(X)","(X)","10","±15","(X)","(X)","66","±59","(X)","(X)","45","±57","(X)","(X)","6","±9","(X)","(X)"
"GRANDPARENTS","","","","","","","","","","","","","","","","","","","","","","","","","","","","","","","","","","","","","","","","","","","","","","","",""
"    Number of grandparents living with own grandchildren under 18 years","76","±35","76","(X)","90","±23","90","(X)","89","±55","89","(X)","47","±48","47","(X)","125","±66","125","(X)","148","±78","148","(X)","42","±34","42","(X)","63","±30","63","(X)","36","±29","36","(X)","41","±37","41","(X)","108","±69","108","(X)","146","±91","146","(X)"
"        Grandparents responsible for grandchildren","49","±30","64.5%","±22.0","52","±19","57.8%","±14.3","27","±24","30.3%","±28.1","34","±35","72.3%","±27.7","39","±39","31.2%","±26.3","62","±52","41.9%","±25.3","0","±12","0.0%","±45.8","53","±27","84.1%","±15.6","10","±15","27.8%","±27.7","10","±13","24.4%","±34.0","15","±16","13.9%","±15.3","97","±77","66.4%","±28.8"
"        Years responsible for grandchildren","","","","","","","","","","","","","","","","","","","","","","","","","","","","","","","","","","","","","","","","","","","","","","","",""
"            Less than 1 year","22","±25","28.9%","±27.4","8","±8","8.9%","±8.3","0","±12","0.0%","±29.7","18","±27","38.3%","±50.7","2","±3","1.6%","±2.6","3","±6","2.0%","±4.0","0","±12","0.0%","±45.8","0","±12","0.0%","±37.3","10","±15","27.8%","±27.7","0","±12","0.0%","±46.3","0","±12","0.0%","±25.5","8","±12","5.5%","±8.8"
"            1 or 2 years","6","±8","7.9%","±10.5","14","±14","15.6%","±15.2","9","±14","10.1%","±15.5","0","±12","0.0%","±43.3","17","±27","13.6%","±22.6","5","±7","3.4%","±4.9","0","±12","0.0%","±45.8","12","±11","19.0%","±16.8","0","±12","0.0%","±49.4","0","±12","0.0%","±46.3","2","±4","1.9%","±4.1","0","±12","0.0%","±19.8"
"            3 or 4 years","0","±17","0.0%","±33.2","7","±7","7.8%","±8.0","10","±16","11.2%","±19.1","13","±19","27.7%","±26.2","0","±17","0.0%","±22.6","4","±7","2.7%","±4.2","0","±12","0.0%","±45.8","19","±23","30.2%","±31.1","0","±12","0.0%","±49.4","0","±12","0.0%","±46.3","10","±11","9.3%","±10.5","44","±45","30.1%","±29.6"
"            5 or more years","21","±16","27.6%","±20.2","23","±17","25.6%","±16.6","8","±12","9.0%","±14.6","3","±7","6.4%","±17.3","20","±30","16.0%","±23.6","50","±50","33.8%","±26.8","0","±12","0.0%","±45.8","22","±17","34.9%","±25.6","0","±12","0.0%","±49.4","10","±13","24.4%","±34.0","3","±7","2.8%","±6.8","45","±66","30.8%","±37.7"
"    Number of grandparents responsible for own grandchildren under 18 years","49","±30","49","(X)","52","±19","52","(X)","27","±24","27","(X)","34","±35","34","(X)","39","±39","39","(X)","62","±52","62","(X)","0","±12","0","(X)","53","±27","53","(X)","10","±15","10","(X)","10","±13","10","(X)","15","±16","15","(X)","97","±77","97","(X)"
"        Who are female","24","±16","49.0%","±13.3","25","±12","48.1%","±17.2","27","±24","100.0%","±57.1","3","±7","8.8%","±21.6","31","±32","79.5%","±28.5","36","±28","58.1%","±11.7","0","±12","-","**","38","±22","71.7%","±14.4","10","±15","100.0%","±93.8","5","±6","50.0%","±12.4","9","±12","60.0%","±28.4","57","±43","58.8%","±13.8"
"        Who are married","30","±19","61.2%","±35.2","41","±19","78.8%","±16.1","0","±12","0.0%","±57.1","31","±33","91.2%","±21.6","37","±39","94.9%","±9.8","52","±50","83.9%","±23.3","0","±12","-","**","30","±19","56.6%","±29.0","0","±12","0.0%","±93.8","10","±13","100.0%","±93.8","11","±13","73.3%","±42.7","82","±75","84.5%","±25.2"
"SCHOOL ENROLLMENT","","","","","","","","","","","","","","","","","","","","","","","","","","","","","","","","","","","","","","","","","","","","","","","",""
"    Population 3 years and over enrolled in school","1,206","±164","1,206","(X)","800","±104","800","(X)","826","±197","826","(X)","715","±177","715","(X)","968","±136","968","(X)","772","±112","772","(X)","648","±129","648","(X)","440","±82","440","(X)","775","±164","775","(X)","872","±131","872","(X)","849","±138","849","(X)","656","±113","656","(X)"
"        Nursery school, preschool","77","±45","6.4%","±3.8","67","±25","8.4%","±3.0","129","±66","15.6%","±8.6","26","±24","3.6%","±3.5","96","±56","9.9%","±5.2","62","±28","8.0%","±3.9","58","±32","9.0%","±4.7","32","±17","7.3%","±3.9","15","±15","1.9%","±1.9","87","±34","10.0%","±4.0","56","±39","6.6%","±4.6","33","±21","5.0%","±3.1"
"        Kindergarten","45","±27","3.7%","±2.3","40","±18","5.0%","±2.3","38","±41","4.6%","±4.7","53","±36","7.4%","±4.9","60","±45","6.2%","±4.6","49","±32","6.3%","±4.3","3","±5","0.5%","±0.8","11","±9","2.5%","±2.0","45","±34","5.8%","±3.9","28","±27","3.2%","±3.2","99","±42","11.7%","±4.7","32","±24","4.9%","±3.7"
"        Elementary school (grades 1-8)","686","±160","56.9%","±8.7","388","±59","48.5%","±4.5","375","±133","45.4%","±10.0","236","±125","33.0%","±15.3","486","±120","50.2%","±10.0","306","±81","39.6%","±8.0","301","±118","46.5%","±14.3","208","±60","47.3%","±9.8","360","±99","46.5%","±7.4","461","±115","52.9%","±8.6","463","±110","54.5%","±9.1","273","±66","41.6%","±8.1"
"        High school (grades 9-12)","262","±83","21.7%","±6.8","242","±53","30.3%","±4.5","129","±82","15.6%","±8.5","213","±119","29.8%","±14.3","252","±88","26.0%","±9.4","226","±77","29.3%","±8.4","183","±78","28.2%","±11.6","129","±43","29.3%","±8.4","200","±71","25.8%","±6.8","150","±45","17.2%","±4.9","163","±72","19.2%","±7.6","191","±56","29.1%","±7.1"
"        College or graduate school","136","±55","11.3%","±4.5","63","±22","7.9%","±2.6","155","±77","18.8%","±8.8","187","±89","26.2%","±11.3","74","±42","7.6%","±4.2","129","±61","16.7%","±7.5","103","±54","15.9%","±8.0","60","±32","13.6%","±6.6","155","±48","20.0%","±6.1","146","±50","16.7%","±5.1","68","±32","8.0%","±3.7","127","±53","19.4%","±6.7"
"EDUCATIONAL ATTAINMENT","","","","","","","","","","","","","","","","","","","","","","","","","","","","","","","","","","","","","","","","","","","","","","","",""
"    Population 25 years and over","4,249","±206","4,249","(X)","3,085","±173","3,085","(X)","2,419","±179","2,419","(X)","2,102","±184","2,102","(X)","3,946","±229","3,946","(X)","2,890","±164","2,890","(X)","2,704","±234","2,704","(X)","1,754","±132","1,754","(X)","2,572","±266","2,572","(X)","2,474","±170","2,474","(X)","3,712","±175","3,712","(X)","2,437","±148","2,437","(X)"
"        Less than 9th grade","122","±43","2.9%","±1.0","98","±34","3.2%","±1.1","45","±40","1.9%","±1.6","70","±50","3.3%","±2.4","125","±58","3.2%","±1.4","59","±47","2.0%","±1.6","108","±50","4.0%","±1.9","50","±23","2.9%","±1.3","35","±24","1.4%","±0.9","53","±31","2.1%","±1.3","199","±108","5.4%","±2.8","50","±37","2.1%","±1.5"
"        9th to 12th grade, no diploma","587","±193","13.8%","±4.7","380","±65","12.3%","±1.9","188","±77","7.8%","±3.1","237","±83","11.3%","±3.8","459","±131","11.6%","±3.2","126","±48","4.4%","±1.7","285","±125","10.5%","±4.4","135","±45","7.7%","±2.5","170","±68","6.6%","±2.5","108","±36","4.4%","±1.5","295","±95","7.9%","±2.5","104","±55","4.3%","±2.2"
"        High school graduate (includes equivalency)","1,441","±180","33.9%","±3.6","1,401","±128","45.4%","±3.0","889","±157","36.8%","±5.4","878","±157","41.8%","±6.5","1,537","±196","39.0%","±4.4","1,246","±166","43.1%","±4.9","1,030","±188","38.1%","±5.5","651","±71","37.1%","±3.8","1,049","±172","40.8%","±5.1","895","±132","36.2%","±4.7","1,595","±237","43.0%","±6.0","768","±127","31.5%","±4.8"
"        Some college, no degree","802","±142","18.9%","±3.2","511","±74","16.6%","±2.3","421","±94","17.4%","±4.0","442","±135","21.0%","±6.1","612","±124","15.5%","±2.9","542","±110","18.8%","±3.6","574","±104","21.2%","±3.8","269","±59","15.3%","±3.1","450","±104","17.5%","±3.6","480","±99","19.4%","±3.9","671","±145","18.1%","±3.9","586","±107","24.0%","±3.9"
"        Associate's degree","560","±144","13.2%","±3.2","290","±56","9.4%","±1.7","247","±101","10.2%","±4.1","140","±70","6.7%","±3.2","539","±119","13.7%","±3.0","456","±95","15.8%","±3.2","255","±80","9.4%","±2.9","277","±64","15.8%","±3.4","326","±101","12.7%","±3.6","358","±84","14.5%","±3.3","292","±86","7.9%","±2.3","370","±103","15.2%","±4.2"
"        Bachelor's degree","444","±90","10.4%","±2.0","229","±40","7.4%","±1.4","308","±84","12.7%","±3.3","169","±71","8.0%","±3.4","422","±103","10.7%","±2.5","290","±67","10.0%","±2.3","323","±96","11.9%","±3.3","179","±50","10.2%","±2.8","274","±68","10.7%","±2.6","292","±68","11.8%","±2.7","415","±123","11.2%","±3.3","258","±79","10.6%","±3.2"
"        Graduate or professional degree","293","±80","6.9%","±1.8","176","±36","5.7%","±1.2","321","±87","13.3%","±3.5","166","±67","7.9%","±3.2","252","±79","6.4%","±2.1","171","±58","5.9%","±2.0","129","±55","4.8%","±2.0","193","±60","11.0%","±3.1","268","±108","10.4%","±3.9","288","±95","11.6%","±3.6","245","±75","6.6%","±2.1","301","±100","12.4%","±4.1"
"        High school graduate or higher","3,540","±299","83.3%","±4.6","2,607","±157","84.5%","±2.1","2,186","±177","90.4%","±3.3","1,795","±179","85.4%","±4.2","3,362","±232","85.2%","±3.6","2,705","±170","93.6%","±2.2","2,311","±244","85.5%","±5.0","1,569","±129","89.5%","±2.8","2,367","±260","92.0%","±2.8","2,313","±174","93.5%","±2.2","3,218","±167","86.7%","±3.4","2,283","±148","93.7%","±2.7"
"        Bachelor's degree or higher","737","±121","17.3%","±2.6","405","±55","13.1%","±1.8","629","±128","26.0%","±5.0","335","±103","15.9%","±4.9","674","±121","17.1%","±3.1","461","±81","16.0%","±2.8","452","±110","16.7%","±3.7","372","±78","21.2%","±3.9","542","±122","21.1%","±4.2","580","±113","23.4%","±4.1","660","±154","17.8%","±4.2","559","±116","22.9%","±4.8"
"VETERAN STATUS","","","","","","","","","","","","","","","","","","","","","","","","","","","","","","","","","","","","","","","","","","","","","","","",""
"    Civilian population 18 years and over","4,609","±224","4,609","(X)","3,357","±180","3,357","(X)","2,888","±203","2,888","(X)","2,404","±199","2,404","(X)","4,290","±234","4,290","(X)","3,316","±193","3,316","(X)","2,997","±227","2,997","(X)","1,883","±142","1,883","(X)","2,916","±252","2,916","(X)","2,731","±198","2,731","(X)","3,886","±193","3,886","(X)","2,659","±174","2,659","(X)"
"        Civilian veterans","362","±78","7.9%","±1.6","352","±44","10.5%","±1.3","244","±60","8.4%","±2.1","79","±43","3.3%","±1.8","475","±107","11.1%","±2.4","332","±83","10.0%","±2.4","310","±106","10.3%","±3.4","200","±61","10.6%","±3.1","345","±83","11.8%","±2.8","257","±49","9.4%","±1.8","339","±89","8.7%","±2.3","198","±80","7.4%","±3.0"
"DISABILITY STATUS OF THE CIVILIAN NONINSTITUTIONALIZED POPULATION","","","","","","","","","","","","","","","","","","","","","","","","","","","","","","","","","","","","","","","","","","","","","","","",""
"    Total Civilian Noninstitutionalized Population","5,940","±263","5,940","(X)","4,262","±217","4,262","(X)","3,537","±283","3,537","(X)","2,927","±274","2,927","(X)","5,257","±252","5,257","(X)","3,941","±275","3,941","(X)","3,622","±286","3,622","(X)","2,322","±169","2,322","(X)","3,707","±344","3,707","(X)","3,528","±263","3,528","(X)","4,917","±275","4,917","(X)","3,345","±211","3,345","(X)"
"        With a disability","1,111","±166","18.7%","±2.8","900","±103","21.1%","±2.2","728","±194","20.6%","±5.5","643","±146","22.0%","±5.1","1,010","±178","19.2%","±3.3","581","±108","14.7%","±2.7","734","±166","20.3%","±4.8","537","±119","23.1%","±4.6","596","±132","16.1%","±3.2","742","±150","21.0%","±3.8","997","±168","20.3%","±3.4","433","±103","12.9%","±3.1"
"    Under 18 years","1,331","±160","1,331","(X)","905","±99","905","(X)","786","±207","786","(X)","640","±169","640","(X)","1,034","±142","1,034","(X)","789","±122","789","(X)","662","±148","662","(X)","439","±73","439","(X)","791","±167","791","(X)","797","±111","797","(X)","1,031","±166","1,031","(X)","690","±106","690","(X)"
"        With a disability","255","±156","19.2%","±10.7","70","±36","7.7%","±3.7","18","±22","2.3%","±2.8","34","±30","5.3%","±5.0","40","±35","3.9%","±3.6","38","±39","4.8%","±4.8","33","±22","5.0%","±3.1","83","±51","18.9%","±9.7","52","±31","6.6%","±3.5","107","±38","13.4%","±4.3","92","±47","8.9%","±4.3","27","±22","3.9%","±3.2"
"    18 to 64 years","3,558","±204","3,558","(X)","2,462","±134","2,462","(X)","2,090","±192","2,090","(X)","1,850","±182","1,850","(X)","3,175","±195","3,175","(X)","2,408","±191","2,408","(X)","2,305","±193","2,305","(X)","1,398","±130","1,398","(X)","2,046","±239","2,046","(X)","1,982","±196","1,982","(X)","2,779","±178","2,779","(X)","1,955","±185","1,955","(X)"
"        With a disability","482","±109","13.5%","±3.0","439","±67","17.8%","±2.6","374","±168","17.9%","±7.3","431","±128","23.3%","±6.5","591","±151","18.6%","±4.4","331","±95","13.7%","±3.8","446","±145","19.3%","±6.4","300","±74","21.5%","±4.7","345","±108","16.9%","±4.6","371","±110","18.7%","±5.1","493","±152","17.7%","±5.4","217","±73","11.1%","±3.5"
"    65 years and over","1,051","±131","1,051","(X)","895","±91","895","(X)","661","±92","661","(X)","437","±80","437","(X)","1,048","±140","1,048","(X)","744","±85","744","(X)","655","±101","655","(X)","485","±74","485","(X)","870","±157","870","(X)","749","±101","749","(X)","1,107","±129","1,107","(X)","700","±117","700","(X)"
"        With a disability","374","±72","35.6%","±4.9","391","±72","43.7%","±6.1","336","±93","50.8%","±11.2","178","±64","40.7%","±12.9","379","±81","36.2%","±8.1","212","±57","28.5%","±7.2","255","±71","38.9%","±9.3","154","±40","31.8%","±7.2","199","±74","22.9%","±7.7","264","±57","35.2%","±6.7","412","±92","37.2%","±7.3","189","±97","27.0%","±12.2"
"RESIDENCE 1 YEAR AGO","","","","","","","","","","","","","","","","","","","","","","","","","","","","","","","","","","","","","","","","","","","","","","","",""
"    Population 1 year and over","5,892","±255","5,892","(X)","4,230","±217","4,230","(X)","3,660","±286","3,660","(X)","3,004","±288","3,004","(X)","5,302","±242","5,302","(X)","4,096","±257","4,096","(X)","3,622","±285","3,622","(X)","2,319","±170","2,319","(X)","3,683","±332","3,683","(X)","3,506","±260","3,506","(X)","4,875","±269","4,875","(X)","3,325","±213","3,325","(X)"
"        Same house","5,320","±258","90.3%","±2.9","3,826","±227","90.4%","±2.3","3,210","±296","87.7%","±4.6","2,131","±282","70.9%","±9.1","4,830","±337","91.1%","±4.1","3,537","±256","86.4%","±3.9","2,934","±311","81.0%","±5.5","2,017","±184","87.0%","±4.4","3,133","±361","85.1%","±6.1","3,213","±269","91.6%","±3.0","4,624","±292","94.9%","±2.5","2,997","±225","90.1%","±3.7"
"        Different house in the U.S.","572","±178","9.7%","±2.9","385","±95","9.1%","±2.2","450","±174","12.3%","±4.6","858","±312","28.6%","±9.2","472","±212","8.9%","±4.1","554","±167","13.5%","±3.9","669","±206","18.5%","±5.5","302","±103","13.0%","±4.4","550","±230","14.9%","±6.1","293","±104","8.4%","±3.0","251","±119","5.1%","±2.5","323","±124","9.7%","±3.7"
"            Same county","365","±155","6.2%","±2.6","184","±49","4.3%","±1.1","339","±162","9.3%","±4.2","581","±314","19.3%","±9.6","310","±191","5.8%","±3.7","363","±151","8.9%","±3.6","365","±145","10.1%","±4.1","135","±65","5.8%","±2.8","465","±232","12.6%","±6.1","126","±64","3.6%","±1.9","123","±87","2.5%","±1.8","220","±103","6.6%","±3.1"
"            Different county","207","±80","3.5%","±1.3","201","±75","4.8%","±1.8","111","±76","3.0%","±2.1","277","±121","9.2%","±4.1","162","±85","3.1%","±1.6","191","±101","4.7%","±2.4","304","±176","8.4%","±4.7","167","±82","7.2%","±3.5","85","±58","2.3%","±1.6","167","±83","4.8%","±2.4","128","±73","2.6%","±1.5","103","±51","3.1%","±1.5"
"                Same state","159","±68","2.7%","±1.1","166","±73","3.9%","±1.7","92","±74","2.5%","±2.1","152","±98","5.1%","±3.4","77","±50","1.5%","±1.0","93","±62","2.3%","±1.5","151","±117","4.2%","±3.1","39","±18","1.7%","±0.8","78","±58","2.1%","±1.6","95","±63","2.7%","±1.8","109","±68","2.2%","±1.4","103","±51","3.1%","±1.5"
"                Different state","48","±38","0.8%","±0.7","35","±19","0.8%","±0.4","19","±25","0.5%","±0.7","125","±81","4.2%","±2.6","85","±68","1.6%","±1.3","98","±80","2.4%","±1.9","153","±140","4.2%","±3.8","128","±81","5.5%","±3.5","7","±8","0.2%","±0.2","72","±57","2.1%","±1.6","19","±29","0.4%","±0.6","0","±12","0.0%","±1.0"
"        Abroad","0","±17","0.0%","±0.5","19","±22","0.4%","±0.5","0","±12","0.0%","±0.9","15","±26","0.5%","±0.9","0","±17","0.0%","±0.6","5","±8","0.1%","±0.2","19","±28","0.5%","±0.8","0","±12","0.0%","±1.4","0","±12","0.0%","±0.9","0","±12","0.0%","±0.9","0","±12","0.0%","±0.7","5","±8","0.2%","±0.2"
"PLACE OF BIRTH","","","","","","","","","","","","","","","","","","","","","","","","","","","","","","","","","","","","","","","","","","","","","","","",""
"    Total population","5,940","±263","5,940","(X)","4,262","±217","4,262","(X)","3,674","±287","3,674","(X)","3,044","±283","3,044","(X)","5,335","±240","5,335","(X)","4,148","±265","4,148","(X)","3,659","±285","3,659","(X)","2,322","±169","2,322","(X)","3,718","±341","3,718","(X)","3,528","±263","3,528","(X)","4,917","±275","4,917","(X)","3,362","±212","3,362","(X)"
"        Native","5,892","±266","99.2%","±0.5","4,240","±216","99.5%","±0.5","3,628","±283","98.7%","±1.0","2,993","±279","98.3%","±1.4","5,202","±236","97.5%","±1.0","4,057","±255","97.8%","±1.6","3,593","±288","98.2%","±1.7","2,283","±171","98.3%","±1.0","3,640","±348","97.9%","±1.3","3,488","±269","98.9%","±1.0","4,821","±277","98.0%","±1.0","3,319","±214","98.7%","±1.1"
"            Born in United States","5,854","±267","98.6%","±0.8","4,212","±213","98.8%","±0.5","3,619","±284","98.5%","±0.9","2,950","±284","96.9%","±1.9","5,164","±241","96.8%","±1.2","4,047","±257","97.6%","±1.6","3,592","±288","98.2%","±1.7","2,273","±167","97.9%","±1.1","3,620","±344","97.4%","±1.3","3,462","±272","98.1%","±1.3","4,771","±278","97.0%","±1.5","3,308","±215","98.4%","±1.1"
"                State of residence","5,075","±279","85.4%","±2.8","3,730","±196","87.5%","±1.8","3,046","±269","82.9%","±3.3","2,549","±248","83.7%","±5.0","4,657","±244","87.3%","±2.6","3,542","±296","85.4%","±3.5","2,981","±304","81.5%","±5.3","1,909","±166","82.2%","±3.0","3,046","±318","81.9%","±3.8","2,973","±294","84.3%","±4.0","3,651","±284","74.3%","±4.0","2,816","±229","83.8%","±4.1"
"                Different state","779","±160","13.1%","±2.6","482","±83","11.3%","±1.8","573","±126","15.6%","±3.2","401","±160","13.2%","±4.8","507","±121","9.5%","±2.2","505","±121","12.2%","±3.1","611","±200","16.7%","±5.3","364","±68","15.7%","±2.9","574","±136","15.4%","±3.4","489","±128","13.9%","±3.8","1,120","±199","22.8%","±3.9","492","±127","14.6%","±3.7"
"            Born in Puerto Rico, U.S. Island areas, or born abroad to American parent(s)","38","±28","0.6%","±0.5","28","±13","0.7%","±0.3","9","±15","0.2%","±0.4","43","±42","1.4%","±1.4","38","±36","0.7%","±0.7","10","±11","0.2%","±0.3","1","±4","0.0%","±0.1","10","±12","0.4%","±0.5","20","±21","0.5%","±0.6","26","±25","0.7%","±0.7","50","±52","1.0%","±1.1","11","±14","0.3%","±0.4"
"        Foreign born","48","±32","0.8%","±0.5","22","±20","0.5%","±0.5","46","±36","1.3%","±1.0","51","±42","1.7%","±1.4","133","±55","2.5%","±1.0","91","±67","2.2%","±1.6","66","±63","1.8%","±1.7","39","±23","1.7%","±1.0","78","±46","2.1%","±1.3","40","±36","1.1%","±1.0","96","±51","2.0%","±1.0","43","±35","1.3%","±1.1"
"U.S. CITIZENSHIP STATUS","","","","","","","","","","","","","","","","","","","","","","","","","","","","","","","","","","","","","","","","","","","","","","","",""
"    Foreign-born population","48","±32","48","(X)","22","±20","22","(X)","46","±36","46","(X)","51","±42","51","(X)","133","±55","133","(X)","91","±67","91","(X)","66","±63","66","(X)","39","±23","39","(X)","78","±46","78","(X)","40","±36","40","(X)","96","±51","96","(X)","43","±35","43","(X)"
"        Naturalized U.S. citizen","18","±15","37.5%","±24.0","22","±20","100.0%","±63.2","17","±22","37.0%","±39.1","25","±28","49.0%","±44.2","87","±44","65.4%","±23.0","34","±33","37.4%","±37.3","20","±18","30.3%","±44.4","28","±20","71.8%","±17.4","22","±24","28.2%","±26.9","30","±37","75.0%","±37.2","78","±48","81.3%","±18.3","33","±34","76.7%","±29.5"
"        Not a U.S. citizen","30","±25","62.5%","±24.0","0","±12","0.0%","±63.2","29","±32","63.0%","±39.1","26","±29","51.0%","±44.2","46","±37","34.6%","±23.0","57","±60","62.6%","±37.3","46","±61","69.7%","±44.4","11","±7","28.2%","±17.4","56","±38","71.8%","±26.9","10","±9","25.0%","±37.2","18","±17","18.8%","±18.3","10","±9","23.3%","±29.5"
"YEAR OF ENTRY","","","","","","","","","","","","","","","","","","","","","","","","","","","","","","","","","","","","","","","","","","","","","","","",""
"    Population born outside the United States","86","±45","86","(X)","50","±22","50","(X)","55","±35","55","(X)","94","±59","94","(X)","171","±66","171","(X)","101","±68","101","(X)","67","±63","67","(X)","49","±25","49","(X)","98","±49","98","(X)","66","±46","66","(X)","146","±72","146","(X)","54","±38","54","(X)"
"        Native","38","±28","38","(X)","28","±13","28","(X)","9","±15","9","(X)","43","±42","43","(X)","38","±36","38","(X)","10","±11","10","(X)","1","±4","1","(X)","10","±12","10","(X)","20","±21","20","(X)","26","±25","26","(X)","50","±52","50","(X)","11","±14","11","(X)"
"            Entered 2010 or later","0","±17","0.0%","±48.1","0","±12","0.0%","±56.0","0","±12","0.0%","±98.9","0","±12","0.0%","±45.2","0","±17","0.0%","±48.1","0","±12","0.0%","±93.8","0","±12","0.0%","±100.0","0","±12","0.0%","±93.8","0","±12","0.0%","±66.3","1","±5","3.8%","±15.6","11","±12","22.0%","±31.8","0","±12","0.0%","±89.4"
"            Entered before 2010","38","±28","100.0%","±48.1","28","±13","100.0%","±56.0","9","±15","100.0%","±98.9","43","±42","100.0%","±45.2","38","±36","100.0%","±48.1","10","±11","100.0%","±93.8","1","±4","100.0%","±100.0","10","±12","100.0%","±93.8","20","±21","100.0%","±66.3","25","±23","96.2%","±15.6","39","±49","78.0%","±31.8","11","±14","100.0%","±89.4"
"        Foreign born","48","±32","48","(X)","22","±20","22","(X)","46","±36","46","(X)","51","±42","51","(X)","133","±55","133","(X)","91","±67","91","(X)","66","±63","66","(X)","39","±23","39","(X)","78","±46","78","(X)","40","±36","40","(X)","96","±51","96","(X)","43","±35","43","(X)"
"            Entered 2010 or later","2","±5","4.2%","±10.6","0","±12","0.0%","±63.2","13","±24","28.3%","±39.8","26","±29","51.0%","±44.2","0","±17","0.0%","±21.5","8","±11","8.8%","±9.1","0","±12","0.0%","±36.3","3","±4","7.7%","±10.4","16","±21","20.5%","±25.2","0","±12","0.0%","±46.9","7","±10","7.3%","±10.3","7","±10","16.3%","±27.5"
"            Entered before 2010","46","±31","95.8%","±10.6","22","±20","100.0%","±63.2","33","±30","71.7%","±39.8","25","±28","49.0%","±44.2","133","±55","100.0%","±21.5","83","±60","91.2%","±9.1","66","±63","100.0%","±36.3","36","±22","92.3%","±10.4","62","±42","79.5%","±25.2","40","±36","100.0%","±46.9","89","±49","92.7%","±10.3","36","±34","83.7%","±27.5"
"WORLD REGION OF BIRTH OF FOREIGN BORN","","","","","","","","","","","","","","","","","","","","","","","","","","","","","","","","","","","","","","","","","","","","","","","",""
"    Foreign-born population, excluding population born at sea","48","±32","48","(X)","22","±20","22","(X)","46","±36","46","(X)","51","±42","51","(X)","133","±55","133","(X)","91","±67","91","(X)","66","±63","66","(X)","39","±23","39","(X)","78","±46","78","(X)","40","±36","40","(X)","96","±51","96","(X)","43","±35","43","(X)"
"        Europe","15","±11","31.3%","±19.1","16","±18","72.7%","±32.5","29","±32","63.0%","±39.1","0","±12","0.0%","±41.5","77","±41","57.9%","±22.1","32","±36","35.2%","±33.6","15","±17","22.7%","±37.6","15","±10","38.5%","±24.9","42","±35","53.8%","±30.3","28","±39","70.0%","±47.6","32","±32","33.3%","±28.2","26","±32","60.5%","±45.2"
"        Asia","15","±17","31.3%","±25.0","1","±3","4.5%","±13.3","11","±19","23.9%","±37.4","20","±26","39.2%","±42.5","48","±37","36.1%","±22.2","59","±55","64.8%","±33.6","5","±5","7.6%","±13.0","10","±14","25.6%","±30.3","0","±12","0.0%","±32.7","3","±5","7.5%","±16.0","11","±17","11.5%","±18.7","15","±14","34.9%","±42.7"
"        Africa","0","±17","0.0%","±42.8","0","±12","0.0%","±63.2","6","±11","13.0%","±20.3","0","±12","0.0%","±41.5","0","±17","0.0%","±21.5","0","±12","0.0%","±29.2","0","±12","0.0%","±36.3","0","±12","0.0%","±47.5","0","±12","0.0%","±32.7","2","±3","5.0%","±10.1","0","±12","0.0%","±28.0","0","±12","0.0%","±45.2"
"        Oceania","0","±17","0.0%","±42.8","0","±12","0.0%","±63.2","0","±12","0.0%","±43.7","0","±12","0.0%","±41.5","0","±17","0.0%","±21.5","0","±12","0.0%","±29.2","0","±12","0.0%","±36.3","0","±12","0.0%","±47.5","0","±12","0.0%","±32.7","0","±12","0.0%","±46.9","0","±12","0.0%","±28.0","0","±12","0.0%","±45.2"
"        Latin America","18","±20","37.5%","±29.9","5","±6","22.7%","±26.3","0","±12","0.0%","±43.7","29","±30","56.9%","±43.0","4","±5","3.0%","±4.2","0","±12","0.0%","±29.2","46","±61","69.7%","±44.4","14","±15","35.9%","±29.9","24","±24","30.8%","±26.7","5","±7","12.5%","±28.1","13","±13","13.5%","±13.8","2","±5","4.7%","±13.8"
"        Northern America","0","±17","0.0%","±42.8","0","±12","0.0%","±63.2","0","±12","0.0%","±43.7","2","±4","3.9%","±9.0","4","±6","3.0%","±4.9","0","±12","0.0%","±29.2","0","±12","0.0%","±36.3","0","±12","0.0%","±47.5","12","±14","15.4%","±18.8","2","±4","5.0%","±13.5","40","±36","41.7%","±28.7","0","±12","0.0%","±45.2"
"LANGUAGE SPOKEN AT HOME","","","","","","","","","","","","","","","","","","","","","","","","","","","","","","","","","","","","","","","","","","","","","","","",""
"    Population 5 years and over","5,655","±255","5,655","(X)","4,044","±200","4,044","(X)","3,412","±278","3,412","(X)","2,862","±276","2,862","(X)","5,096","±224","5,096","(X)","3,858","±226","3,858","(X)","3,437","±274","3,437","(X)","2,229","±168","2,229","(X)","3,522","±311","3,522","(X)","3,370","±248","3,370","(X)","4,650","±272","4,650","(X)","3,218","±188","3,218","(X)"
"        English only","5,504","±252","97.3%","±1.1","3,918","±197","96.9%","±1.4","3,359","±270","98.4%","±1.4","2,666","±265","93.2%","±5.0","4,992","±229","98.0%","±1.1","3,716","±226","96.3%","±2.1","3,184","±272","92.6%","±3.3","2,167","±170","97.2%","±1.6","3,316","±314","94.2%","±2.9","3,266","±237","96.9%","±2.7","4,532","±238","97.5%","±2.0","3,134","±206","97.4%","±2.4"
"        Language other than English","151","±62","2.7%","±1.1","126","±56","3.1%","±1.4","53","±48","1.6%","±1.4","196","±146","6.8%","±5.0","104","±58","2.0%","±1.1","142","±82","3.7%","±2.1","253","±117","7.4%","±3.3","62","±36","2.8%","±1.6","206","±104","5.8%","±2.9","104","±94","3.1%","±2.7","118","±94","2.5%","±2.0","84","±78","2.6%","±2.4"
"            Speak English less than ""very well""","40","±27","0.7%","±0.5","22","±22","0.5%","±0.5","13","±24","0.4%","±0.7","21","±24","0.7%","±0.8","14","±14","0.3%","±0.3","75","±63","1.9%","±1.6","50","±60","1.5%","±1.7","27","±25","1.2%","±1.1","42","±31","1.2%","±0.9","3","±5","0.1%","±0.1","48","±47","1.0%","±1.0","6","±8","0.2%","±0.2"
"        Spanish","97","±51","1.7%","±0.9","68","±43","1.7%","±1.1","7","±15","0.2%","±0.4","93","±71","3.2%","±2.5","27","±24","0.5%","±0.5","28","±29","0.7%","±0.8","122","±80","3.5%","±2.3","33","±27","1.5%","±1.2","137","±93","3.9%","±2.6","84","±82","2.5%","±2.4","24","±15","0.5%","±0.3","64","±77","2.0%","±2.4"
"            Speak English less than ""very well""","25","±23","0.4%","±0.4","17","±20","0.4%","±0.5","0","±12","0.0%","±0.9","6","±10","0.2%","±0.4","6","±9","0.1%","±0.2","24","±29","0.6%","±0.7","46","±61","1.3%","±1.7","12","±18","0.5%","±0.8","21","±25","0.6%","±0.7","0","±12","0.0%","±1.0","4","±6","0.1%","±0.1","6","±8","0.2%","±0.2"
"        Other Indo-European languages","39","±30","0.7%","±0.5","24","±14","0.6%","±0.3","11","±19","0.3%","±0.6","76","±116","2.7%","±4.0","42","±39","0.8%","±0.8","65","±51","1.7%","±1.3","131","±82","3.8%","±2.3","19","±12","0.9%","±0.6","60","±45","1.7%","±1.3","17","±24","0.5%","±0.7","94","±92","2.0%","±1.9","17","±20","0.5%","±0.6"
"            Speak English less than ""very well""","8","±9","0.1%","±0.2","2","±3","0.0%","±0.1","0","±12","0.0%","±0.9","0","±12","0.0%","±1.1","0","±17","0.0%","±0.6","2","±4","0.1%","±0.1","4","±7","0.1%","±0.2","5","±7","0.2%","±0.3","12","±15","0.3%","±0.4","0","±12","0.0%","±1.0","44","±47","0.9%","±1.0","0","±12","0.0%","±1.0"
"        Asian and Pacific Islander languages","15","±17","0.3%","±0.3","6","±8","0.1%","±0.2","22","±37","0.6%","±1.1","15","±20","0.5%","±0.7","30","±32","0.6%","±0.6","45","±56","1.2%","±1.4","0","±12","0.0%","±0.9","10","±14","0.4%","±0.6","9","±11","0.3%","±0.3","3","±5","0.1%","±0.1","0","±12","0.0%","±0.7","3","±6","0.1%","±0.2"
"            Speak English less than ""very well""","7","±11","0.1%","±0.2","0","±12","0.0%","±0.8","0","±12","0.0%","±0.9","15","±20","0.5%","±0.7","6","±10","0.1%","±0.2","45","±56","1.2%","±1.4","0","±12","0.0%","±0.9","10","±14","0.4%","±0.6","9","±11","0.3%","±0.3","3","±5","0.1%","±0.1","0","±12","0.0%","±0.7","0","±12","0.0%","±1.0"
"        Other languages","0","±17","0.0%","±0.6","28","±25","0.7%","±0.6","13","±24","0.4%","±0.7","12","±16","0.4%","±0.6","5","±9","0.1%","±0.2","4","±6","0.1%","±0.2","0","±12","0.0%","±0.9","0","±12","0.0%","±1.4","0","±12","0.0%","±0.9","0","±12","0.0%","±1.0","0","±12","0.0%","±0.7","0","±12","0.0%","±1.0"
"            Speak English less than ""very well""","0","±17","0.0%","±0.6","3","±5","0.1%","±0.1","13","±24","0.4%","±0.7","0","±12","0.0%","±1.1","2","±4","0.0%","±0.1","4","±6","0.1%","±0.2","0","±12","0.0%","±0.9","0","±12","0.0%","±1.4","0","±12","0.0%","±0.9","0","±12","0.0%","±1.0","0","±12","0.0%","±0.7","0","±12","0.0%","±1.0"
"ANCESTRY","","","","","","","","","","","","","","","","","","","","","","","","","","","","","","","","","","","","","","","","","","","","","","","",""
"    Total population","5,940","±263","5,940","(X)","4,262","±217","4,262","(X)","3,674","±287","3,674","(X)","3,044","±283","3,044","(X)","5,335","±240","5,335","(X)","4,148","±265","4,148","(X)","3,659","±285","3,659","(X)","2,322","±169","2,322","(X)","3,718","±341","3,718","(X)","3,528","±263","3,528","(X)","4,917","±275","4,917","(X)","3,362","±212","3,362","(X)"
"        American","562","±175","9.5%","±2.9","431","±111","10.1%","±2.6","200","±132","5.4%","±3.5","267","±131","8.8%","±4.4","498","±187","9.3%","±3.5","327","±101","7.9%","±2.4","514","±215","14.0%","±5.6","129","±46","5.6%","±2.0","282","±138","7.6%","±3.5","434","±156","12.3%","±4.5","564","±183","11.5%","±3.8","340","±165","10.1%","±4.9"
"        Arab","23","±24","0.4%","±0.4","0","±12","0.0%","±0.8","8","±12","0.2%","±0.3","4","±8","0.1%","±0.3","3","±6","0.1%","±0.1","3","±5","0.1%","±0.1","0","±12","0.0%","±0.9","0","±12","0.0%","±1.4","3","±5","0.1%","±0.1","0","±12","0.0%","±0.9","0","±12","0.0%","±0.7","0","±12","0.0%","±1.0"
"        Czech","48","±66","0.8%","±1.1","11","±10","0.3%","±0.2","8","±13","0.2%","±0.4","0","±12","0.0%","±1.1","12","±10","0.2%","±0.2","14","±17","0.3%","±0.4","0","±12","0.0%","±0.9","15","±15","0.6%","±0.6","38","±32","1.0%","±0.8","41","±34","1.2%","±1.0","33","±29","0.7%","±0.6","3","±5","0.1%","±0.2"
"        Danish","7","±10","0.1%","±0.2","15","±11","0.4%","±0.3","0","±12","0.0%","±0.9","20","±32","0.7%","±1.1","13","±18","0.2%","±0.3","0","±12","0.0%","±0.8","0","±12","0.0%","±0.9","36","±35","1.6%","±1.5","50","±47","1.3%","±1.3","16","±14","0.5%","±0.4","17","±12","0.3%","±0.3","5","±7","0.1%","±0.2"
"        Dutch","232","±89","3.9%","±1.5","189","±64","4.4%","±1.5","215","±106","5.9%","±2.8","170","±184","5.6%","±5.9","330","±189","6.2%","±3.5","95","±45","2.3%","±1.1","187","±98","5.1%","±2.6","93","±38","4.0%","±1.6","150","±71","4.0%","±1.9","187","±99","5.3%","±2.8","178","±64","3.6%","±1.3","61","±31","1.8%","±0.9"
"        English","1,241","±336","20.9%","±5.5","713","±106","16.7%","±2.3","640","±250","17.4%","±6.4","383","±198","12.6%","±6.3","743","±172","13.9%","±3.1","567","±124","13.7%","±2.9","661","±173","18.1%","±4.5","401","±86","17.3%","±3.5","493","±132","13.3%","±3.5","566","±112","16.0%","±3.0","767","±191","15.6%","±3.8","721","±153","21.4%","±4.8"
"        French (except Basque)","262","±177","4.4%","±3.0","151","±51","3.5%","±1.2","104","±79","2.8%","±2.2","84","±63","2.8%","±2.1","217","±83","4.1%","±1.5","219","±80","5.3%","±1.8","152","±81","4.2%","±2.2","36","±18","1.6%","±0.8","111","±70","3.0%","±1.8","126","±63","3.6%","±1.8","245","±119","5.0%","±2.4","197","±112","5.9%","±3.2"
"        French Canadian","29","±20","0.5%","±0.3","34","±17","0.8%","±0.4","48","±60","1.3%","±1.6","27","±32","0.9%","±1.0","36","±30","0.7%","±0.6","35","±25","0.8%","±0.6","30","±33","0.8%","±0.9","39","±33","1.7%","±1.4","22","±21","0.6%","±0.6","14","±11","0.4%","±0.3","28","±25","0.6%","±0.5","3","±5","0.1%","±0.1"
"        German","1,075","±223","18.1%","±3.7","776","±110","18.2%","±2.5","535","±163","14.6%","±4.5","407","±164","13.4%","±5.5","789","±187","14.8%","±3.5","631","±152","15.2%","±3.6","540","±150","14.8%","±4.2","462","±98","19.9%","±4.2","801","±205","21.5%","±5.2","624","±169","17.7%","±4.5","1,049","±275","21.3%","±5.1","567","±152","16.9%","±4.5"
"        Greek","3","±4","0.1%","±0.1","4","±6","0.1%","±0.1","5","±8","0.1%","±0.2","0","±12","0.0%","±1.1","0","±17","0.0%","±0.6","0","±12","0.0%","±0.8","0","±12","0.0%","±0.9","0","±12","0.0%","±1.4","28","±42","0.8%","±1.1","9","±10","0.3%","±0.3","0","±12","0.0%","±0.7","0","±12","0.0%","±1.0"
"        Hungarian","22","±20","0.4%","±0.3","26","±15","0.6%","±0.3","22","±28","0.6%","±0.7","8","±11","0.3%","±0.4","14","±12","0.3%","±0.2","15","±20","0.4%","±0.5","0","±12","0.0%","±0.9","7","±9","0.3%","±0.4","24","±19","0.6%","±0.5","30","±26","0.9%","±0.8","36","±28","0.7%","±0.6","0","±12","0.0%","±1.0"
"        Irish","855","±217","14.4%","±3.4","487","±97","11.4%","±2.1","725","±196","19.7%","±5.0","498","±241","16.4%","±7.7","931","±277","17.5%","±5.2","671","±175","16.2%","±4.0","487","±160","13.3%","±4.2","524","±105","22.6%","±4.0","513","±170","13.8%","±4.6","587","±144","16.6%","±3.7","631","±165","12.8%","±3.5","699","±187","20.8%","±5.6"
"        Italian","479","±133","8.1%","±2.1","324","±75","7.6%","±1.7","587","±194","16.0%","±5.2","425","±190","14.0%","±6.0","401","±112","7.5%","±2.1","499","±145","12.0%","±3.5","323","±140","8.8%","±3.9","200","±48","8.6%","±2.1","505","±164","13.6%","±4.2","208","±92","5.9%","±2.5","611","±157","12.4%","±3.4","234","±103","7.0%","±3.1"
"        Lithuanian","181","±241","3.0%","±4.0","2","±3","0.0%","±0.1","20","±22","0.5%","±0.6","10","±17","0.3%","±0.6","16","±18","0.3%","±0.3","68","±82","1.6%","±2.0","4","±7","0.1%","±0.2","0","±12","0.0%","±1.4","32","±30","0.9%","±0.8","0","±12","0.0%","±0.9","6","±6","0.1%","±0.1","58","±81","1.7%","±2.4"
"        Norwegian","68","±62","1.1%","±1.0","17","±14","0.4%","±0.3","0","±12","0.0%","±0.9","18","±21","0.6%","±0.7","49","±35","0.9%","±0.7","64","±50","1.5%","±1.2","70","±72","1.9%","±1.9","30","±25","1.3%","±1.1","22","±15","0.6%","±0.4","14","±12","0.4%","±0.3","63","±56","1.3%","±1.2","6","±9","0.2%","±0.3"
"        Polish","150","±78","2.5%","±1.3","97","±31","2.3%","±0.7","160","±87","4.4%","±2.4","70","±59","2.3%","±1.9","342","±167","6.4%","±3.1","126","±60","3.0%","±1.4","83","±56","2.3%","±1.5","200","±119","8.6%","±5.0","144","±64","3.9%","±1.7","94","±38","2.7%","±1.1","261","±119","5.3%","±2.4","92","±40","2.7%","±1.2"
"        Portuguese","0","±17","0.0%","±0.5","0","±12","0.0%","±0.8","0","±12","0.0%","±0.9","0","±12","0.0%","±1.1","18","±27","0.3%","±0.5","0","±12","0.0%","±0.8","0","±12","0.0%","±0.9","1","±2","0.0%","±0.1","34","±53","0.9%","±1.4","0","±12","0.0%","±0.9","0","±12","0.0%","±0.7","26","±31","0.8%","±0.9"
"        Russian","13","±13","0.2%","±0.2","20","±17","0.5%","±0.4","40","±32","1.1%","±0.9","0","±12","0.0%","±1.1","28","±31","0.5%","±0.6","47","±43","1.1%","±1.0","47","±52","1.3%","±1.4","5","±5","0.2%","±0.2","21","±25","0.6%","±0.7","11","±10","0.3%","±0.3","58","±72","1.2%","±1.5","36","±39","1.1%","±1.2"
"        Scotch-Irish","65","±56","1.1%","±0.9","29","±15","0.7%","±0.4","25","±26","0.7%","±0.7","19","±29","0.6%","±0.9","40","±34","0.7%","±0.6","22","±16","0.5%","±0.4","61","±51","1.7%","±1.4","11","±12","0.5%","±0.5","27","±27","0.7%","±0.7","12","±10","0.3%","±0.3","56","±72","1.1%","±1.5","2","±4","0.1%","±0.1"
"        Scottish","163","±77","2.7%","±1.3","75","±33","1.8%","±0.8","91","±68","2.5%","±1.9","43","±34","1.4%","±1.2","144","±107","2.7%","±2.0","181","±105","4.4%","±2.5","114","±66","3.1%","±1.7","123","±67","5.3%","±2.8","94","±54","2.5%","±1.5","139","±56","3.9%","±1.6","53","±23","1.1%","±0.5","130","±87","3.9%","±2.5"
"        Slovak","0","±17","0.0%","±0.5","0","±12","0.0%","±0.8","16","±26","0.4%","±0.7","0","±12","0.0%","±1.1","33","±35","0.6%","±0.7","0","±12","0.0%","±0.8","0","±12","0.0%","±0.9","17","±12","0.7%","±0.5","0","±12","0.0%","±0.9","6","±6","0.2%","±0.2","40","±51","0.8%","±1.0","26","±25","0.8%","±0.8"
"        Subsaharan African","0","±17","0.0%","±0.5","0","±12","0.0%","±0.8","6","±11","0.2%","±0.3","0","±12","0.0%","±1.1","0","±17","0.0%","±0.6","0","±12","0.0%","±0.8","0","±12","0.0%","±0.9","0","±12","0.0%","±1.4","4","±6","0.1%","±0.2","2","±3","0.1%","±0.1","0","±12","0.0%","±0.7","0","±12","0.0%","±1.0"
"        Swedish","19","±18","0.3%","±0.3","75","±48","1.8%","±1.1","33","±31","0.9%","±0.9","8","±12","0.3%","±0.4","76","±40","1.4%","±0.8","20","±20","0.5%","±0.5","88","±106","2.4%","±2.9","18","±17","0.8%","±0.7","51","±48","1.4%","±1.3","58","±38","1.6%","±1.1","393","±355","8.0%","±7.1","52","±33","1.5%","±1.0"
"        Swiss","17","±11","0.3%","±0.2","7","±5","0.2%","±0.1","0","±12","0.0%","±0.9","0","±12","0.0%","±1.1","24","±26","0.4%","±0.5","3","±4","0.1%","±0.1","4","±8","0.1%","±0.2","13","±18","0.6%","±0.8","0","±12","0.0%","±0.9","3","±5","0.1%","±0.1","21","±23","0.4%","±0.5","4","±7","0.1%","±0.2"
"        Ukrainian","6","±10","0.1%","±0.2","8","±8","0.2%","±0.2","0","±12","0.0%","±0.9","0","±12","0.0%","±1.1","13","±14","0.2%","±0.3","16","±19","0.4%","±0.5","10","±15","0.3%","±0.4","2","±4","0.1%","±0.2","8","±11","0.2%","±0.3","6","±9","0.2%","±0.3","15","±10","0.3%","±0.2","9","±13","0.3%","±0.4"
"        Welsh","171","±131","2.9%","±2.2","36","±17","0.8%","±0.4","25","±25","0.7%","±0.7","12","±19","0.4%","±0.6","141","±72","2.6%","±1.3","41","±20","1.0%","±0.5","62","±37","1.7%","±1.0","47","±28","2.0%","±1.2","61","±34","1.6%","±0.9","132","±106","3.7%","±2.9","97","±69","2.0%","±1.4","35","±29","1.0%","±0.9"
"        West Indian (excluding Hispanic origin groups)","20","±13","0.3%","±0.2","0","±12","0.0%","±0.8","20","±31","0.5%","±0.8","0","±12","0.0%","±1.1","0","±17","0.0%","±0.6","5","±9","0.1%","±0.2","2","±5","0.1%","±0.1","0","±12","0.0%","±1.4","16","±21","0.4%","±0.6","5","±7","0.1%","±0.2","0","±12","0.0%","±0.7","0","±12","0.0%","±1.0"
"COMPUTERS AND INTERNET USE","","","","","","","","","","","","","","","","","","","","","","","","","","","","","","","","","","","","","","","","","","","","","","","",""
"    Total households","2,521","±162","2,521","(X)","1,816","±102","1,816","(X)","1,666","±135","1,666","(X)","1,309","±126","1,309","(X)","2,278","±142","2,278","(X)","1,652","±118","1,652","(X)","1,674","±152","1,674","(X)","1,112","±90","1,112","(X)","1,627","±133","1,627","(X)","1,490","±108","1,490","(X)","2,106","±133","2,106","(X)","1,446","±104","1,446","(X)"
"        With a computer","2,139","±150","84.8%","±3.4","1,500","±84","82.6%","±3.3","1,361","±118","81.7%","±5.2","1,122","±133","85.7%","±4.9","2,047","±151","89.9%","±2.9","1,470","±117","89.0%","±3.3","1,483","±153","88.6%","±5.2","923","±87","83.0%","±5.2","1,428","±130","87.8%","±4.4","1,266","±96","85.0%","±3.9","1,843","±131","87.5%","±3.5","1,280","±112","88.5%","±5.4"
"        With a broadband Internet subscription","1,894","±149","75.1%","±4.5","1,353","±92","74.5%","±3.7","1,210","±121","72.6%","±6.1","922","±127","70.4%","±7.1","1,924","±158","84.5%","±3.5","1,363","±117","82.5%","±3.8","1,270","±162","75.9%","±7.2","820","±83","73.7%","±6.3","1,345","±135","82.7%","±5.1","1,170","±93","78.5%","±5.0","1,726","±139","82.0%","±4.5","1,172","±118","81.1%","±6.1"