"Label","Census Tract 1, Columbia County, New York!!Estimate","Census Tract 1, Columbia County, New York!!Margin of Error","Census Tract 1, Columbia County, New York!!Percent","Census Tract 1, Columbia County, New York!!Percent Margin of Error","Census Tract 2, Columbia County, New York!!Estimate","Census Tract 2, Columbia County, New York!!Margin of Error","Census Tract 2, Columbia County, New York!!Percent","Census Tract 2, Columbia County, New York!!Percent Margin of Error","Census Tract 3, Columbia County, New York!!Estimate","Census Tract 3, Columbia County, New York!!Margin of Error","Census Tract 3, Columbia County, New York!!Percent","Census Tract 3, Columbia County, New York!!Percent Margin of Error","Census Tract 4.01, Columbia County, New York!!Estimate","Census Tract 4.01, Columbia County, New York!!Margin of Error","Census Tract 4.01, Columbia County, New York!!Percent","Census Tract 4.01, Columbia County, New York!!Percent Margin of Error","Census Tract 4.02, Columbia County, New York!!Estimate","Census Tract 4.02, Columbia County, New York!!Margin of Error","Census Tract 4.02, Columbia County, New York!!Percent","Census Tract 4.02, Columbia County, New York!!Percent Margin of Error","Census Tract 5, Columbia County, New York!!Estimate","Census Tract 5, Columbia County, New York!!Margin of Error","Census Tract 5, Columbia County, New York!!Percent","Census Tract 5, Columbia County, New York!!Percent Margin of Error","Census Tract 6, Columbia County, New York!!Estimate","Census Tract 6, Columbia County, New York!!Margin of Error","Census Tract 6, Columbia County, New York!!Percent","Census Tract 6, Columbia County, New York!!Percent Margin of Error","Census Tract 7, Columbia County, New York!!Estimate","Census Tract 7, Columbia County, New York!!Margin of Error","Census Tract 7, Columbia County, New York!!Percent","Census Tract 7, Columbia County, New York!!Percent Margin of Error","Census Tract 8, Columbia County, New York!!Estimate","Census Tract 8, Columbia County, New York!!Margin of Error","Census Tract 8, Columbia County, New York!!Percent","Census Tract 8, Columbia County, New York!!Percent Margin of Error","Census Tract 9, Columbia County, New York!!Estimate","Census Tract 9, Columbia County, New York!!Margin of Error","Census Tract 9, Columbia County, New York!!Percent","Census Tract 9, Columbia County, New York!!Percent Margin of Error","Census Tract 10, Columbia County, New York!!Estimate","Census Tract 10, Columbia County, New York!!Margin of Error","Census Tract 10, Columbia County, New York!!Percent","Census Tract 10, Columbia County, New York!!Percent Margin of Error","Census Tract 11, Columbia County, New York!!Estimate","Census Tract 11, Columbia County, New York!!Margin of Error","Census Tract 11, Columbia County, New York!!Percent","Census Tract 11, Columbia County, New York!!Percent Margin of Error","Census Tract 12, Columbia County, New York!!Estimate","Census Tract 12, Columbia County, New York!!Margin of Error","Census Tract 12, Columbia County, New York!!Percent","Census Tract 12, Columbia County, New York!!Percent Margin of Error","Census Tract 13, Columbia County, New York!!Estimate","Census Tract 13, Columbia County, New York!!Margin of Error","Census Tract 13, Columbia County, New York!!Percent","Census Tract 13, Columbia County, New York!!Percent Margin of Error","Census Tract 14, Columbia County, New York!!Estimate","Census Tract 14, Columbia County, New York!!Margin of Error","Census Tract 14, Columbia County, New York!!Percent","Census Tract 14, Columbia County, New York!!Percent Margin of Error","Census Tract 15, Columbia County, New York!!Estimate","Census Tract 15, Columbia County, New York!!Margin of Error","Census Tract 15, Columbia County, New York!!Percent","Census Tract 15, Columbia County, New York!!Percent Margin of Error","Census Tract 16, Columbia County, New York!!Estimate","Census Tract 16, Columbia County, New York!!Margin of Error","Census Tract 16, Columbia County, New York!!Percent","Census Tract 16, Columbia County, New York!!Percent Margin of Error","Census Tract 17, Columbia County, New York!!Estimate","Census Tract 17, Columbia County, New York!!Margin of Error","Census Tract 17, Columbia County, New York!!Percent","Census Tract 17, Columbia County, New York!!Percent Margin of Error","Census Tract 18, Columbia County, New York!!Estimate","Census Tract 18, Columbia County, New York!!Margin of Error","Census Tract 18, Columbia County, New York!!Percent","Census Tract 18, Columbia County, New York!!Percent Margin of Error","Census Tract 19, Columbia County, New York!!Estimate","Census Tract 19, Columbia County, New York!!Margin of Error","Census Tract 19, Columbia County, New York!!Percent","Census Tract 19, Columbia County, New York!!Percent Margin of Error","Census Tract 20, Columbia County, New York!!Estimate","Census Tract 20, Columbia County, New York!!Margin of Error","Census Tract 20, Columbia County, New York!!Percent","Census Tract 20, Columbia County, New York!!Percent Margin of Error"
"HOUSEHOLDS BY TYPE","","","","","","","","","","","","","","","","","","","","","","","","","","","","","","","","","","","","","","","","","","","","","","","","","","","","","","","","","","","","","","","","","","","","","","","","","","","","","","","","","","","",""
"    Total households","1,006","±91","1,006","(X)","729","±68","729","(X)","1,638","±119","1,638","(X)","1,074","±96","1,074","(X)","2,172","±127","2,172","(X)","879","±71","879","(X)","1,019","±93","1,019","(X)","2,062","±158","2,062","(X)","662","±60","662","(X)","663","±93","663","(X)","2,483","±177","2,483","(X)","1,917","±142","1,917","(X)","1,307","±123","1,307","(X)","1,331","±142","1,331","(X)","1,444","±131","1,444","(X)","493","±64","493","(X)","1,268","±168","1,268","(X)","566","±57","566","(X)","665","±55","665","(X)","731","±60","731","(X)","857","±79","857","(X)"
"        Married-couple family","495","±81","49.2%","±8.2","431","±56","59.1%","±6.1","827","±115","50.5%","±7.5","600","±88","55.9%","±6.4","1,089","±136","50.1%","±5.5","433","±64","49.3%","±6.7","528","±87","51.8%","±7.7","1,020","±148","49.5%","±7.6","382","±60","57.7%","±8.7","421","±83","63.5%","±8.1","955","±199","38.5%","±7.7","820","±135","42.8%","±6.6","364","±100","27.9%","±8.2","380","±96","28.5%","±7.2","647","±102","44.8%","±8.3","265","±45","53.8%","±6.9","723","±125","57.0%","±9.4","321","±56","56.7%","±7.8","339","±39","51.0%","±6.7","476","±51","65.1%","±6.3","454","±63","53.0%","±7.1"
"            With own children of the householder under 18 years","124","±38","12.3%","±3.8","72","±23","9.9%","±3.1","282","±69","17.2%","±4.5","161","±58","15.0%","±5.3","375","±80","17.3%","±3.7","176","±54","20.0%","±5.7","151","±50","14.8%","±5.2","344","±111","16.7%","±5.9","105","±31","15.9%","±4.8","78","±37","11.8%","±5.4","214","±102","8.6%","±4.2","109","±41","5.7%","±2.2","207","±95","15.8%","±7.7","127","±59","9.5%","±4.3","187","±80","13.0%","±5.8","38","±17","7.7%","±3.0","213","±78","16.8%","±6.4","79","±32","14.0%","±5.5","73","±26","11.0%","±3.9","161","±38","22.0%","±5.0","130","±24","15.2%","±3.3"
"        Cohabiting couple household","118","±50","11.7%","±5.0","62","±27","8.5%","±3.6","68","±35","4.2%","±2.1","98","±58","9.1%","±5.2","236","±99","10.9%","±4.6","105","±45","11.9%","±5.1","137","±58","13.4%","±5.6","272","±130","13.2%","±6.2","68","±24","10.3%","±3.5","86","±38","13.0%","±5.5","168","±92","6.8%","±3.8","110","±67","5.7%","±3.6","189","±82","14.5%","±6.1","109","±64","8.2%","±4.8","148","±80","10.2%","±5.6","54","±27","11.0%","±5.5","117","±63","9.2%","±5.2","35","±16","6.2%","±3.0","58","±26","8.7%","±3.7","84","±35","11.5%","±4.6","38","±22","4.4%","±2.6"
"            With own children of the householder under 18 years","5","±8","0.5%","±0.8","7","±6","1.0%","±0.9","13","±20","0.8%","±1.2","40","±28","3.7%","±2.6","110","±72","5.1%","±3.3","63","±41","7.2%","±4.8","61","±43","6.0%","±4.2","54","±49","2.6%","±2.4","3","±4","0.5%","±0.6","27","±22","4.1%","±3.3","115","±86","4.6%","±3.5","26","±39","1.4%","±2.1","97","±60","7.4%","±4.6","0","±12","0.0%","±2.4","78","±79","5.4%","±5.5","13","±16","2.6%","±3.1","35","±33","2.8%","±2.6","9","±10","1.6%","±1.8","15","±18","2.3%","±2.7","36","±20","4.9%","±2.7","0","±12","0.0%","±3.7"
"        Male householder, no spouse/partner present","166","±66","16.5%","±6.1","119","±34","16.3%","±4.1","303","±97","18.5%","±5.7","167","±51","15.5%","±4.5","197","±77","9.1%","±3.3","133","±57","15.1%","±6.2","171","±57","16.8%","±5.2","303","±110","14.7%","±5.1","145","±63","21.9%","±8.8","61","±29","9.2%","±4.5","472","±156","19.0%","±5.8","411","±129","21.4%","±6.0","252","±81","19.3%","±5.7","319","±109","24.0%","±7.3","282","±96","19.5%","±5.8","60","±23","12.2%","±4.2","210","±85","16.6%","±5.7","90","±30","15.9%","±5.3","141","±46","21.2%","±5.9","98","±37","13.4%","±4.7","109","±42","12.7%","±4.7"
"            With own children of the householder under 18 years","0","±12","0.0%","±3.2","14","±15","1.9%","±2.1","18","±29","1.1%","±1.8","17","±19","1.6%","±1.8","35","±33","1.6%","±1.5","6","±8","0.7%","±1.0","3","±6","0.3%","±0.6","0","±17","0.0%","±1.6","0","±12","0.0%","±4.8","4","±7","0.6%","±1.0","0","±17","0.0%","±1.3","27","±34","1.4%","±1.8","20","±33","1.5%","±2.5","0","±12","0.0%","±2.4","0","±12","0.0%","±2.2","0","±12","0.0%","±6.4","25","±36","2.0%","±2.8","0","±12","0.0%","±5.6","0","±12","0.0%","±4.8","16","±19","2.2%","±2.6","4","±6","0.5%","±0.7"
"            Householder living alone","147","±64","14.6%","±6.0","99","±32","13.6%","±4.0","229","±90","14.0%","±5.2","105","±47","9.8%","±4.1","126","±60","5.8%","±2.7","102","±55","11.6%","±6.0","124","±52","12.2%","±4.8","205","±88","9.9%","±4.1","129","±63","19.5%","±8.8","48","±25","7.2%","±3.8","454","±161","18.3%","±5.9","309","±115","16.1%","±5.4","168","±73","12.9%","±5.2","263","±112","19.8%","±7.5","220","±85","15.2%","±5.2","44","±21","8.9%","±3.9","148","±84","11.7%","±5.8","85","±30","15.0%","±5.3","118","±44","17.7%","±5.9","55","±31","7.5%","±4.1","83","±39","9.7%","±4.4"
"                65 years and over","49","±32","4.9%","±3.0","28","±16","3.8%","±2.2","110","±63","6.7%","±3.7","39","±29","3.6%","±2.6","40","±34","1.8%","±1.5","10","±8","1.1%","±1.0","11","±13","1.1%","±1.2","120","±62","5.8%","±2.9","73","±57","11.0%","±8.4","9","±11","1.4%","±1.7","259","±116","10.4%","±4.4","154","±71","8.0%","±3.6","71","±48","5.4%","±3.6","51","±40","3.8%","±3.0","114","±65","7.9%","±4.2","22","±16","4.5%","±3.1","26","±24","2.1%","±1.8","39","±16","6.9%","±2.9","64","±30","9.6%","±4.2","12","±10","1.6%","±1.4","57","±26","6.7%","±3.0"
"        Female householder, no spouse/partner present","227","±70","22.6%","±6.1","117","±32","16.0%","±4.1","440","±118","26.9%","±6.1","209","±50","19.5%","±4.8","650","±143","29.9%","±6.4","208","±59","23.7%","±6.8","183","±68","18.0%","±6.3","467","±135","22.6%","±5.8","67","±25","10.1%","±3.7","95","±45","14.3%","±6.7","888","±200","35.8%","±7.6","576","±140","30.0%","±7.0","502","±125","38.4%","±7.9","523","±128","39.3%","±8.2","367","±111","25.4%","±6.4","114","±36","23.1%","±5.9","218","±111","17.2%","±7.5","120","±40","21.2%","±6.4","127","±31","19.1%","±4.5","73","±29","10.0%","±3.8","256","±72","29.9%","±7.3"
"            With own children of the householder under 18 years","11","±12","1.1%","±1.2","16","±12","2.2%","±1.6","36","±30","2.2%","±1.8","12","±11","1.1%","±1.0","110","±77","5.1%","±3.6","38","±31","4.3%","±3.5","52","±45","5.1%","±4.5","43","±38","2.1%","±1.8","3","±4","0.5%","±0.6","0","±12","0.0%","±4.8","227","±124","9.1%","±5.0","84","±57","4.4%","±3.1","109","±75","8.3%","±5.5","104","±58","7.8%","±4.4","12","±20","0.8%","±1.4","7","±8","1.4%","±1.7","0","±12","0.0%","±2.5","7","±7","1.2%","±1.2","9","±14","1.4%","±2.1","4","±6","0.5%","±0.8","5","±7","0.6%","±0.8"
"            Householder living alone","150","±58","14.9%","±5.4","91","±27","12.5%","±3.5","266","±91","16.2%","±4.8","165","±45","15.4%","±4.2","405","±127","18.6%","±5.5","128","±48","14.6%","±5.5","93","±50","9.1%","±4.6","307","±119","14.9%","±5.2","57","±21","8.6%","±3.3","80","±45","12.1%","±6.5","453","±180","18.2%","±6.7","330","±111","17.2%","±5.3","308","±85","23.6%","±5.8","392","±135","29.5%","±9.0","222","±89","15.4%","±5.4","77","±34","15.6%","±5.8","169","±100","13.3%","±6.8","90","±36","15.9%","±5.8","96","±28","14.4%","±4.1","45","±23","6.2%","±3.0","205","±65","23.9%","±6.6"
"                65 years and over","32","±19","3.2%","±2.0","51","±23","7.0%","±3.1","123","±54","7.5%","±3.0","98","±40","9.1%","±3.9","310","±114","14.3%","±5.0","74","±37","8.4%","±4.2","25","±18","2.5%","±1.7","192","±91","9.3%","±4.2","33","±18","5.0%","±2.8","43","±37","6.5%","±5.3","293","±136","11.8%","±5.2","190","±77","9.9%","±3.8","139","±57","10.6%","±4.3","122","±62","9.2%","±4.4","156","±70","10.8%","±4.5","59","±30","12.0%","±5.3","68","±59","5.4%","±4.4","49","±26","8.7%","±4.3","58","±26","8.7%","±3.8","33","±17","4.5%","±2.3","139","±52","16.2%","±5.6"
"        Households with one or more people under 18 years","145","±45","14.4%","±4.4","118","±31","16.2%","±4.1","360","±68","22.0%","±4.4","268","±61","25.0%","±5.5","682","±103","31.4%","±5.4","303","±63","34.5%","±6.6","267","±60","26.2%","±6.6","516","±109","25.0%","±6.2","120","±34","18.1%","±5.1","146","±41","22.0%","±5.6","690","±126","27.8%","±5.7","304","±87","15.9%","±5.2","449","±100","34.4%","±7.7","244","±71","18.3%","±5.3","320","±83","22.2%","±6.4","63","±24","12.8%","±4.3","377","±73","29.7%","±7.2","105","±29","18.6%","±4.7","123","±37","18.5%","±5.2","242","±41","33.1%","±5.3","148","±26","17.3%","±3.6"
"        Households with one or more people 65 years and over","320","±60","31.8%","±5.2","317","±47","43.5%","±5.0","695","±99","42.4%","±5.1","439","±63","40.9%","±5.3","778","±102","35.8%","±4.3","248","±42","28.2%","±4.7","274","±59","26.9%","±4.8","824","±129","40.0%","±4.7","364","±51","55.0%","±5.7","263","±68","39.7%","±8.4","972","±169","39.1%","±5.6","823","±115","42.9%","±5.7","389","±84","29.8%","±6.3","286","±55","21.5%","±4.0","583","±121","40.4%","±6.7","268","±54","54.4%","±7.3","462","±94","36.4%","±6.4","235","±37","41.5%","±5.7","260","±43","39.1%","±5.2","232","±33","31.7%","±4.1","369","±66","43.1%","±5.9"
"        Average household size","2.22","±0.19","(X)","(X)","2.25","±0.16","(X)","(X)","2.38","±0.17","(X)","(X)","2.35","±0.18","(X)","(X)","2.50","±0.15","(X)","(X)","2.57","±0.20","(X)","(X)","2.61","±0.23","(X)","(X)","2.38","±0.17","(X)","(X)","2.26","±0.18","(X)","(X)","2.36","±0.16","(X)","(X)","2.20","±0.15","(X)","(X)","2.15","±0.16","(X)","(X)","2.36","±0.21","(X)","(X)","1.84","±0.18","(X)","(X)","2.28","±0.18","(X)","(X)","2.19","±0.14","(X)","(X)","2.51","±0.27","(X)","(X)","2.18","±0.16","(X)","(X)","2.36","±0.18","(X)","(X)","2.71","±0.15","(X)","(X)","2.16","±0.13","(X)","(X)"
"        Average family size","2.75","±0.17","(X)","(X)","2.63","±0.16","(X)","(X)","2.99","±0.23","(X)","(X)","2.80","±0.23","(X)","(X)","2.88","±0.18","(X)","(X)","3.08","±0.23","(X)","(X)","2.98","±0.26","(X)","(X)","2.86","±0.21","(X)","(X)","2.80","±0.19","(X)","(X)","2.55","±0.20","(X)","(X)","2.77","±0.18","(X)","(X)","2.70","±0.18","(X)","(X)","3.16","±0.34","(X)","(X)","2.73","±0.26","(X)","(X)","2.74","±0.21","(X)","(X)","2.48","±0.18","(X)","(X)","2.84","±0.23","(X)","(X)","2.72","±0.22","(X)","(X)","3.04","±0.24","(X)","(X)","2.85","±0.17","(X)","(X)","2.77","±0.17","(X)","(X)"
"RELATIONSHIP","","","","","","","","","","","","","","","","","","","","","","","","","","","","","","","","","","","","","","","","","","","","","","","","","","","","","","","","","","","","","","","","","","","","","","","","","","","","","","","","","","","",""
"    Population in households","2,235","±230","2,235","(X)","1,642","±145","1,642","(X)","3,905","±20","3,905","(X)","2,529","±250","2,529","(X)","5,428","±249","5,428","(X)","2,255","±214","2,255","(X)","2,663","±31","2,663","(X)","4,900","±143","4,900","(X)","1,495","±132","1,495","(X)","1,562","±228","1,562","(X)","5,470","±64","5,470","(X)","4,116","±46","4,116","(X)","3,080","±253","3,080","(X)","2,450","±258","2,450","(X)","3,293","±127","3,293","(X)","1,081","±147","1,081","(X)","3,187","±185","3,187","(X)","1,234","±133","1,234","(X)","1,569","±137","1,569","(X)","1,979","±137","1,979","(X)","1,851","±143","1,851","(X)"
"        Householder","1,006","±91","45.0%","±3.8","729","±68","44.4%","±3.1","1,638","±119","41.9%","±3.1","1,074","±96","42.5%","±3.2","2,172","±127","40.0%","±2.5","879","±71","39.0%","±3.0","1,019","±93","38.3%","±3.5","2,062","±158","42.1%","±3.0","662","±60","44.3%","±3.6","663","±93","42.4%","±2.9","2,483","±177","45.4%","±3.2","1,917","±142","46.6%","±3.4","1,307","±123","42.4%","±3.7","1,331","±142","54.3%","±5.3","1,444","±131","43.9%","±3.4","493","±64","45.6%","±3.0","1,268","±168","39.8%","±4.3","566","±57","45.9%","±3.4","665","±55","42.4%","±3.1","731","±60","36.9%","±2.1","857","±79","46.3%","±2.7"
"        Spouse","497","±80","22.2%","±3.2","431","±51","26.2%","±2.7","823","±107","21.1%","±2.7","606","±87","24.0%","±3.0","1,085","±132","20.0%","±2.3","432","±62","19.2%","±2.6","538","±84","20.2%","±3.2","992","±135","20.2%","±2.6","375","±56","25.1%","±2.7","403","±81","25.8%","±3.3","975","±202","17.8%","±3.7","808","±117","19.6%","±2.8","351","±98","11.4%","±3.1","353","±84","14.4%","±3.1","655","±102","19.9%","±3.2","250","±50","23.1%","±3.8","717","±118","22.5%","±3.4","319","±51","25.9%","±3.0","360","±42","22.9%","±2.7","477","±52","24.1%","±2.5","447","±67","24.1%","±3.1"
"        Unmarried partner","127","±57","5.7%","±2.5","67","±31","4.1%","±1.8","67","±34","1.7%","±0.9","100","±60","4.0%","±2.3","268","±111","4.9%","±2.0","103","±46","4.6%","±2.0","133","±60","5.0%","±2.3","261","±122","5.3%","±2.5","68","±24","4.5%","±1.6","91","±39","5.8%","±2.4","177","±96","3.2%","±1.7","107","±61","2.6%","±1.5","199","±88","6.5%","±2.9","119","±70","4.9%","±2.8","153","±80","4.6%","±2.4","54","±23","5.0%","±2.2","137","±74","4.3%","±2.3","35","±18","2.8%","±1.4","57","±26","3.6%","±1.6","85","±36","4.3%","±1.8","38","±23","2.1%","±1.2"
"        Child","520","±135","23.3%","±4.4","330","±69","20.1%","±3.3","1,163","±170","29.8%","±4.3","574","±140","22.7%","±4.4","1,584","±202","29.2%","±3.2","693","±126","30.7%","±3.8","809","±130","30.4%","±4.9","1,130","±180","23.1%","±3.6","301","±67","20.1%","±3.5","311","±96","19.9%","±5.0","1,361","±244","24.9%","±4.4","960","±152","23.3%","±3.7","943","±160","30.6%","±4.0","529","±144","21.6%","±4.9","775","±144","23.5%","±4.2","157","±53","14.5%","±3.9","642","±147","20.1%","±4.4","266","±66","21.6%","±4.1","347","±80","22.1%","±4.3","557","±89","28.1%","±3.5","414","±67","22.4%","±3.0"
"        Other relatives","23","±21","1.0%","±0.9","44","±22","2.7%","±1.3","120","±74","3.1%","±1.9","171","±121","6.8%","±4.7","209","±144","3.9%","±2.6","103","±54","4.6%","±2.3","94","±57","3.5%","±2.1","270","±175","5.5%","±3.6","40","±23","2.7%","±1.5","16","±12","1.0%","±0.8","315","±171","5.8%","±3.1","215","±85","5.2%","±2.1","166","±97","5.4%","±3.0","30","±30","1.2%","±1.2","185","±90","5.6%","±2.7","65","±46","6.0%","±4.1","172","±103","5.4%","±3.3","42","±26","3.4%","±2.0","116","±59","7.4%","±3.5","60","±34","3.0%","±1.7","57","±36","3.1%","±2.0"
"        Other nonrelatives","62","±41","2.8%","±1.8","41","±28","2.5%","±1.7","94","±53","2.4%","±1.4","4","±7","0.2%","±0.3","110","±95","2.0%","±1.7","45","±38","2.0%","±1.7","70","±46","2.6%","±1.7","185","±93","3.8%","±1.9","49","±31","3.3%","±2.1","78","±43","5.0%","±2.7","159","±120","2.9%","±2.2","109","±97","2.6%","±2.4","114","±73","3.7%","±2.3","88","±127","3.6%","±5.1","81","±62","2.5%","±1.9","62","±39","5.7%","±3.4","251","±194","7.9%","±6.1","6","±7","0.5%","±0.5","24","±22","1.5%","±1.3","69","±39","3.5%","±2.0","38","±32","2.1%","±1.7"
"MARITAL STATUS","","","","","","","","","","","","","","","","","","","","","","","","","","","","","","","","","","","","","","","","","","","","","","","","","","","","","","","","","","","","","","","","","","","","","","","","","","","","","","","","","","","",""
"    Males 15 years and over","984","±109","984","(X)","832","±116","832","(X)","1,553","±128","1,553","(X)","1,121","±123","1,121","(X)","2,236","±206","2,236","(X)","875","±116","875","(X)","1,212","±108","1,212","(X)","2,264","±148","2,264","(X)","717","±81","717","(X)","688","±129","688","(X)","2,412","±228","2,412","(X)","1,821","±199","1,821","(X)","1,173","±140","1,173","(X)","1,504","±193","1,504","(X)","1,549","±111","1,549","(X)","512","±75","512","(X)","1,442","±128","1,442","(X)","561","±65","561","(X)","729","±71","729","(X)","919","±125","919","(X)","787","±91","787","(X)"
"        Never married","276","±71","28.0%","±6.1","270","±107","32.5%","±9.2","387","±107","24.9%","±6.0","303","±69","27.0%","±5.0","697","±188","31.2%","±7.1","279","±76","31.9%","±6.8","491","±102","40.5%","±7.1","715","±139","31.6%","±5.4","210","±77","29.3%","±9.1","191","±72","27.8%","±7.5","732","±233","30.3%","±8.8","737","±167","40.5%","±7.4","571","±121","48.7%","±8.1","902","±214","60.0%","±9.2","573","±141","37.0%","±7.8","154","±43","30.1%","±5.9","424","±130","29.4%","±8.4","118","±45","21.0%","±7.1","238","±53","32.6%","±5.6","336","±130","36.6%","±10.2","173","±58","22.0%","±5.8"
"        Now married, except separated","527","±90","53.6%","±8.0","453","±56","54.4%","±8.7","917","±127","59.0%","±6.5","636","±87","56.7%","±6.6","1,190","±143","53.2%","±6.6","473","±78","54.1%","±6.4","559","±89","46.1%","±7.6","1,127","±159","49.8%","±6.4","389","±62","54.3%","±8.1","427","±86","62.1%","±7.4","1,109","±218","46.0%","±9.1","826","±136","45.4%","±6.4","406","±99","34.6%","±8.0","445","±109","29.6%","±7.5","728","±105","47.0%","±7.6","296","±50","57.8%","±7.3","798","±136","55.3%","±9.1","363","±62","64.7%","±8.6","410","±47","56.2%","±6.1","501","±59","54.5%","±7.9","496","±66","63.0%","±7.8"
"        Separated","46","±38","4.7%","±3.8","18","±15","2.2%","±1.7","59","±51","3.8%","±3.4","4","±6","0.4%","±0.6","109","±66","4.9%","±2.9","17","±18","1.9%","±2.0","35","±40","2.9%","±3.2","60","±42","2.7%","±1.9","19","±17","2.6%","±2.4","30","±29","4.4%","±4.2","67","±83","2.8%","±3.4","54","±46","3.0%","±2.5","89","±58","7.6%","±4.8","29","±32","1.9%","±2.1","15","±16","1.0%","±1.0","5","±6","1.0%","±1.1","29","±31","2.0%","±2.1","7","±7","1.2%","±1.3","10","±15","1.4%","±2.1","0","±12","0.0%","±3.5","6","±10","0.8%","±1.3"
"        Widowed","30","±22","3.0%","±2.3","18","±13","2.2%","±1.6","19","±16","1.2%","±1.0","44","±30","3.9%","±2.7","46","±36","2.1%","±1.5","28","±29","3.2%","±3.3","24","±19","2.0%","±1.6","105","±65","4.6%","±2.8","25","±16","3.5%","±2.2","6","±9","0.9%","±1.3","101","±65","4.2%","±2.7","63","±30","3.5%","±1.6","22","±22","1.9%","±1.8","11","±16","0.7%","±1.0","72","±42","4.6%","±2.7","6","±6","1.2%","±1.1","48","±50","3.3%","±3.5","10","±9","1.8%","±1.7","25","±21","3.4%","±2.8","11","±9","1.2%","±1.0","63","±36","8.0%","±4.5"
"        Divorced","105","±42","10.7%","±4.2","73","±28","8.8%","±3.3","171","±74","11.0%","±4.9","134","±65","12.0%","±5.4","194","±90","8.7%","±3.9","78","±37","8.9%","±4.2","103","±53","8.5%","±4.2","257","±99","11.4%","±4.3","74","±22","10.3%","±3.2","34","±24","4.9%","±3.8","403","±186","16.7%","±7.3","141","±80","7.7%","±4.3","85","±45","7.2%","±3.7","117","±65","7.8%","±4.5","161","±77","10.4%","±4.9","51","±27","10.0%","±5.0","143","±81","9.9%","±5.4","63","±26","11.2%","±4.6","46","±27","6.3%","±3.5","71","±31","7.7%","±3.8","49","±27","6.2%","±3.5"
"    Females 15 years and over","1,076","±147","1,076","(X)","736","±67","736","(X)","1,766","±130","1,766","(X)","1,038","±104","1,038","(X)","2,482","±139","2,482","(X)","939","±102","939","(X)","1,075","±96","1,075","(X)","2,315","±149","2,315","(X)","610","±76","610","(X)","669","±97","669","(X)","2,476","±189","2,476","(X)","1,874","±177","1,874","(X)","1,406","±190","1,406","(X)","1,185","±155","1,185","(X)","1,537","±127","1,537","(X)","507","±79","507","(X)","1,542","±150","1,542","(X)","518","±66","518","(X)","637","±64","637","(X)","815","±72","815","(X)","874","±93","874","(X)"
"        Never married","291","±115","27.0%","±8.1","137","±40","18.6%","±4.9","536","±161","30.4%","±7.7","130","±49","12.5%","±4.4","571","±137","23.0%","±5.1","288","±98","30.7%","±8.7","346","±90","32.2%","±7.3","604","±174","26.1%","±6.6","125","±50","20.5%","±7.0","117","±45","17.5%","±6.1","627","±166","25.3%","±5.8","566","±142","30.2%","±6.5","607","±176","43.2%","±9.5","514","±132","43.4%","±8.8","439","±119","28.6%","±6.7","99","±38","19.5%","±6.5","471","±226","30.5%","±12.8","88","±38","17.0%","±6.4","164","±55","25.7%","±7.0","210","±61","25.8%","±6.3","133","±53","15.2%","±5.3"
"        Now married, except separated","491","±81","45.6%","±7.5","454","±54","61.7%","±6.5","867","±95","49.1%","±6.9","655","±85","63.1%","±5.5","1,148","±140","46.3%","±4.8","446","±66","47.5%","±7.4","532","±84","49.5%","±7.8","1,064","±145","46.0%","±6.8","377","±56","61.8%","±7.2","425","±80","63.5%","±8.4","1,049","±204","42.4%","±8.4","847","±132","45.2%","±8.0","379","±99","27.0%","±7.4","381","±92","32.2%","±7.2","686","±98","44.6%","±7.2","259","±50","51.1%","±8.5","765","±131","49.6%","±11.2","313","±50","60.4%","±8.1","360","±42","56.5%","±6.9","489","±56","60.0%","±6.3","474","±82","54.2%","±9.1"
"        Separated","45","±35","4.2%","±3.4","3","±5","0.4%","±0.6","52","±48","2.9%","±2.7","17","±18","1.6%","±1.8","99","±73","4.0%","±3.0","9","±10","1.0%","±1.1","19","±19","1.8%","±1.7","42","±32","1.8%","±1.4","3","±4","0.5%","±0.7","0","±12","0.0%","±4.7","117","±80","4.7%","±3.3","12","±15","0.6%","±0.8","51","±54","3.6%","±3.9","19","±20","1.6%","±1.8","11","±14","0.7%","±0.9","7","±8","1.4%","±1.6","52","±38","3.4%","±2.4","3","±4","0.6%","±0.7","12","±15","1.9%","±2.2","15","±12","1.8%","±1.4","19","±11","2.2%","±1.3"
"        Widowed","63","±34","5.9%","±3.3","61","±31","8.3%","±4.1","143","±59","8.1%","±3.3","86","±31","8.3%","±3.0","338","±108","13.6%","±4.3","63","±37","6.7%","±3.9","90","±42","8.4%","±3.8","337","±123","14.6%","±5.2","36","±20","5.9%","±3.0","53","±34","7.9%","±4.8","384","±147","15.5%","±5.6","284","±101","15.2%","±4.6","143","±67","10.2%","±4.6","50","±31","4.2%","±2.6","250","±87","16.3%","±5.3","64","±28","12.6%","±5.1","141","±85","9.1%","±5.3","65","±26","12.5%","±4.6","65","±24","10.2%","±3.7","46","±20","5.6%","±2.4","129","±56","14.8%","±6.1"
"        Divorced","186","±75","17.3%","±6.2","81","±28","11.0%","±3.8","168","±65","9.5%","±3.6","150","±62","14.5%","±5.7","326","±95","13.1%","±3.9","133","±53","14.2%","±5.6","88","±57","8.2%","±5.3","268","±95","11.6%","±4.1","69","±21","11.3%","±3.6","74","±37","11.1%","±5.3","299","±122","12.1%","±5.0","165","±74","8.8%","±3.7","226","±81","16.1%","±5.5","221","±91","18.6%","±7.1","151","±64","9.8%","±3.9","78","±38","15.4%","±6.6","113","±55","7.3%","±3.7","49","±20","9.5%","±3.6","36","±15","5.7%","±2.4","55","±22","6.7%","±2.7","119","±48","13.6%","±5.2"
"FERTILITY","","","","","","","","","","","","","","","","","","","","","","","","","","","","","","","","","","","","","","","","","","","","","","","","","","","","","","","","","","","","","","","","","","","","","","","","","","","","","","","","","","","",""
"    Number of women 15 to 50 years old who had a birth in the past 12 months","21","±32","21","(X)","9","±7","9","(X)","41","±33","41","(X)","30","±25","30","(X)","46","±35","46","(X)","46","±37","46","(X)","5","±8","5","(X)","43","±30","43","(X)","27","±26","27","(X)","28","±25","28","(X)","36","±38","36","(X)","16","±19","16","(X)","110","±85","110","(X)","12","±16","12","(X)","49","±64","49","(X)","2","±5","2","(X)","50","±57","50","(X)","10","±10","10","(X)","10","±16","10","(X)","17","±13","17","(X)","20","±17","20","(X)"
"        Unmarried women (widowed, divorced, and never married)","0","±12","0.0%","±64.7","2","±4","22.2%","±42.6","11","±17","26.8%","±35.3","9","±15","30.0%","±36.4","0","±17","0.0%","±43.7","32","±32","69.6%","±41.9","5","±8","100.0%","±100.0","0","±17","0.0%","±45.2","0","±12","0.0%","±57.1","17","±20","60.7%","±39.7","19","±23","52.8%","±49.2","0","±12","0.0%","±74.1","110","±85","100.0%","±25.2","0","±12","0.0%","±85.6","49","±64","100.0%","±42.4","0","±12","0.0%","±100.0","33","±51","66.0%","±57.1","4","±6","40.0%","±51.0","10","±16","100.0%","±93.8","5","±7","29.4%","±36.7","0","±12","0.0%","±66.3"
"            Per 1,000 unmarried women","0","±103","(X)","(X)","14","±29","(X)","(X)","23","±38","(X)","(X)","62","±101","(X)","(X)","0","±51","(X)","(X)","104","±102","(X)","(X)","14","±24","(X)","(X)","0","±52","(X)","(X)","0","±269","(X)","(X)","160","±185","(X)","(X)","29","±37","(X)","(X)","0","±63","(X)","(X)","194","±122","(X)","(X)","0","±62","(X)","(X)","125","±162","(X)","(X)","0","±305","(X)","(X)","98","±150","(X)","(X)","48","±70","(X)","(X)","87","±128","(X)","(X)","26","±36","(X)","(X)","0","±252","(X)","(X)"
"        Per 1,000 women 15 to 50 years old","46","±68","(X)","(X)","34","±29","(X)","(X)","46","±40","(X)","(X)","86","±73","(X)","(X)","39","±31","(X)","(X)","93","±75","(X)","(X)","9","±14","(X)","(X)","41","±31","(X)","(X)","119","±116","(X)","(X)","112","±98","(X)","(X)","31","±33","(X)","(X)","21","±26","(X)","(X)","134","±94","(X)","(X)","16","±22","(X)","(X)","75","±98","(X)","(X)","13","±30","(X)","(X)","77","±89","(X)","(X)","56","±55","(X)","(X)","34","±54","(X)","(X)","48","±36","(X)","(X)","71","±61","(X)","(X)"
"        Per 1,000 women 15 to 19 years old","0","±318","(X)","(X)","63","±119","(X)","(X)","0","±200","(X)","(X)","0","±501","(X)","(X)","0","±164","(X)","(X)","0","±332","(X)","(X)","0","±452","(X)","(X)","0","±215","(X)","(X)","0","±516","(X)","(X)","0","±719","(X)","(X)","49","±101","(X)","(X)","0","±376","(X)","(X)","0","±481","(X)","(X)","0","±481","(X)","(X)","0","±287","(X)","(X)","0","±1,000","(X)","(X)","0","±354","(X)","(X)","0","±793","(X)","(X)","0","±582","(X)","(X)","0","±407","(X)","(X)","0","±647","(X)","(X)"
"        Per 1,000 women 20 to 34 years old","101","±144","(X)","(X)","67","±67","(X)","(X)","102","±97","(X)","(X)","120","±131","(X)","(X)","72","±78","(X)","(X)","71","±119","(X)","(X)","20","±34","(X)","(X)","97","±99","(X)","(X)","297","±250","(X)","(X)","233","±188","(X)","(X)","35","±56","(X)","(X)","0","±98","(X)","(X)","172","±127","(X)","(X)","23","±37","(X)","(X)","181","±229","(X)","(X)","0","±383","(X)","(X)","243","±250","(X)","(X)","58","±80","(X)","(X)","83","±134","(X)","(X)","77","±71","(X)","(X)","149","±124","(X)","(X)"
"        Per 1,000 women 35 to 50 years old","0","±174","(X)","(X)","0","±219","(X)","(X)","13","±17","(X)","(X)","74","±100","(X)","(X)","33","±35","(X)","(X)","147","±135","(X)","(X)","0","±103","(X)","(X)","24","±31","(X)","(X)","0","±265","(X)","(X)","0","±248","(X)","(X)","20","±34","(X)","(X)","43","±51","(X)","(X)","109","±139","(X)","(X)","7","±14","(X)","(X)","0","±107","(X)","(X)","22","±54","(X)","(X)","0","±82","(X)","(X)","63","±88","(X)","(X)","0","±200","(X)","(X)","37","±39","(X)","(X)","0","±225","(X)","(X)"
"GRANDPARENTS","","","","","","","","","","","","","","","","","","","","","","","","","","","","","","","","","","","","","","","","","","","","","","","","","","","","","","","","","","","","","","","","","","","","","","","","","","","","","","","","","","","",""
"    Number of grandparents living with own grandchildren under 18 years","10","±16","10","(X)","15","±11","15","(X)","25","±27","25","(X)","63","±73","63","(X)","62","±48","62","(X)","17","±20","17","(X)","0","±12","0","(X)","53","±57","53","(X)","10","±11","10","(X)","0","±12","0","(X)","207","±141","207","(X)","105","±78","105","(X)","79","±66","79","(X)","26","±42","26","(X)","67","±51","67","(X)","9","±15","9","(X)","102","±73","102","(X)","15","±15","15","(X)","34","±25","34","(X)","23","±18","23","(X)","21","±20","21","(X)"
"        Grandparents responsible for grandchildren","5","±8","50.0%","±12.8","2","±5","13.3%","±29.1","11","±17","44.0%","±56.0","3","±5","4.8%","±16.3","38","±44","61.3%","±44.6","0","±12","0.0%","±71.9","0","±12","-","**","0","±17","0.0%","±40.7","0","±12","0.0%","±93.8","0","±12","-","**","156","±140","75.4%","±28.3","77","±71","73.3%","±27.5","23","±27","29.1%","±31.9","0","±12","0.0%","±58.2","17","±27","25.4%","±30.1","0","±12","0.0%","±98.9","69","±57","67.6%","±28.1","5","±7","33.3%","±27.6","7","±7","20.6%","±22.6","4","±6","17.4%","±32.4","0","±12","0.0%","±64.7"
"        Years responsible for grandchildren","","","","","","","","","","","","","","","","","","","","","","","","","","","","","","","","","","","","","","","","","","","","","","","","","","","","","","","","","","","","","","","","","","","","","","","","","","","","","","","","","","","",""
"            Less than 1 year","5","±8","50.0%","±12.8","2","±5","13.3%","±29.1","0","±12","0.0%","±59.3","3","±5","4.8%","±16.3","16","±26","25.8%","±40.9","0","±12","0.0%","±71.9","0","±12","-","**","0","±17","0.0%","±40.7","0","±12","0.0%","±93.8","0","±12","-","**","8","±16","3.9%","±8.7","0","±12","0.0%","±26.1","0","±12","0.0%","±32.4","0","±12","0.0%","±58.2","0","±12","0.0%","±36.0","0","±12","0.0%","±98.9","0","±12","0.0%","±26.7","0","±12","0.0%","±76.6","0","±12","0.0%","±50.9","4","±6","17.4%","±32.4","0","±12","0.0%","±64.7"
"            1 or 2 years","0","±12","0.0%","±93.8","0","±12","0.0%","±76.6","0","±12","0.0%","±59.3","0","±12","0.0%","±37.3","22","±35","35.5%","±43.6","0","±12","0.0%","±71.9","0","±12","-","**","0","±17","0.0%","±40.7","0","±12","0.0%","±93.8","0","±12","-","**","0","±17","0.0%","±14.5","46","±69","43.8%","±45.0","0","±12","0.0%","±32.4","0","±12","0.0%","±58.2","17","±27","25.4%","±30.1","0","±12","0.0%","±98.9","46","±49","45.1%","±35.5","0","±12","0.0%","±76.6","0","±12","0.0%","±50.9","0","±12","0.0%","±61.8","0","±12","0.0%","±64.7"
"            3 or 4 years","0","±12","0.0%","±93.8","0","±12","0.0%","±76.6","0","±12","0.0%","±59.3","0","±12","0.0%","±37.3","0","±17","0.0%","±37.6","0","±12","0.0%","±71.9","0","±12","-","**","0","±17","0.0%","±40.7","0","±12","0.0%","±93.8","0","±12","-","**","0","±17","0.0%","±14.5","0","±12","0.0%","±26.1","0","±12","0.0%","±32.4","0","±12","0.0%","±58.2","0","±12","0.0%","±36.0","0","±12","0.0%","±98.9","15","±22","14.7%","±17.4","5","±7","33.3%","±27.6","0","±12","0.0%","±50.9","0","±12","0.0%","±61.8","0","±12","0.0%","±64.7"
"            5 or more years","0","±12","0.0%","±93.8","0","±12","0.0%","±76.6","11","±17","44.0%","±56.0","0","±12","0.0%","±37.3","0","±17","0.0%","±37.6","0","±12","0.0%","±71.9","0","±12","-","**","0","±17","0.0%","±40.7","0","±12","0.0%","±93.8","0","±12","-","**","148","±142","71.5%","±32.7","31","±26","29.5%","±32.2","23","±27","29.1%","±31.9","0","±12","0.0%","±58.2","0","±12","0.0%","±36.0","0","±12","0.0%","±98.9","8","±13","7.8%","±12.4","0","±12","0.0%","±76.6","7","±7","20.6%","±22.6","0","±12","0.0%","±61.8","0","±12","0.0%","±64.7"
"    Number of grandparents responsible for own grandchildren under 18 years","5","±8","5","(X)","2","±5","2","(X)","11","±17","11","(X)","3","±5","3","(X)","38","±44","38","(X)","0","±12","0","(X)","0","±12","0","(X)","0","±17","0","(X)","0","±12","0","(X)","0","±12","0","(X)","156","±140","156","(X)","77","±71","77","(X)","23","±27","23","(X)","0","±12","0","(X)","17","±27","17","(X)","0","±12","0","(X)","69","±57","69","(X)","5","±7","5","(X)","7","±7","7","(X)","4","±6","4","(X)","0","±12","0","(X)"
"        Who are female","0","±12","0.0%","±100.0","1","±3","50.0%","±50.0","11","±17","100.0%","±89.4","3","±5","100.0%","±100.0","30","±38","78.9%","±30.8","0","±12","-","**","0","±12","-","**","0","±17","-","**","0","±12","-","**","0","±12","-","**","113","±93","72.4%","±25.5","37","±35","48.1%","±3.6","16","±19","69.6%","±31.6","0","±12","-","**","17","±27","100.0%","±71.9","0","±12","-","**","39","±34","56.5%","±20.5","5","±7","100.0%","±100.0","7","±7","100.0%","±100.0","4","±6","100.0%","±100.0","0","±12","-","**"
"        Who are married","5","±8","100.0%","±100.0","2","±5","100.0%","±100.0","0","±12","0.0%","±89.4","0","±12","0.0%","±100.0","16","±26","42.1%","±57.9","0","±12","-","**","0","±12","-","**","0","±17","-","**","0","±12","-","**","0","±12","-","**","85","±125","54.5%","±50.8","77","±71","100.0%","±32.9","13","±21","56.5%","±56.5","0","±12","-","**","0","±12","0.0%","±71.9","0","±12","-","**","49","±49","71.0%","±31.9","5","±7","100.0%","±100.0","0","±12","0.0%","±100.0","0","±12","0.0%","±100.0","0","±12","-","**"
"SCHOOL ENROLLMENT","","","","","","","","","","","","","","","","","","","","","","","","","","","","","","","","","","","","","","","","","","","","","","","","","","","","","","","","","","","","","","","","","","","","","","","","","","","","","","","","","","","",""
"    Population 3 years and over enrolled in school","334","±109","334","(X)","373","±109","373","(X)","766","±141","766","(X)","464","±166","464","(X)","1,261","±156","1,261","(X)","493","±101","493","(X)","535","±118","535","(X)","855","±132","855","(X)","239","±57","239","(X)","275","±90","275","(X)","970","±174","970","(X)","545","±92","545","(X)","593","±169","593","(X)","403","±109","403","(X)","505","±120","505","(X)","122","±38","122","(X)","560","±118","560","(X)","172","±43","172","(X)","272","±60","272","(X)","388","±73","388","(X)","248","±55","248","(X)"
"        Nursery school, preschool","0","±12","0.0%","±9.3","4","±5","1.1%","±1.3","69","±44","9.0%","±6.2","62","±46","13.4%","±6.8","68","±52","5.4%","±4.0","57","±44","11.6%","±8.5","17","±20","3.2%","±4.0","47","±41","5.5%","±4.8","12","±9","5.0%","±3.3","16","±14","5.8%","±5.1","42","±47","4.3%","±4.8","0","±12","0.0%","±5.8","63","±56","10.6%","±9.1","0","±12","0.0%","±7.7","29","±34","5.7%","±6.6","0","±12","0.0%","±23.1","19","±21","3.4%","±3.5","15","±15","8.7%","±8.7","8","±13","2.9%","±5.0","42","±25","10.8%","±5.6","24","±19","9.7%","±7.9"
"        Kindergarten","11","±13","3.3%","±3.4","4","±5","1.1%","±1.3","0","±12","0.0%","±4.2","5","±8","1.1%","±1.9","126","±73","10.0%","±5.5","20","±24","4.1%","±5.0","28","±30","5.2%","±5.7","40","±38","4.7%","±4.4","10","±11","4.2%","±4.5","36","±28","13.1%","±11.7","39","±45","4.0%","±4.7","48","±43","8.8%","±7.8","13","±22","2.2%","±3.8","67","±59","16.6%","±13.7","0","±12","0.0%","±6.2","8","±8","6.6%","±6.7","19","±23","3.4%","±4.1","3","±6","1.7%","±3.2","25","±17","9.2%","±6.3","19","±15","4.9%","±3.9","20","±27","8.1%","±11.3"
"        Elementary school (grades 1-8)","181","±68","54.2%","±10.9","174","±91","46.6%","±20.9","357","±89","46.6%","±10.0","198","±84","42.7%","±8.5","608","±123","48.2%","±9.5","208","±71","42.2%","±13.3","256","±115","47.9%","±15.4","312","±113","36.5%","±12.7","106","±36","44.4%","±8.9","110","±51","40.0%","±12.9","406","±143","41.9%","±13.0","274","±83","50.3%","±12.0","325","±129","54.8%","±12.5","190","±62","47.1%","±12.2","214","±101","42.4%","±15.6","66","±32","54.1%","±16.9","308","±101","55.0%","±14.4","75","±30","43.6%","±15.0","112","±36","41.2%","±10.5","176","±52","45.4%","±9.7","107","±43","43.1%","±14.1"
"        High school (grades 9-12)","82","±39","24.6%","±8.8","119","±86","31.9%","±20.6","178","±84","23.2%","±9.5","103","±47","22.2%","±9.7","323","±107","25.6%","±7.7","136","±53","27.6%","±8.8","151","±81","28.2%","±15.2","212","±79","24.8%","±8.7","64","±25","26.8%","±8.8","77","±58","28.0%","±14.2","342","±137","35.3%","±12.3","108","±47","19.8%","±9.2","115","±67","19.4%","±11.2","64","±40","15.9%","±10.2","208","±82","41.2%","±15.1","30","±16","24.6%","±12.3","95","±69","17.0%","±11.0","16","±12","9.3%","±6.8","62","±32","22.8%","±8.7","85","±29","21.9%","±7.4","47","±27","19.0%","±10.6"
"        College or graduate school","60","±37","18.0%","±9.9","72","±43","19.3%","±10.7","162","±91","21.1%","±10.8","96","±50","20.7%","±7.5","136","±78","10.8%","±5.7","72","±40","14.6%","±7.2","83","±39","15.5%","±6.8","244","±90","28.5%","±8.8","47","±20","19.7%","±7.6","36","±23","13.1%","±8.4","141","±85","14.5%","±8.3","115","±58","21.1%","±9.0","77","±49","13.0%","±7.2","82","±59","20.3%","±12.0","54","±50","10.7%","±9.6","18","±14","14.8%","±11.6","119","±47","21.3%","±8.4","63","±31","36.6%","±14.2","65","±30","23.9%","±8.9","66","±30","17.0%","±7.1","50","±36","20.2%","±11.5"
"EDUCATIONAL ATTAINMENT","","","","","","","","","","","","","","","","","","","","","","","","","","","","","","","","","","","","","","","","","","","","","","","","","","","","","","","","","","","","","","","","","","","","","","","","","","","","","","","","","","","",""
"    Population 25 years and over","1,833","±167","1,833","(X)","1,323","±114","1,323","(X)","2,942","±167","2,942","(X)","1,993","±197","1,993","(X)","4,088","±243","4,088","(X)","1,580","±136","1,580","(X)","1,822","±171","1,822","(X)","3,997","±158","3,997","(X)","1,194","±100","1,194","(X)","1,251","±174","1,251","(X)","4,193","±188","4,193","(X)","3,259","±187","3,259","(X)","2,202","±186","2,202","(X)","2,283","±197","2,283","(X)","2,694","±141","2,694","(X)","964","±127","964","(X)","2,714","±119","2,714","(X)","995","±101","995","(X)","1,225","±96","1,225","(X)","1,502","±146","1,502","(X)","1,520","±130","1,520","(X)"
"        Less than 9th grade","43","±47","2.3%","±2.6","15","±15","1.1%","±1.1","24","±29","0.8%","±1.0","15","±20","0.8%","±1.0","280","±180","6.8%","±4.4","40","±36","2.5%","±2.2","91","±58","5.0%","±3.4","186","±97","4.7%","±2.4","12","±12","1.0%","±1.0","17","±14","1.4%","±1.2","112","±51","2.7%","±1.2","97","±42","3.0%","±1.2","143","±84","6.5%","±3.7","96","±59","4.2%","±2.5","52","±31","1.9%","±1.2","29","±19","3.0%","±1.9","142","±172","5.2%","±6.2","30","±24","3.0%","±2.4","28","±20","2.3%","±1.6","73","±57","4.9%","±3.5","30","±26","2.0%","±1.7"
"        9th to 12th grade, no diploma","126","±65","6.9%","±3.6","62","±34","4.7%","±2.5","138","±67","4.7%","±2.3","53","±28","2.7%","±1.5","106","±57","2.6%","±1.4","40","±24","2.5%","±1.5","166","±73","9.1%","±3.6","304","±153","7.6%","±3.8","29","±18","2.4%","±1.5","73","±39","5.8%","±2.9","241","±137","5.7%","±3.3","266","±106","8.2%","±3.3","224","±117","10.2%","±5.1","210","±74","9.2%","±3.1","219","±82","8.1%","±3.0","81","±50","8.4%","±4.7","165","±70","6.1%","±2.6","104","±37","10.5%","±3.6","111","±50","9.1%","±4.0","89","±35","5.9%","±2.3","67","±40","4.4%","±2.6"
"        High school graduate (includes equivalency)","374","±91","20.4%","±5.0","338","±63","25.5%","±4.5","639","±146","21.7%","±4.6","489","±177","24.5%","±8.0","1,135","±196","27.8%","±4.7","456","±110","28.9%","±6.0","721","±136","39.6%","±5.7","1,065","±236","26.6%","±5.6","287","±67","24.0%","±4.8","305","±72","24.4%","±5.0","1,245","±253","29.7%","±5.9","1,390","±209","42.7%","±6.1","685","±181","31.1%","±7.6","840","±167","36.8%","±6.6","915","±185","34.0%","±6.2","251","±56","26.0%","±4.8","1,105","±250","40.7%","±9.2","322","±63","32.4%","±5.1","393","±79","32.1%","±5.9","366","±70","24.4%","±4.0","332","±70","21.8%","±4.2"
"        Some college, no degree","411","±113","22.4%","±5.7","226","±55","17.1%","±3.6","602","±186","20.5%","±6.3","291","±67","14.6%","±3.5","572","±141","14.0%","±3.4","331","±87","20.9%","±5.6","300","±84","16.5%","±4.2","806","±196","20.2%","±4.8","185","±56","15.5%","±4.4","129","±44","10.3%","±3.3","629","±168","15.0%","±4.0","437","±107","13.4%","±3.2","369","±129","16.8%","±5.7","290","±98","12.7%","±4.2","424","±131","15.7%","±4.8","174","±43","18.0%","±4.4","294","±121","10.8%","±4.5","94","±31","9.4%","±3.1","169","±59","13.8%","±4.6","227","±54","15.1%","±3.7","338","±90","22.2%","±5.6"
"        Associate's degree","200","±63","10.9%","±3.6","144","±43","10.9%","±3.2","278","±85","9.4%","±3.0","224","±91","11.2%","±4.2","542","±159","13.3%","±3.7","188","±63","11.9%","±4.0","213","±66","11.7%","±3.7","554","±177","13.9%","±4.4","104","±37","8.7%","±2.9","139","±57","11.1%","±4.1","793","±243","18.9%","±5.4","222","±82","6.8%","±2.6","233","±79","10.6%","±3.7","117","±73","5.1%","±3.1","420","±134","15.6%","±5.0","81","±30","8.4%","±3.0","260","±92","9.6%","±3.5","85","±30","8.5%","±3.0","119","±40","9.7%","±3.3","190","±50","12.6%","±3.1","199","±61","13.1%","±3.8"
"        Bachelor's degree","389","±121","21.2%","±5.7","233","±51","17.6%","±3.4","515","±104","17.5%","±3.3","501","±121","25.1%","±5.9","722","±153","17.7%","±3.5","316","±88","20.0%","±5.5","244","±71","13.4%","±3.8","659","±183","16.5%","±4.7","234","±54","19.6%","±4.2","278","±93","22.2%","±6.5","629","±179","15.0%","±4.3","542","±171","16.6%","±5.0","325","±106","14.8%","±4.7","350","±104","15.3%","±4.5","464","±126","17.2%","±4.6","110","±31","11.4%","±3.0","372","±102","13.7%","±3.8","172","±38","17.3%","±3.3","206","±47","16.8%","±3.7","308","±66","20.5%","±4.4","272","±71","17.9%","±4.7"
"        Graduate or professional degree","290","±88","15.8%","±4.4","305","±58","23.1%","±3.8","746","±156","25.4%","±4.9","420","±96","21.1%","±4.7","731","±170","17.9%","±4.1","209","±66","13.2%","±4.1","87","±43","4.8%","±2.3","423","±142","10.6%","±3.6","343","±81","28.7%","±7.1","310","±93","24.8%","±6.9","544","±172","13.0%","±4.1","305","±117","9.4%","±3.5","223","±84","10.1%","±3.9","380","±105","16.6%","±4.2","200","±66","7.4%","±2.5","238","±60","24.7%","±5.0","376","±122","13.9%","±4.4","188","±60","18.9%","±5.6","199","±53","16.2%","±4.2","249","±56","16.6%","±3.5","282","±63","18.6%","±3.9"
"        High school graduate or higher","1,664","±183","90.8%","±4.2","1,246","±116","94.2%","±3.0","2,780","±185","94.5%","±2.7","1,925","±203","96.6%","±1.8","3,702","±288","90.6%","±4.6","1,500","±125","94.9%","±3.0","1,565","±173","85.9%","±4.2","3,507","±226","87.7%","±4.3","1,153","±100","96.6%","±1.9","1,161","±163","92.8%","±3.0","3,840","±251","91.6%","±3.6","2,896","±204","88.9%","±3.5","1,835","±183","83.3%","±5.8","1,977","±194","86.6%","±4.4","2,423","±157","89.9%","±3.3","854","±104","88.6%","±4.7","2,407","±176","88.7%","±6.5","861","±98","86.5%","±4.3","1,086","±93","88.7%","±3.7","1,340","±113","89.2%","±4.1","1,423","±121","93.6%","±2.6"
"        Bachelor's degree or higher","679","±145","37.0%","±5.8","538","±82","40.7%","±4.8","1,261","±205","42.9%","±6.2","921","±156","46.2%","±7.4","1,453","±225","35.5%","±5.1","525","±111","33.2%","±6.8","331","±86","18.2%","±4.6","1,082","±246","27.1%","±6.3","577","±89","48.3%","±7.4","588","±115","47.0%","±6.4","1,173","±229","28.0%","±5.5","847","±198","26.0%","±5.6","548","±128","24.9%","±5.7","730","±163","32.0%","±6.5","664","±141","24.6%","±5.3","348","±74","36.1%","±6.0","748","±165","27.6%","±6.0","360","±75","36.2%","±6.3","405","±69","33.1%","±5.1","557","±85","37.1%","±5.3","554","±101","36.4%","±6.4"
"VETERAN STATUS","","","","","","","","","","","","","","","","","","","","","","","","","","","","","","","","","","","","","","","","","","","","","","","","","","","","","","","","","","","","","","","","","","","","","","","","","","","","","","","","","","","",""
"    Civilian population 18 years and over","1,998","±199","1,998","(X)","1,469","±147","1,469","(X)","3,154","±137","3,154","(X)","2,081","±199","2,081","(X)","4,451","±255","4,451","(X)","1,718","±152","1,718","(X)","2,147","±105","2,147","(X)","4,398","±128","4,398","(X)","1,266","±109","1,266","(X)","1,298","±181","1,298","(X)","4,551","±187","4,551","(X)","3,618","±128","3,618","(X)","2,484","±214","2,484","(X)","2,565","±216","2,565","(X)","2,941","±138","2,941","(X)","1,002","±133","1,002","(X)","2,900","±96","2,900","(X)","1,065","±110","1,065","(X)","1,307","±97","1,307","(X)","1,662","±155","1,662","(X)","1,636","±136","1,636","(X)"
"        Civilian veterans","172","±72","8.6%","±3.5","127","±39","8.6%","±2.4","196","±86","6.2%","±2.7","203","±64","9.8%","±3.0","362","±99","8.1%","±2.2","124","±50","7.2%","±2.7","192","±70","8.9%","±3.1","454","±114","10.3%","±2.5","121","±39","9.6%","±2.8","117","±51","9.0%","±3.7","473","±161","10.4%","±3.4","301","±116","8.3%","±3.2","80","±52","3.2%","±2.0","81","±58","3.2%","±2.3","248","±97","8.4%","±3.4","77","±28","7.7%","±2.8","189","±88","6.5%","±3.1","96","±25","9.0%","±2.4","91","±31","7.0%","±2.3","157","±41","9.4%","±2.5","114","±36","7.0%","±2.2"
"DISABILITY STATUS OF THE CIVILIAN NONINSTITUTIONALIZED POPULATION","","","","","","","","","","","","","","","","","","","","","","","","","","","","","","","","","","","","","","","","","","","","","","","","","","","","","","","","","","","","","","","","","","","","","","","","","","","","","","","","","","","",""
"    Total Civilian Noninstitutionalized Population","2,321","±247","2,321","(X)","1,652","±145","1,652","(X)","3,905","±20","3,905","(X)","2,534","±249","2,534","(X)","5,484","±254","5,484","(X)","2,260","±215","2,260","(X)","2,669","±32","2,669","(X)","4,917","±142","4,917","(X)","1,495","±132","1,495","(X)","1,562","±228","1,562","(X)","5,515","±59","5,515","(X)","4,135","±43","4,135","(X)","3,102","±254","3,102","(X)","2,511","±272","2,511","(X)","3,393","±77","3,393","(X)","1,087","±147","1,087","(X)","3,451","±19","3,451","(X)","1,250","±134","1,250","(X)","1,569","±137","1,569","(X)","2,052","±171","2,052","(X)","1,875","±144","1,875","(X)"
"        With a disability","349","±111","15.0%","±4.3","200","±58","12.1%","±3.3","543","±139","13.9%","±3.6","259","±74","10.2%","±2.7","737","±185","13.4%","±3.2","274","±84","12.1%","±3.5","420","±103","15.7%","±3.9","540","±151","11.0%","±3.0","157","±49","10.5%","±2.9","206","±62","13.2%","±4.2","895","±269","16.2%","±4.9","761","±162","18.4%","±3.9","539","±162","17.4%","±5.2","320","±102","12.7%","±4.1","630","±197","18.6%","±5.7","197","±57","18.1%","±4.4","790","±263","22.9%","±7.6","144","±36","11.5%","±2.9","211","±57","13.4%","±3.3","289","±121","14.1%","±5.4","230","±68","12.3%","±3.4"
"    Under 18 years","323","±98","323","(X)","213","±57","213","(X)","751","±139","751","(X)","453","±147","453","(X)","1,269","±162","1,269","(X)","542","±103","542","(X)","522","±99","522","(X)","734","±134","734","(X)","229","±57","229","(X)","264","±88","264","(X)","1,074","±185","1,074","(X)","587","±121","587","(X)","699","±151","699","(X)","400","±116","400","(X)","509","±135","509","(X)","98","±38","98","(X)","551","±94","551","(X)","185","±61","185","(X)","263","±63","263","(X)","390","±64","390","(X)","239","±39","239","(X)"
"        With a disability","16","±26","5.0%","±7.1","12","±13","5.6%","±5.6","27","±26","3.6%","±3.8","28","±33","6.2%","±6.1","85","±48","6.7%","±3.7","29","±37","5.4%","±6.7","38","±35","7.3%","±6.2","78","±60","10.6%","±8.0","20","±20","8.7%","±8.3","24","±20","9.1%","±8.3","87","±62","8.1%","±5.7","42","±43","7.2%","±7.5","76","±63","10.9%","±8.7","0","±12","0.0%","±7.8","0","±12","0.0%","±6.2","15","±18","15.3%","±16.7","15","±23","2.7%","±4.2","0","±12","0.0%","±16.1","17","±14","6.5%","±5.0","28","±19","7.2%","±4.7","28","±24","11.7%","±9.4"
"    18 to 64 years","1,488","±180","1,488","(X)","953","±116","953","(X)","2,116","±180","2,116","(X)","1,428","±181","1,428","(X)","3,182","±252","3,182","(X)","1,360","±146","1,360","(X)","1,709","±95","1,709","(X)","2,980","±169","2,980","(X)","753","±83","753","(X)","891","±160","891","(X)","3,221","±235","3,221","(X)","2,470","±155","2,470","(X)","1,963","±211","1,963","(X)","1,763","±213","1,763","(X)","2,023","±200","2,023","(X)","631","±86","631","(X)","2,035","±191","2,035","(X)","745","±93","745","(X)","984","±86","984","(X)","1,273","±120","1,273","(X)","1,146","±115","1,146","(X)"
"        With a disability","205","±92","13.8%","±5.8","60","±25","6.3%","±2.4","277","±84","13.1%","±4.1","113","±54","7.9%","±3.7","318","±141","10.0%","±4.1","132","±59","9.7%","±4.3","191","±67","11.2%","±3.9","177","±103","5.9%","±3.5","56","±28","7.4%","±3.6","84","±46","9.4%","±5.3","425","±208","13.2%","±6.4","206","±90","8.3%","±3.6","340","±119","17.3%","±5.6","227","±95","12.9%","±5.1","263","±143","13.0%","±6.8","90","±36","14.3%","±4.9","437","±160","21.5%","±7.3","50","±22","6.7%","±2.8","127","±46","12.9%","±4.5","117","±74","9.2%","±5.5","108","±40","9.4%","±3.4"
"    65 years and over","510","±103","510","(X)","486","±69","486","(X)","1,038","±158","1,038","(X)","653","±114","653","(X)","1,033","±125","1,033","(X)","358","±62","358","(X)","438","±91","438","(X)","1,203","±189","1,203","(X)","513","±70","513","(X)","407","±106","407","(X)","1,220","±225","1,220","(X)","1,078","±160","1,078","(X)","440","±80","440","(X)","348","±73","348","(X)","861","±193","861","(X)","358","±71","358","(X)","865","±217","865","(X)","320","±46","320","(X)","322","±53","322","(X)","389","±75","389","(X)","490","±87","490","(X)"
"        With a disability","128","±60","25.1%","±9.9","128","±48","26.3%","±8.9","239","±97","23.0%","±7.5","118","±39","18.1%","±6.3","334","±123","32.3%","±11.6","113","±46","31.6%","±12.5","191","±60","43.6%","±11.3","285","±114","23.7%","±8.6","81","±33","15.8%","±6.0","98","±43","24.1%","±8.2","383","±134","31.4%","±10.8","513","±143","47.6%","±10.2","123","±57","28.0%","±12.0","93","±43","26.7%","±11.7","367","±162","42.6%","±13.5","92","±30","25.7%","±7.7","338","±244","39.1%","±21.6","94","±27","29.4%","±8.3","67","±32","20.8%","±9.3","144","±58","37.0%","±10.3","94","±37","19.2%","±6.9"
"RESIDENCE 1 YEAR AGO","","","","","","","","","","","","","","","","","","","","","","","","","","","","","","","","","","","","","","","","","","","","","","","","","","","","","","","","","","","","","","","","","","","","","","","","","","","","","","","","","","","",""
"    Population 1 year and over","2,301","±240","2,301","(X)","1,779","±153","1,779","(X)","3,869","±37","3,869","(X)","2,509","±245","2,509","(X)","5,694","±256","5,694","(X)","2,236","±217","2,236","(X)","2,665","±35","2,665","(X)","5,106","±48","5,106","(X)","1,470","±128","1,470","(X)","1,537","±224","1,537","(X)","5,688","±35","5,688","(X)","4,234","±22","4,234","(X)","3,123","±257","3,123","(X)","3,043","±247","3,043","(X)","3,449","±58","3,449","(X)","1,097","±148","1,097","(X)","3,406","±56","3,406","(X)","1,240","±134","1,240","(X)","1,567","±136","1,567","(X)","2,033","±171","2,033","(X)","1,856","±142","1,856","(X)"
"        Same house","2,038","±224","88.6%","±4.7","1,594","±151","89.6%","±4.7","3,557","±169","91.9%","±4.1","2,253","±252","89.8%","±4.7","5,060","±319","88.9%","±4.1","2,137","±208","95.6%","±2.4","2,553","±79","95.8%","±2.7","4,830","±137","94.6%","±2.4","1,330","±125","90.5%","±4.3","1,384","±225","90.0%","±5.8","4,986","±304","87.7%","±5.3","3,918","±141","92.5%","±3.3","2,600","±289","83.3%","±7.1","2,612","±289","85.8%","±4.9","3,154","±166","91.4%","±4.6","1,010","±139","92.1%","±3.7","3,182","±170","93.4%","±4.0","1,157","±136","93.3%","±3.5","1,456","±132","92.9%","±3.0","1,897","±172","93.3%","±3.0","1,727","±144","93.0%","±3.3"
"        Different house in the U.S.","263","±117","11.4%","±4.7","183","±86","10.3%","±4.7","290","±152","7.5%","±4.0","256","±120","10.2%","±4.7","588","±232","10.3%","±4.1","99","±55","4.4%","±2.4","112","±70","4.2%","±2.7","240","±119","4.7%","±2.3","140","±66","9.5%","±4.3","146","±91","9.5%","±5.8","692","±301","12.2%","±5.3","316","±139","7.5%","±3.3","523","±230","16.7%","±7.1","431","±146","14.2%","±4.9","232","±141","6.7%","±4.1","87","±44","7.9%","±3.7","224","±133","6.6%","±4.0","83","±44","6.7%","±3.5","87","±48","5.6%","±3.0","129","±60","6.3%","±2.9","129","±61","7.0%","±3.3"
"            Same county","96","±71","4.2%","±3.0","117","±78","6.6%","±4.4","133","±72","3.4%","±1.9","163","±106","6.5%","±4.1","203","±132","3.6%","±2.3","86","±54","3.8%","±2.3","71","±65","2.7%","±2.4","137","±91","2.7%","±1.8","71","±56","4.8%","±3.6","114","±86","7.4%","±5.5","538","±232","9.5%","±4.1","173","±99","4.1%","±2.3","378","±209","12.1%","±6.6","160","±103","5.3%","±3.4","152","±123","4.4%","±3.6","32","±26","2.9%","±2.3","96","±74","2.8%","±2.2","62","±37","5.0%","±3.0","40","±42","2.6%","±2.7","10","±11","0.5%","±0.5","91","±49","4.9%","±2.6"
"            Different county","167","±87","7.3%","±3.6","66","±71","3.7%","±3.9","157","±103","4.1%","±2.7","93","±52","3.7%","±2.1","385","±207","6.8%","±3.6","13","±12","0.6%","±0.5","41","±24","1.5%","±0.9","103","±64","2.0%","±1.3","69","±39","4.7%","±2.7","32","±26","2.1%","±1.6","154","±101","2.7%","±1.8","143","±82","3.4%","±1.9","145","±111","4.6%","±3.5","271","±108","8.9%","±3.7","80","±48","2.3%","±1.4","55","±34","5.0%","±3.0","128","±114","3.8%","±3.4","21","±18","1.7%","±1.4","47","±23","3.0%","±1.4","119","±59","5.9%","±2.9","38","±35","2.0%","±1.9"
"                Same state","64","±48","2.8%","±2.0","46","±70","2.6%","±4.0","114","±101","2.9%","±2.6","29","±29","1.2%","±1.2","129","±83","2.3%","±1.5","10","±11","0.4%","±0.5","23","±17","0.9%","±0.6","77","±53","1.5%","±1.0","53","±37","3.6%","±2.5","16","±19","1.0%","±1.2","131","±95","2.3%","±1.7","105","±69","2.5%","±1.6","66","±44","2.1%","±1.4","180","±76","5.9%","±2.6","57","±46","1.7%","±1.3","31","±30","2.8%","±2.7","106","±107","3.1%","±3.2","13","±14","1.0%","±1.2","39","±21","2.5%","±1.3","106","±59","5.2%","±2.9","33","±35","1.8%","±1.9"
"                Different state","103","±73","4.5%","±3.1","20","±17","1.1%","±0.9","43","±30","1.1%","±0.8","64","±46","2.6%","±1.8","256","±198","4.5%","±3.5","3","±4","0.1%","±0.2","18","±19","0.7%","±0.7","26","±37","0.5%","±0.7","16","±13","1.1%","±0.9","16","±18","1.0%","±1.2","23","±24","0.4%","±0.4","38","±43","0.9%","±1.0","79","±105","2.5%","±3.4","91","±89","3.0%","±2.9","23","±23","0.7%","±0.7","24","±16","2.2%","±1.4","22","±34","0.6%","±1.0","8","±9","0.6%","±0.7","8","±11","0.5%","±0.7","13","±11","0.6%","±0.5","5","±8","0.3%","±0.4"
"        Abroad","0","±12","0.0%","±1.4","2","±4","0.1%","±0.2","22","±37","0.6%","±0.9","0","±12","0.0%","±1.3","46","±65","0.8%","±1.1","0","±12","0.0%","±1.4","0","±12","0.0%","±1.2","36","±33","0.7%","±0.6","0","±12","0.0%","±2.2","7","±11","0.5%","±0.7","10","±20","0.2%","±0.4","0","±12","0.0%","±0.8","0","±12","0.0%","±1.0","0","±12","0.0%","±1.1","63","±49","1.8%","±1.4","0","±12","0.0%","±2.9","0","±12","0.0%","±0.9","0","±12","0.0%","±2.6","24","±29","1.5%","±1.8","7","±8","0.3%","±0.4","0","±12","0.0%","±1.7"
"PLACE OF BIRTH","","","","","","","","","","","","","","","","","","","","","","","","","","","","","","","","","","","","","","","","","","","","","","","","","","","","","","","","","","","","","","","","","","","","","","","","","","","","","","","","","","","",""
"    Total population","2,321","±247","2,321","(X)","1,785","±153","1,785","(X)","3,905","±20","3,905","(X)","2,534","±249","2,534","(X)","5,737","±254","5,737","(X)","2,260","±215","2,260","(X)","2,669","±32","2,669","(X)","5,132","±43","5,132","(X)","1,495","±132","1,495","(X)","1,562","±228","1,562","(X)","5,708","±19","5,708","(X)","4,234","±22","4,234","(X)","3,183","±251","3,183","(X)","3,052","±248","3,052","(X)","3,491","±17","3,491","(X)","1,100","±148","1,100","(X)","3,451","±19","3,451","(X)","1,250","±134","1,250","(X)","1,575","±137","1,575","(X)","2,052","±171","2,052","(X)","1,875","±144","1,875","(X)"
"        Native","2,203","±249","94.9%","±2.7","1,746","±152","97.8%","±1.1","3,796","±62","97.2%","±1.5","2,363","±245","93.3%","±2.8","5,452","±264","95.0%","±2.5","2,132","±205","94.3%","±4.7","2,532","±122","94.9%","±4.4","4,846","±126","94.4%","±2.3","1,428","±134","95.5%","±2.2","1,461","±221","93.5%","±2.7","5,404","±165","94.7%","±2.9","3,861","±146","91.2%","±3.4","2,718","±309","85.4%","±6.8","2,534","±243","83.0%","±5.9","3,275","±84","93.8%","±2.4","1,006","±145","91.5%","±3.1","3,300","±96","95.6%","±2.7","1,151","±121","92.1%","±2.8","1,429","±137","90.7%","±3.9","1,924","±166","93.8%","±2.1","1,761","±148","93.9%","±2.4"
"            Born in United States","2,184","±247","94.1%","±2.8","1,732","±150","97.0%","±1.2","3,785","±66","96.9%","±1.6","2,348","±245","92.7%","±2.9","5,419","±270","94.5%","±2.5","2,127","±204","94.1%","±4.6","2,527","±122","94.7%","±4.4","4,826","±130","94.0%","±2.4","1,409","±135","94.2%","±2.5","1,457","±220","93.3%","±2.7","5,381","±168","94.3%","±2.9","3,824","±154","90.3%","±3.6","2,680","±300","84.2%","±6.5","2,478","±244","81.2%","±5.8","3,198","±123","91.6%","±3.5","996","±147","90.5%","±3.3","3,249","±102","94.1%","±2.9","1,142","±116","91.4%","±3.1","1,425","±136","90.5%","±4.0","1,892","±164","92.2%","±2.5","1,703","±142","90.8%","±2.7"
"                State of residence","1,048","±160","45.2%","±5.4","1,055","±139","59.1%","±6.1","2,690","±217","68.9%","±5.6","1,897","±247","74.9%","±4.4","4,456","±320","77.7%","±3.8","1,800","±186","79.6%","±5.6","2,294","±127","85.9%","±4.6","4,022","±233","78.4%","±4.5","920","±110","61.5%","±5.9","668","±127","42.8%","±7.5","4,530","±253","79.4%","±4.4","3,446","±198","81.4%","±4.7","2,316","±290","72.8%","±6.9","2,034","±223","66.6%","±6.2","2,738","±168","78.4%","±4.8","706","±125","64.2%","±7.1","2,267","±204","65.7%","±5.9","783","±94","62.6%","±4.3","1,038","±125","65.9%","±4.4","1,418","±156","69.1%","±4.3","1,400","±130","74.7%","±4.0"
"                Different state","1,136","±189","48.9%","±5.5","677","±123","37.9%","±6.0","1,095","±210","28.0%","±5.4","451","±87","17.8%","±3.7","963","±170","16.8%","±3.1","327","±102","14.5%","±4.2","233","±73","8.7%","±2.8","804","±183","15.7%","±3.6","489","±104","32.7%","±5.7","789","±194","50.5%","±8.0","851","±254","14.9%","±4.5","378","±109","8.9%","±2.6","364","±121","11.4%","±3.7","444","±118","14.5%","±3.6","460","±105","13.2%","±3.0","290","±88","26.4%","±7.0","982","±196","28.5%","±5.7","359","±66","28.7%","±4.6","387","±64","24.6%","±4.1","474","±80","23.1%","±3.7","303","±65","16.2%","±3.1"
"            Born in Puerto Rico, U.S. Island areas, or born abroad to American parent(s)","19","±18","0.8%","±0.8","14","±12","0.8%","±0.7","11","±14","0.3%","±0.4","15","±16","0.6%","±0.6","33","±31","0.6%","±0.5","5","±8","0.2%","±0.3","5","±8","0.2%","±0.3","20","±24","0.4%","±0.5","19","±14","1.3%","±0.9","4","±7","0.3%","±0.4","23","±34","0.4%","±0.6","37","±56","0.9%","±1.3","38","±38","1.2%","±1.2","56","±42","1.8%","±1.4","77","±68","2.2%","±1.9","10","±11","0.9%","±1.1","51","±40","1.5%","±1.2","9","±15","0.7%","±1.2","4","±6","0.3%","±0.4","32","±19","1.6%","±0.9","58","±33","3.1%","±1.7"
"        Foreign born","118","±62","5.1%","±2.7","39","±19","2.2%","±1.1","109","±57","2.8%","±1.5","171","±71","6.7%","±2.8","285","±145","5.0%","±2.5","128","±108","5.7%","±4.7","137","±116","5.1%","±4.4","286","±118","5.6%","±2.3","67","±32","4.5%","±2.2","101","±43","6.5%","±2.7","304","±165","5.3%","±2.9","373","±145","8.8%","±3.4","465","±216","14.6%","±6.8","518","±194","17.0%","±5.9","216","±83","6.2%","±2.4","94","±34","8.5%","±3.1","151","±93","4.4%","±2.7","99","±38","7.9%","±2.8","146","±64","9.3%","±3.9","128","±45","6.2%","±2.1","114","±44","6.1%","±2.4"
"U.S. CITIZENSHIP STATUS","","","","","","","","","","","","","","","","","","","","","","","","","","","","","","","","","","","","","","","","","","","","","","","","","","","","","","","","","","","","","","","","","","","","","","","","","","","","","","","","","","","",""
"    Foreign-born population","118","±62","118","(X)","39","±19","39","(X)","109","±57","109","(X)","171","±71","171","(X)","285","±145","285","(X)","128","±108","128","(X)","137","±116","137","(X)","286","±118","286","(X)","67","±32","67","(X)","101","±43","101","(X)","304","±165","304","(X)","373","±145","373","(X)","465","±216","465","(X)","518","±194","518","(X)","216","±83","216","(X)","94","±34","94","(X)","151","±93","151","(X)","99","±38","99","(X)","146","±64","146","(X)","128","±45","128","(X)","114","±44","114","(X)"
"        Naturalized U.S. citizen","79","±48","66.9%","±31.2","29","±18","74.4%","±18.1","91","±52","83.5%","±16.5","105","±54","61.4%","±19.2","64","±52","22.5%","±19.5","33","±31","25.8%","±30.4","24","±21","17.5%","±23.9","98","±63","34.3%","±17.1","52","±24","77.6%","±14.3","77","±39","76.2%","±20.8","179","±124","58.9%","±21.6","227","±122","60.9%","±17.7","245","±121","52.7%","±25.0","248","±114","47.9%","±16.8","114","±61","52.8%","±19.7","64","±27","68.1%","±15.0","85","±57","56.3%","±31.3","66","±30","66.7%","±20.9","75","±44","51.4%","±18.2","80","±30","62.5%","±13.5","77","±36","67.5%","±17.8"
"        Not a U.S. citizen","39","±43","33.1%","±31.2","10","±8","25.6%","±18.1","18","±20","16.5%","±16.5","66","±42","38.6%","±19.2","221","±138","77.5%","±19.5","95","±101","74.2%","±30.4","113","±116","82.5%","±23.9","188","±88","65.7%","±17.1","15","±14","22.4%","±14.3","24","±23","23.8%","±20.8","125","±85","41.1%","±21.6","146","±75","39.1%","±17.7","220","±177","47.3%","±25.0","270","±145","52.1%","±16.8","102","±57","47.2%","±19.7","30","±18","31.9%","±15.0","66","±73","43.7%","±31.3","33","±26","33.3%","±20.9","71","±39","48.6%","±18.2","48","±26","37.5%","±13.5","37","±25","32.5%","±17.8"
"YEAR OF ENTRY","","","","","","","","","","","","","","","","","","","","","","","","","","","","","","","","","","","","","","","","","","","","","","","","","","","","","","","","","","","","","","","","","","","","","","","","","","","","","","","","","","","",""
"    Population born outside the United States","137","±64","137","(X)","53","±23","53","(X)","120","±61","120","(X)","186","±76","186","(X)","318","±145","318","(X)","133","±108","133","(X)","142","±117","142","(X)","306","±122","306","(X)","86","±37","86","(X)","105","±44","105","(X)","327","±168","327","(X)","410","±153","410","(X)","503","±210","503","(X)","574","±194","574","(X)","293","±122","293","(X)","104","±36","104","(X)","202","±99","202","(X)","108","±44","108","(X)","150","±64","150","(X)","160","±53","160","(X)","172","±51","172","(X)"
"        Native","19","±18","19","(X)","14","±12","14","(X)","11","±14","11","(X)","15","±16","15","(X)","33","±31","33","(X)","5","±8","5","(X)","5","±8","5","(X)","20","±24","20","(X)","19","±14","19","(X)","4","±7","4","(X)","23","±34","23","(X)","37","±56","37","(X)","38","±38","38","(X)","56","±42","56","(X)","77","±68","77","(X)","10","±11","10","(X)","51","±40","51","(X)","9","±15","9","(X)","4","±6","4","(X)","32","±19","32","(X)","58","±33","58","(X)"
"            Entered 2010 or later","0","±12","0.0%","±68.0","0","±12","0.0%","±79.3","0","±12","0.0%","±89.4","3","±6","20.0%","±34.6","0","±17","0.0%","±51.6","0","±12","0.0%","±100.0","0","±12","0.0%","±100.0","0","±17","0.0%","±66.3","3","±6","15.8%","±21.6","0","±12","0.0%","±100.0","0","±17","0.0%","±61.8","0","±12","0.0%","±48.8","11","±18","28.9%","±35.2","0","±12","0.0%","±39.6","13","±21","16.9%","±22.5","0","±12","0.0%","±93.8","0","±12","0.0%","±41.5","0","±12","0.0%","±98.9","0","±12","0.0%","±100.0","3","±5","9.4%","±16.5","10","±13","17.2%","±21.7"
"            Entered before 2010","19","±18","100.0%","±68.0","14","±12","100.0%","±79.3","11","±14","100.0%","±89.4","12","±15","80.0%","±34.6","33","±31","100.0%","±51.6","5","±8","100.0%","±100.0","5","±8","100.0%","±100.0","20","±24","100.0%","±66.3","16","±10","84.2%","±21.6","4","±7","100.0%","±100.0","23","±34","100.0%","±61.8","37","±56","100.0%","±48.8","27","±29","71.1%","±35.2","56","±42","100.0%","±39.6","64","±59","83.1%","±22.5","10","±11","100.0%","±93.8","51","±40","100.0%","±41.5","9","±15","100.0%","±98.9","4","±6","100.0%","±100.0","29","±19","90.6%","±16.5","48","±31","82.8%","±21.7"
"        Foreign born","118","±62","118","(X)","39","±19","39","(X)","109","±57","109","(X)","171","±71","171","(X)","285","±145","285","(X)","128","±108","128","(X)","137","±116","137","(X)","286","±118","286","(X)","67","±32","67","(X)","101","±43","101","(X)","304","±165","304","(X)","373","±145","373","(X)","465","±216","465","(X)","518","±194","518","(X)","216","±83","216","(X)","94","±34","94","(X)","151","±93","151","(X)","99","±38","99","(X)","146","±64","146","(X)","128","±45","128","(X)","114","±44","114","(X)"
"            Entered 2010 or later","6","±9","5.1%","±7.8","0","±12","0.0%","±47.5","18","±20","16.5%","±16.5","19","±20","11.1%","±10.8","28","±45","9.8%","±17.3","81","±91","63.3%","±28.4","20","±27","14.6%","±11.0","120","±70","42.0%","±16.9","3","±5","4.5%","±6.8","13","±19","12.9%","±18.2","32","±29","10.5%","±8.2","36","±31","9.7%","±8.2","152","±170","32.7%","±27.2","73","±79","14.1%","±12.4","24","±32","11.1%","±13.7","7","±9","7.4%","±8.7","15","±22","9.9%","±14.6","21","±20","21.2%","±17.3","36","±35","24.7%","±18.6","15","±15","11.7%","±11.3","21","±22","18.4%","±16.8"
"            Entered before 2010","112","±60","94.9%","±7.8","39","±19","100.0%","±47.5","91","±52","83.5%","±16.5","152","±64","88.9%","±10.8","257","±154","90.2%","±17.3","47","±36","36.7%","±28.4","117","±92","85.4%","±11.0","166","±81","58.0%","±16.9","64","±31","95.5%","±6.8","88","±41","87.1%","±18.2","272","±149","89.5%","±8.2","337","±140","90.3%","±8.2","313","±130","67.3%","±27.2","445","±156","85.9%","±12.4","192","±78","88.9%","±13.7","87","±31","92.6%","±8.7","136","±91","90.1%","±14.6","78","±31","78.8%","±17.3","110","±48","75.3%","±18.6","113","±45","88.3%","±11.3","93","±39","81.6%","±16.8"
"WORLD REGION OF BIRTH OF FOREIGN BORN","","","","","","","","","","","","","","","","","","","","","","","","","","","","","","","","","","","","","","","","","","","","","","","","","","","","","","","","","","","","","","","","","","","","","","","","","","","","","","","","","","","",""
"    Foreign-born population, excluding population born at sea","118","±62","118","(X)","39","±19","39","(X)","109","±57","109","(X)","171","±71","171","(X)","285","±145","285","(X)","128","±108","128","(X)","137","±116","137","(X)","286","±118","286","(X)","67","±32","67","(X)","101","±43","101","(X)","304","±165","304","(X)","373","±145","373","(X)","465","±216","465","(X)","518","±194","518","(X)","216","±83","216","(X)","94","±34","94","(X)","151","±93","151","(X)","99","±38","99","(X)","146","±64","146","(X)","128","±45","128","(X)","114","±44","114","(X)"
"        Europe","68","±36","57.6%","±29.3","30","±17","76.9%","±16.7","59","±33","54.1%","±26.8","105","±40","61.4%","±17.1","16","±15","5.6%","±6.3","80","±85","62.5%","±35.1","55","±34","40.1%","±45.0","91","±72","31.8%","±22.3","25","±17","37.3%","±16.4","55","±29","54.5%","±22.9","95","±88","31.3%","±22.8","141","±81","37.8%","±16.8","44","±35","9.5%","±8.6","100","±69","19.3%","±12.6","111","±64","51.4%","±19.9","39","±19","41.5%","±14.6","50","±40","33.1%","±19.6","40","±21","40.4%","±18.0","93","±49","63.7%","±22.5","57","±25","44.5%","±18.8","55","±27","48.2%","±19.6"
"        Asia","13","±28","11.0%","±22.5","6","±7","15.4%","±16.1","11","±19","10.1%","±15.5","20","±18","11.7%","±10.4","12","±17","4.2%","±6.5","0","±12","0.0%","±22.2","1","±3","0.7%","±2.9","14","±17","4.9%","±6.3","21","±16","31.3%","±16.0","0","±12","0.0%","±26.9","112","±104","36.8%","±26.4","121","±101","32.4%","±20.9","159","±126","34.2%","±23.4","263","±124","50.8%","±15.3","49","±39","22.7%","±16.1","22","±13","23.4%","±12.0","17","±20","11.3%","±13.1","14","±10","14.1%","±9.4","39","±38","26.7%","±21.2","25","±20","19.5%","±14.3","24","±20","21.1%","±15.9"
"        Africa","0","±12","0.0%","±23.7","0","±12","0.0%","±47.5","0","±12","0.0%","±25.3","0","±12","0.0%","±17.2","3","±5","1.1%","±1.9","0","±12","0.0%","±22.2","0","±12","0.0%","±20.9","0","±17","0.0%","±10.7","0","±12","0.0%","±36.0","0","±12","0.0%","±26.9","38","±42","12.5%","±16.0","0","±12","0.0%","±8.3","0","±12","0.0%","±6.7","8","±13","1.5%","±2.7","18","±30","8.3%","±13.1","5","±10","5.3%","±9.1","0","±12","0.0%","±19.2","0","±12","0.0%","±27.4","0","±12","0.0%","±19.8","3","±4","2.3%","±3.3","0","±12","0.0%","±24.4"
"        Oceania","0","±12","0.0%","±23.7","0","±12","0.0%","±47.5","0","±12","0.0%","±25.3","0","±12","0.0%","±17.2","0","±17","0.0%","±10.8","0","±12","0.0%","±22.2","0","±12","0.0%","±20.9","4","±8","1.4%","±2.8","6","±8","9.0%","±11.2","0","±12","0.0%","±26.9","0","±17","0.0%","±10.1","0","±12","0.0%","±8.3","0","±12","0.0%","±6.7","0","±12","0.0%","±6.1","0","±12","0.0%","±13.9","1","±3","1.1%","±3.4","31","±40","20.5%","±19.8","0","±12","0.0%","±27.4","0","±12","0.0%","±19.8","0","±12","0.0%","±22.2","0","±12","0.0%","±24.4"
"        Latin America","29","±39","24.6%","±28.4","3","±6","7.7%","±14.3","39","±39","35.8%","±26.3","26","±35","15.2%","±18.2","254","±144","89.1%","±9.8","48","±53","37.5%","±35.1","78","±113","56.9%","±47.9","177","±104","61.9%","±23.8","10","±11","14.9%","±13.0","22","±23","21.8%","±19.3","14","±21","4.6%","±7.2","75","±54","20.1%","±14.7","262","±174","56.3%","±23.4","131","±109","25.3%","±16.6","32","±31","14.8%","±13.7","24","±17","25.5%","±14.4","13","±25","8.6%","±16.7","36","±26","36.4%","±18.0","14","±17","9.6%","±12.0","40","±35","31.3%","±19.4","32","±31","28.1%","±20.6"
"        Northern America","8","±13","6.8%","±11.0","0","±12","0.0%","±47.5","0","±12","0.0%","±25.3","20","±24","11.7%","±11.8","0","±17","0.0%","±10.8","0","±12","0.0%","±22.2","3","±5","2.2%","±5.3","0","±17","0.0%","±10.7","5","±6","7.5%","±7.3","24","±24","23.8%","±21.6","45","±65","14.8%","±20.5","36","±39","9.7%","±10.7","0","±12","0.0%","±6.7","16","±24","3.1%","±4.6","6","±9","2.8%","±4.2","3","±4","3.2%","±4.2","40","±48","26.5%","±27.9","9","±7","9.1%","±6.1","0","±12","0.0%","±19.8","3","±5","2.3%","±3.8","3","±5","2.6%","±4.1"
"LANGUAGE SPOKEN AT HOME","","","","","","","","","","","","","","","","","","","","","","","","","","","","","","","","","","","","","","","","","","","","","","","","","","","","","","","","","","","","","","","","","","","","","","","","","","","","","","","","","","","",""
"    Population 5 years and over","2,247","±237","2,247","(X)","1,755","±151","1,755","(X)","3,705","±66","3,705","(X)","2,417","±239","2,417","(X)","5,511","±254","5,511","(X)","2,096","±189","2,096","(X)","2,571","±71","2,571","(X)","5,031","±62","5,031","(X)","1,443","±125","1,443","(X)","1,511","±221","1,511","(X)","5,396","±150","5,396","(X)","4,051","±105","4,051","(X)","2,936","±237","2,936","(X)","2,958","±241","2,958","(X)","3,356","±74","3,356","(X)","1,093","±145","1,093","(X)","3,299","±72","3,299","(X)","1,177","±122","1,177","(X)","1,519","±137","1,519","(X)","1,941","±163","1,941","(X)","1,801","±137","1,801","(X)"
"        English only","2,126","±221","94.6%","±3.3","1,703","±153","97.0%","±1.7","3,621","±93","97.7%","±1.4","2,279","±239","94.3%","±2.7","5,154","±284","93.5%","±3.4","1,943","±185","92.7%","±4.5","2,391","±221","93.0%","±7.5","4,634","±146","92.1%","±2.6","1,347","±122","93.3%","±3.3","1,428","±215","94.5%","±2.9","5,220","±194","96.7%","±1.8","3,701","±171","91.4%","±3.9","2,505","±311","85.3%","±7.8","2,435","±236","82.3%","±6.1","3,181","±122","94.8%","±3.0","984","±143","90.0%","±3.5","3,091","±142","93.7%","±4.3","1,090","±114","92.6%","±4.9","1,418","±140","93.4%","±4.3","1,760","±159","90.7%","±3.3","1,695","±143","94.1%","±2.2"
"        Language other than English","121","±78","5.4%","±3.3","52","±29","3.0%","±1.7","84","±53","2.3%","±1.4","138","±67","5.7%","±2.7","357","±193","6.5%","±3.4","153","±97","7.3%","±4.5","180","±192","7.0%","±7.5","397","±133","7.9%","±2.6","96","±48","6.7%","±3.3","83","±44","5.5%","±2.9","176","±98","3.3%","±1.8","350","±160","8.6%","±3.9","431","±229","14.7%","±7.8","523","±198","17.7%","±6.1","175","±102","5.2%","±3.0","109","±39","10.0%","±3.5","208","±141","6.3%","±4.3","87","±60","7.4%","±4.9","101","±67","6.6%","±4.3","181","±67","9.3%","±3.3","106","±39","5.9%","±2.2"
"            Speak English less than ""very well""","61","±58","2.7%","±2.5","4","±6","0.2%","±0.3","0","±12","0.0%","±0.9","25","±34","1.0%","±1.4","265","±182","4.8%","±3.3","88","±76","4.2%","±3.5","163","±193","6.3%","±7.6","118","±82","2.3%","±1.6","4","±5","0.3%","±0.4","6","±9","0.4%","±0.6","65","±49","1.2%","±0.9","129","±67","3.2%","±1.7","197","±158","6.7%","±5.3","333","±148","11.3%","±4.7","60","±37","1.8%","±1.1","17","±13","1.6%","±1.1","40","±62","1.2%","±1.9","51","±52","4.3%","±4.3","44","±38","2.9%","±2.5","56","±35","2.9%","±1.8","19","±17","1.1%","±1.0"
"        Spanish","33","±45","1.5%","±2.0","23","±24","1.3%","±1.4","32","±34","0.9%","±0.9","55","±53","2.3%","±2.2","297","±188","5.4%","±3.4","59","±57","2.8%","±2.6","131","±190","5.1%","±7.5","179","±103","3.6%","±2.0","22","±18","1.5%","±1.2","30","±26","2.0%","±1.7","23","±30","0.4%","±0.6","104","±81","2.6%","±2.0","118","±88","4.0%","±3.1","144","±75","4.9%","±2.5","42","±39","1.3%","±1.2","26","±18","2.4%","±1.6","54","±59","1.6%","±1.8","58","±58","4.9%","±4.7","2","±5","0.1%","±0.3","74","±48","3.8%","±2.4","54","±29","3.0%","±1.7"
"            Speak English less than ""very well""","27","±40","1.2%","±1.8","2","±5","0.1%","±0.3","0","±12","0.0%","±0.9","21","±34","0.9%","±1.4","257","±183","4.7%","±3.3","47","±53","2.2%","±2.5","131","±190","5.1%","±7.5","80","±72","1.6%","±1.4","0","±12","0.0%","±2.2","0","±12","0.0%","±2.1","10","±20","0.2%","±0.4","57","±44","1.4%","±1.1","5","±9","0.2%","±0.3","66","±56","2.2%","±1.9","36","±34","1.1%","±1.0","5","±9","0.5%","±0.8","13","±25","0.4%","±0.8","41","±51","3.5%","±4.2","1","±4","0.1%","±0.3","32","±33","1.6%","±1.7","0","±12","0.0%","±1.8"
"        Other Indo-European languages","68","±51","3.0%","±2.3","26","±15","1.5%","±0.9","52","±40","1.4%","±1.1","68","±37","2.8%","±1.6","48","±35","0.9%","±0.6","89","±70","4.2%","±3.3","49","±39","1.9%","±1.5","162","±91","3.2%","±1.8","63","±41","4.4%","±2.8","53","±37","3.5%","±2.4","56","±46","1.0%","±0.8","194","±122","4.8%","±3.0","299","±221","10.2%","±7.5","314","±185","10.6%","±5.9","127","±90","3.8%","±2.7","62","±30","5.7%","±2.8","130","±129","3.9%","±3.9","21","±14","1.8%","±1.2","56","±43","3.7%","±2.8","81","±42","4.2%","±2.1","48","±25","2.7%","±1.4"
"            Speak English less than ""very well""","34","±42","1.5%","±1.8","2","±4","0.1%","±0.2","0","±12","0.0%","±0.9","4","±5","0.2%","±0.2","5","±9","0.1%","±0.2","41","±46","2.0%","±2.2","32","±36","1.2%","±1.4","27","±46","0.5%","±0.9","4","±5","0.3%","±0.4","6","±9","0.4%","±0.6","45","±43","0.8%","±0.8","55","±41","1.4%","±1.0","192","±159","6.5%","±5.4","202","±138","6.8%","±4.5","24","±17","0.7%","±0.5","7","±6","0.6%","±0.6","27","±56","0.8%","±1.7","3","±5","0.3%","±0.5","13","±11","0.9%","±0.7","21","±13","1.1%","±0.7","19","±17","1.1%","±1.0"
"        Asian and Pacific Islander languages","13","±28","0.6%","±1.2","3","±5","0.2%","±0.3","0","±12","0.0%","±0.9","0","±12","0.0%","±1.3","12","±17","0.2%","±0.3","0","±12","0.0%","±1.5","0","±12","0.0%","±1.3","26","±32","0.5%","±0.6","2","±3","0.1%","±0.2","0","±12","0.0%","±2.1","80","±79","1.5%","±1.5","52","±64","1.3%","±1.6","14","±22","0.5%","±0.7","41","±43","1.4%","±1.4","6","±11","0.2%","±0.3","11","±10","1.0%","±1.0","24","±34","0.7%","±1.0","3","±6","0.3%","±0.5","43","±49","2.8%","±3.2","12","±11","0.6%","±0.6","4","±6","0.2%","±0.3"
"            Speak English less than ""very well""","0","±12","0.0%","±1.4","0","±12","0.0%","±1.8","0","±12","0.0%","±0.9","0","±12","0.0%","±1.3","3","±5","0.1%","±0.1","0","±12","0.0%","±1.5","0","±12","0.0%","±1.3","6","±10","0.1%","±0.2","0","±12","0.0%","±2.2","0","±12","0.0%","±2.1","10","±10","0.2%","±0.2","17","±22","0.4%","±0.6","0","±12","0.0%","±1.1","41","±43","1.4%","±1.4","0","±12","0.0%","±1.0","3","±4","0.3%","±0.4","0","±12","0.0%","±1.0","2","±5","0.2%","±0.4","30","±35","2.0%","±2.3","3","±4","0.2%","±0.2","0","±12","0.0%","±1.8"
"        Other languages","7","±10","0.3%","±0.4","0","±12","0.0%","±1.8","0","±12","0.0%","±0.9","15","±17","0.6%","±0.7","0","±17","0.0%","±0.6","5","±8","0.2%","±0.4","0","±12","0.0%","±1.3","30","±46","0.6%","±0.9","9","±12","0.6%","±0.9","0","±12","0.0%","±2.1","17","±26","0.3%","±0.5","0","±12","0.0%","±0.8","0","±12","0.0%","±1.1","24","±28","0.8%","±0.9","0","±12","0.0%","±1.0","10","±9","0.9%","±0.8","0","±12","0.0%","±1.0","5","±7","0.4%","±0.6","0","±12","0.0%","±2.1","14","±22","0.7%","±1.1","0","±12","0.0%","±1.8"
"            Speak English less than ""very well""","0","±12","0.0%","±1.4","0","±12","0.0%","±1.8","0","±12","0.0%","±0.9","0","±12","0.0%","±1.3","0","±17","0.0%","±0.6","0","±12","0.0%","±1.5","0","±12","0.0%","±1.3","5","±8","0.1%","±0.2","0","±12","0.0%","±2.2","0","±12","0.0%","±2.1","0","±17","0.0%","±0.6","0","±12","0.0%","±0.8","0","±12","0.0%","±1.1","24","±28","0.8%","±0.9","0","±12","0.0%","±1.0","2","±6","0.2%","±0.5","0","±12","0.0%","±1.0","5","±7","0.4%","±0.6","0","±12","0.0%","±2.1","0","±12","0.0%","±1.7","0","±12","0.0%","±1.8"
"ANCESTRY","","","","","","","","","","","","","","","","","","","","","","","","","","","","","","","","","","","","","","","","","","","","","","","","","","","","","","","","","","","","","","","","","","","","","","","","","","","","","","","","","","","",""
"    Total population","2,321","±247","2,321","(X)","1,785","±153","1,785","(X)","3,905","±20","3,905","(X)","2,534","±249","2,534","(X)","5,737","±254","5,737","(X)","2,260","±215","2,260","(X)","2,669","±32","2,669","(X)","5,132","±43","5,132","(X)","1,495","±132","1,495","(X)","1,562","±228","1,562","(X)","5,708","±19","5,708","(X)","4,234","±22","4,234","(X)","3,183","±251","3,183","(X)","3,052","±248","3,052","(X)","3,491","±17","3,491","(X)","1,100","±148","1,100","(X)","3,451","±19","3,451","(X)","1,250","±134","1,250","(X)","1,575","±137","1,575","(X)","2,052","±171","2,052","(X)","1,875","±144","1,875","(X)"
"        American","156","±130","6.7%","±5.4","78","±36","4.4%","±2.1","127","±97","3.3%","±2.5","20","±20","0.8%","±0.8","72","±60","1.3%","±1.1","81","±58","3.6%","±2.6","85","±48","3.2%","±1.8","76","±96","1.5%","±1.9","32","±21","2.1%","±1.4","41","±36","2.6%","±2.4","166","±102","2.9%","±1.8","248","±141","5.9%","±3.3","71","±61","2.2%","±1.9","122","±61","4.0%","±2.0","223","±171","6.4%","±4.9","50","±31","4.5%","±2.8","281","±212","8.1%","±6.1","52","±38","4.2%","±3.0","22","±19","1.4%","±1.2","63","±28","3.1%","±1.4","85","±50","4.5%","±2.6"
"        Arab","6","±9","0.3%","±0.4","3","±5","0.2%","±0.3","0","±12","0.0%","±0.8","4","±6","0.2%","±0.2","0","±17","0.0%","±0.6","0","±12","0.0%","±1.4","4","±6","0.1%","±0.2","5","±8","0.1%","±0.2","0","±12","0.0%","±2.1","10","±12","0.6%","±0.8","0","±17","0.0%","±0.6","0","±12","0.0%","±0.8","0","±12","0.0%","±1.0","43","±49","1.4%","±1.6","0","±12","0.0%","±0.9","20","±18","1.8%","±1.6","0","±12","0.0%","±0.9","0","±12","0.0%","±2.6","0","±12","0.0%","±2.0","0","±12","0.0%","±1.6","0","±12","0.0%","±1.7"
"        Czech","31","±37","1.3%","±1.5","16","±14","0.9%","±0.8","5","±8","0.1%","±0.2","58","±43","2.3%","±1.7","0","±17","0.0%","±0.6","0","±12","0.0%","±1.4","13","±14","0.5%","±0.5","7","±11","0.1%","±0.2","0","±12","0.0%","±2.1","0","±12","0.0%","±2.1","0","±17","0.0%","±0.6","0","±12","0.0%","±0.8","21","±32","0.7%","±1.0","0","±12","0.0%","±1.1","0","±12","0.0%","±0.9","4","±6","0.4%","±0.5","0","±12","0.0%","±0.9","15","±17","1.2%","±1.3","0","±12","0.0%","±2.0","24","±20","1.2%","±1.0","0","±12","0.0%","±1.7"
"        Danish","0","±12","0.0%","±1.4","20","±18","1.1%","±1.0","43","±58","1.1%","±1.5","0","±12","0.0%","±1.3","7","±8","0.1%","±0.1","10","±8","0.4%","±0.4","25","±34","0.9%","±1.3","27","±33","0.5%","±0.6","14","±10","0.9%","±0.7","0","±12","0.0%","±2.1","31","±49","0.5%","±0.9","0","±12","0.0%","±0.8","0","±12","0.0%","±1.0","0","±12","0.0%","±1.1","0","±12","0.0%","±0.9","7","±10","0.6%","±0.9","0","±12","0.0%","±0.9","0","±12","0.0%","±2.6","24","±17","1.5%","±1.1","6","±8","0.3%","±0.4","0","±12","0.0%","±1.7"
"        Dutch","145","±106","6.2%","±4.4","54","±32","3.0%","±1.8","199","±75","5.1%","±1.9","279","±91","11.0%","±3.6","279","±139","4.9%","±2.4","145","±51","6.4%","±2.3","167","±73","6.3%","±2.7","423","±139","8.2%","±2.7","68","±55","4.5%","±3.6","19","±16","1.2%","±1.0","324","±173","5.7%","±3.0","404","±154","9.5%","±3.6","193","±133","6.1%","±4.1","34","±37","1.1%","±1.2","217","±92","6.2%","±2.6","31","±17","2.8%","±1.5","137","±115","4.0%","±3.3","38","±19","3.0%","±1.5","33","±19","2.1%","±1.2","67","±25","3.3%","±1.3","35","±25","1.9%","±1.3"
"        English","252","±78","10.9%","±3.2","190","±55","10.6%","±2.8","538","±186","13.8%","±4.8","493","±128","19.5%","±4.9","681","±252","11.9%","±4.4","193","±75","8.5%","±3.3","186","±76","7.0%","±2.9","478","±158","9.3%","±3.1","213","±78","14.2%","±4.9","221","±70","14.1%","±4.3","356","±153","6.2%","±2.7","238","±126","5.6%","±3.0","180","±86","5.7%","±2.7","196","±99","6.4%","±3.2","243","±156","7.0%","±4.5","140","±43","12.7%","±4.0","316","±128","9.2%","±3.7","148","±51","11.8%","±4.0","136","±46","8.6%","±2.9","250","±66","12.2%","±3.1","219","±86","11.7%","±4.5"
"        French (except Basque)","167","±79","7.2%","±3.5","119","±78","6.7%","±4.3","256","±173","6.6%","±4.4","37","±25","1.5%","±1.0","134","±56","2.3%","±1.0","96","±58","4.2%","±2.6","45","±32","1.7%","±1.2","311","±150","6.1%","±2.9","56","±28","3.7%","±1.8","74","±46","4.7%","±2.8","207","±116","3.6%","±2.0","55","±43","1.3%","±1.0","17","±18","0.5%","±0.6","62","±71","2.0%","±2.3","238","±154","6.8%","±4.4","16","±13","1.5%","±1.1","187","±148","5.4%","±4.3","41","±29","3.3%","±2.3","29","±22","1.8%","±1.4","35","±18","1.7%","±0.9","72","±48","3.8%","±2.6"
"        French Canadian","18","±17","0.8%","±0.8","21","±19","1.2%","±1.0","77","±61","2.0%","±1.6","15","±11","0.6%","±0.4","138","±121","2.4%","±2.1","28","±21","1.2%","±0.9","93","±118","3.5%","±4.4","56","±59","1.1%","±1.2","19","±18","1.3%","±1.2","11","±12","0.7%","±0.8","137","±129","2.4%","±2.3","22","±24","0.5%","±0.6","7","±12","0.2%","±0.4","42","±49","1.4%","±1.6","0","±12","0.0%","±0.9","8","±10","0.7%","±0.9","23","±25","0.7%","±0.7","21","±13","1.7%","±1.0","7","±7","0.4%","±0.5","12","±10","0.6%","±0.5","27","±19","1.4%","±1.0"
"        German","500","±140","21.5%","±5.6","370","±72","20.7%","±3.6","1,020","±240","26.1%","±6.1","533","±137","21.0%","±4.7","1,040","±237","18.1%","±4.3","466","±131","20.6%","±5.8","511","±132","19.1%","±4.9","1,112","±273","21.7%","±5.3","301","±90","20.1%","±5.3","262","±125","16.8%","±6.7","1,529","±333","26.8%","±5.8","882","±212","20.8%","±5.0","417","±186","13.1%","±5.7","556","±183","18.2%","±5.8","627","±165","18.0%","±4.7","282","±84","25.6%","±6.1","845","±239","24.5%","±6.9","225","±64","18.0%","±5.0","313","±85","19.9%","±5.1","513","±118","25.0%","±5.7","349","±80","18.6%","±3.9"
"        Greek","31","±48","1.3%","±2.1","0","±12","0.0%","±1.8","4","±6","0.1%","±0.2","0","±12","0.0%","±1.3","29","±31","0.5%","±0.5","4","±7","0.2%","±0.3","31","±35","1.2%","±1.3","4","±8","0.1%","±0.1","14","±19","0.9%","±1.3","0","±12","0.0%","±2.1","50","±68","0.9%","±1.2","27","±40","0.6%","±1.0","0","±12","0.0%","±1.0","43","±39","1.4%","±1.3","0","±12","0.0%","±0.9","3","±4","0.3%","±0.4","0","±12","0.0%","±0.9","28","±30","2.2%","±2.3","25","±32","1.6%","±2.0","0","±12","0.0%","±1.6","0","±12","0.0%","±1.7"
"        Hungarian","45","±45","1.9%","±2.0","17","±10","1.0%","±0.6","0","±12","0.0%","±0.8","24","±22","0.9%","±0.9","21","±31","0.4%","±0.5","17","±19","0.8%","±0.9","17","±26","0.6%","±1.0","52","±91","1.0%","±1.8","5","±6","0.3%","±0.4","5","±8","0.3%","±0.5","30","±33","0.5%","±0.6","84","±62","2.0%","±1.5","0","±12","0.0%","±1.0","147","±147","4.8%","±4.8","95","±108","2.7%","±3.1","10","±9","0.9%","±0.8","47","±48","1.4%","±1.4","26","±30","2.1%","±2.4","40","±27","2.5%","±1.7","21","±19","1.0%","±0.9","43","±53","2.3%","±2.8"
"        Irish","573","±181","24.7%","±7.4","347","±87","19.4%","±4.5","693","±176","17.7%","±4.5","535","±161","21.1%","±6.2","1,433","±275","25.0%","±4.8","440","±126","19.5%","±5.4","666","±232","25.0%","±8.7","1,201","±249","23.4%","±4.8","286","±92","19.1%","±5.5","300","±120","19.2%","±6.6","884","±294","15.5%","±5.2","651","±181","15.4%","±4.3","315","±158","9.9%","±4.9","384","±154","12.6%","±4.9","836","±249","23.9%","±7.1","235","±90","21.4%","±7.1","607","±183","17.6%","±5.3","290","±84","23.2%","±6.5","325","±85","20.6%","±5.3","514","±96","25.0%","±5.0","342","±108","18.2%","±5.9"
"        Italian","288","±96","12.4%","±3.9","200","±76","11.2%","±4.0","428","±148","11.0%","±3.8","288","±109","11.4%","±4.3","996","±217","17.4%","±3.9","476","±136","21.1%","±6.0","448","±105","16.8%","±3.9","884","±310","17.2%","±6.0","246","±60","16.5%","±3.8","188","±96","12.0%","±6.0","827","±303","14.5%","±5.3","809","±193","19.1%","±4.6","426","±255","13.4%","±8.0","352","±124","11.5%","±4.2","319","±123","9.1%","±3.5","141","±51","12.8%","±4.1","236","±100","6.8%","±2.9","109","±43","8.7%","±3.5","256","±82","16.3%","±4.8","356","±83","17.3%","±3.6","452","±123","24.1%","±6.2"
"        Lithuanian","5","±9","0.2%","±0.4","23","±15","1.3%","±0.8","0","±12","0.0%","±0.8","31","±24","1.2%","±1.0","5","±11","0.1%","±0.2","0","±12","0.0%","±1.4","5","±8","0.2%","±0.3","5","±11","0.1%","±0.2","5","±9","0.3%","±0.6","0","±12","0.0%","±2.1","35","±45","0.6%","±0.8","1","±2","0.0%","±0.1","0","±12","0.0%","±1.0","20","±23","0.7%","±0.8","13","±20","0.4%","±0.6","10","±10","0.9%","±0.9","30","±33","0.9%","±1.0","5","±7","0.4%","±0.6","0","±12","0.0%","±2.0","18","±23","0.9%","±1.1","10","±11","0.5%","±0.6"
"        Norwegian","76","±81","3.3%","±3.6","5","±5","0.3%","±0.3","0","±12","0.0%","±0.8","24","±26","0.9%","±1.0","40","±39","0.7%","±0.7","0","±12","0.0%","±1.4","23","±22","0.9%","±0.8","37","±42","0.7%","±0.8","41","±21","2.7%","±1.5","0","±12","0.0%","±2.1","12","±22","0.2%","±0.4","0","±12","0.0%","±0.8","0","±12","0.0%","±1.0","38","±36","1.2%","±1.2","14","±16","0.4%","±0.5","8","±8","0.7%","±0.7","0","±12","0.0%","±0.9","12","±11","1.0%","±0.9","19","±18","1.2%","±1.1","5","±5","0.2%","±0.2","44","±29","2.3%","±1.5"
"        Polish","207","±71","8.9%","±3.1","164","±67","9.2%","±3.7","180","±78","4.6%","±2.0","173","±108","6.8%","±4.0","589","±233","10.3%","±3.9","124","±66","5.5%","±3.0","247","±83","9.3%","±3.1","194","±105","3.8%","±2.0","150","±73","10.0%","±5.0","70","±42","4.5%","±2.7","437","±228","7.7%","±4.0","219","±100","5.2%","±2.4","182","±139","5.7%","±4.4","77","±54","2.5%","±1.8","266","±136","7.6%","±3.9","120","±58","10.9%","±5.0","105","±88","3.0%","±2.5","34","±20","2.7%","±1.5","120","±59","7.6%","±3.6","116","±43","5.7%","±2.1","95","±52","5.1%","±2.8"
"        Portuguese","11","±14","0.5%","±0.6","3","±4","0.2%","±0.2","0","±12","0.0%","±0.8","0","±12","0.0%","±1.3","0","±17","0.0%","±0.6","28","±31","1.2%","±1.4","4","±6","0.1%","±0.2","0","±17","0.0%","±0.6","0","±12","0.0%","±2.1","0","±12","0.0%","±2.1","8","±13","0.1%","±0.2","8","±13","0.2%","±0.3","0","±12","0.0%","±1.0","0","±12","0.0%","±1.1","10","±16","0.3%","±0.5","0","±12","0.0%","±2.9","16","±24","0.5%","±0.7","0","±12","0.0%","±2.6","15","±21","1.0%","±1.4","18","±25","0.9%","±1.2","0","±12","0.0%","±1.7"
"        Russian","49","±25","2.1%","±1.1","42","±18","2.4%","±1.0","44","±49","1.1%","±1.3","30","±23","1.2%","±0.9","217","±201","3.8%","±3.5","10","±12","0.4%","±0.5","35","±28","1.3%","±1.0","45","±52","0.9%","±1.0","81","±62","5.4%","±4.3","49","±42","3.1%","±2.6","35","±37","0.6%","±0.7","16","±17","0.4%","±0.4","39","±29","1.2%","±0.9","95","±64","3.1%","±2.1","91","±51","2.6%","±1.5","34","±22","3.1%","±2.0","74","±56","2.1%","±1.6","39","±20","3.1%","±1.6","30","±23","1.9%","±1.4","27","±16","1.3%","±0.8","63","±64","3.4%","±3.5"
"        Scotch-Irish","26","±26","1.1%","±1.1","27","±22","1.5%","±1.2","36","±34","0.9%","±0.9","6","±8","0.2%","±0.3","34","±40","0.6%","±0.7","0","±12","0.0%","±1.4","22","±27","0.8%","±1.0","26","±26","0.5%","±0.5","16","±12","1.1%","±0.8","43","±42","2.8%","±2.6","202","±232","3.5%","±4.1","16","±17","0.4%","±0.4","35","±36","1.1%","±1.2","0","±12","0.0%","±1.1","0","±12","0.0%","±0.9","15","±16","1.4%","±1.4","41","±51","1.2%","±1.5","16","±16","1.3%","±1.3","17","±17","1.1%","±1.1","34","±26","1.7%","±1.2","30","±32","1.6%","±1.7"
"        Scottish","78","±44","3.4%","±1.9","39","±22","2.2%","±1.3","88","±48","2.3%","±1.2","48","±31","1.9%","±1.2","146","±103","2.5%","±1.8","101","±69","4.5%","±3.0","90","±67","3.4%","±2.5","70","±54","1.4%","±1.0","37","±17","2.5%","±1.2","57","±33","3.6%","±2.1","6","±9","0.1%","±0.2","53","±31","1.3%","±0.7","48","±47","1.5%","±1.5","45","±48","1.5%","±1.6","65","±60","1.9%","±1.7","46","±29","4.2%","±2.5","100","±67","2.9%","±1.9","24","±12","1.9%","±0.9","28","±18","1.8%","±1.1","42","±23","2.0%","±1.1","86","±90","4.6%","±4.8"
"        Slovak","0","±12","0.0%","±1.4","0","±12","0.0%","±1.8","0","±12","0.0%","±0.8","0","±12","0.0%","±1.3","0","±17","0.0%","±0.6","0","±12","0.0%","±1.4","5","±7","0.2%","±0.3","28","±30","0.5%","±0.6","13","±18","0.9%","±1.2","0","±12","0.0%","±2.1","0","±17","0.0%","±0.6","0","±12","0.0%","±0.8","0","±12","0.0%","±1.0","0","±12","0.0%","±1.1","21","±33","0.6%","±1.0","0","±12","0.0%","±2.9","0","±12","0.0%","±0.9","0","±12","0.0%","±2.6","0","±12","0.0%","±2.0","0","±12","0.0%","±1.6","0","±12","0.0%","±1.7"
"        Subsaharan African","0","±12","0.0%","±1.4","0","±12","0.0%","±1.8","0","±12","0.0%","±0.8","0","±12","0.0%","±1.3","7","±13","0.1%","±0.2","0","±12","0.0%","±1.4","1","±8","0.0%","±0.3","20","±37","0.4%","±0.7","0","±12","0.0%","±2.1","0","±12","0.0%","±2.1","26","±28","0.5%","±0.5","10","±18","0.2%","±0.4","0","±12","0.0%","±1.0","24","±22","0.8%","±0.7","18","±30","0.5%","±0.9","0","±12","0.0%","±2.9","0","±12","0.0%","±0.9","0","±12","0.0%","±2.6","0","±12","0.0%","±2.0","0","±12","0.0%","±1.6","0","±12","0.0%","±1.7"
"        Swedish","5","±7","0.2%","±0.3","11","±13","0.6%","±0.7","85","±79","2.2%","±2.0","4","±6","0.2%","±0.3","68","±42","1.2%","±0.7","19","±14","0.8%","±0.6","0","±12","0.0%","±1.2","10","±12","0.2%","±0.2","44","±50","2.9%","±3.2","10","±12","0.6%","±0.8","69","±55","1.2%","±1.0","0","±12","0.0%","±0.8","5","±8","0.2%","±0.3","28","±34","0.9%","±1.1","13","±21","0.4%","±0.6","0","±12","0.0%","±2.9","0","±12","0.0%","±0.9","26","±24","2.1%","±2.0","24","±20","1.5%","±1.2","17","±11","0.8%","±0.5","58","±25","3.1%","±1.4"
"        Swiss","23","±27","1.0%","±1.2","18","±20","1.0%","±1.1","5","±7","0.1%","±0.2","13","±14","0.5%","±0.6","0","±17","0.0%","±0.6","30","±30","1.3%","±1.4","0","±12","0.0%","±1.2","56","±87","1.1%","±1.7","20","±18","1.3%","±1.2","8","±9","0.5%","±0.5","0","±17","0.0%","±0.6","0","±12","0.0%","±0.8","0","±12","0.0%","±1.0","19","±29","0.6%","±1.0","7","±11","0.2%","±0.3","29","±25","2.6%","±2.2","0","±12","0.0%","±0.9","0","±12","0.0%","±2.6","3","±5","0.2%","±0.3","8","±8","0.4%","±0.4","0","±12","0.0%","±1.7"
"        Ukrainian","6","±9","0.3%","±0.4","0","±12","0.0%","±1.8","10","±15","0.3%","±0.4","6","±10","0.2%","±0.4","39","±46","0.7%","±0.8","115","±93","5.1%","±4.1","6","±9","0.2%","±0.4","38","±43","0.7%","±0.8","9","±7","0.6%","±0.5","9","±11","0.6%","±0.7","228","±156","4.0%","±2.7","50","±41","1.2%","±1.0","17","±24","0.5%","±0.7","29","±30","1.0%","±1.0","140","±116","4.0%","±3.3","15","±13","1.4%","±1.2","0","±12","0.0%","±0.9","14","±17","1.1%","±1.3","23","±20","1.5%","±1.2","15","±14","0.7%","±0.7","19","±22","1.0%","±1.2"
"        Welsh","0","±12","0.0%","±1.4","0","±12","0.0%","±1.8","21","±20","0.5%","±0.5","115","±103","4.5%","±3.8","53","±37","0.9%","±0.6","3","±6","0.1%","±0.3","14","±17","0.5%","±0.6","100","±84","1.9%","±1.6","17","±18","1.1%","±1.2","24","±35","1.5%","±2.2","0","±17","0.0%","±0.6","8","±12","0.2%","±0.3","0","±12","0.0%","±1.0","0","±12","0.0%","±1.1","8","±13","0.2%","±0.4","6","±7","0.5%","±0.6","8","±15","0.2%","±0.4","4","±5","0.3%","±0.4","4","±5","0.3%","±0.3","10","±9","0.5%","±0.5","18","±15","1.0%","±0.8"
"        West Indian (excluding Hispanic origin groups)","0","±12","0.0%","±1.4","0","±12","0.0%","±1.8","63","±65","1.6%","±1.7","0","±12","0.0%","±1.3","0","±17","0.0%","±0.6","0","±12","0.0%","±1.4","7","±11","0.3%","±0.4","67","±64","1.3%","±1.2","0","±12","0.0%","±2.1","7","±10","0.4%","±0.6","24","±35","0.4%","±0.6","115","±72","2.7%","±1.7","242","±180","7.6%","±5.7","74","±93","2.4%","±3.0","30","±59","0.9%","±1.7","0","±12","0.0%","±2.9","38","±42","1.1%","±1.2","12","±14","1.0%","±1.1","10","±16","0.6%","±1.0","4","±6","0.2%","±0.3","11","±15","0.6%","±0.8"
"COMPUTERS AND INTERNET USE","","","","","","","","","","","","","","","","","","","","","","","","","","","","","","","","","","","","","","","","","","","","","","","","","","","","","","","","","","","","","","","","","","","","","","","","","","","","","","","","","","","",""
"    Total households","1,006","±91","1,006","(X)","729","±68","729","(X)","1,638","±119","1,638","(X)","1,074","±96","1,074","(X)","2,172","±127","2,172","(X)","879","±71","879","(X)","1,019","±93","1,019","(X)","2,062","±158","2,062","(X)","662","±60","662","(X)","663","±93","663","(X)","2,483","±177","2,483","(X)","1,917","±142","1,917","(X)","1,307","±123","1,307","(X)","1,331","±142","1,331","(X)","1,444","±131","1,444","(X)","493","±64","493","(X)","1,268","±168","1,268","(X)","566","±57","566","(X)","665","±55","665","(X)","731","±60","731","(X)","857","±79","857","(X)"
"        With a computer","962","±89","95.6%","±2.3","699","±65","95.9%","±1.9","1,568","±120","95.7%","±3.1","988","±110","92.0%","±4.4","1,894","±123","87.2%","±4.7","829","±71","94.3%","±2.9","877","±104","86.1%","±4.8","1,912","±153","92.7%","±3.7","591","±64","89.3%","±8.1","604","±91","91.1%","±4.3","2,178","±181","87.7%","±6.2","1,633","±135","85.2%","±5.2","1,110","±125","84.9%","±5.1","1,159","±142","87.1%","±5.6","1,214","±124","84.1%","±5.3","397","±62","80.5%","±6.9","1,183","±167","93.3%","±5.1","516","±52","91.2%","±4.1","588","±48","88.4%","±4.7","683","±62","93.4%","±2.9","772","±73","90.1%","±4.6"
"        With a broadband Internet subscription","889","±86","88.4%","±4.7","605","±62","83.0%","±5.1","1,420","±131","86.7%","±5.3","949","±109","88.4%","±4.9","1,797","±141","82.7%","±5.5","784","±75","89.2%","±4.3","729","±95","71.5%","±6.4","1,714","±154","83.1%","±5.9","520","±63","78.5%","±8.0","537","±93","81.0%","±8.0","1,856","±198","74.7%","±7.2","1,378","±131","71.9%","±6.4","802","±131","61.4%","±8.3","1,029","±122","77.3%","±5.7","1,147","±112","79.4%","±5.5","355","±54","72.0%","±6.7","1,011","±144","79.7%","±7.6","474","±52","83.7%","±5.4","517","±60","77.7%","±5.8","660","±62","90.3%","±3.9","722","±74","84.2%","±5.4"