"Label","Census Tract 9701, Cortland County, New York!!Estimate","Census Tract 9701, Cortland County, New York!!Margin of Error","Census Tract 9701, Cortland County, New York!!Percent","Census Tract 9701, Cortland County, New York!!Percent Margin of Error","Census Tract 9702, Cortland County, New York!!Estimate","Census Tract 9702, Cortland County, New York!!Margin of Error","Census Tract 9702, Cortland County, New York!!Percent","Census Tract 9702, Cortland County, New York!!Percent Margin of Error","Census Tract 9703, Cortland County, New York!!Estimate","Census Tract 9703, Cortland County, New York!!Margin of Error","Census Tract 9703, Cortland County, New York!!Percent","Census Tract 9703, Cortland County, New York!!Percent Margin of Error","Census Tract 9704, Cortland County, New York!!Estimate","Census Tract 9704, Cortland County, New York!!Margin of Error","Census Tract 9704, Cortland County, New York!!Percent","Census Tract 9704, Cortland County, New York!!Percent Margin of Error","Census Tract 9705, Cortland County, New York!!Estimate","Census Tract 9705, Cortland County, New York!!Margin of Error","Census Tract 9705, Cortland County, New York!!Percent","Census Tract 9705, Cortland County, New York!!Percent Margin of Error","Census Tract 9706, Cortland County, New York!!Estimate","Census Tract 9706, Cortland County, New York!!Margin of Error","Census Tract 9706, Cortland County, New York!!Percent","Census Tract 9706, Cortland County, New York!!Percent Margin of Error","Census Tract 9707, Cortland County, New York!!Estimate","Census Tract 9707, Cortland County, New York!!Margin of Error","Census Tract 9707, Cortland County, New York!!Percent","Census Tract 9707, Cortland County, New York!!Percent Margin of Error","Census Tract 9708, Cortland County, New York!!Estimate","Census Tract 9708, Cortland County, New York!!Margin of Error","Census Tract 9708, Cortland County, New York!!Percent","Census Tract 9708, Cortland County, New York!!Percent Margin of Error","Census Tract 9709, Cortland County, New York!!Estimate","Census Tract 9709, Cortland County, New York!!Margin of Error","Census Tract 9709, Cortland County, New York!!Percent","Census Tract 9709, Cortland County, New York!!Percent Margin of Error","Census Tract 9710, Cortland County, New York!!Estimate","Census Tract 9710, Cortland County, New York!!Margin of Error","Census Tract 9710, Cortland County, New York!!Percent","Census Tract 9710, Cortland County, New York!!Percent Margin of Error","Census Tract 9711, Cortland County, New York!!Estimate","Census Tract 9711, Cortland County, New York!!Margin of Error","Census Tract 9711, Cortland County, New York!!Percent","Census Tract 9711, Cortland County, New York!!Percent Margin of Error","Census Tract 9712, Cortland County, New York!!Estimate","Census Tract 9712, Cortland County, New York!!Margin of Error","Census Tract 9712, Cortland County, New York!!Percent","Census Tract 9712, Cortland County, New York!!Percent Margin of Error"
"HOUSEHOLDS BY TYPE","","","","","","","","","","","","","","","","","","","","","","","","","","","","","","","","","","","","","","","","","","","","","","","",""
"    Total households","1,295","±75","1,295","(X)","2,129","±152","2,129","(X)","1,279","±88","1,279","(X)","1,071","±84","1,071","(X)","1,627","±135","1,627","(X)","1,334","±135","1,334","(X)","1,773","±138","1,773","(X)","60","±29","60","(X)","1,863","±134","1,863","(X)","2,093","±157","2,093","(X)","1,753","±98","1,753","(X)","1,468","±85","1,468","(X)"
"        Married-couple family","688","±67","53.1%","±4.2","1,311","±156","61.6%","±5.8","625","±84","48.9%","±7.1","547","±72","51.1%","±6.8","435","±116","26.7%","±7.9","294","±82","22.0%","±6.3","840","±81","47.4%","±4.8","17","±13","28.3%","±21.6","600","±104","32.2%","±5.9","1,095","±176","52.3%","±8.3","1,018","±69","58.1%","±3.5","892","±80","60.8%","±4.7"
"            With own children of the householder under 18 years","180","±41","13.9%","±2.8","433","±110","20.3%","±4.7","202","±68","15.8%","±5.7","157","±52","14.7%","±4.9","183","±72","11.2%","±4.5","64","±47","4.8%","±3.6","350","±62","19.7%","±3.4","5","±7","8.3%","±11.8","156","±70","8.4%","±3.9","268","±119","12.8%","±6.0","339","±49","19.3%","±2.7","328","±43","22.3%","±3.0"
"        Cohabiting couple household","128","±37","9.9%","±2.9","145","±56","6.8%","±2.5","132","±76","10.3%","±5.9","150","±58","14.0%","±5.2","220","±87","13.5%","±5.2","151","±77","11.3%","±5.4","93","±52","5.2%","±2.9","0","±12","0.0%","±38.3","257","±103","13.8%","±5.6","168","±116","8.0%","±5.7","156","±46","8.9%","±2.6","132","±59","9.0%","±4.0"
"            With own children of the householder under 18 years","76","±31","5.9%","±2.4","52","±35","2.4%","±1.6","31","±39","2.4%","±3.0","35","±27","3.3%","±2.5","103","±65","6.3%","±4.0","71","±40","5.3%","±3.0","11","±17","0.6%","±1.0","0","±12","0.0%","±38.3","119","±63","6.4%","±3.4","74","±66","3.5%","±3.2","61","±31","3.5%","±1.8","34","±30","2.3%","±2.0"
"        Male householder, no spouse/partner present","253","±51","19.5%","±3.7","276","±81","13.0%","±3.5","200","±69","15.6%","±5.0","134","±51","12.5%","±4.6","326","±110","20.0%","±6.6","357","±106","26.8%","±6.7","297","±101","16.8%","±5.2","25","±22","41.7%","±28.1","458","±124","24.6%","±6.3","386","±141","18.4%","±6.0","271","±58","15.5%","±2.9","226","±51","15.4%","±3.3"
"            With own children of the householder under 18 years","40","±24","3.1%","±1.8","30","±25","1.4%","±1.1","32","±36","2.5%","±2.8","27","±33","2.5%","±3.0","61","±58","3.7%","±3.5","19","±16","1.4%","±1.2","7","±10","0.4%","±0.6","0","±12","0.0%","±38.3","30","±34","1.6%","±1.8","37","±39","1.8%","±1.9","26","±19","1.5%","±1.1","35","±23","2.4%","±1.5"
"            Householder living alone","163","±41","12.6%","±3.1","194","±68","9.1%","±2.9","148","±68","11.6%","±5.0","75","±38","7.0%","±3.5","197","±84","12.1%","±5.2","282","±95","21.1%","±6.4","190","±73","10.7%","±3.9","7","±9","11.7%","±16.3","351","±111","18.8%","±5.8","250","±116","11.9%","±5.0","182","±51","10.4%","±2.6","127","±34","8.7%","±2.2"
"                65 years and over","63","±21","4.9%","±1.6","70","±34","3.3%","±1.6","64","±42","5.0%","±3.2","26","±20","2.4%","±1.9","56","±32","3.4%","±2.0","48","±34","3.6%","±2.5","80","±38","4.5%","±2.1","0","±12","0.0%","±38.3","45","±31","2.4%","±1.7","24","±28","1.1%","±1.3","82","±33","4.7%","±1.8","57","±22","3.9%","±1.5"
"        Female householder, no spouse/partner present","226","±47","17.5%","±3.2","397","±106","18.6%","±5.1","322","±102","25.2%","±7.3","240","±75","22.4%","±6.2","646","±175","39.7%","±9.1","532","±103","39.9%","±7.4","543","±122","30.6%","±6.0","18","±20","30.0%","±28.0","548","±149","29.4%","±7.2","444","±141","21.2%","±6.2","308","±59","17.6%","±3.2","218","±45","14.9%","±2.8"
"            With own children of the householder under 18 years","29","±19","2.2%","±1.5","60","±69","2.8%","±3.2","88","±64","6.9%","±5.0","39","±31","3.6%","±2.9","254","±141","15.6%","±8.0","53","±41","4.0%","±3.1","0","±12","0.0%","±1.8","0","±12","0.0%","±38.3","29","±35","1.6%","±1.9","114","±78","5.4%","±3.7","62","±33","3.5%","±1.9","17","±12","1.2%","±0.8"
"            Householder living alone","132","±39","10.2%","±2.8","192","±57","9.0%","±2.6","163","±77","12.7%","±5.5","128","±60","12.0%","±5.3","260","±78","16.0%","±4.8","384","±86","28.8%","±6.7","345","±107","19.5%","±5.5","18","±20","30.0%","±28.0","242","±92","13.0%","±4.8","205","±97","9.8%","±4.4","183","±45","10.4%","±2.4","140","±36","9.5%","±2.3"
"                65 years and over","78","±30","6.0%","±2.1","126","±47","5.9%","±2.2","88","±54","6.9%","±4.0","71","±41","6.6%","±3.8","131","±52","8.1%","±3.2","197","±64","14.8%","±5.0","158","±61","8.9%","±3.4","3","±6","5.0%","±10.8","65","±50","3.5%","±2.6","183","±91","8.7%","±4.1","107","±34","6.1%","±1.9","95","±28","6.5%","±1.9"
"        Households with one or more people under 18 years","388","±47","30.0%","±3.3","671","±113","31.5%","±5.6","386","±52","30.2%","±4.9","282","±57","26.3%","±5.2","643","±147","39.5%","±7.5","232","±50","17.4%","±3.9","384","±61","21.7%","±3.4","5","±7","8.3%","±11.8","414","±80","22.2%","±4.6","493","±123","23.6%","±6.6","551","±59","31.4%","±3.1","449","±50","30.6%","±3.4"
"        Households with one or more people 65 years and over","427","±50","33.0%","±2.9","832","±113","39.1%","±5.6","425","±56","33.2%","±3.5","288","±47","26.9%","±4.4","417","±85","25.6%","±5.2","365","±62","27.4%","±4.9","521","±62","29.4%","±3.6","15","±13","25.0%","±22.2","355","±98","19.1%","±5.1","668","±119","31.9%","±4.5","596","±64","34.0%","±3.5","453","±58","30.9%","±3.4"
"        Average household size","2.61","±0.14","(X)","(X)","2.72","±0.15","(X)","(X)","2.35","±0.15","(X)","(X)","2.49","±0.17","(X)","(X)","2.40","±0.24","(X)","(X)","2.02","±0.16","(X)","(X)","2.58","±0.22","(X)","(X)","2.03","±0.46","(X)","(X)","2.38","±0.15","(X)","(X)","2.42","±0.19","(X)","(X)","2.57","±0.14","(X)","(X)","2.86","±0.18","(X)","(X)"
"        Average family size","2.99","±0.19","(X)","(X)","3.08","±0.20","(X)","(X)","2.73","±0.17","(X)","(X)","2.86","±0.19","(X)","(X)","2.66","±0.29","(X)","(X)","3.08","±0.29","(X)","(X)","2.98","±0.16","(X)","(X)","2.48","±0.56","(X)","(X)","2.80","±0.19","(X)","(X)","2.73","±0.18","(X)","(X)","2.97","±0.15","(X)","(X)","3.34","±0.23","(X)","(X)"
"RELATIONSHIP","","","","","","","","","","","","","","","","","","","","","","","","","","","","","","","","","","","","","","","","","","","","","","","",""
"    Population in households","3,382","±166","3,382","(X)","5,801","±273","5,801","(X)","3,011","±65","3,011","(X)","2,667","±205","2,667","(X)","3,908","±449","3,908","(X)","2,695","±273","2,695","(X)","4,571","±450","4,571","(X)","122","±66","122","(X)","4,433","±398","4,433","(X)","5,057","±213","5,057","(X)","4,513","±205","4,513","(X)","4,205","±199","4,205","(X)"
"        Householder","1,295","±75","38.3%","±2.1","2,129","±152","36.7%","±2.0","1,279","±88","42.5%","±2.8","1,071","±84","40.2%","±2.8","1,627","±135","41.6%","±4.2","1,334","±135","49.5%","±3.9","1,773","±138","38.8%","±3.3","60","±29","49.2%","±11.4","1,863","±134","42.0%","±2.6","2,093","±157","41.4%","±3.3","1,753","±98","38.8%","±2.1","1,468","±85","34.9%","±2.3"
"        Spouse","692","±60","20.5%","±1.8","1,276","±155","22.0%","±2.4","630","±88","20.9%","±2.9","591","±86","22.2%","±3.1","443","±125","11.3%","±3.4","307","±94","11.4%","±3.3","821","±80","18.0%","±1.9","17","±12","13.9%","±10.1","620","±108","14.0%","±2.5","1,081","±164","21.4%","±3.5","990","±67","21.9%","±1.4","919","±88","21.9%","±1.8"
"        Unmarried partner","117","±33","3.5%","±1.0","149","±58","2.6%","±1.0","132","±75","4.4%","±2.5","136","±51","5.1%","±1.8","251","±114","6.4%","±2.9","149","±70","5.5%","±2.5","94","±50","2.1%","±1.1","0","±12","0.0%","±23.1","266","±114","6.0%","±2.5","193","±130","3.8%","±2.5","164","±50","3.6%","±1.1","129","±57","3.1%","±1.4"
"        Child","895","±109","26.5%","±2.7","1,627","±249","28.0%","±3.9","786","±120","26.1%","±4.0","721","±127","27.0%","±3.7","1,051","±217","26.9%","±4.8","521","±140","19.3%","±5.0","901","±140","19.7%","±3.0","14","±17","11.5%","±14.8","890","±159","20.1%","±3.4","1,265","±236","25.0%","±4.1","1,234","±112","27.3%","±1.9","1,406","±171","33.4%","±3.0"
"        Other relatives","266","±87","7.9%","±2.4","531","±264","9.2%","±4.6","147","±77","4.9%","±2.5","118","±77","4.4%","±2.8","115","±78","2.9%","±2.0","182","±143","6.8%","±5.2","137","±109","3.0%","±2.4","0","±12","0.0%","±23.1","91","±68","2.1%","±1.5","260","±127","5.1%","±2.5","278","±101","6.2%","±2.1","179","±71","4.3%","±1.7"
"        Other nonrelatives","117","±41","3.5%","±1.2","89","±79","1.5%","±1.3","37","±29","1.2%","±1.0","30","±29","1.1%","±1.1","421","±341","10.8%","±8.0","202","±99","7.5%","±3.4","845","±353","18.5%","±6.2","31","±40","25.4%","±23.3","703","±282","15.9%","±5.5","165","±107","3.3%","±2.1","94","±50","2.1%","±1.1","104","±48","2.5%","±1.1"
"MARITAL STATUS","","","","","","","","","","","","","","","","","","","","","","","","","","","","","","","","","","","","","","","","","","","","","","","",""
"    Males 15 years and over","1,472","±100","1,472","(X)","2,364","±217","2,364","(X)","1,152","±101","1,152","(X)","1,137","±119","1,137","(X)","1,672","±358","1,672","(X)","1,154","±223","1,154","(X)","1,813","±314","1,813","(X)","1,097","±137","1,097","(X)","1,758","±223","1,758","(X)","2,355","±241","2,355","(X)","1,878","±110","1,878","(X)","1,661","±125","1,661","(X)"
"        Never married","470","±74","31.9%","±3.6","710","±180","30.0%","±5.7","360","±111","31.3%","±8.4","376","±85","33.1%","±5.6","931","±366","55.7%","±11.1","599","±176","51.9%","±8.9","771","±282","42.5%","±8.8","1,069","±138","97.4%","±1.5","871","±224","49.5%","±8.4","925","±239","39.3%","±7.2","548","±98","29.2%","±4.4","488","±97","29.4%","±4.7"
"        Now married, except separated","721","±57","49.0%","±4.5","1,397","±142","59.1%","±6.4","630","±91","54.7%","±7.6","595","±85","52.3%","±6.0","478","±118","28.6%","±9.3","343","±97","29.7%","±8.1","852","±74","47.0%","±7.1","21","±13","1.9%","±1.2","595","±103","33.8%","±7.0","1,158","±171","49.2%","±7.3","1,055","±76","56.2%","±4.0","953","±89","57.4%","±5.1"
"        Separated","57","±29","3.9%","±1.9","23","±18","1.0%","±0.8","32","±35","2.8%","±3.1","23","±24","2.0%","±2.1","29","±35","1.7%","±2.1","25","±23","2.2%","±1.9","16","±18","0.9%","±1.0","3","±6","0.3%","±0.6","76","±56","4.3%","±3.2","59","±54","2.5%","±2.4","63","±38","3.4%","±2.0","27","±16","1.6%","±1.0"
"        Widowed","50","±25","3.4%","±1.6","66","±36","2.8%","±1.5","35","±25","3.0%","±2.1","11","±13","1.0%","±1.2","21","±22","1.3%","±1.4","10","±16","0.9%","±1.4","41","±30","2.3%","±1.7","0","±12","0.0%","±2.9","48","±30","2.7%","±1.7","0","±17","0.0%","±1.4","64","±27","3.4%","±1.4","72","±26","4.3%","±1.5"
"        Divorced","174","±49","11.8%","±3.1","168","±62","7.1%","±2.6","95","±60","8.2%","±5.2","132","±51","11.6%","±4.6","213","±94","12.7%","±6.2","177","±72","15.3%","±5.8","133","±51","7.3%","±3.1","4","±6","0.4%","±0.5","168","±70","9.6%","±3.9","213","±100","9.0%","±4.4","148","±33","7.9%","±1.7","121","±34","7.3%","±1.9"
"    Females 15 years and over","1,328","±84","1,328","(X)","2,454","±180","2,454","(X)","1,424","±115","1,424","(X)","1,117","±104","1,117","(X)","1,673","±233","1,673","(X)","1,203","±138","1,203","(X)","2,299","±391","2,299","(X)","1,382","±181","1,382","(X)","2,273","±381","2,273","(X)","2,324","±197","2,324","(X)","1,804","±111","1,804","(X)","1,558","±88","1,558","(X)"
"        Never married","312","±56","23.5%","±3.4","678","±182","27.6%","±6.3","438","±124","30.8%","±7.4","272","±78","24.4%","±5.9","688","±188","41.1%","±7.9","467","±126","38.8%","±9.1","1,139","±382","49.5%","±8.8","1,354","±185","98.0%","±1.4","1,332","±375","58.6%","±8.2","658","±165","28.3%","±6.2","422","±100","23.4%","±4.5","320","±67","20.5%","±3.9"
"        Now married, except separated","736","±59","55.4%","±4.0","1,391","±169","56.7%","±7.6","671","±94","47.1%","±7.3","582","±74","52.1%","±7.4","491","±125","29.3%","±8.2","374","±101","31.1%","±8.0","853","±84","37.1%","±7.1","17","±12","1.2%","±0.9","677","±124","29.8%","±6.6","1,072","±176","46.1%","±8.5","1,013","±65","56.2%","±4.1","954","±77","61.2%","±4.2"
"        Separated","25","±18","1.9%","±1.3","28","±27","1.1%","±1.1","22","±35","1.5%","±2.4","50","±39","4.5%","±3.4","65","±65","3.9%","±4.0","56","±43","4.7%","±3.5","20","±24","0.9%","±1.0","11","±18","0.8%","±1.3","10","±15","0.4%","±0.6","78","±68","3.4%","±2.9","38","±20","2.1%","±1.1","21","±22","1.3%","±1.4"
"        Widowed","113","±27","8.5%","±2.0","200","±79","8.1%","±3.1","95","±57","6.7%","±4.0","91","±45","8.1%","±4.1","133","±74","7.9%","±3.9","145","±58","12.1%","±4.8","117","±57","5.1%","±2.5","0","±12","0.0%","±2.3","113","±69","5.0%","±3.0","349","±157","15.0%","±6.3","160","±43","8.9%","±2.4","141","±39","9.1%","±2.5"
"        Divorced","142","±35","10.7%","±2.6","157","±59","6.4%","±2.4","198","±90","13.9%","±6.2","122","±56","10.9%","±4.6","296","±132","17.7%","±7.3","161","±62","13.4%","±4.7","170","±63","7.4%","±3.1","0","±12","0.0%","±2.3","141","±70","6.2%","±3.2","167","±99","7.2%","±4.2","171","±41","9.5%","±2.3","122","±34","7.8%","±2.1"
"FERTILITY","","","","","","","","","","","","","","","","","","","","","","","","","","","","","","","","","","","","","","","","","","","","","","","",""
"    Number of women 15 to 50 years old who had a birth in the past 12 months","28","±14","28","(X)","67","±70","67","(X)","6","±11","6","(X)","29","±22","29","(X)","30","±30","30","(X)","85","±34","85","(X)","40","±35","40","(X)","0","±12","0","(X)","22","±26","22","(X)","39","±35","39","(X)","64","±29","64","(X)","76","±37","76","(X)"
"        Unmarried women (widowed, divorced, and never married)","15","±10","53.6%","±21.8","47","±68","70.1%","±50.7","0","±12","0.0%","±100.0","11","±13","37.9%","±42.3","17","±25","56.7%","±56.7","61","±31","71.8%","±25.1","0","±12","0.0%","±46.9","0","±12","-","**","11","±17","50.0%","±50.0","27","±31","69.2%","±43.3","33","±25","51.6%","±26.7","16","±23","21.1%","±27.7"
"            Per 1,000 unmarried women","43","±28","(X)","(X)","68","±97","(X)","(X)","0","±67","(X)","(X)","39","±44","(X)","(X)","23","±35","(X)","(X)","149","±86","(X)","(X)","0","±30","(X)","(X)","0","±24","(X)","(X)","9","±14","(X)","(X)","37","±44","(X)","(X)","70","±45","(X)","(X)","49","±66","(X)","(X)"
"        Per 1,000 women 15 to 50 years old","45","±22","(X)","(X)","53","±57","(X)","(X)","8","±15","(X)","(X)","52","±38","(X)","(X)","28","±29","(X)","(X)","124","±55","(X)","(X)","27","±24","(X)","(X)","0","±23","(X)","(X)","14","±17","(X)","(X)","33","±30","(X)","(X)","69","±27","(X)","(X)","96","±47","(X)","(X)"
"        Per 1,000 women 15 to 19 years old","31","±49","(X)","(X)","0","±132","(X)","(X)","0","±253","(X)","(X)","0","±318","(X)","(X)","0","±354","(X)","(X)","0","±400","(X)","(X)","0","±285","(X)","(X)","0","±36","(X)","(X)","0","±152","(X)","(X)","0","±160","(X)","(X)","0","±177","(X)","(X)","0","±216","(X)","(X)"
"        Per 1,000 women 20 to 34 years old","66","±38","(X)","(X)","125","±163","(X)","(X)","0","±117","(X)","(X)","75","±69","(X)","(X)","49","±52","(X)","(X)","211","±98","(X)","(X)","0","±31","(X)","(X)","0","±70","(X)","(X)","21","±26","(X)","(X)","65","±63","(X)","(X)","142","±59","(X)","(X)","246","±122","(X)","(X)"
"        Per 1,000 women 35 to 50 years old","28","±22","(X)","(X)","27","±38","(X)","(X)","16","±30","(X)","(X)","51","±65","(X)","(X)","0","±82","(X)","(X)","0","±133","(X)","(X)","101","±88","(X)","(X)","0","±680","(X)","(X)","0","±103","(X)","(X)","0","±77","(X)","(X)","19","±31","(X)","(X)","19","±31","(X)","(X)"
"GRANDPARENTS","","","","","","","","","","","","","","","","","","","","","","","","","","","","","","","","","","","","","","","","","","","","","","","",""
"    Number of grandparents living with own grandchildren under 18 years","65","±37","65","(X)","182","±130","182","(X)","50","±74","50","(X)","31","±23","31","(X)","14","±23","14","(X)","94","±84","94","(X)","9","±15","9","(X)","0","±12","0","(X)","72","±82","72","(X)","23","±37","23","(X)","108","±51","108","(X)","55","±43","55","(X)"
"        Grandparents responsible for grandchildren","23","±15","35.4%","±21.7","45","±53","24.7%","±33.1","50","±74","100.0%","±41.9","25","±20","80.6%","±20.6","0","±12","0.0%","±79.3","6","±11","6.4%","±15.3","0","±12","0.0%","±98.9","0","±12","-","**","49","±50","68.1%","±25.9","0","±17","0.0%","±61.8","39","±24","36.1%","±21.2","23","±26","41.8%","±29.6"
"        Years responsible for grandchildren","","","","","","","","","","","","","","","","","","","","","","","","","","","","","","","","","","","","","","","","","","","","","","","",""
"            Less than 1 year","5","±6","7.7%","±10.2","0","±17","0.0%","±16.3","0","±12","0.0%","±41.9","0","±12","0.0%","±53.3","0","±12","0.0%","±79.3","0","±12","0.0%","±28.5","0","±12","0.0%","±98.9","0","±12","-","**","0","±12","0.0%","±34.4","0","±17","0.0%","±61.8","0","±12","0.0%","±25.5","0","±12","0.0%","±40.0"
"            1 or 2 years","2","±3","3.1%","±4.5","0","±17","0.0%","±16.3","0","±12","0.0%","±41.9","0","±12","0.0%","±53.3","0","±12","0.0%","±79.3","0","±12","0.0%","±28.5","0","±12","0.0%","±98.9","0","±12","-","**","26","±42","36.1%","±29.5","0","±17","0.0%","±61.8","0","±12","0.0%","±25.5","8","±9","14.5%","±20.2"
"            3 or 4 years","0","±12","0.0%","±36.7","3","±5","1.6%","±3.6","50","±74","100.0%","±41.9","9","±15","29.0%","±42.8","0","±12","0.0%","±79.3","0","±12","0.0%","±28.5","0","±12","0.0%","±98.9","0","±12","-","**","17","±29","23.6%","±47.2","0","±17","0.0%","±61.8","5","±7","4.6%","±6.7","7","±11","12.7%","±15.1"
"            5 or more years","16","±13","24.6%","±19.0","42","±53","23.1%","±32.1","0","±12","0.0%","±41.9","16","±15","51.6%","±34.5","0","±12","0.0%","±79.3","6","±11","6.4%","±15.3","0","±12","0.0%","±98.9","0","±12","-","**","6","±10","8.3%","±22.5","0","±17","0.0%","±61.8","34","±23","31.5%","±19.9","8","±12","14.5%","±16.7"
"    Number of grandparents responsible for own grandchildren under 18 years","23","±15","23","(X)","45","±53","45","(X)","50","±74","50","(X)","25","±20","25","(X)","0","±12","0","(X)","6","±11","6","(X)","0","±12","0","(X)","0","±12","0","(X)","49","±50","49","(X)","0","±17","0","(X)","39","±24","39","(X)","23","±26","23","(X)"
"        Who are female","14","±10","60.9%","±16.1","20","±24","44.4%","±25.0","26","±38","52.0%","±5.8","15","±13","60.0%","±20.8","0","±12","-","**","6","±11","100.0%","±100.0","0","±12","-","**","0","±12","-","**","41","±45","83.7%","±24.7","0","±17","-","**","26","±14","66.7%","±13.3","16","±16","69.6%","±27.3"
"        Who are married","18","±13","78.3%","±24.4","28","±43","62.2%","±38.2","0","±12","0.0%","±41.9","19","±19","76.0%","±37.3","0","±12","-","**","6","±11","100.0%","±100.0","0","±12","-","**","0","±12","-","**","43","±50","87.8%","±27.7","0","±17","-","**","32","±22","82.1%","±19.4","15","±23","65.2%","±56.4"
"SCHOOL ENROLLMENT","","","","","","","","","","","","","","","","","","","","","","","","","","","","","","","","","","","","","","","","","","","","","","","",""
"    Population 3 years and over enrolled in school","723","±89","723","(X)","1,377","±194","1,377","(X)","665","±118","665","(X)","683","±134","683","(X)","1,091","±290","1,091","(X)","602","±152","602","(X)","1,603","±411","1,603","(X)","2,405","±260","2,405","(X)","1,607","±377","1,607","(X)","1,608","±283","1,608","(X)","1,020","±130","1,020","(X)","979","±137","979","(X)"
"        Nursery school, preschool","36","±19","5.0%","±2.6","84","±81","6.1%","±5.7","31","±34","4.7%","±5.0","18","±22","2.6%","±3.2","27","±31","2.5%","±2.9","26","±31","4.3%","±5.0","27","±33","1.7%","±2.2","0","±12","0.0%","±1.3","21","±17","1.3%","±1.1","35","±43","2.2%","±2.6","87","±35","8.5%","±3.4","61","±42","6.2%","±4.2"
"        Kindergarten","52","±24","7.2%","±3.1","66","±39","4.8%","±2.9","43","±32","6.5%","±4.7","33","±31","4.8%","±4.2","63","±42","5.8%","±4.6","72","±57","12.0%","±9.4","40","±33","2.5%","±2.3","0","±12","0.0%","±1.3","30","±33","1.9%","±2.1","175","±114","10.9%","±6.7","56","±29","5.5%","±2.6","41","±26","4.2%","±2.5"
"        Elementary school (grades 1-8)","324","±57","44.8%","±5.8","580","±151","42.1%","±7.8","222","±88","33.4%","±11.3","263","±64","38.5%","±8.2","436","±144","40.0%","±12.1","191","±54","31.7%","±10.7","261","±90","16.3%","±5.8","4","±6","0.2%","±0.3","356","±109","22.2%","±7.3","489","±153","30.4%","±8.6","420","±72","41.2%","±5.5","541","±101","55.3%","±6.0"
"        High school (grades 9-12)","212","±53","29.3%","±5.7","381","±114","27.7%","±7.5","192","±74","28.9%","±10.3","232","±95","34.0%","±10.6","161","±80","14.8%","±7.5","99","±76","16.4%","±11.4","141","±64","8.8%","±4.1","0","±12","0.0%","±1.3","269","±112","16.7%","±6.9","110","±69","6.8%","±4.0","292","±69","28.6%","±5.1","228","±54","23.3%","±4.7"
"        College or graduate school","99","±30","13.7%","±4.1","266","±117","19.3%","±8.6","177","±63","26.6%","±8.6","137","±59","20.1%","±8.0","404","±230","37.0%","±14.1","214","±107","35.5%","±12.4","1,134","±389","70.7%","±8.3","2,401","±261","99.8%","±0.3","931","±342","57.9%","±10.6","799","±169","49.7%","±7.3","165","±43","16.2%","±3.9","108","±37","11.0%","±3.6"
"EDUCATIONAL ATTAINMENT","","","","","","","","","","","","","","","","","","","","","","","","","","","","","","","","","","","","","","","","","","","","","","","",""
"    Population 25 years and over","2,386","±122","2,386","(X)","4,140","±245","4,140","(X)","2,186","±121","2,186","(X)","1,844","±139","1,844","(X)","2,603","±220","2,603","(X)","1,939","±221","1,939","(X)","2,673","±182","2,673","(X)","82","±34","82","(X)","2,752","±222","2,752","(X)","3,700","±265","3,700","(X)","3,094","±148","3,094","(X)","2,714","±128","2,714","(X)"
"        Less than 9th grade","48","±18","2.0%","±0.7","60","±30","1.4%","±0.7","37","±38","1.7%","±1.7","51","±26","2.8%","±1.4","104","±81","4.0%","±3.2","52","±33","2.7%","±1.6","34","±30","1.3%","±1.1","0","±12","0.0%","±31.5","157","±79","5.7%","±2.9","93","±82","2.5%","±2.2","50","±22","1.6%","±0.7","108","±46","4.0%","±1.7"
"        9th to 12th grade, no diploma","245","±55","10.3%","±2.2","174","±59","4.2%","±1.4","167","±96","7.6%","±4.4","99","±47","5.4%","±2.6","146","±80","5.6%","±3.0","145","±65","7.5%","±3.3","118","±55","4.4%","±2.0","0","±12","0.0%","±31.5","275","±99","10.0%","±3.6","162","±109","4.4%","±3.0","270","±74","8.7%","±2.4","203","±63","7.5%","±2.3"
"        High school graduate (includes equivalency)","936","±95","39.2%","±3.7","1,214","±221","29.3%","±4.8","570","±151","26.1%","±6.5","678","±101","36.8%","±4.8","999","±193","38.4%","±6.5","670","±171","34.6%","±8.1","455","±119","17.0%","±4.5","10","±12","12.2%","±15.0","899","±197","32.7%","±6.4","1,028","±232","27.8%","±6.1","1,359","±126","43.9%","±3.4","845","±103","31.1%","±3.4"
"        Some college, no degree","411","±59","17.2%","±2.2","835","±167","20.2%","±3.7","257","±88","11.8%","±3.9","303","±80","16.4%","±4.2","521","±164","20.0%","±5.8","471","±157","24.3%","±7.6","522","±156","19.5%","±5.3","22","±17","26.8%","±16.9","417","±131","15.2%","±4.9","479","±167","12.9%","±4.4","495","±75","16.0%","±2.3","449","±70","16.5%","±2.5"
"        Associate's degree","251","±38","10.5%","±1.6","578","±173","14.0%","±4.0","290","±108","13.3%","±5.1","239","±87","13.0%","±4.6","224","±90","8.6%","±3.4","252","±107","13.0%","±5.0","384","±116","14.4%","±4.3","13","±11","15.9%","±12.6","389","±102","14.1%","±3.8","507","±137","13.7%","±4.0","468","±94","15.1%","±2.8","456","±90","16.8%","±3.2"
"        Bachelor's degree","262","±55","11.0%","±2.2","692","±187","16.7%","±4.0","491","±102","22.5%","±4.3","273","±100","14.8%","±5.2","374","±130","14.4%","±5.1","267","±82","13.8%","±4.2","496","±135","18.6%","±4.8","26","±17","31.7%","±15.4","389","±187","14.1%","±6.4","798","±192","21.6%","±4.6","233","±47","7.5%","±1.5","410","±72","15.1%","±2.6"
"        Graduate or professional degree","233","±50","9.8%","±2.0","587","±270","14.2%","±6.9","374","±101","17.1%","±4.5","201","±58","10.9%","±3.0","235","±97","9.0%","±3.7","82","±46","4.2%","±2.3","664","±127","24.8%","±4.6","11","±18","13.4%","±20.8","226","±105","8.2%","±3.8","633","±208","17.1%","±5.3","219","±45","7.1%","±1.5","243","±51","9.0%","±1.8"
"        High school graduate or higher","2,093","±113","87.7%","±2.5","3,906","±233","94.3%","±1.6","1,982","±165","90.7%","±4.8","1,694","±141","91.9%","±2.8","2,353","±229","90.4%","±4.4","1,742","±210","89.8%","±3.7","2,521","±180","94.3%","±2.3","82","±34","100.0%","±31.5","2,320","±238","84.3%","±4.6","3,445","±281","93.1%","±3.3","2,774","±154","89.7%","±2.4","2,403","±138","88.5%","±2.8"
"        Bachelor's degree or higher","495","±74","20.7%","±2.9","1,279","±290","30.9%","±7.2","865","±160","39.6%","±6.8","474","±113","25.7%","±5.7","609","±168","23.4%","±6.6","349","±97","18.0%","±4.8","1,160","±177","43.4%","±6.0","37","±23","45.1%","±19.5","615","±208","22.3%","±6.9","1,431","±313","38.7%","±7.2","452","±62","14.6%","±2.1","653","±89","24.1%","±3.2"
"VETERAN STATUS","","","","","","","","","","","","","","","","","","","","","","","","","","","","","","","","","","","","","","","","","","","","","","","",""
"    Civilian population 18 years and over","2,629","±131","2,629","(X)","4,563","±310","4,563","(X)","2,445","±99","2,445","(X)","2,111","±153","2,111","(X)","3,220","±414","3,220","(X)","2,300","±285","2,300","(X)","4,027","±433","4,027","(X)","2,459","±261","2,459","(X)","3,853","±382","3,853","(X)","4,581","±202","4,581","(X)","3,480","±154","3,480","(X)","3,030","±150","3,030","(X)"
"        Civilian veterans","217","±42","8.3%","±1.6","392","±102","8.6%","±2.0","203","±64","8.3%","±2.6","174","±50","8.2%","±2.2","226","±93","7.0%","±2.9","140","±55","6.1%","±2.4","301","±87","7.5%","±2.2","28","±32","1.1%","±1.3","236","±81","6.1%","±2.2","290","±139","6.3%","±3.0","338","±62","9.7%","±1.8","224","±48","7.4%","±1.5"
"DISABILITY STATUS OF THE CIVILIAN NONINSTITUTIONALIZED POPULATION","","","","","","","","","","","","","","","","","","","","","","","","","","","","","","","","","","","","","","","","","","","","","","","",""
"    Total Civilian Noninstitutionalized Population","3,398","±167","3,398","(X)","5,807","±273","5,807","(X)","3,023","±65","3,023","(X)","2,676","±205","2,676","(X)","3,945","±446","3,945","(X)","2,700","±273","2,700","(X)","4,617","±451","4,617","(X)","2,483","±258","2,483","(X)","4,537","±408","4,537","(X)","5,504","±206","5,504","(X)","4,513","±205","4,513","(X)","4,205","±199","4,205","(X)"
"        With a disability","505","±68","14.9%","±1.9","529","±136","9.1%","±2.3","337","±100","11.1%","±3.3","370","±87","13.8%","±3.4","764","±127","19.4%","±3.9","709","±173","26.3%","±6.0","459","±138","9.9%","±2.9","10","±14","0.4%","±0.6","636","±186","14.0%","±4.2","634","±159","11.5%","±2.9","683","±102","15.1%","±2.2","523","±99","12.4%","±2.3"
"    Under 18 years","769","±88","769","(X)","1,244","±238","1,244","(X)","578","±82","578","(X)","565","±119","565","(X)","838","±146","838","(X)","475","±85","475","(X)","675","±90","675","(X)","24","±29","24","(X)","864","±137","864","(X)","923","±195","923","(X)","1,033","±104","1,033","(X)","1,175","±152","1,175","(X)"
"        With a disability","63","±31","8.2%","±4.0","59","±62","4.7%","±4.9","22","±27","3.8%","±4.8","44","±31","7.8%","±5.7","62","±37","7.4%","±4.5","62","±65","13.1%","±13.2","28","±21","4.1%","±3.1","0","±12","0.0%","±60.5","28","±31","3.2%","±3.4","20","±25","2.2%","±2.7","35","±15","3.4%","±1.5","89","±51","7.6%","±4.0"
"    18 to 64 years","2,035","±121","2,035","(X)","3,415","±286","3,415","(X)","1,797","±97","1,797","(X)","1,676","±149","1,676","(X)","2,596","±405","2,596","(X)","1,794","±269","1,794","(X)","3,214","±424","3,214","(X)","2,435","±263","2,435","(X)","3,227","±379","3,227","(X)","3,620","±208","3,620","(X)","2,656","±155","2,656","(X)","2,377","±139","2,377","(X)"
"        With a disability","216","±45","10.6%","±2.1","180","±78","5.3%","±2.4","110","±64","6.1%","±3.6","191","±68","11.4%","±4.1","451","±104","17.4%","±4.7","438","±153","24.4%","±7.5","247","±100","7.7%","±3.0","6","±13","0.2%","±0.5","487","±176","15.1%","±5.6","285","±106","7.9%","±2.9","327","±72","12.3%","±2.7","212","±65","8.9%","±2.6"
"    65 years and over","594","±60","594","(X)","1,148","±177","1,148","(X)","648","±79","648","(X)","435","±67","435","(X)","511","±97","511","(X)","431","±78","431","(X)","728","±75","728","(X)","24","±19","24","(X)","446","±106","446","(X)","961","±153","961","(X)","824","±82","824","(X)","653","±90","653","(X)"
"        With a disability","226","±39","38.0%","±5.5","290","±97","25.3%","±7.0","205","±71","31.6%","±9.7","135","±60","31.0%","±12.0","251","±80","49.1%","±12.7","209","±70","48.5%","±13.0","184","±71","25.3%","±9.1","4","±6","16.7%","±23.8","121","±57","27.1%","±11.6","329","±129","34.2%","±11.0","321","±57","39.0%","±5.4","222","±61","34.0%","±7.5"
"RESIDENCE 1 YEAR AGO","","","","","","","","","","","","","","","","","","","","","","","","","","","","","","","","","","","","","","","","","","","","","","","",""
"    Population 1 year and over","3,371","±166","3,371","(X)","5,722","±295","5,722","(X)","3,015","±68","3,015","(X)","2,644","±202","2,644","(X)","4,024","±455","4,024","(X)","2,715","±292","2,715","(X)","4,647","±448","4,647","(X)","2,483","±258","2,483","(X)","4,702","±416","4,702","(X)","5,464","±208","5,464","(X)","4,433","±201","4,433","(X)","4,093","±201","4,093","(X)"
"        Same house","3,106","±170","92.1%","±2.5","5,454","±377","95.3%","±3.0","2,808","±160","93.1%","±4.9","2,519","±209","95.3%","±2.9","3,284","±371","81.6%","±6.0","1,815","±337","66.9%","±9.1","3,532","±269","76.0%","±6.1","1,918","±284","77.2%","±7.1","3,114","±426","66.2%","±8.1","4,498","±370","82.3%","±6.3","4,041","±212","91.2%","±2.5","3,690","±219","90.2%","±3.1"
"        Different house in the U.S.","263","±86","7.8%","±2.5","260","±164","4.5%","±2.9","207","±149","6.9%","±4.9","125","±76","4.7%","±2.9","740","±279","18.4%","±6.0","899","±252","33.1%","±9.1","1,115","±366","24.0%","±6.1","530","±167","21.3%","±6.7","1,588","±433","33.8%","±8.1","928","±350","17.0%","±6.3","392","±111","8.8%","±2.5","401","±131","9.8%","±3.1"
"            Same county","146","±64","4.3%","±1.9","188","±153","3.3%","±2.7","158","±145","5.2%","±4.8","53","±37","2.0%","±1.4","428","±209","10.6%","±5.2","584","±220","21.5%","±8.6","1,011","±371","21.8%","±6.4","76","±71","3.1%","±2.8","1,305","±432","27.8%","±8.3","461","±304","8.4%","±5.5","260","±96","5.9%","±2.2","248","±117","6.1%","±2.8"
"            Different county","117","±50","3.5%","±1.4","72","±54","1.3%","±0.9","49","±39","1.6%","±1.3","72","±63","2.7%","±2.4","312","±183","7.8%","±4.0","315","±151","11.6%","±5.1","104","±66","2.2%","±1.5","454","±152","18.3%","±6.2","283","±141","6.0%","±3.0","467","±176","8.5%","±3.3","132","±51","3.0%","±1.1","153","±68","3.7%","±1.7"
"                Same state","96","±46","2.8%","±1.4","48","±42","0.8%","±0.7","49","±39","1.6%","±1.3","64","±57","2.4%","±2.2","264","±163","6.6%","±3.6","148","±87","5.5%","±3.0","67","±54","1.4%","±1.2","371","±141","14.9%","±5.5","235","±127","5.0%","±2.7","366","±154","6.7%","±2.8","91","±34","2.1%","±0.8","114","±60","2.8%","±1.5"
"                Different state","21","±17","0.6%","±0.5","24","±30","0.4%","±0.5","0","±12","0.0%","±1.1","8","±15","0.3%","±0.6","48","±66","1.2%","±1.6","167","±119","6.2%","±4.2","37","±37","0.8%","±0.8","83","±56","3.3%","±2.3","48","±49","1.0%","±1.0","101","±104","1.8%","±1.9","41","±28","0.9%","±0.6","39","±32","1.0%","±0.8"
"        Abroad","2","±3","0.1%","±0.1","8","±11","0.1%","±0.2","0","±12","0.0%","±1.1","0","±12","0.0%","±1.2","0","±12","0.0%","±0.8","1","±3","0.0%","±0.1","0","±12","0.0%","±0.7","35","±27","1.4%","±1.1","0","±12","0.0%","±0.7","38","±35","0.7%","±0.6","0","±12","0.0%","±0.7","2","±4","0.0%","±0.1"
"PLACE OF BIRTH","","","","","","","","","","","","","","","","","","","","","","","","","","","","","","","","","","","","","","","","","","","","","","","",""
"    Total population","3,398","±167","3,398","(X)","5,807","±273","5,807","(X)","3,023","±65","3,023","(X)","2,676","±205","2,676","(X)","4,058","±452","4,058","(X)","2,779","±286","2,779","(X)","4,702","±451","4,702","(X)","2,483","±258","2,483","(X)","4,717","±414","4,717","(X)","5,504","±206","5,504","(X)","4,513","±205","4,513","(X)","4,205","±199","4,205","(X)"
"        Native","3,362","±167","98.9%","±0.5","5,637","±275","97.1%","±2.6","2,940","±95","97.3%","±2.4","2,633","±200","98.4%","±1.2","3,980","±451","98.1%","±1.6","2,765","±288","99.5%","±0.6","4,631","±444","98.5%","±1.0","2,443","±266","98.4%","±1.4","4,567","±423","96.8%","±2.0","5,399","±213","98.1%","±1.2","4,457","±206","98.8%","±0.6","4,126","±196","98.1%","±1.0"
"            Born in United States","3,349","±168","98.6%","±0.6","5,597","±276","96.4%","±2.6","2,916","±98","96.5%","±2.5","2,604","±195","97.3%","±1.8","3,949","±453","97.3%","±1.8","2,755","±291","99.1%","±0.8","4,608","±441","98.0%","±1.1","2,428","±264","97.8%","±1.4","4,567","±423","96.8%","±2.0","5,360","±219","97.4%","±1.3","4,451","±207","98.6%","±0.6","4,096","±196","97.4%","±1.1"
"                State of residence","3,035","±165","89.3%","±1.7","4,741","±358","81.6%","±4.9","2,333","±201","77.2%","±6.5","2,393","±193","89.4%","±2.5","3,390","±456","83.5%","±5.2","2,471","±281","88.9%","±3.8","4,081","±458","86.8%","±3.7","2,201","±271","88.6%","±3.4","4,123","±426","87.4%","±3.8","4,620","±314","83.9%","±4.3","3,923","±209","86.9%","±2.0","3,286","±194","78.1%","±4.4"
"                Different state","314","±57","9.2%","±1.7","856","±255","14.7%","±4.4","583","±182","19.3%","±6.0","211","±60","7.9%","±2.2","559","±195","13.8%","±4.8","284","±112","10.2%","±3.9","527","±163","11.2%","±3.6","227","±70","9.1%","±2.9","444","±155","9.4%","±3.3","740","±225","13.4%","±4.1","528","±84","11.7%","±1.8","810","±202","19.3%","±4.4"
"            Born in Puerto Rico, U.S. Island areas, or born abroad to American parent(s)","13","±12","0.4%","±0.4","40","±37","0.7%","±0.6","24","±17","0.8%","±0.6","29","±33","1.1%","±1.2","31","±29","0.8%","±0.7","10","±15","0.4%","±0.6","23","±24","0.5%","±0.5","15","±21","0.6%","±0.8","0","±12","0.0%","±0.7","39","±45","0.7%","±0.8","6","±5","0.1%","±0.1","30","±17","0.7%","±0.4"
"        Foreign born","36","±19","1.1%","±0.5","170","±152","2.9%","±2.6","83","±73","2.7%","±2.4","43","±32","1.6%","±1.2","78","±64","1.9%","±1.6","14","±16","0.5%","±0.6","71","±48","1.5%","±1.0","40","±34","1.6%","±1.4","150","±93","3.2%","±2.0","105","±64","1.9%","±1.2","56","±29","1.2%","±0.6","79","±42","1.9%","±1.0"
"U.S. CITIZENSHIP STATUS","","","","","","","","","","","","","","","","","","","","","","","","","","","","","","","","","","","","","","","","","","","","","","","",""
"    Foreign-born population","36","±19","36","(X)","170","±152","170","(X)","83","±73","83","(X)","43","±32","43","(X)","78","±64","78","(X)","14","±16","14","(X)","71","±48","71","(X)","40","±34","40","(X)","150","±93","150","(X)","105","±64","105","(X)","56","±29","56","(X)","79","±42","79","(X)"
"        Naturalized U.S. citizen","25","±13","69.4%","±22.2","122","±120","71.8%","±15.9","54","±40","65.1%","±31.1","14","±16","32.6%","±29.5","59","±58","75.6%","±33.2","0","±12","0.0%","±79.3","59","±41","83.1%","±21.2","12","±16","30.0%","±38.1","104","±78","69.3%","±27.4","95","±58","90.5%","±14.8","24","±18","42.9%","±18.0","42","±29","53.2%","±20.2"
"        Not a U.S. citizen","11","±11","30.6%","±22.2","48","±41","28.2%","±15.9","29","±42","34.9%","±31.1","29","±26","67.4%","±29.5","19","±24","24.4%","±33.2","14","±16","100.0%","±79.3","12","±17","16.9%","±21.2","28","±32","70.0%","±38.1","46","±47","30.7%","±27.4","10","±17","9.5%","±14.8","32","±16","57.1%","±18.0","37","±22","46.8%","±20.2"
"YEAR OF ENTRY","","","","","","","","","","","","","","","","","","","","","","","","","","","","","","","","","","","","","","","","","","","","","","","",""
"    Population born outside the United States","49","±22","49","(X)","210","±153","210","(X)","107","±77","107","(X)","72","±49","72","(X)","109","±71","109","(X)","24","±22","24","(X)","94","±55","94","(X)","55","±33","55","(X)","150","±93","150","(X)","144","±72","144","(X)","62","±29","62","(X)","109","±49","109","(X)"
"        Native","13","±12","13","(X)","40","±37","40","(X)","24","±17","24","(X)","29","±33","29","(X)","31","±29","31","(X)","10","±15","10","(X)","23","±24","23","(X)","15","±21","15","(X)","0","±12","0","(X)","39","±45","39","(X)","6","±5","6","(X)","30","±17","30","(X)"
"            Entered 2010 or later","0","±12","0.0%","±82.3","0","±17","0.0%","±46.9","0","±12","0.0%","±60.5","19","±29","65.5%","±53.0","0","±12","0.0%","±53.3","0","±12","0.0%","±93.8","0","±12","0.0%","±61.8","15","±21","100.0%","±76.6","0","±12","-","**","14","±24","35.9%","±53.1","0","±12","0.0%","±100.0","0","±12","0.0%","±54.1"
"            Entered before 2010","13","±12","100.0%","±82.2","40","±37","100.0%","±46.9","24","±17","100.0%","±60.5","10","±15","34.5%","±53.0","31","±29","100.0%","±53.3","10","±15","100.0%","±93.8","23","±24","100.0%","±61.8","0","±12","0.0%","±76.6","0","±12","-","**","25","±38","64.1%","±53.1","6","±5","100.0%","±100.0","30","±17","100.0%","±54.1"
"        Foreign born","36","±19","36","(X)","170","±152","170","(X)","83","±73","83","(X)","43","±32","43","(X)","78","±64","78","(X)","14","±16","14","(X)","71","±48","71","(X)","40","±34","40","(X)","150","±93","150","(X)","105","±64","105","(X)","56","±29","56","(X)","79","±42","79","(X)"
"            Entered 2010 or later","0","±12","0.0%","±49.4","0","±17","0.0%","±17.3","29","±42","34.9%","±31.1","0","±12","0.0%","±45.2","0","±12","0.0%","±32.7","8","±12","57.1%","±57.1","12","±17","16.9%","±21.2","28","±32","70.0%","±38.1","90","±77","60.0%","±31.4","20","±33","19.0%","±29.2","13","±11","23.2%","±18.5","5","±9","6.3%","±12.8"
"            Entered before 2010","36","±19","100.0%","±49.4","170","±152","100.0%","±17.3","54","±40","65.1%","±31.1","43","±32","100.0%","±45.2","78","±64","100.0%","±32.7","6","±11","42.9%","±57.1","59","±41","83.1%","±21.2","12","±16","30.0%","±38.1","60","±51","40.0%","±31.4","85","±56","81.0%","±29.2","43","±27","76.8%","±18.5","74","±41","93.7%","±12.8"
"WORLD REGION OF BIRTH OF FOREIGN BORN","","","","","","","","","","","","","","","","","","","","","","","","","","","","","","","","","","","","","","","","","","","","","","","",""
"    Foreign-born population, excluding population born at sea","36","±19","36","(X)","170","±152","170","(X)","83","±73","83","(X)","43","±32","43","(X)","78","±64","78","(X)","14","±16","14","(X)","71","±48","71","(X)","40","±34","40","(X)","150","±93","150","(X)","105","±64","105","(X)","56","±29","56","(X)","79","±42","79","(X)"
"        Europe","24","±12","66.7%","±21.6","45","±45","26.5%","±26.1","22","±23","26.5%","±36.6","41","±32","95.3%","±10.1","50","±48","64.1%","±40.4","0","±12","0.0%","±79.3","41","±33","57.7%","±26.3","7","±13","17.5%","±31.4","33","±38","22.0%","±25.9","31","±38","29.5%","±31.2","25","±14","44.6%","±15.2","57","±39","72.2%","±21.8"
"        Asia","2","±3","5.6%","±8.0","102","±127","60.0%","±42.9","61","±69","73.5%","±36.6","0","±12","0.0%","±45.2","0","±12","0.0%","±32.7","8","±12","57.1%","±57.1","12","±17","16.9%","±21.2","12","±18","30.0%","±39.6","27","±39","18.0%","±23.5","56","±48","53.3%","±34.8","12","±15","21.4%","±19.5","13","±14","16.5%","±19.3"
"        Africa","0","±12","0.0%","±49.4","0","±17","0.0%","±17.3","0","±12","0.0%","±31.3","0","±12","0.0%","±45.2","0","±12","0.0%","±32.7","0","±12","0.0%","±79.3","0","±12","0.0%","±34.8","0","±12","0.0%","±46.9","15","±24","10.0%","±16.3","0","±17","0.0%","±26.1","4","±6","7.1%","±11.2","0","±12","0.0%","±32.4"
"        Oceania","0","±12","0.0%","±49.4","0","±17","0.0%","±17.3","0","±12","0.0%","±31.3","0","±12","0.0%","±45.2","0","±12","0.0%","±32.7","0","±12","0.0%","±79.3","0","±12","0.0%","±34.8","0","±12","0.0%","±46.9","0","±12","0.0%","±19.3","15","±23","14.3%","±22.1","0","±12","0.0%","±39.6","0","±12","0.0%","±32.4"
"        Latin America","4","±6","11.1%","±15.2","23","±36","13.5%","±20.2","0","±12","0.0%","±31.3","2","±4","4.7%","±10.1","28","±40","35.9%","±40.4","6","±11","42.9%","±57.1","12","±19","16.9%","±26.1","21","±24","52.5%","±46.9","75","±69","50.0%","±31.3","3","±6","2.9%","±6.2","4","±6","7.1%","±11.2","9","±9","11.4%","±11.5"
"        Northern America","6","±9","16.7%","±19.8","0","±17","0.0%","±17.3","0","±12","0.0%","±31.3","0","±12","0.0%","±45.2","0","±12","0.0%","±32.7","0","±12","0.0%","±79.3","6","±9","8.5%","±12.9","0","±12","0.0%","±46.9","0","±12","0.0%","±19.3","0","±17","0.0%","±26.1","11","±12","19.6%","±20.3","0","±12","0.0%","±32.4"
"LANGUAGE SPOKEN AT HOME","","","","","","","","","","","","","","","","","","","","","","","","","","","","","","","","","","","","","","","","","","","","","","","",""
"    Population 5 years and over","3,215","±161","3,215","(X)","5,533","±302","5,533","(X)","2,859","±129","2,859","(X)","2,577","±192","2,577","(X)","3,844","±463","3,844","(X)","2,636","±289","2,636","(X)","4,438","±447","4,438","(X)","2,483","±258","2,483","(X)","4,487","±424","4,487","(X)","5,365","±219","5,365","(X)","4,205","±202","4,205","(X)","3,847","±192","3,847","(X)"
"        English only","3,175","±163","98.8%","±0.6","5,389","±296","97.4%","±2.3","2,687","±152","94.0%","±3.3","2,435","±191","94.5%","±3.2","3,715","±458","96.6%","±2.2","2,595","±291","98.4%","±1.3","4,313","±447","97.2%","±1.5","2,393","±267","96.4%","±2.4","4,332","±437","96.5%","±2.5","5,257","±218","98.0%","±1.4","4,143","±202","98.5%","±0.6","3,555","±201","92.4%","±3.8"
"        Language other than English","40","±18","1.2%","±0.6","144","±129","2.6%","±2.3","172","±94","6.0%","±3.3","142","±85","5.5%","±3.2","129","±83","3.4%","±2.2","41","±34","1.6%","±1.3","125","±66","2.8%","±1.5","90","±57","3.6%","±2.4","155","±110","3.5%","±2.5","108","±76","2.0%","±1.4","62","±26","1.5%","±0.6","292","±152","7.6%","±3.8"
"            Speak English less than ""very well""","12","±8","0.4%","±0.3","75","±106","1.4%","±1.9","45","±39","1.6%","±1.4","40","±32","1.6%","±1.2","13","±17","0.3%","±0.4","16","±18","0.6%","±0.7","40","±34","0.9%","±0.8","5","±10","0.2%","±0.4","38","±41","0.8%","±0.9","53","±51","1.0%","±0.9","15","±11","0.4%","±0.3","73","±40","1.9%","±1.0"
"        Spanish","14","±11","0.4%","±0.3","17","±20","0.3%","±0.4","17","±18","0.6%","±0.6","45","±41","1.7%","±1.6","93","±72","2.4%","±1.9","14","±17","0.5%","±0.7","18","±15","0.4%","±0.3","19","±22","0.8%","±0.9","43","±49","1.0%","±1.1","3","±6","0.1%","±0.1","17","±10","0.4%","±0.2","26","±27","0.7%","±0.7"
"            Speak English less than ""very well""","9","±8","0.3%","±0.3","0","±17","0.0%","±0.6","10","±15","0.3%","±0.5","7","±11","0.3%","±0.4","5","±9","0.1%","±0.2","6","±11","0.2%","±0.4","1","±4","0.0%","±0.1","0","±12","0.0%","±1.3","0","±12","0.0%","±0.7","0","±17","0.0%","±0.6","6","±7","0.1%","±0.2","0","±12","0.0%","±0.8"
"        Other Indo-European languages","23","±14","0.7%","±0.4","16","±20","0.3%","±0.4","145","±94","5.1%","±3.3","49","±37","1.9%","±1.4","36","±32","0.9%","±0.9","11","±16","0.4%","±0.6","95","±59","2.1%","±1.3","39","±36","1.6%","±1.5","101","±94","2.3%","±2.1","60","±63","1.1%","±1.2","30","±21","0.7%","±0.5","254","±153","6.6%","±3.9"
"            Speak English less than ""very well""","3","±4","0.1%","±0.1","0","±17","0.0%","±0.6","35","±36","1.2%","±1.3","33","±31","1.3%","±1.2","8","±14","0.2%","±0.4","10","±15","0.4%","±0.6","27","±30","0.6%","±0.7","0","±12","0.0%","±1.3","35","±40","0.8%","±0.9","20","±33","0.4%","±0.6","4","±6","0.1%","±0.1","69","±39","1.8%","±1.0"
"        Asian and Pacific Islander languages","0","±12","0.0%","±1.0","110","±129","2.0%","±2.3","10","±16","0.3%","±0.6","25","±38","1.0%","±1.4","0","±12","0.0%","±0.8","1","±3","0.0%","±0.1","12","±17","0.3%","±0.4","23","±24","0.9%","±1.0","3","±8","0.1%","±0.2","45","±44","0.8%","±0.8","9","±10","0.2%","±0.2","4","±7","0.1%","±0.2"
"            Speak English less than ""very well""","0","±12","0.0%","±1.0","75","±106","1.4%","±1.9","0","±12","0.0%","±1.1","0","±12","0.0%","±1.3","0","±12","0.0%","±0.8","0","±12","0.0%","±1.2","12","±17","0.3%","±0.4","0","±12","0.0%","±1.3","3","±8","0.1%","±0.2","33","±40","0.6%","±0.8","5","±8","0.1%","±0.2","0","±12","0.0%","±0.8"
"        Other languages","3","±3","0.1%","±0.1","1","±3","0.0%","±0.1","0","±12","0.0%","±1.1","23","±33","0.9%","±1.3","0","±12","0.0%","±0.8","15","±23","0.6%","±0.9","0","±12","0.0%","±0.7","9","±13","0.4%","±0.5","8","±13","0.2%","±0.3","0","±17","0.0%","±0.6","6","±6","0.1%","±0.1","8","±9","0.2%","±0.2"
"            Speak English less than ""very well""","0","±12","0.0%","±1.0","0","±17","0.0%","±0.6","0","±12","0.0%","±1.1","0","±12","0.0%","±1.3","0","±12","0.0%","±0.8","0","±12","0.0%","±1.2","0","±12","0.0%","±0.7","5","±10","0.2%","±0.4","0","±12","0.0%","±0.7","0","±17","0.0%","±0.6","0","±12","0.0%","±0.8","4","±6","0.1%","±0.1"
"ANCESTRY","","","","","","","","","","","","","","","","","","","","","","","","","","","","","","","","","","","","","","","","","","","","","","","",""
"    Total population","3,398","±167","3,398","(X)","5,807","±273","5,807","(X)","3,023","±65","3,023","(X)","2,676","±205","2,676","(X)","4,058","±452","4,058","(X)","2,779","±286","2,779","(X)","4,702","±451","4,702","(X)","2,483","±258","2,483","(X)","4,717","±414","4,717","(X)","5,504","±206","5,504","(X)","4,513","±205","4,513","(X)","4,205","±199","4,205","(X)"
"        American","337","±92","9.9%","±2.7","277","±117","4.8%","±2.0","144","±97","4.8%","±3.2","325","±153","12.1%","±5.4","196","±127","4.8%","±3.2","196","±125","7.1%","±4.4","218","±94","4.6%","±2.0","166","±68","6.7%","±2.6","351","±170","7.4%","±3.7","200","±110","3.6%","±2.0","509","±151","11.3%","±3.3","418","±123","9.9%","±3.0"
"        Arab","18","±17","0.5%","±0.5","0","±17","0.0%","±0.6","0","±12","0.0%","±1.1","3","±4","0.1%","±0.2","0","±12","0.0%","±0.8","0","±12","0.0%","±1.2","12","±18","0.3%","±0.4","0","±12","0.0%","±1.3","8","±14","0.2%","±0.3","0","±17","0.0%","±0.6","21","±17","0.5%","±0.4","23","±23","0.5%","±0.5"
"        Czech","0","±12","0.0%","±1.0","3","±5","0.1%","±0.1","10","±15","0.3%","±0.5","3","±5","0.1%","±0.2","0","±12","0.0%","±0.8","0","±12","0.0%","±1.2","0","±12","0.0%","±0.7","14","±21","0.6%","±0.8","29","±51","0.6%","±1.0","0","±17","0.0%","±0.6","2","±3","0.0%","±0.1","1","±4","0.0%","±0.1"
"        Danish","3","±5","0.1%","±0.2","24","±25","0.4%","±0.4","8","±12","0.3%","±0.4","0","±12","0.0%","±1.2","0","±12","0.0%","±0.8","0","±12","0.0%","±1.2","0","±12","0.0%","±0.7","0","±12","0.0%","±1.3","0","±12","0.0%","±0.7","0","±17","0.0%","±0.6","24","±13","0.5%","±0.3","0","±12","0.0%","±0.8"
"        Dutch","99","±28","2.9%","±0.8","149","±96","2.6%","±1.6","76","±58","2.5%","±1.9","77","±46","2.9%","±1.7","121","±81","3.0%","±2.0","53","±61","1.9%","±2.2","135","±102","2.9%","±2.1","21","±22","0.8%","±0.9","40","±30","0.8%","±0.6","37","±33","0.7%","±0.6","139","±36","3.1%","±0.8","119","±44","2.8%","±1.1"
"        English","739","±150","21.7%","±4.3","780","±198","13.4%","±3.4","719","±201","23.8%","±6.6","384","±109","14.3%","±3.9","538","±218","13.3%","±5.5","150","±67","5.4%","±2.3","786","±239","16.7%","±5.1","649","±130","26.1%","±4.1","648","±249","13.7%","±5.2","1,191","±411","21.6%","±7.4","953","±179","21.1%","±3.8","719","±142","17.1%","±3.4"
"        French (except Basque)","84","±25","2.5%","±0.7","56","±25","1.0%","±0.4","35","±25","1.2%","±0.8","88","±47","3.3%","±1.7","178","±108","4.4%","±2.7","19","±20","0.7%","±0.7","194","±103","4.1%","±2.3","14","±20","0.6%","±0.8","130","±85","2.8%","±1.7","101","±83","1.8%","±1.5","36","±21","0.8%","±0.5","89","±39","2.1%","±0.9"
"        French Canadian","56","±28","1.6%","±0.8","111","±80","1.9%","±1.4","42","±30","1.4%","±1.0","36","±26","1.3%","±1.0","17","±20","0.4%","±0.5","43","±30","1.5%","±1.1","0","±12","0.0%","±0.7","0","±12","0.0%","±1.3","8","±13","0.2%","±0.3","34","±42","0.6%","±0.8","31","±18","0.7%","±0.4","42","±31","1.0%","±0.7"
"        German","317","±66","9.3%","±1.9","709","±177","12.2%","±2.9","523","±174","17.3%","±5.8","198","±73","7.4%","±2.7","390","±151","9.6%","±4.1","370","±136","13.3%","±4.6","557","±216","11.8%","±4.6","82","±39","3.3%","±1.6","246","±130","5.2%","±2.8","641","±206","11.6%","±3.7","543","±93","12.0%","±2.0","374","±87","8.9%","±2.0"
"        Greek","18","±26","0.5%","±0.8","3","±6","0.1%","±0.1","0","±12","0.0%","±1.1","16","±23","0.6%","±0.9","0","±12","0.0%","±0.8","0","±12","0.0%","±1.2","48","±37","1.0%","±0.8","15","±21","0.6%","±0.8","0","±12","0.0%","±0.7","0","±17","0.0%","±0.6","18","±14","0.4%","±0.3","0","±12","0.0%","±0.8"
"        Hungarian","9","±9","0.3%","±0.3","27","±30","0.5%","±0.5","21","±25","0.7%","±0.8","6","±9","0.2%","±0.3","0","±12","0.0%","±0.8","0","±12","0.0%","±1.2","0","±12","0.0%","±0.7","0","±12","0.0%","±1.3","11","±17","0.2%","±0.4","29","±34","0.5%","±0.6","12","±10","0.3%","±0.2","8","±10","0.2%","±0.2"
"        Irish","437","±79","12.9%","±2.2","1,034","±375","17.8%","±6.6","443","±153","14.7%","±5.1","346","±108","12.9%","±3.9","586","±201","14.4%","±5.0","400","±145","14.4%","±5.1","805","±219","17.1%","±4.9","167","±63","6.7%","±2.5","375","±142","7.9%","±3.0","556","±232","10.1%","±4.2","520","±95","11.5%","±2.0","385","±78","9.2%","±1.8"
"        Italian","120","±39","3.5%","±1.2","450","±143","7.7%","±2.4","231","±100","7.6%","±3.3","214","±79","8.0%","±2.9","413","±187","10.2%","±4.8","312","±139","11.2%","±5.2","567","±208","12.1%","±4.2","135","±52","5.4%","±1.9","308","±113","6.5%","±2.4","503","±198","9.1%","±3.7","207","±52","4.6%","±1.1","270","±78","6.4%","±1.8"
"        Lithuanian","0","±12","0.0%","±1.0","6","±6","0.1%","±0.1","20","±22","0.7%","±0.7","14","±19","0.5%","±0.7","0","±12","0.0%","±0.8","9","±14","0.3%","±0.5","23","±21","0.5%","±0.4","27","±22","1.1%","±0.9","0","±12","0.0%","±0.7","11","±21","0.2%","±0.4","8","±8","0.2%","±0.2","0","±12","0.0%","±0.8"
"        Norwegian","10","±7","0.3%","±0.2","35","±34","0.6%","±0.6","11","±20","0.4%","±0.6","1","±3","0.0%","±0.1","8","±12","0.2%","±0.3","0","±12","0.0%","±1.2","59","±55","1.3%","±1.2","0","±12","0.0%","±1.3","0","±12","0.0%","±0.7","43","±59","0.8%","±1.1","32","±20","0.7%","±0.4","14","±12","0.3%","±0.3"
"        Polish","56","±30","1.6%","±0.9","209","±104","3.6%","±1.8","100","±55","3.3%","±1.8","83","±46","3.1%","±1.7","114","±67","2.8%","±1.7","87","±65","3.1%","±2.3","139","±93","3.0%","±2.0","23","±22","0.9%","±0.9","104","±59","2.2%","±1.2","178","±97","3.2%","±1.8","136","±44","3.0%","±1.0","56","±36","1.3%","±0.9"
"        Portuguese","2","±3","0.1%","±0.1","4","±6","0.1%","±0.1","0","±12","0.0%","±1.1","7","±11","0.3%","±0.4","0","±12","0.0%","±0.8","0","±12","0.0%","±1.2","8","±14","0.2%","±0.3","0","±12","0.0%","±1.3","5","±10","0.1%","±0.2","14","±23","0.3%","±0.4","12","±14","0.3%","±0.3","0","±12","0.0%","±0.8"
"        Russian","20","±11","0.6%","±0.3","42","±37","0.7%","±0.6","22","±34","0.7%","±1.1","36","±26","1.3%","±0.9","23","±28","0.6%","±0.7","21","±22","0.8%","±0.8","9","±15","0.2%","±0.3","15","±17","0.6%","±0.7","53","±60","1.1%","±1.3","0","±17","0.0%","±0.6","14","±11","0.3%","±0.2","6","±7","0.1%","±0.2"
"        Scotch-Irish","22","±15","0.6%","±0.5","73","±46","1.3%","±0.8","5","±9","0.2%","±0.3","0","±12","0.0%","±1.2","36","±36","0.9%","±0.9","4","±8","0.1%","±0.3","56","±37","1.2%","±0.8","0","±12","0.0%","±1.3","5","±10","0.1%","±0.2","14","±21","0.3%","±0.4","23","±18","0.5%","±0.4","22","±14","0.5%","±0.3"
"        Scottish","80","±32","2.4%","±0.9","221","±140","3.8%","±2.4","61","±43","2.0%","±1.4","20","±18","0.7%","±0.7","55","±62","1.4%","±1.5","26","±21","0.9%","±0.8","179","±101","3.8%","±2.1","15","±19","0.6%","±0.8","49","±46","1.0%","±1.0","93","±66","1.7%","±1.2","69","±33","1.5%","±0.7","84","±32","2.0%","±0.7"
"        Slovak","0","±12","0.0%","±1.0","3","±6","0.1%","±0.1","6","±10","0.2%","±0.3","13","±21","0.5%","±0.8","8","±14","0.2%","±0.4","0","±12","0.0%","±1.2","8","±11","0.2%","±0.2","0","±12","0.0%","±1.3","0","±12","0.0%","±0.7","29","±43","0.5%","±0.8","6","±8","0.1%","±0.2","0","±12","0.0%","±0.8"
"        Subsaharan African","0","±12","0.0%","±1.0","0","±17","0.0%","±0.6","0","±12","0.0%","±1.1","0","±12","0.0%","±1.2","0","±12","0.0%","±0.8","0","±12","0.0%","±1.2","0","±12","0.0%","±0.7","4","±8","0.2%","±0.3","0","±12","0.0%","±0.7","0","±17","0.0%","±0.6","4","±6","0.1%","±0.1","36","±46","0.9%","±1.1"
"        Swedish","12","±10","0.4%","±0.3","14","±12","0.2%","±0.2","55","±43","1.8%","±1.4","4","±6","0.1%","±0.2","32","±29","0.8%","±0.7","8","±14","0.3%","±0.5","52","±47","1.1%","±1.0","0","±12","0.0%","±1.3","28","±29","0.6%","±0.6","50","±49","0.9%","±0.9","19","±15","0.4%","±0.3","19","±14","0.5%","±0.3"
"        Swiss","8","±7","0.2%","±0.2","4","±6","0.1%","±0.1","22","±26","0.7%","±0.8","0","±12","0.0%","±1.2","0","±12","0.0%","±0.8","27","±42","1.0%","±1.5","16","±15","0.3%","±0.3","0","±12","0.0%","±1.3","0","±12","0.0%","±0.7","11","±20","0.2%","±0.4","6","±7","0.1%","±0.2","24","±21","0.6%","±0.5"
"        Ukrainian","0","±12","0.0%","±1.0","4","±6","0.1%","±0.1","29","±48","1.0%","±1.6","0","±12","0.0%","±1.2","10","±15","0.2%","±0.4","0","±12","0.0%","±1.2","50","±41","1.1%","±0.9","0","±12","0.0%","±1.3","29","±35","0.6%","±0.8","11","±18","0.2%","±0.3","8","±7","0.2%","±0.2","41","±37","1.0%","±0.9"
"        Welsh","21","±10","0.6%","±0.3","76","±62","1.3%","±1.1","20","±24","0.7%","±0.8","17","±16","0.6%","±0.6","18","±21","0.4%","±0.5","72","±68","2.6%","±2.5","52","±48","1.1%","±1.0","11","±15","0.4%","±0.6","29","±27","0.6%","±0.6","36","±35","0.7%","±0.6","34","±17","0.8%","±0.4","36","±19","0.9%","±0.4"
"        West Indian (excluding Hispanic origin groups)","0","±12","0.0%","±1.0","0","±17","0.0%","±0.6","0","±12","0.0%","±1.1","0","±12","0.0%","±1.2","46","±69","1.1%","±1.7","0","±12","0.0%","±1.2","29","±34","0.6%","±0.7","0","±12","0.0%","±1.3","4","±8","0.1%","±0.2","0","±17","0.0%","±0.6","0","±12","0.0%","±0.7","0","±12","0.0%","±0.8"
"COMPUTERS AND INTERNET USE","","","","","","","","","","","","","","","","","","","","","","","","","","","","","","","","","","","","","","","","","","","","","","","",""
"    Total households","1,295","±75","1,295","(X)","2,129","±152","2,129","(X)","1,279","±88","1,279","(X)","1,071","±84","1,071","(X)","1,627","±135","1,627","(X)","1,334","±135","1,334","(X)","1,773","±138","1,773","(X)","60","±29","60","(X)","1,863","±134","1,863","(X)","2,093","±157","2,093","(X)","1,753","±98","1,753","(X)","1,468","±85","1,468","(X)"
"        With a computer","1,095","±78","84.6%","±3.2","1,770","±159","83.1%","±4.7","1,186","±81","92.7%","±4.3","903","±92","84.3%","±5.1","1,464","±143","90.0%","±4.0","1,118","±141","83.8%","±5.1","1,570","±124","88.6%","±3.5","57","±28","95.0%","±10.8","1,594","±144","85.6%","±5.2","1,923","±165","91.9%","±4.4","1,523","±102","86.9%","±2.7","1,249","±103","85.1%","±4.0"
"        With a broadband Internet subscription","882","±78","68.1%","±4.4","1,636","±161","76.8%","±5.8","1,038","±109","81.2%","±8.1","747","±95","69.7%","±6.8","1,244","±164","76.5%","±8.0","858","±117","64.3%","±6.9","1,394","±150","78.6%","±5.9","36","±21","60.0%","±32.6","1,215","±155","65.2%","±7.5","1,659","±171","79.3%","±6.5","1,308","±102","74.6%","±3.7","1,074","±88","73.2%","±4.3"