"Label","Census Tract 9601, Essex County, New York!!Estimate","Census Tract 9601, Essex County, New York!!Margin of Error","Census Tract 9601, Essex County, New York!!Percent","Census Tract 9601, Essex County, New York!!Percent Margin of Error","Census Tract 9602, Essex County, New York!!Estimate","Census Tract 9602, Essex County, New York!!Margin of Error","Census Tract 9602, Essex County, New York!!Percent","Census Tract 9602, Essex County, New York!!Percent Margin of Error","Census Tract 9603, Essex County, New York!!Estimate","Census Tract 9603, Essex County, New York!!Margin of Error","Census Tract 9603, Essex County, New York!!Percent","Census Tract 9603, Essex County, New York!!Percent Margin of Error","Census Tract 9604.98, Essex County, New York!!Estimate","Census Tract 9604.98, Essex County, New York!!Margin of Error","Census Tract 9604.98, Essex County, New York!!Percent","Census Tract 9604.98, Essex County, New York!!Percent Margin of Error","Census Tract 9605.98, Essex County, New York!!Estimate","Census Tract 9605.98, Essex County, New York!!Margin of Error","Census Tract 9605.98, Essex County, New York!!Percent","Census Tract 9605.98, Essex County, New York!!Percent Margin of Error","Census Tract 9607, Essex County, New York!!Estimate","Census Tract 9607, Essex County, New York!!Margin of Error","Census Tract 9607, Essex County, New York!!Percent","Census Tract 9607, Essex County, New York!!Percent Margin of Error","Census Tract 9608, Essex County, New York!!Estimate","Census Tract 9608, Essex County, New York!!Margin of Error","Census Tract 9608, Essex County, New York!!Percent","Census Tract 9608, Essex County, New York!!Percent Margin of Error","Census Tract 9609, Essex County, New York!!Estimate","Census Tract 9609, Essex County, New York!!Margin of Error","Census Tract 9609, Essex County, New York!!Percent","Census Tract 9609, Essex County, New York!!Percent Margin of Error","Census Tract 9610, Essex County, New York!!Estimate","Census Tract 9610, Essex County, New York!!Margin of Error","Census Tract 9610, Essex County, New York!!Percent","Census Tract 9610, Essex County, New York!!Percent Margin of Error","Census Tract 9611, Essex County, New York!!Estimate","Census Tract 9611, Essex County, New York!!Margin of Error","Census Tract 9611, Essex County, New York!!Percent","Census Tract 9611, Essex County, New York!!Percent Margin of Error","Census Tract 9612, Essex County, New York!!Estimate","Census Tract 9612, Essex County, New York!!Margin of Error","Census Tract 9612, Essex County, New York!!Percent","Census Tract 9612, Essex County, New York!!Percent Margin of Error","Census Tract 9613, Essex County, New York!!Estimate","Census Tract 9613, Essex County, New York!!Margin of Error","Census Tract 9613, Essex County, New York!!Percent","Census Tract 9613, Essex County, New York!!Percent Margin of Error","Census Tract 9614, Essex County, New York!!Estimate","Census Tract 9614, Essex County, New York!!Margin of Error","Census Tract 9614, Essex County, New York!!Percent","Census Tract 9614, Essex County, New York!!Percent Margin of Error"
"HOUSEHOLDS BY TYPE","","","","","","","","","","","","","","","","","","","","","","","","","","","","","","","","","","","","","","","","","","","","","","","","","","","",""
"    Total households","1,069","±91","1,069","(X)","1,107","±94","1,107","(X)","1,238","±92","1,238","(X)","1,023","±152","1,023","(X)","1,606","±177","1,606","(X)","742","±68","742","(X)","892","±110","892","(X)","1,625","±105","1,625","(X)","2,014","±190","2,014","(X)","832","±74","832","(X)","2,152","±184","2,152","(X)","773","±90","773","(X)","717","±52","717","(X)"
"        Married-couple family","494","±75","46.2%","±7.0","650","±92","58.7%","±8.0","654","±87","52.8%","±6.1","361","±108","35.3%","±9.5","767","±155","47.8%","±8.7","417","±52","56.2%","±6.0","522","±95","58.5%","±9.0","757","±102","46.6%","±5.8","719","±173","35.7%","±8.0","468","±82","56.3%","±8.7","844","±150","39.2%","±7.7","408","±62","52.8%","±6.4","371","±41","51.7%","±5.5"
"            With own children of the householder under 18 years","127","±38","11.9%","±3.5","248","±69","22.4%","±6.1","176","±54","14.2%","±4.2","109","±58","10.7%","±5.8","429","±105","26.7%","±7.0","60","±22","8.1%","±2.9","96","±42","10.8%","±4.5","153","±50","9.4%","±3.0","207","±86","10.3%","±4.2","117","±51","14.1%","±6.0","306","±108","14.2%","±5.3","96","±33","12.4%","±4.4","74","±21","10.3%","±2.8"
"        Cohabiting couple household","121","±53","11.3%","±4.8","91","±44","8.2%","±3.9","91","±34","7.4%","±2.9","145","±86","14.2%","±7.9","156","±96","9.7%","±5.9","43","±18","5.8%","±2.4","62","±34","7.0%","±3.8","135","±52","8.3%","±3.1","196","±92","9.7%","±4.7","42","±26","5.0%","±3.1","105","±73","4.9%","±3.4","9","±10","1.2%","±1.3","49","±20","6.8%","±2.6"
"            With own children of the householder under 18 years","55","±39","5.1%","±3.7","28","±17","2.5%","±1.5","29","±22","2.3%","±1.8","46","±40","4.5%","±4.0","108","±83","6.7%","±5.1","24","±14","3.2%","±1.9","39","±30","4.4%","±3.3","51","±29","3.1%","±1.7","125","±75","6.2%","±3.9","20","±22","2.4%","±2.7","95","±71","4.4%","±3.3","4","±6","0.5%","±0.8","28","±17","3.9%","±2.3"
"        Male householder, no spouse/partner present","211","±61","19.7%","±5.3","170","±76","15.4%","±6.6","231","±66","18.7%","±4.8","237","±91","23.2%","±8.0","200","±99","12.5%","±5.8","123","±39","16.6%","±4.8","155","±76","17.4%","±7.8","299","±81","18.4%","±5.1","475","±167","23.6%","±7.4","161","±56","19.4%","±6.3","479","±155","22.3%","±6.9","135","±50","17.5%","±5.8","155","±42","21.6%","±5.4"
"            With own children of the householder under 18 years","0","±12","0.0%","±3.0","27","±33","2.4%","±3.0","15","±23","1.2%","±1.8","7","±11","0.7%","±1.1","36","±57","2.2%","±3.5","14","±12","1.9%","±1.6","29","±35","3.3%","±4.0","3","±6","0.2%","±0.4","118","±82","5.9%","±3.9","0","±12","0.0%","±3.8","11","±20","0.5%","±0.9","8","±12","1.0%","±1.5","2","±3","0.3%","±0.4"
"            Householder living alone","193","±61","18.1%","±5.3","129","±72","11.7%","±6.2","191","±58","15.4%","±4.3","208","±90","20.3%","±8.0","118","±74","7.3%","±4.4","67","±26","9.0%","±3.5","114","±59","12.8%","±6.1","261","±73","16.1%","±4.5","230","±119","11.4%","±5.5","83","±43","10.0%","±4.9","324","±133","15.1%","±5.7","122","±48","15.8%","±5.5","126","±37","17.6%","±4.8"
"                65 years and over","33","±24","3.1%","±2.2","16","±15","1.4%","±1.4","88","±41","7.1%","±3.1","67","±39","6.5%","±3.6","45","±37","2.8%","±2.3","21","±12","2.8%","±1.6","34","±36","3.8%","±3.9","98","±47","6.0%","±2.9","96","±90","4.8%","±4.4","42","±30","5.0%","±3.5","154","±72","7.2%","±3.2","85","±37","11.0%","±4.4","75","±28","10.5%","±3.8"
"        Female householder, no spouse/partner present","243","±72","22.7%","±5.9","196","±72","17.7%","±6.0","262","±62","21.2%","±4.8","280","±96","27.4%","±8.9","483","±139","30.1%","±8.1","159","±49","21.4%","±6.0","153","±48","17.2%","±5.2","434","±95","26.7%","±5.2","624","±178","31.0%","±8.3","161","±58","19.4%","±6.9","724","±194","33.6%","±7.6","221","±55","28.6%","±6.3","142","±33","19.8%","±4.5"
"            With own children of the householder under 18 years","21","±29","2.0%","±2.7","19","±18","1.7%","±1.6","42","±29","3.4%","±2.3","23","±36","2.2%","±3.5","16","±29","1.0%","±1.8","9","±8","1.2%","±1.1","25","±22","2.8%","±2.5","22","±19","1.4%","±1.2","69","±37","3.4%","±1.9","33","±32","4.0%","±3.8","127","±88","5.9%","±4.1","40","±27","5.2%","±3.4","26","±14","3.6%","±1.9"
"            Householder living alone","182","±65","17.0%","±5.5","155","±61","14.0%","±5.2","175","±50","14.1%","±3.9","196","±76","19.2%","±7.2","342","±126","21.3%","±7.5","124","±46","16.7%","±5.7","92","±39","10.3%","±4.2","315","±75","19.4%","±4.4","358","±160","17.8%","±6.9","91","±41","10.9%","±4.9","456","±183","21.2%","±7.6","110","±38","14.2%","±4.7","104","±29","14.5%","±3.9"
"                65 years and over","95","±46","8.9%","±4.1","77","±36","7.0%","±3.3","84","±31","6.8%","±2.5","129","±54","12.6%","±5.4","161","±90","10.0%","±5.6","70","±32","9.4%","±3.9","45","±30","5.0%","±3.3","204","±60","12.6%","±3.6","188","±97","9.3%","±4.5","76","±39","9.1%","±4.7","234","±120","10.9%","±5.3","71","±32","9.2%","±4.1","76","±26","10.6%","±3.4"
"        Households with one or more people under 18 years","245","±57","22.9%","±5.0","341","±72","30.8%","±6.2","306","±55","24.7%","±4.2","200","±69","19.6%","±7.1","666","±130","41.5%","±8.2","125","±27","16.8%","±3.5","198","±58","22.2%","±6.0","266","±66","16.4%","±3.9","593","±132","29.4%","±6.2","186","±57","22.4%","±6.6","668","±97","31.0%","±6.0","156","±43","20.2%","±5.3","153","±29","21.3%","±3.9"
"        Households with one or more people 65 years and over","386","±53","36.1%","±4.6","321","±56","29.0%","±4.9","346","±50","27.9%","±3.7","412","±99","40.3%","±7.4","541","±143","33.7%","±7.4","297","±39","40.0%","±4.4","329","±75","36.9%","±7.5","744","±86","45.8%","±4.4","752","±138","37.3%","±6.2","324","±58","38.9%","±6.4","856","±135","39.8%","±6.1","388","±73","50.2%","±7.0","336","±38","46.9%","±4.7"
"        Average household size","2.16","±0.16","(X)","(X)","2.38","±0.18","(X)","(X)","2.13","±0.11","(X)","(X)","1.99","±0.25","(X)","(X)","2.48","±0.21","(X)","(X)","2.24","±0.17","(X)","(X)","2.22","±0.20","(X)","(X)","1.97","±0.12","(X)","(X)","2.18","±0.19","(X)","(X)","2.37","±0.20","(X)","(X)","2.20","±0.18","(X)","(X)","2.05","±0.13","(X)","(X)","2.10","±0.14","(X)","(X)"
"        Average family size","2.74","±0.16","(X)","(X)","2.88","±0.19","(X)","(X)","2.59","±0.15","(X)","(X)","2.66","±0.41","(X)","(X)","2.98","±0.27","(X)","(X)","2.63","±0.19","(X)","(X)","2.47","±0.22","(X)","(X)","2.47","±0.14","(X)","(X)","2.59","±0.21","(X)","(X)","2.64","±0.19","(X)","(X)","2.84","±0.23","(X)","(X)","2.50","±0.16","(X)","(X)","2.51","±0.15","(X)","(X)"
"RELATIONSHIP","","","","","","","","","","","","","","","","","","","","","","","","","","","","","","","","","","","","","","","","","","","","","","","","","","","",""
"    Population in households","2,306","±192","2,306","(X)","2,637","±252","2,637","(X)","2,638","±200","2,638","(X)","2,035","±328","2,035","(X)","3,981","±417","3,981","(X)","1,661","±158","1,661","(X)","1,984","±249","1,984","(X)","3,209","±272","3,209","(X)","4,385","±91","4,385","(X)","1,971","±208","1,971","(X)","4,731","±84","4,731","(X)","1,588","±168","1,588","(X)","1,505","±113","1,505","(X)"
"        Householder","1,069","±91","46.4%","±3.5","1,107","±94","42.0%","±3.3","1,238","±92","46.9%","±2.5","1,023","±152","50.3%","±6.3","1,606","±177","40.3%","±3.4","742","±68","44.7%","±3.4","892","±110","45.0%","±3.9","1,625","±105","50.6%","±3.0","2,014","±190","45.9%","±4.1","832","±74","42.2%","±3.6","2,152","±184","45.5%","±3.8","773","±90","48.7%","±3.1","717","±52","47.6%","±3.0"
"        Spouse","493","±76","21.4%","±2.7","642","±87","24.3%","±2.3","673","±93","25.5%","±2.9","348","±105","17.1%","±3.9","763","±151","19.2%","±3.4","449","±55","27.0%","±2.6","490","±98","24.7%","±4.0","754","±102","23.5%","±2.5","718","±176","16.4%","±4.0","470","±85","23.8%","±3.5","864","±159","18.3%","±3.4","412","±60","25.9%","±2.8","376","±42","25.0%","±1.9"
"        Unmarried partner","115","±50","5.0%","±2.0","101","±44","3.8%","±1.6","81","±33","3.1%","±1.2","125","±75","6.1%","±3.8","159","±94","4.0%","±2.3","43","±17","2.6%","±1.0","74","±48","3.7%","±2.3","147","±49","4.6%","±1.5","199","±96","4.5%","±2.2","44","±27","2.2%","±1.3","85","±62","1.8%","±1.3","9","±11","0.6%","±0.7","41","±14","2.7%","±0.9"
"        Child","459","±90","19.9%","±3.1","641","±120","24.3%","±3.6","557","±103","21.1%","±3.2","421","±180","20.7%","±7.0","1,186","±251","29.8%","±5.2","344","±90","20.7%","±4.3","438","±128","22.1%","±4.8","570","±144","17.8%","±3.4","1,008","±198","23.0%","±4.5","502","±97","25.5%","±3.7","1,173","±217","24.8%","±4.6","353","±74","22.2%","±3.6","260","±47","17.3%","±2.6"
"        Other relatives","110","±58","4.8%","±2.4","92","±85","3.5%","±3.1","42","±24","1.6%","±0.9","20","±19","1.0%","±0.9","120","±86","3.0%","±2.2","45","±31","2.7%","±1.8","43","±25","2.2%","±1.3","65","±36","2.0%","±1.1","299","±225","6.8%","±5.1","72","±40","3.7%","±1.9","402","±305","8.5%","±6.4","23","±16","1.4%","±1.0","68","±31","4.5%","±2.0"
"        Other nonrelatives","60","±39","2.6%","±1.7","54","±43","2.0%","±1.6","47","±37","1.8%","±1.4","98","±79","4.8%","±3.7","147","±157","3.7%","±3.8","38","±23","2.3%","±1.4","47","±45","2.4%","±2.3","48","±29","1.5%","±0.9","147","±96","3.4%","±2.2","51","±47","2.6%","±2.3","55","±53","1.2%","±1.1","18","±17","1.1%","±1.1","43","±34","2.9%","±2.2"
"MARITAL STATUS","","","","","","","","","","","","","","","","","","","","","","","","","","","","","","","","","","","","","","","","","","","","","","","","","","","",""
"    Males 15 years and over","1,041","±113","1,041","(X)","1,022","±100","1,022","(X)","1,150","±110","1,150","(X)","967","±167","967","(X)","3,266","±294","3,266","(X)","792","±93","792","(X)","926","±134","926","(X)","1,530","±138","1,530","(X)","2,131","±184","2,131","(X)","939","±148","939","(X)","1,863","±173","1,863","(X)","677","±94","677","(X)","695","±66","695","(X)"
"        Never married","303","±92","29.1%","±6.7","297","±82","29.1%","±7.4","306","±73","26.6%","±5.7","401","±109","41.5%","±9.0","1,708","±268","52.3%","±6.0","215","±69","27.1%","±6.5","250","±108","27.0%","±9.4","538","±96","35.2%","±4.9","670","±169","31.4%","±6.7","297","±104","31.6%","±8.2","597","±203","32.0%","±9.0","161","±56","23.8%","±6.8","168","±42","24.2%","±4.9"
"        Now married, except separated","530","±76","50.9%","±6.3","631","±94","61.7%","±7.3","691","±93","60.1%","±5.4","373","±110","38.6%","±9.4","1,114","±213","34.1%","±6.1","452","±51","57.1%","±6.3","537","±98","58.0%","±9.2","764","±105","49.9%","±5.6","909","±181","42.7%","±8.9","478","±88","50.9%","±9.6","892","±157","47.9%","±9.8","413","±62","61.0%","±7.5","399","±43","57.4%","±6.2"
"        Separated","36","±32","3.5%","±3.1","2","±5","0.2%","±0.5","22","±17","1.9%","±1.5","0","±12","0.0%","±3.3","154","±86","4.7%","±2.6","26","±28","3.3%","±3.5","17","±26","1.8%","±2.8","22","±19","1.4%","±1.3","156","±108","7.3%","±5.2","33","±34","3.5%","±3.4","13","±23","0.7%","±1.2","2","±3","0.3%","±0.5","24","±13","3.5%","±1.8"
"        Widowed","37","±19","3.6%","±1.8","16","±13","1.6%","±1.2","32","±27","2.8%","±2.3","38","±27","3.9%","±2.8","60","±47","1.8%","±1.4","31","±16","3.9%","±2.0","51","±38","5.5%","±4.2","63","±36","4.1%","±2.3","88","±84","4.1%","±3.9","50","±38","5.3%","±4.0","177","±84","9.5%","±4.3","46","±30","6.8%","±4.2","24","±15","3.5%","±2.2"
"        Divorced","135","±40","13.0%","±4.0","76","±47","7.4%","±4.6","99","±46","8.6%","±4.1","155","±89","16.0%","±8.5","230","±91","7.0%","±2.9","68","±26","8.6%","±3.1","71","±32","7.7%","±3.6","143","±52","9.3%","±3.3","308","±132","14.5%","±5.7","81","±42","8.6%","±4.4","184","±94","9.9%","±5.1","55","±28","8.1%","±3.9","80","±27","11.5%","±3.3"
"    Females 15 years and over","990","±107","990","(X)","1,171","±142","1,171","(X)","1,166","±114","1,166","(X)","1,013","±156","1,013","(X)","1,738","±203","1,738","(X)","762","±81","762","(X)","805","±120","805","(X)","1,518","±155","1,518","(X)","1,934","±140","1,934","(X)","806","±97","806","(X)","2,286","±195","2,286","(X)","745","±87","745","(X)","640","±60","640","(X)"
"        Never married","193","±63","19.5%","±5.8","255","±75","21.8%","±5.9","213","±69","18.3%","±4.9","390","±125","38.5%","±9.8","440","±133","25.3%","±6.5","150","±38","19.7%","±4.5","137","±56","17.0%","±6.1","239","±65","15.7%","±3.9","514","±128","26.6%","±6.2","146","±62","18.1%","±6.5","642","±228","28.1%","±9.4","130","±53","17.4%","±6.2","91","±25","14.2%","±3.3"
"        Now married, except separated","510","±83","51.5%","±6.8","676","±95","57.7%","±6.7","701","±86","60.1%","±5.7","395","±103","39.0%","±8.9","812","±154","46.7%","±8.7","444","±59","58.3%","±6.7","509","±97","63.2%","±7.4","792","±108","52.2%","±5.5","830","±144","42.9%","±8.1","490","±85","60.8%","±8.4","867","±156","37.9%","±8.0","411","±63","55.2%","±7.2","396","±47","61.9%","±5.6"
"        Separated","14","±14","1.4%","±1.4","20","±27","1.7%","±2.1","9","±10","0.8%","±0.8","25","±22","2.5%","±2.2","0","±17","0.0%","±1.8","12","±14","1.6%","±1.8","12","±12","1.5%","±1.5","27","±24","1.8%","±1.6","0","±12","0.0%","±1.7","22","±29","2.7%","±3.6","86","±81","3.8%","±3.5","32","±25","4.3%","±3.4","19","±14","3.0%","±2.2"
"        Widowed","119","±47","12.0%","±4.5","105","±41","9.0%","±3.4","110","±39","9.4%","±3.3","102","±50","10.1%","±4.8","209","±83","12.0%","±4.5","75","±32","9.8%","±3.7","53","±32","6.6%","±3.8","205","±62","13.5%","±3.8","281","±131","14.5%","±6.4","72","±38","8.9%","±4.7","489","±194","21.4%","±7.9","97","±35","13.0%","±4.6","95","±30","14.8%","±4.1"
"        Divorced","154","±63","15.6%","±5.8","115","±59","9.8%","±4.6","133","±47","11.4%","±4.1","101","±50","10.0%","±4.6","277","±119","15.9%","±6.3","81","±33","10.6%","±4.2","94","±38","11.7%","±4.7","255","±83","16.8%","±5.0","309","±138","16.0%","±6.9","76","±37","9.4%","±4.6","202","±113","8.8%","±4.9","75","±37","10.1%","±4.7","39","±16","6.1%","±2.5"
"FERTILITY","","","","","","","","","","","","","","","","","","","","","","","","","","","","","","","","","","","","","","","","","","","","","","","","","","","",""
"    Number of women 15 to 50 years old who had a birth in the past 12 months","36","±19","36","(X)","19","±18","19","(X)","14","±16","14","(X)","41","±29","41","(X)","0","±17","0","(X)","16","±21","16","(X)","27","±21","27","(X)","10","±12","10","(X)","73","±67","73","(X)","16","±18","16","(X)","52","±40","52","(X)","7","±10","7","(X)","7","±6","7","(X)"
"        Unmarried women (widowed, divorced, and never married)","7","±8","19.4%","±23.9","0","±12","0.0%","±68.0","14","±16","100.0%","±79.3","0","±12","0.0%","±46.3","0","±17","-","**","14","±21","87.5%","±32.8","6","±10","22.2%","±33.7","0","±12","0.0%","±93.8","53","±70","72.6%","±48.9","0","±12","0.0%","±74.1","0","±12","0.0%","±41.1","0","±12","0.0%","±100.0","3","±5","42.9%","±53.1"
"            Per 1,000 unmarried women","31","±35","(X)","(X)","0","±125","(X)","(X)","59","±65","(X)","(X)","0","±80","(X)","(X)","0","±62","(X)","(X)","90","±120","(X)","(X)","44","±81","(X)","(X)","0","±136","(X)","(X)","111","±144","(X)","(X)","0","±175","(X)","(X)","0","±43","(X)","(X)","0","±234","(X)","(X)","29","±45","(X)","(X)"
"        Per 1,000 women 15 to 50 years old","81","±48","(X)","(X)","36","±34","(X)","(X)","28","±32","(X)","(X)","72","±54","(X)","(X)","0","±35","(X)","(X)","54","±67","(X)","(X)","95","±76","(X)","(X)","24","±30","(X)","(X)","94","±89","(X)","(X)","45","±52","(X)","(X)","44","±39","(X)","(X)","29","±40","(X)","(X)","28","±24","(X)","(X)"
"        Per 1,000 women 15 to 19 years old","0","±415","(X)","(X)","0","±373","(X)","(X)","0","±400","(X)","(X)","0","±259","(X)","(X)","0","±318","(X)","(X)","0","±551","(X)","(X)","0","±560","(X)","(X)","0","±524","(X)","(X)","0","±216","(X)","(X)","0","±373","(X)","(X)","0","±155","(X)","(X)","0","±400","(X)","(X)","0","±699","(X)","(X)"
"        Per 1,000 women 20 to 34 years old","147","±89","(X)","(X)","15","±26","(X)","(X)","86","±94","(X)","(X)","84","±87","(X)","(X)","0","±79","(X)","(X)","130","±150","(X)","(X)","0","±357","(X)","(X)","55","±69","(X)","(X)","205","±220","(X)","(X)","100","±129","(X)","(X)","113","±110","(X)","(X)","0","±332","(X)","(X)","42","±48","(X)","(X)"
"        Per 1,000 women 35 to 50 years old","22","±40","(X)","(X)","58","±65","(X)","(X)","0","±108","(X)","(X)","97","±105","(X)","(X)","0","±71","(X)","(X)","0","±199","(X)","(X)","144","±107","(X)","(X)","4","±13","(X)","(X)","37","±46","(X)","(X)","23","±44","(X)","(X)","0","±60","(X)","(X)","62","±88","(X)","(X)","22","±33","(X)","(X)"
"GRANDPARENTS","","","","","","","","","","","","","","","","","","","","","","","","","","","","","","","","","","","","","","","","","","","","","","","","","","","",""
"    Number of grandparents living with own grandchildren under 18 years","62","±37","62","(X)","85","±74","85","(X)","57","±43","57","(X)","8","±13","8","(X)","103","±76","103","(X)","21","±19","21","(X)","34","±25","34","(X)","31","±26","31","(X)","65","±57","65","(X)","25","±23","25","(X)","193","±112","193","(X)","0","±12","0","(X)","30","±15","30","(X)"
"        Grandparents responsible for grandchildren","33","±28","53.2%","±29.6","13","±19","15.3%","±24.6","36","±40","63.2%","±33.6","0","±12","0.0%","±100.0","54","±54","52.4%","±33.5","14","±19","66.7%","±53.6","17","±24","50.0%","±50.0","14","±13","45.2%","±28.2","0","±12","0.0%","±36.7","7","±10","28.0%","±41.6","80","±79","41.5%","±30.5","0","±12","-","**","21","±12","70.0%","±23.1"
"        Years responsible for grandchildren","","","","","","","","","","","","","","","","","","","","","","","","","","","","","","","","","","","","","","","","","","","","","","","","","","","",""
"            Less than 1 year","15","±15","24.2%","±21.8","0","±12","0.0%","±30.7","5","±8","8.8%","±18.1","0","±12","0.0%","±100.0","0","±17","0.0%","±26.5","0","±12","0.0%","±64.7","17","±24","50.0%","±50.0","4","±5","12.9%","±16.2","0","±12","0.0%","±36.7","0","±12","0.0%","±59.3","16","±26","8.3%","±12.0","0","±12","-","**","3","±4","10.0%","±14.2"
"            1 or 2 years","3","±4","4.8%","±6.9","0","±12","0.0%","±30.7","0","±12","0.0%","±39.3","0","±12","0.0%","±100.0","13","±21","12.6%","±18.3","0","±12","0.0%","±64.7","0","±12","0.0%","±50.9","0","±12","0.0%","±53.3","0","±12","0.0%","±36.7","7","±10","28.0%","±41.6","46","±70","23.8%","±32.5","0","±12","-","**","1","±2","3.3%","±8.4"
"            3 or 4 years","15","±21","24.2%","±29.6","0","±12","0.0%","±30.7","31","±39","54.4%","±40.4","0","±12","0.0%","±100.0","12","±20","11.7%","±17.0","0","±12","0.0%","±64.7","0","±12","0.0%","±50.9","7","±10","22.6%","±35.0","0","±12","0.0%","±36.7","0","±12","0.0%","±59.3","0","±12","0.0%","±15.4","0","±12","-","**","0","±12","0.0%","±54.1"
"            5 or more years","0","±12","0.0%","±37.6","13","±19","15.3%","±24.6","0","±12","0.0%","±39.3","0","±12","0.0%","±100.0","29","±32","28.2%","±25.6","14","±19","66.7%","±53.6","0","±12","0.0%","±50.9","3","±5","9.7%","±12.4","0","±12","0.0%","±36.7","0","±12","0.0%","±59.3","18","±28","9.3%","±16.8","0","±12","-","**","17","±12","56.7%","±24.0"
"    Number of grandparents responsible for own grandchildren under 18 years","33","±28","33","(X)","13","±19","13","(X)","36","±40","36","(X)","0","±12","0","(X)","54","±54","54","(X)","14","±19","14","(X)","17","±24","17","(X)","14","±13","14","(X)","0","±12","0","(X)","7","±10","7","(X)","80","±79","80","(X)","0","±12","0","(X)","21","±12","21","(X)"
"        Who are female","18","±15","54.5%","±12.7","6","±9","46.2%","±12.1","24","±22","66.7%","±25.6","0","±12","-","**","41","±38","75.9%","±26.1","14","±19","100.0%","±79.3","9","±13","52.9%","±10.7","3","±5","21.4%","±27.7","0","±12","-","**","7","±10","100.0%","±100.0","18","±28","22.5%","±44.5","0","±12","-","**","9","±7","42.9%","±17.7"
"        Who are married","33","±28","100.0%","±51.6","13","±19","100.0%","±82.2","36","±40","100.0%","±49.4","0","±12","-","**","40","±49","74.1%","±42.7","0","±12","0.0%","±79.3","17","±24","100.0%","±71.9","14","±13","100.0%","±79.3","0","±12","-","**","0","±12","0.0%","±100.0","16","±26","20.0%","±34.9","0","±12","-","**","21","±12","100.0%","±64.7"
"SCHOOL ENROLLMENT","","","","","","","","","","","","","","","","","","","","","","","","","","","","","","","","","","","","","","","","","","","","","","","","","","","",""
"    Population 3 years and over enrolled in school","364","±81","364","(X)","537","±126","537","(X)","434","±83","434","(X)","662","±216","662","(X)","1,218","±239","1,218","(X)","228","±59","228","(X)","303","±103","303","(X)","420","±139","420","(X)","624","±171","624","(X)","296","±79","296","(X)","794","±126","794","(X)","292","±76","292","(X)","215","±46","215","(X)"
"        Nursery school, preschool","20","±12","5.5%","±3.5","38","±24","7.1%","±4.5","21","±17","4.8%","±3.8","29","±28","4.4%","±4.3","72","±65","5.9%","±5.2","4","±5","1.8%","±2.4","5","±9","1.7%","±2.7","33","±25","7.9%","±5.2","57","±35","9.1%","±6.0","15","±14","5.1%","±5.2","82","±55","10.3%","±6.9","18","±17","6.2%","±5.6","15","±10","7.0%","±4.9"
"        Kindergarten","11","±9","3.0%","±2.4","9","±14","1.7%","±2.8","29","±18","6.7%","±4.2","7","±10","1.1%","±1.6","164","±101","13.5%","±7.7","24","±15","10.5%","±6.9","34","±23","11.2%","±6.8","19","±21","4.5%","±4.2","0","±12","0.0%","±5.1","12","±14","4.1%","±4.6","82","±67","10.3%","±8.2","25","±15","8.6%","±4.9","8","±12","3.7%","±5.3"
"        Elementary school (grades 1-8)","168","±50","46.2%","±11.4","329","±107","61.3%","±10.6","178","±53","41.0%","±9.0","210","±136","31.7%","±15.3","534","±162","43.8%","±9.7","116","±44","50.9%","±13.1","141","±43","46.5%","±13.3","186","±81","44.3%","±9.7","196","±85","31.4%","±13.0","149","±62","50.3%","±13.0","322","±107","40.6%","±12.0","88","±30","30.1%","±6.6","97","±25","45.1%","±8.7"
"        High school (grades 9-12)","99","±54","27.2%","±11.7","91","±47","16.9%","±7.9","114","±43","26.3%","±9.2","82","±58","12.4%","±7.5","319","±125","26.2%","±9.2","29","±17","12.7%","±7.0","84","±49","27.7%","±11.5","82","±36","19.5%","±8.6","257","±134","41.2%","±15.7","97","±44","32.8%","±12.1","188","±82","23.7%","±10.1","70","±38","24.0%","±11.4","56","±28","26.0%","±10.5"
"        College or graduate school","66","±30","18.1%","±7.7","70","±36","13.0%","±6.5","92","±43","21.2%","±8.4","334","±132","50.5%","±16.8","129","±65","10.6%","±5.1","55","±34","24.1%","±12.5","39","±31","12.9%","±8.4","100","±45","23.8%","±8.5","114","±75","18.3%","±10.5","23","±20","7.8%","±6.8","120","±87","15.1%","±10.5","91","±43","31.2%","±10.7","39","±18","18.1%","±8.2"
"EDUCATIONAL ATTAINMENT","","","","","","","","","","","","","","","","","","","","","","","","","","","","","","","","","","","","","","","","","","","","","","","","","","","",""
"    Population 25 years and over","1,829","±147","1,829","(X)","1,932","±197","1,932","(X)","2,086","±162","2,086","(X)","1,553","±227","1,553","(X)","4,369","±338","4,369","(X)","1,398","±130","1,398","(X)","1,610","±199","1,610","(X)","2,812","±225","2,812","(X)","3,524","±168","3,524","(X)","1,536","±156","1,536","(X)","3,516","±191","3,516","(X)","1,256","±139","1,256","(X)","1,246","±93","1,246","(X)"
"        Less than 9th grade","20","±13","1.1%","±0.7","40","±24","2.1%","±1.2","41","±27","2.0%","±1.3","10","±16","0.6%","±1.0","106","±49","2.4%","±1.1","65","±32","4.6%","±2.3","30","±30","1.9%","±1.8","74","±46","2.6%","±1.6","104","±68","3.0%","±1.9","56","±38","3.6%","±2.4","100","±86","2.8%","±2.4","5","±6","0.4%","±0.5","69","±23","5.5%","±1.9"
"        9th to 12th grade, no diploma","100","±49","5.5%","±2.6","22","±15","1.1%","±0.8","88","±45","4.2%","±2.1","60","±55","3.9%","±3.5","392","±149","9.0%","±3.2","98","±34","7.0%","±2.3","122","±59","7.6%","±3.8","115","±48","4.1%","±1.6","259","±119","7.3%","±3.4","49","±29","3.2%","±1.9","225","±117","6.4%","±3.3","73","±37","5.8%","±3.0","124","±32","10.0%","±2.5"
"        High school graduate (includes equivalency)","563","±114","30.8%","±5.3","559","±121","28.9%","±5.8","556","±111","26.7%","±5.1","320","±136","20.6%","±8.0","1,456","±270","33.3%","±5.1","465","±95","33.3%","±5.5","614","±119","38.1%","±5.8","662","±99","23.5%","±3.3","1,811","±296","51.4%","±8.3","737","±130","48.0%","±6.5","1,324","±173","37.7%","±5.0","408","±102","32.5%","±7.1","396","±61","31.8%","±3.9"
"        Some college, no degree","479","±106","26.2%","±5.8","311","±86","16.1%","±4.3","347","±86","16.6%","±3.8","259","±92","16.7%","±5.3","860","±227","19.7%","±4.5","265","±61","19.0%","±3.7","318","±79","19.8%","±3.7","512","±111","18.2%","±3.7","505","±162","14.3%","±4.4","271","±85","17.6%","±5.7","743","±210","21.1%","±5.6","173","±52","13.8%","±4.1","239","±50","19.2%","±3.6"
"        Associate's degree","144","±56","7.9%","±3.0","279","±79","14.4%","±3.7","323","±65","15.5%","±3.0","234","±85","15.1%","±5.3","368","±136","8.4%","±3.1","139","±45","9.9%","±3.1","190","±59","11.8%","±3.5","232","±56","8.3%","±2.0","370","±146","10.5%","±4.1","240","±80","15.6%","±4.9","575","±120","16.4%","±3.7","148","±58","11.8%","±4.4","142","±32","11.4%","±2.5"
"        Bachelor's degree","272","±79","14.9%","±3.9","406","±110","21.0%","±5.2","443","±88","21.2%","±3.7","347","±105","22.3%","±5.8","773","±195","17.7%","±4.9","185","±42","13.2%","±2.7","180","±68","11.2%","±4.0","653","±110","23.2%","±3.4","293","±146","8.3%","±4.1","91","±49","5.9%","±3.1","338","±133","9.6%","±3.6","170","±51","13.5%","±3.7","141","±33","11.3%","±2.5"
"        Graduate or professional degree","251","±59","13.7%","±3.2","315","±91","16.3%","±4.3","288","±72","13.8%","±3.2","323","±108","20.8%","±6.3","414","±144","9.5%","±3.3","181","±45","12.9%","±3.5","156","±71","9.7%","±4.1","564","±105","20.1%","±3.4","182","±103","5.2%","±2.9","92","±50","6.0%","±3.2","211","±108","6.0%","±3.0","279","±80","22.2%","±5.7","135","±33","10.8%","±2.5"
"        High school graduate or higher","1,709","±144","93.4%","±2.7","1,870","±199","96.8%","±1.6","1,957","±168","93.8%","±2.7","1,483","±224","95.5%","±3.4","3,871","±317","88.6%","±3.3","1,235","±124","88.3%","±3.1","1,458","±201","90.6%","±4.1","2,623","±204","93.3%","±2.2","3,161","±192","89.7%","±3.6","1,431","±154","93.2%","±3.4","3,191","±225","90.8%","±4.1","1,178","±144","93.8%","±3.1","1,053","±97","84.5%","±3.3"
"        Bachelor's degree or higher","523","±91","28.6%","±4.3","721","±153","37.3%","±6.6","731","±121","35.0%","±4.8","670","±151","43.1%","±7.4","1,187","±235","27.2%","±6.0","366","±60","26.2%","±4.5","336","±110","20.9%","±6.2","1,217","±156","43.3%","±4.2","475","±198","13.5%","±5.6","183","±86","11.9%","±5.4","549","±181","15.6%","±4.8","449","±93","35.7%","±5.9","276","±50","22.2%","±3.6"
"VETERAN STATUS","","","","","","","","","","","","","","","","","","","","","","","","","","","","","","","","","","","","","","","","","","","","","","","","","","","",""
"    Civilian population 18 years and over","1,954","±159","1,954","(X)","2,112","±193","2,112","(X)","2,222","±171","2,222","(X)","1,896","±231","1,896","(X)","4,776","±289","4,776","(X)","1,524","±140","1,524","(X)","1,686","±218","1,686","(X)","2,980","±245","2,980","(X)","3,846","±120","3,846","(X)","1,667","±173","1,667","(X)","3,985","±114","3,985","(X)","1,355","±146","1,355","(X)","1,296","±95","1,296","(X)"
"        Civilian veterans","206","±55","10.5%","±2.6","178","±61","8.4%","±2.7","146","±54","6.6%","±2.4","104","±58","5.5%","±3.0","186","±95","3.9%","±1.9","151","±35","9.9%","±2.3","181","±54","10.7%","±2.9","295","±73","9.9%","±2.4","324","±121","8.4%","±3.1","189","±59","11.3%","±3.7","423","±144","10.6%","±3.7","153","±52","11.3%","±3.6","181","±34","14.0%","±2.5"
"DISABILITY STATUS OF THE CIVILIAN NONINSTITUTIONALIZED POPULATION","","","","","","","","","","","","","","","","","","","","","","","","","","","","","","","","","","","","","","","","","","","","","","","","","","","",""
"    Total Civilian Noninstitutionalized Population","2,311","±192","2,311","(X)","2,659","±251","2,659","(X)","2,643","±199","2,643","(X)","2,281","±315","2,281","(X)","3,996","±419","3,996","(X)","1,661","±158","1,661","(X)","1,990","±249","1,990","(X)","3,257","±270","3,257","(X)","4,408","±89","4,408","(X)","1,988","±210","1,988","(X)","4,746","±70","4,746","(X)","1,608","±168","1,608","(X)","1,518","±111","1,518","(X)"
"        With a disability","384","±88","16.6%","±3.8","293","±97","11.0%","±3.4","303","±73","11.5%","±2.6","281","±88","12.3%","±3.9","377","±190","9.4%","±4.6","246","±56","14.8%","±3.4","355","±106","17.8%","±5.2","442","±95","13.6%","±2.7","1,064","±249","24.1%","±5.6","457","±146","23.0%","±6.7","1,043","±252","22.0%","±5.3","343","±82","21.3%","±4.5","334","±54","22.0%","±3.6"
"    Under 18 years","357","±74","357","(X)","547","±116","547","(X)","421","±77","421","(X)","385","±185","385","(X)","1,105","±237","1,105","(X)","212","±62","212","(X)","304","±81","304","(X)","372","±120","372","(X)","742","±119","742","(X)","321","±89","321","(X)","860","±113","860","(X)","253","±68","253","(X)","222","±51","222","(X)"
"        With a disability","16","±19","4.5%","±5.2","4","±6","0.7%","±1.2","10","±11","2.4%","±2.4","6","±11","1.6%","±3.0","41","±64","3.7%","±5.9","4","±4","1.9%","±1.9","38","±29","12.5%","±9.5","4","±5","1.1%","±1.4","87","±73","11.7%","±9.5","16","±25","5.0%","±7.7","38","±40","4.4%","±4.6","20","±21","7.9%","±8.0","19","±13","8.6%","±5.9"
"    18 to 64 years","1,445","±146","1,445","(X)","1,666","±180","1,666","(X)","1,734","±161","1,734","(X)","1,356","±185","1,356","(X)","2,149","±283","2,149","(X)","1,018","±121","1,018","(X)","1,171","±204","1,171","(X)","1,863","±185","1,863","(X)","2,672","±169","2,672","(X)","1,227","±164","1,227","(X)","2,755","±185","2,755","(X)","804","±121","804","(X)","837","±81","837","(X)"
"        With a disability","165","±62","11.4%","±4.3","132","±53","7.9%","±3.1","160","±54","9.2%","±2.7","103","±47","7.6%","±3.4","94","±96","4.4%","±4.4","131","±44","12.9%","±4.1","179","±67","15.3%","±5.6","186","±60","10.0%","±3.1","402","±146","15.0%","±5.3","276","±121","22.5%","±8.6","568","±173","20.6%","±6.3","130","±52","16.2%","±5.7","127","±35","15.2%","±4.1"
"    65 years and over","509","±64","509","(X)","446","±90","446","(X)","488","±66","488","(X)","540","±141","540","(X)","742","±228","742","(X)","431","±60","431","(X)","515","±117","515","(X)","1,022","±119","1,022","(X)","994","±170","994","(X)","440","±81","440","(X)","1,131","±171","1,131","(X)","551","±108","551","(X)","459","±60","459","(X)"
"        With a disability","203","±53","39.9%","±7.8","157","±74","35.2%","±11.8","133","±45","27.3%","±9.3","172","±74","31.9%","±11.1","242","±112","32.6%","±11.5","111","±33","25.8%","±6.6","138","±70","26.8%","±11.2","252","±68","24.7%","±5.5","575","±178","57.8%","±11.0","165","±65","37.5%","±11.9","437","±204","38.6%","±15.0","193","±52","35.0%","±8.1","188","±43","41.0%","±7.2"
"RESIDENCE 1 YEAR AGO","","","","","","","","","","","","","","","","","","","","","","","","","","","","","","","","","","","","","","","","","","","","","","","","","","","",""
"    Population 1 year and over","2,288","±193","2,288","(X)","2,645","±249","2,645","(X)","2,640","±197","2,640","(X)","2,249","±311","2,249","(X)","5,934","±319","5,934","(X)","1,726","±162","1,726","(X)","1,953","±252","1,953","(X)","3,349","±295","3,349","(X)","4,526","±54","4,526","(X)","1,967","±210","1,967","(X)","4,799","±47","4,799","(X)","1,603","±167","1,603","(X)","1,513","±111","1,513","(X)"
"        Same house","2,078","±190","90.8%","±3.5","2,221","±234","84.0%","±5.6","2,199","±221","83.3%","±5.4","1,761","±319","78.3%","±7.5","4,447","±419","74.9%","±5.7","1,589","±149","92.1%","±2.9","1,781","±283","91.2%","±4.7","2,933","±266","87.6%","±4.1","4,054","±198","89.6%","±4.4","1,806","±216","91.8%","±5.6","4,404","±195","91.8%","±3.8","1,457","±164","90.9%","±4.2","1,438","±106","95.0%","±1.7"
"        Different house in the U.S.","199","±86","8.7%","±3.6","419","±160","15.8%","±5.6","439","±146","16.6%","±5.4","412","±142","18.3%","±6.3","1,340","±317","22.6%","±5.2","137","±54","7.9%","±2.9","163","±85","8.3%","±4.7","405","±149","12.1%","±4.1","472","±198","10.4%","±4.4","143","±107","7.3%","±5.4","360","±171","7.5%","±3.6","127","±60","7.9%","±3.6","74","±26","4.9%","±1.7"
"            Same county","34","±29","1.5%","±1.3","196","±134","7.4%","±5.0","162","±89","6.1%","±3.3","88","±68","3.9%","±3.1","282","±166","4.8%","±2.7","45","±29","2.6%","±1.7","94","±80","4.8%","±4.2","249","±121","7.4%","±3.4","302","±179","6.7%","±3.9","110","±92","5.6%","±4.7","249","±125","5.2%","±2.6","54","±35","3.4%","±2.1","32","±25","2.1%","±1.6"
"            Different county","165","±78","7.2%","±3.3","223","±134","8.4%","±4.9","277","±108","10.5%","±4.1","324","±123","14.4%","±5.4","1,058","±287","17.8%","±4.9","92","±53","5.3%","±2.9","69","±43","3.5%","±2.4","156","±79","4.7%","±2.3","170","±116","3.8%","±2.6","33","±52","1.7%","±2.7","111","±117","2.3%","±2.4","73","±45","4.6%","±2.8","42","±18","2.8%","±1.2"
"                Same state","127","±72","5.6%","±3.0","179","±121","6.8%","±4.5","219","±107","8.3%","±4.1","221","±110","9.8%","±4.8","874","±264","14.7%","±4.5","29","±17","1.7%","±1.0","43","±32","2.2%","±1.8","51","±45","1.5%","±1.3","138","±112","3.0%","±2.5","0","±12","0.0%","±1.6","70","±110","1.5%","±2.3","48","±38","3.0%","±2.3","22","±12","1.5%","±0.8"
"                Different state","38","±33","1.7%","±1.5","44","±29","1.7%","±1.1","58","±38","2.2%","±1.4","103","±73","4.6%","±3.3","184","±125","3.1%","±2.1","63","±46","3.7%","±2.6","26","±31","1.3%","±1.6","105","±64","3.1%","±1.9","32","±31","0.7%","±0.7","33","±52","1.7%","±2.7","41","±38","0.9%","±0.8","25","±24","1.6%","±1.5","20","±15","1.3%","±1.0"
"        Abroad","11","±11","0.5%","±0.5","5","±7","0.2%","±0.3","2","±4","0.1%","±0.2","76","±106","3.4%","±4.6","147","±180","2.5%","±3.0","0","±12","0.0%","±1.9","9","±11","0.5%","±0.6","11","±17","0.3%","±0.5","0","±12","0.0%","±0.7","18","±19","0.9%","±1.0","35","±58","0.7%","±1.2","19","±25","1.2%","±1.6","1","±2","0.1%","±0.1"
"PLACE OF BIRTH","","","","","","","","","","","","","","","","","","","","","","","","","","","","","","","","","","","","","","","","","","","","","","","","","","","",""
"    Total population","2,311","±192","2,311","(X)","2,659","±251","2,659","(X)","2,643","±199","2,643","(X)","2,281","±315","2,281","(X)","5,934","±319","5,934","(X)","1,736","±165","1,736","(X)","1,990","±249","1,990","(X)","3,358","±296","3,358","(X)","4,588","±18","4,588","(X)","1,988","±210","1,988","(X)","4,845","±25","4,845","(X)","1,608","±168","1,608","(X)","1,518","±111","1,518","(X)"
"        Native","2,226","±184","96.3%","±2.7","2,592","±255","97.5%","±1.6","2,537","±196","96.0%","±1.8","2,120","±266","92.9%","±5.1","5,453","±377","91.9%","±3.6","1,696","±165","97.7%","±1.2","1,931","±244","97.0%","±2.2","3,251","±293","96.8%","±1.6","4,507","±96","98.2%","±2.0","1,938","±193","97.5%","±2.2","4,738","±86","97.8%","±1.7","1,576","±170","98.0%","±1.4","1,493","±109","98.4%","±0.7"
"            Born in United States","2,204","±182","95.4%","±3.0","2,563","±256","96.4%","±2.0","2,532","±196","95.8%","±1.8","2,067","±264","90.6%","±5.4","5,333","±372","89.9%","±3.6","1,687","±164","97.2%","±1.2","1,907","±253","95.8%","±2.7","3,228","±291","96.1%","±1.6","4,392","±107","95.7%","±2.2","1,899","±186","95.5%","±2.7","4,732","±89","97.7%","±1.7","1,576","±170","98.0%","±1.4","1,484","±108","97.8%","±0.7"
"                State of residence","1,708","±186","73.9%","±4.9","1,923","±235","72.3%","±5.6","2,041","±189","77.2%","±3.3","1,562","±218","68.5%","±6.7","3,924","±355","66.1%","±4.7","1,304","±145","75.1%","±3.5","1,502","±249","75.5%","±6.5","2,343","±259","69.8%","±3.9","3,000","±264","65.4%","±5.7","1,332","±155","67.0%","±4.9","3,520","±267","72.7%","±5.5","1,120","±138","69.7%","±5.4","1,247","±99","82.1%","±2.6"
"                Different state","496","±91","21.5%","±4.0","640","±151","24.1%","±5.1","491","±82","18.6%","±3.1","505","±136","22.1%","±5.1","1,409","±260","23.7%","±4.2","383","±65","22.1%","±3.3","405","±120","20.4%","±5.9","885","±142","26.4%","±3.8","1,392","±255","30.3%","±5.6","567","±115","28.5%","±5.1","1,212","±279","25.0%","±5.8","456","±104","28.4%","±5.3","237","±43","15.6%","±2.6"
"            Born in Puerto Rico, U.S. Island areas, or born abroad to American parent(s)","22","±25","1.0%","±1.1","29","±22","1.1%","±0.8","5","±6","0.2%","±0.2","53","±51","2.3%","±2.2","120","±72","2.0%","±1.2","9","±10","0.5%","±0.6","24","±21","1.2%","±1.1","23","±21","0.7%","±0.6","115","±63","2.5%","±1.4","39","±41","2.0%","±2.0","6","±15","0.1%","±0.3","0","±12","0.0%","±2.0","9","±7","0.6%","±0.5"
"        Foreign born","85","±65","3.7%","±2.7","67","±40","2.5%","±1.6","106","±49","4.0%","±1.8","161","±127","7.1%","±5.1","481","±210","8.1%","±3.6","40","±21","2.3%","±1.2","59","±45","3.0%","±2.2","107","±53","3.2%","±1.6","81","±90","1.8%","±2.0","50","±45","2.5%","±2.2","107","±82","2.2%","±1.7","32","±22","2.0%","±1.4","25","±11","1.6%","±0.7"
"U.S. CITIZENSHIP STATUS","","","","","","","","","","","","","","","","","","","","","","","","","","","","","","","","","","","","","","","","","","","","","","","","","","","",""
"    Foreign-born population","85","±65","85","(X)","67","±40","67","(X)","106","±49","106","(X)","161","±127","161","(X)","481","±210","481","(X)","40","±21","40","(X)","59","±45","59","(X)","107","±53","107","(X)","81","±90","81","(X)","50","±45","50","(X)","107","±82","107","(X)","32","±22","32","(X)","25","±11","25","(X)"
"        Naturalized U.S. citizen","18","±16","21.2%","±25.0","41","±25","61.2%","±28.2","83","±41","78.3%","±19.2","51","±47","31.7%","±27.4","129","±73","26.8%","±14.3","19","±16","47.5%","±29.9","37","±34","62.7%","±31.9","81","±48","75.7%","±31.1","67","±88","82.7%","±28.1","18","±14","36.0%","±39.4","60","±64","56.1%","±38.3","28","±21","87.5%","±18.3","18","±8","72.0%","±20.7"
"        Not a U.S. citizen","67","±63","78.8%","±25.0","26","±28","38.8%","±28.2","23","±23","21.7%","±19.2","110","±107","68.3%","±27.4","352","±186","73.2%","±14.3","21","±16","52.5%","±29.9","22","±26","37.3%","±31.9","26","±37","24.3%","±31.1","14","±17","17.3%","±28.1","32","±41","64.0%","±39.4","47","±48","43.9%","±38.3","4","±5","12.5%","±18.3","7","±7","28.0%","±20.7"
"YEAR OF ENTRY","","","","","","","","","","","","","","","","","","","","","","","","","","","","","","","","","","","","","","","","","","","","","","","","","","","",""
"    Population born outside the United States","107","±72","107","(X)","96","±52","96","(X)","111","±49","111","(X)","214","±138","214","(X)","601","±212","601","(X)","49","±21","49","(X)","83","±53","83","(X)","130","±53","130","(X)","196","±101","196","(X)","89","±57","89","(X)","113","±83","113","(X)","32","±22","32","(X)","34","±11","34","(X)"
"        Native","22","±25","22","(X)","29","±22","29","(X)","5","±6","5","(X)","53","±51","53","(X)","120","±72","120","(X)","9","±10","9","(X)","24","±21","24","(X)","23","±21","23","(X)","115","±63","115","(X)","39","±41","39","(X)","6","±15","6","(X)","0","±12","0","(X)","9","±7","9","(X)"
"            Entered 2010 or later","2","±3","9.1%","±18.9","6","±9","20.7%","±32.0","0","±12","0.0%","±100.0","36","±42","67.9%","±26.4","0","±17","0.0%","±23.4","0","±12","0.0%","±98.9","0","±12","0.0%","±60.5","0","±12","0.0%","±61.8","0","±12","0.0%","±24.3","0","±12","0.0%","±47.5","0","±12","0.0%","±100.0","0","±12","-","**","0","±12","0.0%","±98.9"
"            Entered before 2010","20","±24","90.9%","±18.9","23","±20","79.3%","±32.0","5","±6","100.0%","±100.0","17","±16","32.1%","±26.4","120","±72","100.0%","±23.4","9","±10","100.0%","±98.9","24","±21","100.0%","±60.5","23","±21","100.0%","±61.8","115","±63","100.0%","±24.3","39","±41","100.0%","±47.5","6","±15","100.0%","±100.0","0","±12","-","**","9","±7","100.0%","±98.9"
"        Foreign born","85","±65","85","(X)","67","±40","67","(X)","106","±49","106","(X)","161","±127","161","(X)","481","±210","481","(X)","40","±21","40","(X)","59","±45","59","(X)","107","±53","107","(X)","81","±90","81","(X)","50","±45","50","(X)","107","±82","107","(X)","32","±22","32","(X)","25","±11","25","(X)"
"            Entered 2010 or later","31","±34","36.5%","±21.4","0","±12","0.0%","±36.0","15","±16","14.2%","±14.5","87","±107","54.0%","±43.9","158","±180","32.8%","±26.8","4","±7","10.0%","±15.8","4","±5","6.8%","±11.2","0","±12","0.0%","±25.7","2","±5","2.5%","±6.3","1","±2","2.0%","±4.9","5","±11","4.7%","±11.0","0","±12","0.0%","±52.4","2","±3","8.0%","±13.4"
"            Entered before 2010","54","±37","63.5%","±21.4","67","±40","100.0%","±36.0","91","±46","85.8%","±14.5","74","±79","46.0%","±43.9","323","±110","67.2%","±26.8","36","±19","90.0%","±15.8","55","±45","93.2%","±11.2","107","±53","100.0%","±25.7","79","±88","97.5%","±6.3","49","±45","98.0%","±4.9","102","±81","95.3%","±11.0","32","±22","100.0%","±52.4","23","±11","92.0%","±13.4"
"WORLD REGION OF BIRTH OF FOREIGN BORN","","","","","","","","","","","","","","","","","","","","","","","","","","","","","","","","","","","","","","","","","","","","","","","","","","","",""
"    Foreign-born population, excluding population born at sea","85","±65","85","(X)","67","±40","67","(X)","106","±49","106","(X)","161","±127","161","(X)","481","±210","481","(X)","40","±21","40","(X)","59","±45","59","(X)","107","±53","107","(X)","81","±90","81","(X)","50","±45","50","(X)","107","±82","107","(X)","32","±22","32","(X)","25","±11","25","(X)"
"        Europe","5","±7","5.9%","±10.4","6","±7","9.0%","±11.3","37","±29","34.9%","±23.5","118","±128","73.3%","±32.3","145","±179","30.1%","±27.1","9","±9","22.5%","±23.1","10","±13","16.9%","±23.3","80","±46","74.8%","±29.1","0","±12","0.0%","±31.8","13","±14","26.0%","±33.3","55","±51","51.4%","±28.4","26","±20","81.3%","±26.8","4","±7","16.0%","±23.8"
"        Asia","4","±8","4.7%","±11.3","9","±7","13.4%","±11.9","0","±12","0.0%","±25.9","16","±23","9.9%","±19.2","21","±13","4.4%","±3.6","7","±8","17.5%","±18.8","0","±12","0.0%","±38.6","22","±34","20.6%","±29.3","63","±88","77.8%","±34.4","1","±2","2.0%","±4.9","48","±50","44.9%","±28.7","6","±8","18.8%","±26.8","5","±6","20.0%","±26.6"
"        Africa","0","±12","0.0%","±30.7","6","±9","9.0%","±16.2","0","±12","0.0%","±25.9","0","±12","0.0%","±18.2","21","±25","4.4%","±5.1","0","±12","0.0%","±46.9","5","±8","8.5%","±14.7","0","±12","0.0%","±25.7","0","±12","0.0%","±31.8","0","±12","0.0%","±41.9","0","±12","0.0%","±25.7","0","±12","0.0%","±52.4","0","±12","0.0%","±59.3"
"        Oceania","0","±12","0.0%","±30.7","17","±26","25.4%","±31.7","0","±12","0.0%","±25.9","0","±12","0.0%","±18.2","0","±17","0.0%","±6.5","0","±12","0.0%","±46.9","0","±12","0.0%","±38.6","0","±12","0.0%","±25.7","0","±12","0.0%","±31.8","0","±12","0.0%","±41.9","0","±12","0.0%","±25.7","0","±12","0.0%","±52.4","2","±2","8.0%","±9.6"
"        Latin America","53","±61","62.4%","±37.2","24","±26","35.8%","±30.0","13","±18","12.3%","±15.7","10","±21","6.2%","±13.9","280","±86","58.2%","±23.1","5","±11","12.5%","±25.0","38","±42","64.4%","±33.8","5","±10","4.7%","±9.1","18","±16","22.2%","±34.4","0","±12","0.0%","±41.9","4","±8","3.7%","±8.3","0","±12","0.0%","±52.4","3","±4","12.0%","±15.7"
"        Northern America","23","±20","27.1%","±28.3","5","±8","7.5%","±11.6","56","±35","52.8%","±23.3","17","±19","10.6%","±16.3","14","±22","2.9%","±4.7","19","±15","47.5%","±26.0","6","±9","10.2%","±17.2","0","±12","0.0%","±25.7","0","±12","0.0%","±31.8","36","±41","72.0%","±33.9","0","±12","0.0%","±25.7","0","±12","0.0%","±52.4","11","±8","44.0%","±23.9"
"LANGUAGE SPOKEN AT HOME","","","","","","","","","","","","","","","","","","","","","","","","","","","","","","","","","","","","","","","","","","","","","","","","","","","",""
"    Population 5 years and over","2,234","±188","2,234","(X)","2,549","±245","2,549","(X)","2,551","±194","2,551","(X)","2,219","±310","2,219","(X)","5,793","±327","5,793","(X)","1,700","±159","1,700","(X)","1,906","±236","1,906","(X)","3,284","±287","3,284","(X)","4,266","±120","4,266","(X)","1,930","±208","1,930","(X)","4,546","±83","4,546","(X)","1,538","±164","1,538","(X)","1,465","±110","1,465","(X)"
"        English only","2,113","±181","94.6%","±3.0","2,483","±242","97.4%","±1.6","2,459","±203","96.4%","±1.7","1,986","±231","89.5%","±7.6","4,951","±362","85.5%","±4.0","1,614","±159","94.9%","±5.0","1,811","±234","95.0%","±3.1","3,145","±291","95.8%","±2.3","3,954","±242","92.7%","±4.0","1,855","±217","96.1%","±3.0","4,426","±139","97.4%","±2.2","1,538","±164","100.0%","±2.1","1,452","±109","99.1%","±0.5"
"        Language other than English","121","±69","5.4%","±3.0","66","±42","2.6%","±1.6","92","±42","3.6%","±1.7","233","±189","10.5%","±7.6","842","±237","14.5%","±4.0","86","±86","5.1%","±5.0","95","±61","5.0%","±3.1","139","±76","4.2%","±2.3","312","±167","7.3%","±4.0","75","±57","3.9%","±3.0","120","±101","2.6%","±2.2","0","±12","0.0%","±2.1","13","±8","0.9%","±0.5"
"            Speak English less than ""very well""","28","±36","1.3%","±1.6","33","±37","1.3%","±1.5","11","±9","0.4%","±0.4","95","±77","4.3%","±3.2","241","±97","4.2%","±1.7","53","±82","3.1%","±4.7","47","±42","2.5%","±2.1","37","±34","1.1%","±1.0","16","±15","0.4%","±0.4","12","±17","0.6%","±0.9","8","±15","0.2%","±0.3","0","±12","0.0%","±2.1","4","±5","0.3%","±0.3"
"        Spanish","28","±21","1.3%","±1.0","26","±36","1.0%","±1.4","43","±31","1.7%","±1.2","43","±44","1.9%","±2.0","592","±142","10.2%","±2.4","5","±11","0.3%","±0.7","44","±41","2.3%","±2.1","24","±24","0.7%","±0.7","102","±60","2.4%","±1.4","46","±54","2.4%","±2.8","8","±15","0.2%","±0.3","0","±12","0.0%","±2.1","3","±5","0.2%","±0.3"
"            Speak English less than ""very well""","7","±15","0.3%","±0.7","26","±36","1.0%","±1.4","7","±7","0.3%","±0.3","18","±24","0.8%","±1.1","207","±93","3.6%","±1.6","0","±12","0.0%","±1.9","29","±35","1.5%","±1.8","0","±12","0.0%","±1.0","10","±12","0.2%","±0.3","11","±17","0.6%","±0.9","0","±12","0.0%","±0.7","0","±12","0.0%","±2.1","0","±12","0.0%","±2.2"
"        Other Indo-European languages","91","±68","4.1%","±3.0","38","±23","1.5%","±0.9","33","±18","1.3%","±0.7","174","±187","7.8%","±7.7","232","±187","4.0%","±3.2","77","±83","4.5%","±4.8","51","±47","2.7%","±2.5","74","±44","2.3%","±1.4","205","±171","4.8%","±4.1","29","±27","1.5%","±1.4","33","±47","0.7%","±1.0","0","±12","0.0%","±2.1","7","±6","0.5%","±0.4"
"            Speak English less than ""very well""","21","±32","0.9%","±1.4","5","±8","0.2%","±0.3","4","±6","0.2%","±0.2","70","±79","3.2%","±3.4","30","±38","0.5%","±0.7","51","±81","3.0%","±4.7","18","±27","0.9%","±1.4","20","±20","0.6%","±0.6","6","±9","0.1%","±0.2","1","±2","0.1%","±0.1","5","±10","0.1%","±0.2","0","±12","0.0%","±2.1","3","±4","0.2%","±0.3"
"        Asian and Pacific Islander languages","2","±5","0.1%","±0.2","0","±12","0.0%","±1.3","0","±12","0.0%","±1.3","16","±23","0.7%","±1.0","5","±6","0.1%","±0.1","0","±12","0.0%","±1.9","0","±12","0.0%","±1.7","35","±69","1.1%","±2.1","0","±12","0.0%","±0.8","0","±12","0.0%","±1.7","3","±8","0.1%","±0.2","0","±12","0.0%","±2.1","3","±4","0.2%","±0.3"
"            Speak English less than ""very well""","0","±12","0.0%","±1.4","0","±12","0.0%","±1.3","0","±12","0.0%","±1.3","7","±12","0.3%","±0.5","4","±6","0.1%","±0.1","0","±12","0.0%","±1.9","0","±12","0.0%","±1.7","17","±34","0.5%","±1.0","0","±12","0.0%","±0.8","0","±12","0.0%","±1.7","3","±8","0.1%","±0.2","0","±12","0.0%","±2.1","1","±2","0.1%","±0.1"
"        Other languages","0","±12","0.0%","±1.4","2","±6","0.1%","±0.2","16","±25","0.6%","±1.0","0","±12","0.0%","±1.5","13","±23","0.2%","±0.4","4","±7","0.2%","±0.4","0","±12","0.0%","±1.7","6","±12","0.2%","±0.4","5","±9","0.1%","±0.2","0","±12","0.0%","±1.7","76","±73","1.7%","±1.6","0","±12","0.0%","±2.1","0","±12","0.0%","±2.2"
"            Speak English less than ""very well""","0","±12","0.0%","±1.4","2","±6","0.1%","±0.2","0","±12","0.0%","±1.3","0","±12","0.0%","±1.5","0","±17","0.0%","±0.6","2","±4","0.1%","±0.2","0","±12","0.0%","±1.7","0","±12","0.0%","±1.0","0","±12","0.0%","±0.8","0","±12","0.0%","±1.7","0","±12","0.0%","±0.7","0","±12","0.0%","±2.1","0","±12","0.0%","±2.2"
"ANCESTRY","","","","","","","","","","","","","","","","","","","","","","","","","","","","","","","","","","","","","","","","","","","","","","","","","","","",""
"    Total population","2,311","±192","2,311","(X)","2,659","±251","2,659","(X)","2,643","±199","2,643","(X)","2,281","±315","2,281","(X)","5,934","±319","5,934","(X)","1,736","±165","1,736","(X)","1,990","±249","1,990","(X)","3,358","±296","3,358","(X)","4,588","±18","4,588","(X)","1,988","±210","1,988","(X)","4,845","±25","4,845","(X)","1,608","±168","1,608","(X)","1,518","±111","1,518","(X)"
"        American","98","±41","4.2%","±1.8","161","±84","6.1%","±3.3","126","±50","4.8%","±1.9","67","±40","2.9%","±1.8","301","±280","5.1%","±4.7","75","±33","4.3%","±1.9","107","±60","5.4%","±3.1","136","±43","4.1%","±1.3","123","±112","2.7%","±2.4","96","±65","4.8%","±3.3","438","±185","9.0%","±3.8","100","±60","6.2%","±3.7","100","±32","6.6%","±2.1"
"        Arab","0","±12","0.0%","±1.4","6","±9","0.2%","±0.3","11","±15","0.4%","±0.5","0","±12","0.0%","±1.4","83","±98","1.4%","±1.6","0","±12","0.0%","±1.9","0","±12","0.0%","±1.6","33","±34","1.0%","±1.0","0","±12","0.0%","±0.7","13","±18","0.7%","±0.9","52","±81","1.1%","±1.7","0","±12","0.0%","±2.0","0","±12","0.0%","±2.1"
"        Czech","11","±12","0.5%","±0.5","0","±12","0.0%","±1.2","10","±12","0.4%","±0.4","0","±12","0.0%","±1.4","0","±17","0.0%","±0.5","9","±10","0.5%","±0.6","7","±10","0.4%","±0.5","17","±18","0.5%","±0.5","138","±189","3.0%","±4.1","0","±12","0.0%","±1.6","0","±12","0.0%","±0.7","9","±14","0.6%","±0.8","3","±4","0.2%","±0.2"
"        Danish","7","±10","0.3%","±0.4","0","±12","0.0%","±1.2","0","±12","0.0%","±1.2","0","±12","0.0%","±1.4","56","±69","0.9%","±1.2","0","±12","0.0%","±1.9","0","±12","0.0%","±1.6","26","±29","0.8%","±0.8","0","±12","0.0%","±0.7","0","±12","0.0%","±1.6","6","±10","0.1%","±0.2","9","±10","0.6%","±0.6","4","±5","0.3%","±0.3"
"        Dutch","32","±21","1.4%","±0.9","40","±31","1.5%","±1.2","138","±85","5.2%","±3.3","113","±88","5.0%","±3.9","74","±56","1.2%","±0.9","46","±25","2.6%","±1.4","117","±72","5.9%","±3.6","70","±47","2.1%","±1.4","97","±88","2.1%","±1.9","23","±19","1.2%","±1.0","95","±80","2.0%","±1.7","121","±64","7.5%","±3.8","64","±25","4.2%","±1.7"
"        English","281","±119","12.2%","±4.8","394","±119","14.8%","±4.2","406","±96","15.4%","±3.4","365","±133","16.0%","±5.6","426","±180","7.2%","±3.1","244","±85","14.1%","±4.9","320","±100","16.1%","±4.6","740","±153","22.0%","±4.3","413","±162","9.0%","±3.5","244","±91","12.3%","±4.7","854","±343","17.6%","±7.1","376","±98","23.4%","±5.6","214","±49","14.1%","±3.2"
"        French (except Basque)","410","±141","17.7%","±5.7","406","±136","15.3%","±5.0","425","±121","16.1%","±4.2","154","±67","6.8%","±3.1","679","±321","11.4%","±5.5","372","±91","21.4%","±4.9","268","±98","13.5%","±4.6","405","±86","12.1%","±2.4","656","±207","14.3%","±4.5","397","±134","20.0%","±6.2","1,371","±471","28.3%","±9.7","168","±60","10.4%","±3.5","272","±65","17.9%","±4.0"
"        French Canadian","198","±104","8.6%","±4.4","141","±73","5.3%","±2.8","115","±51","4.4%","±1.9","85","±53","3.7%","±2.4","66","±60","1.1%","±1.0","118","±61","6.8%","±3.5","99","±59","5.0%","±2.9","98","±47","2.9%","±1.4","59","±42","1.3%","±0.9","120","±73","6.0%","±3.7","139","±71","2.9%","±1.5","47","±28","2.9%","±1.7","79","±27","5.2%","±1.7"
"        German","179","±56","7.7%","±2.3","244","±79","9.2%","±3.2","458","±105","17.3%","±3.7","331","±112","14.5%","±5.1","674","±288","11.4%","±4.8","224","±55","12.9%","±3.2","229","±87","11.5%","±3.9","459","±108","13.7%","±3.2","224","±116","4.9%","±2.5","194","±99","9.8%","±4.8","358","±164","7.4%","±3.4","382","±114","23.8%","±6.4","158","±46","10.4%","±2.8"
"        Greek","19","±28","0.8%","±1.2","6","±8","0.2%","±0.3","0","±12","0.0%","±1.2","34","±49","1.5%","±2.1","0","±17","0.0%","±0.5","20","±22","1.2%","±1.3","0","±12","0.0%","±1.6","3","±4","0.1%","±0.1","0","±12","0.0%","±0.7","0","±12","0.0%","±1.6","0","±12","0.0%","±0.7","0","±12","0.0%","±2.0","0","±12","0.0%","±2.1"
"        Hungarian","7","±10","0.3%","±0.4","0","±12","0.0%","±1.2","0","±12","0.0%","±1.2","4","±8","0.2%","±0.3","30","±37","0.5%","±0.6","0","±12","0.0%","±1.9","7","±10","0.4%","±0.5","9","±13","0.3%","±0.4","137","±135","3.0%","±2.9","7","±11","0.4%","±0.6","44","±56","0.9%","±1.2","0","±12","0.0%","±2.0","3","±4","0.2%","±0.2"
"        Irish","362","±110","15.7%","±4.3","661","±164","24.9%","±6.0","622","±147","23.5%","±5.5","521","±149","22.8%","±6.7","1,009","±277","17.0%","±4.8","382","±97","22.0%","±5.2","399","±103","20.1%","±4.8","739","±146","22.0%","±4.0","1,030","±274","22.4%","±5.9","544","±176","27.4%","±7.6","1,003","±309","20.7%","±6.4","342","±85","21.3%","±5.2","431","±63","28.4%","±3.9"
"        Italian","144","±71","6.2%","±3.0","263","±120","9.9%","±4.4","193","±68","7.3%","±2.7","132","±76","5.8%","±3.5","431","±197","7.3%","±3.4","149","±59","8.6%","±3.4","126","±71","6.3%","±3.7","313","±105","9.3%","±2.9","653","±303","14.2%","±6.6","77","±54","3.9%","±2.7","406","±169","8.4%","±3.5","177","±70","11.0%","±4.3","69","±26","4.5%","±1.6"
"        Lithuanian","15","±14","0.6%","±0.6","5","±9","0.2%","±0.3","22","±23","0.8%","±0.9","20","±21","0.9%","±0.9","0","±17","0.0%","±0.5","0","±12","0.0%","±1.9","19","±30","1.0%","±1.5","13","±14","0.4%","±0.4","0","±12","0.0%","±0.7","8","±12","0.4%","±0.6","20","±32","0.4%","±0.7","6","±8","0.4%","±0.5","2","±3","0.1%","±0.2"
"        Norwegian","35","±47","1.5%","±2.0","26","±29","1.0%","±1.1","22","±15","0.8%","±0.6","16","±20","0.7%","±0.9","29","±34","0.5%","±0.6","12","±9","0.7%","±0.5","33","±53","1.7%","±2.7","29","±24","0.9%","±0.7","18","±28","0.4%","±0.6","29","±27","1.5%","±1.4","0","±12","0.0%","±0.7","7","±9","0.4%","±0.6","5","±5","0.3%","±0.3"
"        Polish","70","±42","3.0%","±1.8","86","±50","3.2%","±1.9","60","±31","2.3%","±1.1","95","±68","4.2%","±3.0","292","±135","4.9%","±2.3","55","±30","3.2%","±1.7","119","±63","6.0%","±3.2","142","±46","4.2%","±1.4","292","±155","6.4%","±3.4","120","±59","6.0%","±2.9","134","±84","2.8%","±1.7","80","±42","5.0%","±2.5","72","±23","4.7%","±1.5"
"        Portuguese","0","±12","0.0%","±1.4","5","±7","0.2%","±0.3","0","±12","0.0%","±1.2","0","±12","0.0%","±1.4","25","±41","0.4%","±0.7","0","±12","0.0%","±1.9","7","±10","0.4%","±0.5","0","±12","0.0%","±1.0","29","±44","0.6%","±1.0","9","±15","0.5%","±0.8","49","±75","1.0%","±1.6","0","±12","0.0%","±2.0","0","±12","0.0%","±2.1"
"        Russian","0","±12","0.0%","±1.4","11","±11","0.4%","±0.4","15","±12","0.6%","±0.4","10","±18","0.4%","±0.8","16","±25","0.3%","±0.4","11","±8","0.6%","±0.4","22","±25","1.1%","±1.2","37","±41","1.1%","±1.2","0","±12","0.0%","±0.7","20","±23","1.0%","±1.1","40","±64","0.8%","±1.3","28","±23","1.7%","±1.4","14","±14","0.9%","±0.9"
"        Scotch-Irish","8","±8","0.3%","±0.3","10","±11","0.4%","±0.4","5","±8","0.2%","±0.3","22","±36","1.0%","±1.5","67","±63","1.1%","±1.1","58","±48","3.3%","±2.7","25","±23","1.3%","±1.2","40","±27","1.2%","±0.8","90","±80","2.0%","±1.7","28","±26","1.4%","±1.3","182","±175","3.8%","±3.6","20","±17","1.2%","±1.0","11","±10","0.7%","±0.7"
"        Scottish","74","±45","3.2%","±2.0","78","±42","2.9%","±1.6","140","±62","5.3%","±2.3","61","±38","2.7%","±1.7","82","±51","1.4%","±0.8","81","±41","4.7%","±2.3","42","±32","2.1%","±1.5","128","±54","3.8%","±1.6","83","±61","1.8%","±1.3","43","±31","2.2%","±1.6","40","±37","0.8%","±0.8","59","±33","3.7%","±2.0","53","±36","3.5%","±2.4"
"        Slovak","11","±11","0.5%","±0.5","15","±25","0.6%","±0.9","0","±12","0.0%","±1.2","0","±12","0.0%","±1.4","0","±17","0.0%","±0.5","0","±12","0.0%","±1.9","6","±9","0.3%","±0.4","0","±12","0.0%","±1.0","0","±12","0.0%","±0.7","0","±12","0.0%","±1.6","0","±12","0.0%","±0.7","0","±12","0.0%","±2.0","4","±7","0.3%","±0.4"
"        Subsaharan African","1","±4","0.0%","±0.2","1","±2","0.0%","±0.1","0","±12","0.0%","±1.2","4","±8","0.2%","±0.4","119","±67","2.0%","±1.1","5","±11","0.3%","±0.6","20","±33","1.0%","±1.6","0","±12","0.0%","±1.0","17","±26","0.4%","±0.6","0","±12","0.0%","±1.6","0","±12","0.0%","±0.7","0","±12","0.0%","±2.0","0","±12","0.0%","±2.1"
"        Swedish","6","±8","0.3%","±0.4","17","±26","0.6%","±1.0","32","±21","1.2%","±0.8","19","±20","0.8%","±0.9","34","±38","0.6%","±0.6","15","±15","0.9%","±0.8","5","±7","0.3%","±0.4","40","±24","1.2%","±0.7","87","±93","1.9%","±2.0","28","±30","1.4%","±1.5","26","±31","0.5%","±0.6","4","±5","0.2%","±0.3","28","±18","1.8%","±1.2"
"        Swiss","0","±12","0.0%","±1.4","13","±14","0.5%","±0.5","7","±7","0.3%","±0.3","0","±12","0.0%","±1.4","0","±17","0.0%","±0.5","0","±12","0.0%","±1.9","5","±8","0.3%","±0.4","19","±22","0.6%","±0.6","0","±12","0.0%","±0.7","0","±12","0.0%","±1.6","0","±12","0.0%","±0.7","0","±12","0.0%","±2.0","0","±12","0.0%","±2.1"
"        Ukrainian","22","±24","1.0%","±1.0","17","±26","0.6%","±1.0","0","±12","0.0%","±1.2","0","±12","0.0%","±1.4","15","±24","0.3%","±0.4","0","±12","0.0%","±1.9","7","±10","0.4%","±0.5","0","±12","0.0%","±1.0","5","±8","0.1%","±0.2","8","±13","0.4%","±0.7","17","±26","0.4%","±0.5","13","±19","0.8%","±1.2","0","±12","0.0%","±2.1"
"        Welsh","25","±22","1.1%","±1.0","34","±34","1.3%","±1.3","38","±26","1.4%","±0.9","38","±28","1.7%","±1.2","32","±34","0.5%","±0.6","27","±25","1.6%","±1.4","55","±45","2.8%","±2.2","32","±25","1.0%","±0.7","6","±10","0.1%","±0.2","0","±12","0.0%","±1.6","0","±12","0.0%","±0.7","21","±23","1.3%","±1.4","19","±12","1.3%","±0.8"
"        West Indian (excluding Hispanic origin groups)","1","±3","0.0%","±0.1","2","±6","0.1%","±0.2","0","±12","0.0%","±1.2","0","±12","0.0%","±1.4","105","±59","1.8%","±1.0","0","±12","0.0%","±1.9","0","±12","0.0%","±1.6","8","±12","0.2%","±0.3","44","±40","1.0%","±0.9","0","±12","0.0%","±1.6","0","±12","0.0%","±0.7","0","±12","0.0%","±2.0","1","±2","0.1%","±0.1"
"COMPUTERS AND INTERNET USE","","","","","","","","","","","","","","","","","","","","","","","","","","","","","","","","","","","","","","","","","","","","","","","","","","","",""
"    Total households","1,069","±91","1,069","(X)","1,107","±94","1,107","(X)","1,238","±92","1,238","(X)","1,023","±152","1,023","(X)","1,606","±177","1,606","(X)","742","±68","742","(X)","892","±110","892","(X)","1,625","±105","1,625","(X)","2,014","±190","2,014","(X)","832","±74","832","(X)","2,152","±184","2,152","(X)","773","±90","773","(X)","717","±52","717","(X)"
"        With a computer","983","±98","92.0%","±3.1","1,000","±94","90.3%","±4.2","1,127","±98","91.0%","±3.3","882","±139","86.2%","±4.4","1,511","±173","94.1%","±3.4","621","±63","83.7%","±5.3","812","±106","91.0%","±3.8","1,363","±105","83.9%","±3.8","1,580","±144","78.5%","±7.8","744","±75","89.4%","±5.2","1,935","±180","89.9%","±4.6","664","±82","85.9%","±5.6","643","±51","89.7%","±3.1"
"        With a broadband Internet subscription","873","±95","81.7%","±5.4","909","±89","82.1%","±5.5","1,050","±94","84.8%","±3.7","789","±131","77.1%","±7.3","1,452","±184","90.4%","±5.6","519","±65","69.9%","±6.8","734","±106","82.3%","±5.9","1,216","±108","74.8%","±4.8","1,430","±149","71.0%","±8.4","619","±74","74.4%","±7.3","1,522","±185","70.7%","±7.6","613","±87","79.3%","±6.5","604","±52","84.2%","±3.8"