"Label","Census Tract 9400, Franklin County, New York!!Estimate","Census Tract 9400, Franklin County, New York!!Margin of Error","Census Tract 9400, Franklin County, New York!!Percent","Census Tract 9400, Franklin County, New York!!Percent Margin of Error","Census Tract 9501, Franklin County, New York!!Estimate","Census Tract 9501, Franklin County, New York!!Margin of Error","Census Tract 9501, Franklin County, New York!!Percent","Census Tract 9501, Franklin County, New York!!Percent Margin of Error","Census Tract 9502, Franklin County, New York!!Estimate","Census Tract 9502, Franklin County, New York!!Margin of Error","Census Tract 9502, Franklin County, New York!!Percent","Census Tract 9502, Franklin County, New York!!Percent Margin of Error","Census Tract 9503, Franklin County, New York!!Estimate","Census Tract 9503, Franklin County, New York!!Margin of Error","Census Tract 9503, Franklin County, New York!!Percent","Census Tract 9503, Franklin County, New York!!Percent Margin of Error","Census Tract 9504, Franklin County, New York!!Estimate","Census Tract 9504, Franklin County, New York!!Margin of Error","Census Tract 9504, Franklin County, New York!!Percent","Census Tract 9504, Franklin County, New York!!Percent Margin of Error","Census Tract 9505.01, Franklin County, New York!!Estimate","Census Tract 9505.01, Franklin County, New York!!Margin of Error","Census Tract 9505.01, Franklin County, New York!!Percent","Census Tract 9505.01, Franklin County, New York!!Percent Margin of Error","Census Tract 9505.02, Franklin County, New York!!Estimate","Census Tract 9505.02, Franklin County, New York!!Margin of Error","Census Tract 9505.02, Franklin County, New York!!Percent","Census Tract 9505.02, Franklin County, New York!!Percent Margin of Error","Census Tract 9506, Franklin County, New York!!Estimate","Census Tract 9506, Franklin County, New York!!Margin of Error","Census Tract 9506, Franklin County, New York!!Percent","Census Tract 9506, Franklin County, New York!!Percent Margin of Error","Census Tract 9507, Franklin County, New York!!Estimate","Census Tract 9507, Franklin County, New York!!Margin of Error","Census Tract 9507, Franklin County, New York!!Percent","Census Tract 9507, Franklin County, New York!!Percent Margin of Error","Census Tract 9508, Franklin County, New York!!Estimate","Census Tract 9508, Franklin County, New York!!Margin of Error","Census Tract 9508, Franklin County, New York!!Percent","Census Tract 9508, Franklin County, New York!!Percent Margin of Error","Census Tract 9509, Franklin County, New York!!Estimate","Census Tract 9509, Franklin County, New York!!Margin of Error","Census Tract 9509, Franklin County, New York!!Percent","Census Tract 9509, Franklin County, New York!!Percent Margin of Error","Census Tract 9510, Franklin County, New York!!Estimate","Census Tract 9510, Franklin County, New York!!Margin of Error","Census Tract 9510, Franklin County, New York!!Percent","Census Tract 9510, Franklin County, New York!!Percent Margin of Error","Census Tract 9511, Franklin County, New York!!Estimate","Census Tract 9511, Franklin County, New York!!Margin of Error","Census Tract 9511, Franklin County, New York!!Percent","Census Tract 9511, Franklin County, New York!!Percent Margin of Error","Census Tract 9512, Franklin County, New York!!Estimate","Census Tract 9512, Franklin County, New York!!Margin of Error","Census Tract 9512, Franklin County, New York!!Percent","Census Tract 9512, Franklin County, New York!!Percent Margin of Error"
"HOUSEHOLDS BY TYPE","","","","","","","","","","","","","","","","","","","","","","","","","","","","","","","","","","","","","","","","","","","","","","","","","","","","","","","",""
"    Total households","1,360","±426","1,360","(X)","1,880","±122","1,880","(X)","1,912","±120","1,912","(X)","2,284","±187","2,284","(X)","2,100","±161","2,100","(X)","1,420","±184","1,420","(X)","682","±141","682","(X)","691","±60","691","(X)","966","±98","966","(X)","879","±74","879","(X)","1,389","±121","1,389","(X)","961","±138","961","(X)","1,453","±118","1,453","(X)","1,038","±98","1,038","(X)"
"        Married-couple family","386","±315","28.4%","±17.5","1,005","±93","53.5%","±3.8","832","±80","43.5%","±4.4","1,186","±144","51.9%","±5.9","1,152","±186","54.9%","±8.3","402","±86","28.3%","±6.7","349","±89","51.2%","±8.6","344","±52","49.8%","±6.7","515","±69","53.3%","±5.1","449","±52","51.1%","±5.8","616","±96","44.3%","±6.4","383","±90","39.9%","±9.6","648","±100","44.6%","±6.8","554","±89","53.4%","±7.6"
"            With own children of the householder under 18 years","166","±211","12.2%","±13.5","361","±49","19.2%","±2.3","251","±50","13.1%","±2.9","354","±90","15.5%","±3.8","495","±156","23.6%","±7.1","141","±64","9.9%","±4.8","129","±37","18.9%","±4.9","74","±28","10.7%","±4.0","121","±40","12.5%","±3.8","102","±31","11.6%","±3.3","212","±56","15.3%","±3.8","128","±49","13.3%","±5.8","256","±51","17.6%","±3.8","139","±37","13.4%","±3.9"
"        Cohabiting couple household","94","±88","6.9%","±7.0","132","±41","7.0%","±2.2","304","±86","15.9%","±4.0","215","±75","9.4%","±3.2","70","±59","3.3%","±2.8","270","±129","19.0%","±8.4","60","±40","8.8%","±5.4","47","±21","6.8%","±3.0","133","±40","13.8%","±3.8","70","±30","8.0%","±3.2","119","±55","8.6%","±4.1","74","±61","7.7%","±6.1","80","±48","5.5%","±3.4","70","±40","6.7%","±3.9"
"            With own children of the householder under 18 years","0","±12","0.0%","±2.4","54","±26","2.9%","±1.3","177","±72","9.3%","±3.6","99","±49","4.3%","±2.1","35","±54","1.7%","±2.6","203","±115","14.3%","±7.6","32","±35","4.7%","±4.9","27","±18","3.9%","±2.6","59","±29","6.1%","±3.0","22","±15","2.5%","±1.7","78","±45","5.6%","±3.3","9","±17","0.9%","±1.8","34","±38","2.3%","±2.6","16","±15","1.5%","±1.5"
"        Male householder, no spouse/partner present","383","±236","28.2%","±19.4","301","±64","16.0%","±3.2","371","±78","19.4%","±3.7","364","±98","15.9%","±3.9","291","±128","13.9%","±5.7","188","±76","13.2%","±4.7","73","±37","10.7%","±4.7","169","±45","24.5%","±5.8","148","±44","15.3%","±4.4","196","±56","22.3%","±5.4","300","±89","21.6%","±5.8","336","±126","35.0%","±10.6","241","±91","16.6%","±5.8","268","±85","25.8%","±7.5"
"            With own children of the householder under 18 years","183","±223","13.5%","±15.1","13","±16","0.7%","±0.8","43","±35","2.2%","±1.8","23","±26","1.0%","±1.1","28","±42","1.3%","±2.0","20","±22","1.4%","±1.5","0","±17","0.0%","±4.7","11","±11","1.6%","±1.5","8","±6","0.8%","±0.7","0","±12","0.0%","±3.6","28","±31","2.0%","±2.3","76","±71","7.9%","±7.6","8","±12","0.6%","±0.8","7","±11","0.7%","±1.0"
"            Householder living alone","87","±87","6.4%","±6.8","250","±60","13.3%","±3.0","257","±68","13.4%","±3.4","254","±91","11.1%","±3.8","214","±119","10.2%","±5.3","168","±75","11.8%","±4.7","23","±20","3.4%","±2.7","121","±36","17.5%","±5.0","98","±34","10.1%","±3.5","148","±43","16.8%","±4.3","211","±77","15.2%","±5.0","260","±120","27.1%","±9.7","209","±89","14.4%","±5.6","230","±84","22.2%","±7.6"
"                65 years and over","87","±87","6.4%","±6.8","90","±38","4.8%","±1.9","89","±38","4.7%","±2.0","73","±40","3.2%","±1.7","122","±95","5.8%","±4.4","74","±38","5.2%","±2.6","16","±17","2.3%","±2.4","48","±22","6.9%","±3.1","18","±10","1.9%","±1.1","41","±18","4.7%","±2.0","56","±36","4.0%","±2.5","31","±26","3.2%","±2.6","100","±70","6.9%","±4.7","54","±32","5.2%","±3.1"
"        Female householder, no spouse/partner present","497","±299","36.5%","±13.7","442","±69","23.5%","±3.3","405","±68","21.2%","±3.5","519","±128","22.7%","±4.9","587","±175","28.0%","±8.2","560","±149","39.4%","±8.7","200","±70","29.3%","±8.1","131","±32","19.0%","±4.3","170","±41","17.6%","±4.0","164","±44","18.7%","±5.0","354","±95","25.5%","±6.0","168","±68","17.5%","±7.2","484","±123","33.3%","±7.9","146","±47","14.1%","±4.2"
"            With own children of the householder under 18 years","0","±12","0.0%","±2.4","82","±39","4.4%","±2.0","58","±27","3.0%","±1.4","73","±50","3.2%","±2.2","129","±101","6.1%","±4.9","105","±48","7.4%","±3.3","8","±12","1.2%","±1.8","8","±12","1.2%","±1.8","27","±16","2.8%","±1.6","8","±8","0.9%","±0.9","57","±57","4.1%","±4.1","26","±29","2.7%","±3.1","65","±58","4.5%","±4.0","32","±23","3.1%","±2.2"
"            Householder living alone","497","±299","36.5%","±13.7","241","±56","12.8%","±2.8","234","±54","12.2%","±2.8","401","±124","17.6%","±4.9","397","±140","18.9%","±6.6","364","±97","25.6%","±5.8","150","±62","22.0%","±7.6","93","±24","13.5%","±3.3","98","±30","10.1%","±2.9","93","±32","10.6%","±3.4","265","±73","19.1%","±4.7","98","±56","10.2%","±5.8","319","±97","22.0%","±6.2","95","±43","9.2%","±3.9"
"                65 years and over","71","±72","5.2%","±5.5","93","±26","4.9%","±1.4","144","±33","7.5%","±1.7","272","±112","11.9%","±4.7","157","±91","7.5%","±4.4","170","±62","12.0%","±4.2","88","±49","12.9%","±6.4","43","±13","6.2%","±1.8","74","±24","7.7%","±2.4","54","±24","6.1%","±2.6","147","±56","10.6%","±3.8","47","±43","4.9%","±4.4","188","±70","12.9%","±4.4","40","±29","3.9%","±2.8"
"        Households with one or more people under 18 years","349","±270","25.7%","±14.7","589","±67","31.3%","±3.0","588","±88","30.8%","±4.2","687","±125","30.1%","±5.4","713","±168","34.0%","±7.7","496","±110","34.9%","±7.3","182","±44","26.7%","±4.9","139","±38","20.1%","±5.0","259","±48","26.8%","±4.0","167","±40","19.0%","±4.3","404","±73","29.1%","±5.1","244","±82","25.4%","±9.8","379","±73","26.1%","±5.4","203","±51","19.6%","±5.1"
"        Households with one or more people 65 years and over","535","±113","39.3%","±13.7","522","±73","27.8%","±3.2","596","±66","31.2%","±3.5","695","±123","30.4%","±4.4","602","±118","28.7%","±5.0","357","±81","25.1%","±5.1","266","±68","39.0%","±6.1","275","±43","39.8%","±5.5","321","±50","33.2%","±4.2","301","±47","34.2%","±4.3","446","±91","32.1%","±5.4","212","±65","22.1%","±6.3","541","±92","37.2%","±5.0","301","±50","29.0%","±5.2"
"        Average household size","2.43","±0.70","(X)","(X)","2.45","±0.13","(X)","(X)","2.62","±0.19","(X)","(X)","2.43","±0.15","(X)","(X)","2.38","±0.16","(X)","(X)","2.28","±0.21","(X)","(X)","2.42","±0.18","(X)","(X)","2.16","±0.15","(X)","(X)","2.40","±0.18","(X)","(X)","2.11","±0.14","(X)","(X)","2.31","±0.17","(X)","(X)","2.24","±0.28","(X)","(X)","2.19","±0.17","(X)","(X)","2.10","±0.15","(X)","(X)"
"        Average family size","3.69","±1.48","(X)","(X)","2.91","±0.17","(X)","(X)","3.07","±0.27","(X)","(X)","2.91","±0.19","(X)","(X)","2.95","±0.21","(X)","(X)","2.84","±0.27","(X)","(X)","2.84","±0.25","(X)","(X)","2.60","±0.17","(X)","(X)","2.67","±0.20","(X)","(X)","2.50","±0.15","(X)","(X)","2.93","±0.19","(X)","(X)","3.06","±0.33","(X)","(X)","2.77","±0.19","(X)","(X)","2.61","±0.22","(X)","(X)"
"RELATIONSHIP","","","","","","","","","","","","","","","","","","","","","","","","","","","","","","","","","","","","","","","","","","","","","","","","","","","","","","","",""
"    Population in households","3,310","±25","3,310","(X)","4,612","±232","4,612","(X)","5,012","±303","5,012","(X)","5,559","±400","5,559","(X)","5,000","±300","5,000","(X)","3,241","±348","3,241","(X)","1,648","±305","1,648","(X)","1,490","±146","1,490","(X)","2,321","±192","2,321","(X)","1,856","±123","1,856","(X)","3,212","±248","3,212","(X)","2,149","±246","2,149","(X)","3,186","±186","3,186","(X)","2,181","±167","2,181","(X)"
"        Householder","1,360","±426","41.1%","±12.9","1,880","±122","40.8%","±2.2","1,912","±120","38.1%","±2.7","2,284","±187","41.1%","±2.6","2,100","±161","42.0%","±2.7","1,420","±184","43.8%","±4.1","682","±141","41.4%","±3.1","691","±60","46.4%","±3.2","966","±98","41.6%","±2.9","879","±74","47.4%","±3.2","1,389","±121","43.2%","±3.3","961","±138","44.7%","±5.7","1,453","±118","45.6%","±3.5","1,038","±98","47.6%","±3.4"
"        Spouse","305","±228","9.2%","±6.9","1,007","±81","21.8%","±1.6","865","±83","17.3%","±1.9","1,140","±130","20.5%","±1.9","1,148","±162","23.0%","±2.9","426","±90","13.1%","±2.5","360","±88","21.8%","±3.1","344","±50","23.1%","±2.7","498","±58","21.5%","±2.1","449","±53","24.2%","±2.7","622","±91","19.4%","±2.7","388","±85","18.1%","±3.8","685","±108","21.5%","±3.0","531","±78","24.3%","±2.9"
"        Unmarried partner","115","±152","3.5%","±4.6","164","±53","3.6%","±1.1","298","±80","5.9%","±1.6","230","±77","4.1%","±1.3","81","±67","1.6%","±1.4","232","±103","7.2%","±2.9","65","±47","3.9%","±2.8","47","±18","3.2%","±1.3","141","±45","6.1%","±1.9","69","±31","3.7%","±1.6","141","±71","4.4%","±2.2","67","±55","3.1%","±2.7","89","±56","2.8%","±1.7","63","±39","2.9%","±1.7"
"        Child","674","±311","20.4%","±9.4","1,282","±142","27.8%","±2.5","1,653","±270","33.0%","±3.9","1,464","±168","26.3%","±2.7","1,499","±200","30.0%","±3.4","1,038","±157","32.0%","±3.7","438","±104","26.6%","±3.8","321","±74","21.5%","±3.9","525","±95","22.6%","±3.2","311","±64","16.8%","±3.1","880","±197","27.4%","±5.0","589","±243","27.4%","±9.9","810","±135","25.4%","±4.0","441","±82","20.2%","±3.6"
"        Other relatives","856","±456","25.9%","±13.7","124","±56","2.7%","±1.2","165","±45","3.3%","±0.9","277","±135","5.0%","±2.3","114","±84","2.3%","±1.7","55","±39","1.7%","±1.2","88","±49","5.3%","±2.9","29","±21","1.9%","±1.3","91","±43","3.9%","±1.8","57","±35","3.1%","±1.9","73","±49","2.3%","±1.5","92","±76","4.3%","±3.4","65","±62","2.0%","±1.9","51","±37","2.3%","±1.7"
"        Other nonrelatives","0","±12","0.0%","±1.0","155","±79","3.4%","±1.7","119","±47","2.4%","±0.9","164","±114","3.0%","±1.9","58","±72","1.2%","±1.4","70","±58","2.2%","±1.8","15","±23","0.9%","±1.4","58","±31","3.9%","±1.9","100","±49","4.3%","±2.1","91","±48","4.9%","±2.5","107","±59","3.3%","±1.8","52","±44","2.4%","±2.0","84","±77","2.6%","±2.4","57","±59","2.6%","±2.6"
"MARITAL STATUS","","","","","","","","","","","","","","","","","","","","","","","","","","","","","","","","","","","","","","","","","","","","","","","","","","","","","","","",""
"    Males 15 years and over","1,421","±236","1,421","(X)","1,822","±119","1,822","(X)","1,995","±144","1,995","(X)","2,174","±199","2,174","(X)","1,930","±212","1,930","(X)","1,329","±194","1,329","(X)","4,720","±236","4,720","(X)","665","±83","665","(X)","1,053","±109","1,053","(X)","1,298","±161","1,298","(X)","1,339","±125","1,339","(X)","987","±167","987","(X)","1,543","±144","1,543","(X)","1,031","±110","1,031","(X)"
"        Never married","673","±168","47.4%","±14.5","523","±90","28.7%","±4.4","694","±133","34.8%","±5.1","587","±136","27.0%","±5.1","482","±168","25.0%","±8.0","755","±184","56.8%","±8.3","3,199","±218","67.8%","±3.2","191","±50","28.7%","±5.7","348","±73","33.0%","±5.5","730","±151","56.2%","±6.1","440","±107","32.9%","±7.0","451","±156","45.7%","±10.1","616","±135","39.9%","±7.5","288","±89","27.9%","±7.4"
"        Now married, except separated","499","±411","35.1%","±25.2","1,071","±90","58.8%","±4.2","917","±85","46.0%","±4.9","1,259","±157","57.9%","±6.2","1,169","±187","60.6%","±9.4","445","±95","33.5%","±7.4","1,034","±144","21.9%","±2.8","372","±53","55.9%","±6.1","536","±67","50.9%","±5.2","464","±59","35.7%","±5.1","671","±97","50.1%","±6.6","439","±87","44.5%","±10.0","704","±101","45.6%","±5.8","587","±95","56.9%","±7.8"
"        Separated","0","±12","0.0%","±2.3","16","±12","0.9%","±0.6","37","±20","1.9%","±1.0","56","±40","2.6%","±1.8","72","±79","3.7%","±4.0","15","±17","1.1%","±1.3","135","±55","2.9%","±1.2","10","±8","1.5%","±1.1","21","±12","2.0%","±1.1","16","±10","1.2%","±0.8","58","±64","4.3%","±4.7","0","±12","0.0%","±3.2","45","±31","2.9%","±2.0","7","±11","0.7%","±1.0"
"        Widowed","0","±12","0.0%","±2.3","57","±26","3.1%","±1.4","59","±29","3.0%","±1.5","67","±40","3.1%","±1.8","29","±35","1.5%","±1.8","9","±14","0.7%","±1.1","126","±51","2.7%","±1.1","9","±7","1.4%","±1.1","22","±11","2.1%","±1.0","11","±8","0.8%","±0.6","39","±27","2.9%","±2.0","8","±12","0.8%","±1.2","69","±55","4.5%","±3.5","29","±24","2.8%","±2.3"
"        Divorced","249","±183","17.5%","±13.4","155","±58","8.5%","±3.1","288","±68","14.4%","±3.1","205","±79","9.4%","±3.6","178","±90","9.2%","±4.4","105","±51","7.9%","±3.9","226","±86","4.8%","±1.8","83","±31","12.5%","±4.4","126","±40","12.0%","±3.5","77","±24","5.9%","±2.0","131","±62","9.8%","±4.3","89","±41","9.0%","±4.1","109","±70","7.1%","±4.5","120","±49","11.6%","±4.8"
"    Females 15 years and over","1,484","±200","1,484","(X)","1,954","±122","1,954","(X)","1,871","±128","1,871","(X)","2,368","±209","2,368","(X)","2,023","±184","2,023","(X)","1,493","±193","1,493","(X)","804","±154","804","(X)","618","±62","618","(X)","962","±79","962","(X)","969","±97","969","(X)","1,302","±119","1,302","(X)","717","±135","717","(X)","1,462","±130","1,462","(X)","858","±93","858","(X)"
"        Never married","423","±200","28.5%","±13.7","481","±97","24.6%","±4.1","554","±91","29.6%","±4.1","545","±105","23.0%","±3.5","349","±163","17.3%","±7.2","566","±155","37.9%","±7.7","216","±82","26.9%","±8.1","134","±38","21.7%","±5.3","229","±51","23.8%","±4.8","326","±78","33.6%","±5.8","435","±95","33.4%","±6.8","210","±84","29.3%","±8.1","329","±101","22.5%","±6.3","139","±56","16.2%","±5.8"
"        Now married, except separated","326","±138","22.0%","±9.7","1,027","±90","52.6%","±4.5","875","±89","46.8%","±4.2","1,208","±137","51.0%","±4.9","1,143","±165","56.5%","±9.5","451","±74","30.2%","±6.1","377","±91","46.9%","±8.7","352","±47","57.0%","±6.0","529","±58","55.0%","±4.8","454","±53","46.9%","±5.8","647","±99","49.7%","±6.3","396","±88","55.2%","±10.0","666","±105","45.6%","±7.0","543","±72","63.3%","±7.1"
"        Separated","84","±147","5.7%","±9.8","40","±22","2.0%","±1.1","47","±23","2.5%","±1.2","46","±23","1.9%","±1.0","68","±69","3.4%","±3.3","37","±31","2.5%","±2.1","14","±16","1.7%","±1.9","0","±12","0.0%","±5.1","24","±22","2.5%","±2.2","34","±27","3.5%","±2.7","0","±12","0.0%","±2.5","5","±11","0.7%","±1.5","21","±24","1.4%","±1.6","30","±24","3.5%","±2.8"
"        Widowed","99","±107","6.7%","±7.4","183","±37","9.4%","±1.8","206","±43","11.0%","±2.2","269","±111","11.4%","±4.6","174","±109","8.6%","±5.2","194","±70","13.0%","±4.6","123","±55","15.3%","±5.9","64","±27","10.4%","±4.1","84","±31","8.7%","±3.1","88","±43","9.1%","±4.3","85","±51","6.5%","±3.8","12","±16","1.7%","±2.2","231","±92","15.8%","±5.8","38","±27","4.4%","±3.1"
"        Divorced","552","±274","37.2%","±15.8","223","±51","11.4%","±2.5","189","±44","10.1%","±2.2","300","±89","12.7%","±3.5","289","±110","14.3%","±5.3","245","±108","16.4%","±6.3","74","±39","9.2%","±4.6","68","±24","11.0%","±4.0","96","±32","10.0%","±3.3","67","±25","6.9%","±2.6","135","±53","10.4%","±3.8","94","±57","13.1%","±7.8","215","±69","14.7%","±4.9","108","±43","12.6%","±4.8"
"FERTILITY","","","","","","","","","","","","","","","","","","","","","","","","","","","","","","","","","","","","","","","","","","","","","","","","","","","","","","","",""
"    Number of women 15 to 50 years old who had a birth in the past 12 months","19","±26","19","(X)","52","±25","52","(X)","70","±39","70","(X)","43","±30","43","(X)","122","±124","122","(X)","12","±14","12","(X)","0","±17","0","(X)","3","±5","3","(X)","35","±21","35","(X)","16","±18","16","(X)","59","±49","59","(X)","21","±28","21","(X)","22","±33","22","(X)","8","±12","8","(X)"
"        Unmarried women (widowed, divorced, and never married)","0","±12","0.0%","±68.0","25","±18","48.1%","±24.5","33","±29","47.1%","±27.9","18","±20","41.9%","±36.1","0","±17","0.0%","±23.1","12","±14","100.0%","±85.6","0","±17","-","**","0","±12","0.0%","±100.0","4","±8","11.4%","±23.8","5","±8","31.3%","±36.6","37","±37","62.7%","±34.6","0","±12","0.0%","±64.7","0","±12","0.0%","±63.2","0","±12","0.0%","±100.0"
"            Per 1,000 unmarried women","0","±50","(X)","(X)","44","±29","(X)","(X)","55","±46","(X)","(X)","31","±33","(X)","(X)","0","±81","(X)","(X)","20","±25","(X)","(X)","0","±136","(X)","(X)","0","±204","(X)","(X)","17","±35","(X)","(X)","15","±24","(X)","(X)","103","±99","(X)","(X)","0","±138","(X)","(X)","0","±84","(X)","(X)","0","±168","(X)","(X)"
"        Per 1,000 women 15 to 50 years old","25","±33","(X)","(X)","47","±22","(X)","(X)","72","±38","(X)","(X)","35","±25","(X)","(X)","113","±118","(X)","(X)","14","±16","(X)","(X)","0","±76","(X)","(X)","12","±18","(X)","(X)","81","±46","(X)","(X)","32","±35","(X)","(X)","102","±84","(X)","(X)","55","±75","(X)","(X)","33","±51","(X)","(X)","19","±29","(X)","(X)"
"        Per 1,000 women 15 to 19 years old","-","**","(X)","(X)","0","±153","(X)","(X)","0","±188","(X)","(X)","0","±160","(X)","(X)","0","±228","(X)","(X)","0","±292","(X)","(X)","0","±433","(X)","(X)","0","±533","(X)","(X)","48","±92","(X)","(X)","0","±236","(X)","(X)","0","±481","(X)","(X)","0","±509","(X)","(X)","0","±236","(X)","(X)","0","±348","(X)","(X)"
"        Per 1,000 women 20 to 34 years old","0","±74","(X)","(X)","112","±55","(X)","(X)","147","±84","(X)","(X)","95","±65","(X)","(X)","309","±306","(X)","(X)","14","±22","(X)","(X)","0","±141","(X)","(X)","31","±48","(X)","(X)","170","±102","(X)","(X)","46","±52","(X)","(X)","172","±140","(X)","(X)","0","±243","(X)","(X)","115","±174","(X)","(X)","91","±134","(X)","(X)"
"        Per 1,000 women 35 to 50 years old","57","±72","(X)","(X)","12","±19","(X)","(X)","32","±34","(X)","(X)","0","±55","(X)","(X)","0","±56","(X)","(X)","17","±28","(X)","(X)","0","±195","(X)","(X)","0","±219","(X)","(X)","6","±10","(X)","(X)","35","±57","(X)","(X)","0","±154","(X)","(X)","91","±118","(X)","(X)","0","±86","(X)","(X)","0","±117","(X)","(X)"
"GRANDPARENTS","","","","","","","","","","","","","","","","","","","","","","","","","","","","","","","","","","","","","","","","","","","","","","","","","","","","","","","",""
"    Number of grandparents living with own grandchildren under 18 years","0","±12","0","(X)","68","±42","68","(X)","66","±34","66","(X)","137","±112","137","(X)","68","±51","68","(X)","23","±24","23","(X)","43","±31","43","(X)","19","±20","19","(X)","34","±17","34","(X)","21","±16","21","(X)","37","±32","37","(X)","5","±11","5","(X)","6","±11","6","(X)","16","±18","16","(X)"
"        Grandparents responsible for grandchildren","0","±12","-","**","53","±40","77.9%","±17.0","22","±19","33.3%","±26.3","79","±96","57.7%","±33.1","35","±40","51.5%","±40.6","23","±24","100.0%","±61.8","5","±8","11.6%","±15.2","10","±15","52.6%","±52.6","17","±11","50.0%","±26.7","11","±13","52.4%","±37.9","29","±29","78.4%","±36.5","5","±11","100.0%","±100.0","0","±12","0.0%","±100.0","0","±12","0.0%","±74.1"
"        Years responsible for grandchildren","","","","","","","","","","","","","","","","","","","","","","","","","","","","","","","","","","","","","","","","","","","","","","","","","","","","","","","",""
"            Less than 1 year","0","±12","-","**","15","±21","22.1%","±27.1","13","±15","19.7%","±21.3","66","±95","48.2%","±43.0","0","±17","0.0%","±35.7","0","±12","0.0%","±61.8","5","±8","11.6%","±15.2","10","±15","52.6%","±52.6","3","±4","8.8%","±10.8","8","±12","38.1%","±44.8","15","±25","40.5%","±46.6","0","±12","0.0%","±100.0","0","±12","0.0%","±100.0","0","±12","0.0%","±74.1"
"            1 or 2 years","0","±12","-","**","17","±27","25.0%","±32.3","9","±10","13.6%","±15.6","2","±7","1.5%","±7.1","0","±17","0.0%","±35.7","10","±17","43.5%","±50.7","0","±17","0.0%","±45.2","0","±12","0.0%","±68.0","4","±5","11.8%","±15.1","0","±12","0.0%","±64.7","0","±12","0.0%","±48.8","0","±12","0.0%","±100.0","0","±12","0.0%","±100.0","0","±12","0.0%","±74.1"
"            3 or 4 years","0","±12","-","**","0","±12","0.0%","±35.7","0","±17","0.0%","±36.3","0","±17","0.0%","±20.9","22","±35","32.4%","±42.1","7","±11","30.4%","±42.2","0","±17","0.0%","±45.2","0","±12","0.0%","±68.0","0","±12","0.0%","±50.9","0","±12","0.0%","±64.7","0","±12","0.0%","±48.8","0","±12","0.0%","±100.0","0","±12","0.0%","±100.0","0","±12","0.0%","±74.1"
"            5 or more years","0","±12","-","**","21","±18","30.9%","±24.1","0","±17","0.0%","±36.3","11","±17","8.0%","±13.4","13","±21","19.1%","±31.1","6","±11","26.1%","±44.5","0","±17","0.0%","±45.2","0","±12","0.0%","±68.0","10","±9","29.4%","±21.6","3","±4","14.3%","±18.1","14","±16","37.8%","±40.8","5","±11","100.0%","±100.0","0","±12","0.0%","±100.0","0","±12","0.0%","±74.1"
"    Number of grandparents responsible for own grandchildren under 18 years","0","±12","0","(X)","53","±40","53","(X)","22","±19","22","(X)","79","±96","79","(X)","35","±40","35","(X)","23","±24","23","(X)","5","±8","5","(X)","10","±15","10","(X)","17","±11","17","(X)","11","±13","11","(X)","29","±29","29","(X)","5","±11","5","(X)","0","±12","0","(X)","0","±12","0","(X)"
"        Who are female","0","±12","-","**","27","±24","50.9%","±39.9","12","±12","54.5%","±29.5","34","±47","43.0%","±16.8","35","±40","100.0%","±50.1","23","±24","100.0%","±61.8","5","±8","100.0%","±100.0","0","±12","0.0%","±93.8","9","±7","52.9%","±24.5","11","±13","100.0%","±89.4","21","±19","72.4%","±26.8","5","±11","100.0%","±100.0","0","±12","-","**","0","±12","-","**"
"        Who are married","0","±12","-","**","17","±27","32.1%","±39.9","13","±15","59.1%","±36.9","79","±96","100.0%","±32.4","22","±35","62.9%","±58.7","0","±12","0.0%","±61.8","5","±8","100.0%","±100.0","0","±12","0.0%","±93.8","11","±9","64.7%","±27.5","8","±12","72.7%","±48.0","15","±25","51.7%","±51.7","5","±11","100.0%","±100.0","0","±12","-","**","0","±12","-","**"
"SCHOOL ENROLLMENT","","","","","","","","","","","","","","","","","","","","","","","","","","","","","","","","","","","","","","","","","","","","","","","","","","","","","","","",""
"    Population 3 years and over enrolled in school","320","±227","320","(X)","964","±131","964","(X)","1,092","±191","1,092","(X)","1,048","±178","1,048","(X)","1,023","±231","1,023","(X)","694","±140","694","(X)","279","±64","279","(X)","239","±74","239","(X)","410","±66","410","(X)","952","±169","952","(X)","800","±196","800","(X)","502","±166","502","(X)","797","±142","797","(X)","393","±78","393","(X)"
"        Nursery school, preschool","0","±12","0.0%","±9.6","61","±31","6.3%","±3.2","61","±34","5.6%","±3.2","44","±36","4.2%","±3.4","61","±56","6.0%","±5.6","105","±52","15.1%","±7.1","11","±14","3.9%","±4.8","5","±5","2.1%","±2.3","35","±22","8.5%","±4.9","0","±12","0.0%","±3.4","100","±60","12.5%","±7.8","25","±31","5.0%","±6.4","37","±43","4.6%","±5.4","28","±33","7.1%","±8.2"
"        Kindergarten","0","±12","0.0%","±9.6","89","±38","9.2%","±4.0","103","±76","9.4%","±7.0","21","±20","2.0%","±2.0","64","±66","6.3%","±6.4","50","±37","7.2%","±5.3","0","±17","0.0%","±11.0","5","±6","2.1%","±2.4","29","±21","7.1%","±4.8","30","±19","3.2%","±2.1","63","±55","7.9%","±6.1","25","±24","5.0%","±5.5","20","±27","2.5%","±3.4","14","±15","3.6%","±3.8"
"        Elementary school (grades 1-8)","271","±230","84.7%","±23.3","464","±91","48.1%","±6.2","561","±154","51.4%","±9.1","600","±117","57.3%","±8.0","533","±194","52.1%","±13.3","270","±74","38.9%","±7.8","161","±54","57.7%","±16.9","150","±53","62.8%","±10.0","178","±42","43.4%","±8.5","128","±36","13.4%","±3.8","397","±153","49.6%","±10.4","298","±134","59.4%","±12.9","323","±85","40.5%","±8.1","214","±52","54.5%","±10.6"
"        High school (grades 9-12)","49","±56","15.3%","±23.3","245","±62","25.4%","±5.0","300","±93","27.5%","±6.3","281","±103","26.8%","±7.9","283","±144","27.7%","±12.8","169","±77","24.4%","±9.8","76","±46","27.2%","±14.8","59","±32","24.7%","±9.6","115","±38","28.0%","±8.4","41","±20","4.3%","±2.2","117","±41","14.6%","±6.5","58","±42","11.6%","±7.6","288","±102","36.1%","±12.8","99","±43","25.2%","±8.3"
"        College or graduate school","0","±12","0.0%","±9.6","105","±45","10.9%","±4.5","67","±29","6.1%","±2.9","102","±54","9.7%","±4.8","82","±56","8.0%","±5.2","100","±53","14.4%","±6.8","31","±21","11.1%","±6.7","20","±12","8.4%","±4.7","53","±23","12.9%","±5.4","753","±162","79.1%","±5.1","123","±65","15.4%","±8.2","96","±44","19.1%","±7.9","129","±98","16.2%","±10.7","38","±21","9.7%","±5.2"
"EDUCATIONAL ATTAINMENT","","","","","","","","","","","","","","","","","","","","","","","","","","","","","","","","","","","","","","","","","","","","","","","","","","","","","","","",""
"    Population 25 years and over","1,992","±427","1,992","(X)","3,255","±181","3,255","(X)","3,270","±178","3,270","(X)","3,916","±328","3,916","(X)","3,479","±246","3,479","(X)","2,198","±234","2,198","(X)","4,742","±277","4,742","(X)","1,163","±109","1,163","(X)","1,673","±140","1,673","(X)","1,430","±104","1,430","(X)","2,337","±186","2,337","(X)","1,426","±172","1,426","(X)","2,445","±160","2,445","(X)","1,739","±144","1,739","(X)"
"        Less than 9th grade","0","±12","0.0%","±1.6","164","±76","5.0%","±2.3","170","±55","5.2%","±1.7","170","±109","4.3%","±2.6","86","±60","2.5%","±1.8","177","±101","8.1%","±4.6","372","±98","7.8%","±2.1","56","±25","4.8%","±2.1","62","±22","3.7%","±1.3","19","±19","1.3%","±1.3","87","±58","3.7%","±2.4","7","±11","0.5%","±0.8","108","±70","4.4%","±2.9","28","±26","1.6%","±1.4"
"        9th to 12th grade, no diploma","0","±12","0.0%","±1.6","266","±71","8.2%","±2.0","272","±59","8.3%","±1.8","275","±106","7.0%","±2.6","373","±157","10.7%","±4.3","234","±117","10.6%","±5.1","710","±135","15.0%","±2.8","58","±25","5.0%","±2.2","127","±37","7.6%","±2.1","83","±41","5.8%","±2.8","168","±83","7.2%","±3.6","52","±36","3.6%","±2.4","246","±99","10.1%","±4.0","52","±34","3.0%","±2.0"
"        High school graduate (includes equivalency)","496","±206","24.9%","±11.5","1,308","±145","40.2%","±4.0","1,443","±128","44.1%","±3.3","1,748","±262","44.6%","±5.4","1,135","±233","32.6%","±6.7","722","±181","32.8%","±7.0","2,650","±208","55.9%","±3.0","515","±85","44.3%","±5.2","616","±77","36.8%","±3.8","293","±82","20.5%","±5.3","469","±114","20.1%","±4.3","389","±133","27.3%","±8.0","822","±184","33.6%","±6.8","608","±129","35.0%","±6.8"
"        Some college, no degree","889","±326","44.6%","±14.6","602","±90","18.5%","±2.5","641","±122","19.6%","±3.3","609","±158","15.6%","±4.1","525","±201","15.1%","±5.5","337","±98","15.3%","±4.2","449","±100","9.5%","±2.1","185","±54","15.9%","±4.4","236","±48","14.1%","±2.8","221","±56","15.5%","±3.7","516","±134","22.1%","±5.5","319","±115","22.4%","±7.9","486","±129","19.9%","±5.5","325","±90","18.7%","±4.8"
"        Associate's degree","137","±161","6.9%","±7.0","465","±69","14.3%","±2.0","371","±73","11.3%","±2.1","419","±113","10.7%","±2.7","634","±208","18.2%","±6.1","206","±82","9.4%","±3.7","295","±89","6.2%","±1.8","108","±34","9.3%","±2.6","249","±64","14.9%","±3.4","252","±52","17.6%","±3.5","411","±115","17.6%","±4.3","169","±70","11.9%","±4.8","430","±126","17.6%","±4.9","254","±72","14.6%","±4.2"
"        Bachelor's degree","242","±234","12.1%","±10.5","267","±61","8.2%","±1.8","205","±48","6.3%","±1.5","334","±98","8.5%","±2.5","263","±136","7.6%","±3.8","325","±105","14.8%","±4.6","173","±75","3.6%","±1.5","126","±35","10.8%","±2.9","220","±40","13.2%","±2.2","309","±63","21.6%","±4.4","293","±75","12.5%","±3.2","205","±87","14.4%","±5.9","280","±85","11.5%","±3.4","218","±77","12.5%","±4.3"
"        Graduate or professional degree","228","±195","11.4%","±9.2","183","±47","5.6%","±1.4","168","±44","5.1%","±1.4","361","±174","9.2%","±4.4","463","±225","13.3%","±6.5","197","±64","9.0%","±3.1","93","±37","2.0%","±0.8","115","±35","9.9%","±3.1","163","±39","9.7%","±2.2","253","±46","17.7%","±3.2","393","±96","16.8%","±4.0","285","±94","20.0%","±6.0","73","±49","3.0%","±2.1","254","±100","14.6%","±5.5"
"        High school graduate or higher","1,992","±427","100.0%","±1.6","2,825","±176","86.8%","±3.0","2,828","±178","86.5%","±2.5","3,471","±292","88.6%","±4.2","3,020","±243","86.8%","±4.4","1,787","±222","81.3%","±6.1","3,660","±292","77.2%","±3.2","1,049","±109","90.2%","±2.7","1,484","±129","88.7%","±2.5","1,328","±97","92.9%","±2.9","2,082","±206","89.1%","±4.2","1,367","±171","95.9%","±2.6","2,091","±180","85.5%","±4.3","1,659","±143","95.4%","±2.2"
"        Bachelor's degree or higher","470","±358","23.6%","±15.9","450","±82","13.8%","±2.4","373","±57","11.4%","±1.9","695","±200","17.7%","±5.0","726","±270","20.9%","±7.6","522","±118","23.7%","±5.3","266","±88","5.6%","±1.7","241","±47","20.7%","±4.1","383","±60","22.9%","±3.0","562","±70","39.3%","±4.9","686","±122","29.4%","±5.0","490","±134","34.4%","±8.2","353","±99","14.4%","±4.0","472","±123","27.1%","±6.6"
"VETERAN STATUS","","","","","","","","","","","","","","","","","","","","","","","","","","","","","","","","","","","","","","","","","","","","","","","","","","","","","","","",""
"    Civilian population 18 years and over","2,856","±295","2,856","(X)","3,560","±182","3,560","(X)","3,613","±195","3,613","(X)","4,359","±333","4,359","(X)","3,670","±241","3,670","(X)","2,708","±307","2,708","(X)","5,460","±308","5,460","(X)","1,235","±123","1,235","(X)","1,902","±156","1,902","(X)","2,232","±189","2,232","(X)","2,514","±177","2,514","(X)","1,646","±223","1,646","(X)","2,836","±187","2,836","(X)","1,816","±158","1,816","(X)"
"        Civilian veterans","227","±280","7.9%","±9.5","349","±64","9.8%","±1.8","385","±58","10.7%","±1.8","374","±109","8.6%","±2.4","267","±134","7.3%","±3.6","210","±92","7.8%","±3.3","142","±59","2.6%","±1.1","170","±42","13.8%","±3.2","169","±42","8.9%","±2.0","139","±48","6.2%","±2.2","255","±85","10.1%","±3.3","132","±53","8.0%","±3.1","211","±83","7.4%","±2.9","159","±51","8.8%","±2.9"
"DISABILITY STATUS OF THE CIVILIAN NONINSTITUTIONALIZED POPULATION","","","","","","","","","","","","","","","","","","","","","","","","","","","","","","","","","","","","","","","","","","","","","","","","","","","","","","","",""
"    Total Civilian Noninstitutionalized Population","3,310","±25","3,310","(X)","4,637","±228","4,637","(X)","5,022","±303","5,022","(X)","5,559","±400","5,559","(X)","5,010","±301","5,010","(X)","3,365","±329","3,365","(X)","1,648","±305","1,648","(X)","1,490","±146","1,490","(X)","2,338","±191","2,338","(X)","2,478","±197","2,478","(X)","3,316","±245","3,316","(X)","2,192","±248","2,192","(X)","3,268","±183","3,268","(X)","2,202","±167","2,202","(X)"
"        With a disability","689","±313","20.8%","±9.5","659","±81","14.2%","±1.7","819","±128","16.3%","±2.7","843","±173","15.2%","±2.9","785","±202","15.7%","±4.1","738","±278","21.9%","±7.7","276","±87","16.7%","±4.3","198","±43","13.3%","±2.8","355","±66","15.2%","±2.5","218","±58","8.8%","±2.3","485","±105","14.6%","±3.3","218","±104","9.9%","±4.2","654","±125","20.0%","±3.7","282","±111","12.8%","±4.8"
"    Under 18 years","462","±295","462","(X)","1,081","±125","1,081","(X)","1,409","±267","1,409","(X)","1,200","±146","1,200","(X)","1,340","±177","1,340","(X)","792","±137","792","(X)","285","±66","285","(X)","255","±64","255","(X)","438","±88","438","(X)","246","±49","246","(X)","815","±194","815","(X)","546","±230","546","(X)","646","±91","646","(X)","386","±64","386","(X)"
"        With a disability","313","±227","67.7%","±13.1","29","±14","2.7%","±1.3","42","±22","3.0%","±1.7","65","±43","5.4%","±3.5","31","±44","2.3%","±3.3","41","±42","5.2%","±5.4","9","±13","3.2%","±4.5","6","±7","2.4%","±2.7","28","±17","6.4%","±3.8","12","±13","4.9%","±5.3","41","±37","5.0%","±5.0","48","±48","8.8%","±7.2","19","±26","2.9%","±4.0","41","±66","10.6%","±16.0"
"    18 to 64 years","2,164","±304","2,164","(X)","2,827","±161","2,827","(X)","2,771","±203","2,771","(X)","3,409","±289","3,409","(X)","2,812","±239","2,812","(X)","2,101","±287","2,101","(X)","1,029","±210","1,029","(X)","871","±110","871","(X)","1,428","±147","1,428","(X)","1,813","±178","1,813","(X)","1,865","±154","1,865","(X)","1,321","±198","1,321","(X)","1,975","±167","1,975","(X)","1,367","±164","1,367","(X)"
"        With a disability","158","±190","7.3%","±8.6","348","±66","12.3%","±2.0","411","±89","14.8%","±3.1","411","±88","12.1%","±2.4","420","±155","14.9%","±5.3","590","±268","28.1%","±11.3","105","±52","10.2%","±4.9","123","±41","14.1%","±4.4","190","±43","13.3%","±2.6","134","±49","7.4%","±2.6","277","±73","14.9%","±3.9","134","±67","10.1%","±4.9","278","±92","14.1%","±4.7","136","±70","9.9%","±4.9"
"    65 years and over","684","±265","684","(X)","729","±97","729","(X)","842","±93","842","(X)","950","±191","950","(X)","858","±149","858","(X)","472","±95","472","(X)","334","±82","334","(X)","364","±50","364","(X)","472","±66","472","(X)","419","±65","419","(X)","636","±120","636","(X)","325","±111","325","(X)","647","±112","647","(X)","449","±69","449","(X)"
"        With a disability","218","±134","31.9%","±24.4","282","±58","38.7%","±5.8","366","±71","43.5%","±6.0","367","±126","38.6%","±11.2","334","±113","38.9%","±11.5","107","±49","22.7%","±9.1","162","±61","48.5%","±13.2","69","±20","19.0%","±5.3","137","±39","29.0%","±6.9","72","±23","17.2%","±5.8","167","±70","26.3%","±10.4","36","±24","11.1%","±7.4","357","±92","55.2%","±12.1","105","±45","23.4%","±10.2"
"RESIDENCE 1 YEAR AGO","","","","","","","","","","","","","","","","","","","","","","","","","","","","","","","","","","","","","","","","","","","","","","","","","","","","","","","",""
"    Population 1 year and over","3,298","±45","3,298","(X)","4,616","±224","4,616","(X)","4,986","±299","4,986","(X)","5,509","±395","5,509","(X)","4,934","±289","4,934","(X)","3,499","±336","3,499","(X)","5,733","±338","5,733","(X)","1,487","±146","1,487","(X)","2,329","±185","2,329","(X)","2,463","±195","2,463","(X)","3,282","±243","3,282","(X)","2,173","±249","2,173","(X)","3,573","±169","3,573","(X)","2,194","±166","2,194","(X)"
"        Same house","3,262","±65","98.9%","±1.4","4,080","±228","88.4%","±3.4","4,518","±341","90.6%","±3.6","5,149","±394","93.5%","±2.2","4,571","±305","92.6%","±4.6","2,629","±367","75.1%","±7.5","2,919","±349","50.9%","±4.6","1,425","±135","95.8%","±2.3","2,187","±185","93.9%","±2.4","1,893","±177","76.9%","±4.3","2,893","±298","88.1%","±6.0","1,757","±214","80.9%","±9.6","3,144","±233","88.0%","±5.1","2,034","±172","92.7%","±3.8"
"        Different house in the U.S.","36","±47","1.1%","±1.4","529","±163","11.5%","±3.4","465","±178","9.3%","±3.6","322","±130","5.8%","±2.3","341","±225","6.9%","±4.5","870","±276","24.9%","±7.5","2,814","±269","49.1%","±4.6","62","±36","4.2%","±2.3","141","±56","6.1%","±2.4","560","±120","22.7%","±4.4","381","±196","11.6%","±6.0","416","±230","19.1%","±9.6","420","±182","11.8%","±5.1","160","±85","7.3%","±3.8"
"            Same county","36","±47","1.1%","±1.4","349","±132","7.6%","±2.8","353","±165","7.1%","±3.3","314","±127","5.7%","±2.3","331","±223","6.7%","±4.4","649","±260","18.5%","±7.2","360","±165","6.3%","±2.8","58","±34","3.9%","±2.1","67","±40","2.9%","±1.7","133","±61","5.4%","±2.4","155","±113","4.7%","±3.4","292","±240","13.4%","±10.3","241","±123","6.7%","±3.5","108","±62","4.9%","±2.8"
"            Different county","0","±12","0.0%","±1.0","180","±97","3.9%","±2.1","112","±57","2.2%","±1.2","8","±13","0.1%","±0.2","10","±11","0.2%","±0.2","221","±129","6.3%","±3.7","2,454","±218","42.8%","±3.9","4","±7","0.3%","±0.5","74","±39","3.2%","±1.7","427","±102","17.3%","±3.8","226","±125","6.9%","±3.8","124","±70","5.7%","±3.3","179","±137","5.0%","±3.8","52","±48","2.4%","±2.2"
"                Same state","0","±12","0.0%","±1.0","128","±84","2.8%","±1.8","46","±27","0.9%","±0.5","3","±5","0.1%","±0.1","10","±11","0.2%","±0.2","89","±60","2.5%","±1.7","2,399","±221","41.8%","±3.9","4","±7","0.3%","±0.5","54","±40","2.3%","±1.7","231","±69","9.4%","±2.7","183","±103","5.6%","±3.1","97","±56","4.5%","±2.7","36","±56","1.0%","±1.6","41","±41","1.9%","±1.9"
"                Different state","0","±12","0.0%","±1.0","52","±48","1.1%","±1.0","66","±50","1.3%","±1.0","5","±13","0.1%","±0.2","0","±17","0.0%","±0.7","132","±115","3.8%","±3.3","55","±36","1.0%","±0.6","0","±12","0.0%","±2.2","20","±22","0.9%","±1.0","196","±76","8.0%","±3.0","43","±42","1.3%","±1.3","27","±45","1.2%","±2.0","143","±118","4.0%","±3.3","11","±19","0.5%","±0.9"
"        Abroad","0","±12","0.0%","±1.0","7","±10","0.2%","±0.2","3","±4","0.1%","±0.1","38","±40","0.7%","±0.7","22","±39","0.4%","±0.8","0","±12","0.0%","±0.9","0","±17","0.0%","±0.6","0","±12","0.0%","±2.2","1","±3","0.0%","±0.1","10","±10","0.4%","±0.4","8","±13","0.2%","±0.4","0","±12","0.0%","±1.5","9","±14","0.3%","±0.4","0","±12","0.0%","±1.5"
"PLACE OF BIRTH","","","","","","","","","","","","","","","","","","","","","","","","","","","","","","","","","","","","","","","","","","","","","","","","","","","","","","","",""
"    Total population","3,325","±7","3,325","(X)","4,657","±229","4,657","(X)","5,022","±303","5,022","(X)","5,559","±400","5,559","(X)","5,020","±301","5,020","(X)","3,511","±338","3,511","(X)","5,745","±339","5,745","(X)","1,490","±146","1,490","(X)","2,358","±188","2,358","(X)","2,478","±197","2,478","(X)","3,331","±246","3,331","(X)","2,192","±248","2,192","(X)","3,587","±169","3,587","(X)","2,202","±167","2,202","(X)"
"        Native","3,147","±199","94.6%","±6.0","4,535","±228","97.4%","±1.0","4,917","±309","97.9%","±0.8","5,460","±401","98.2%","±0.9","4,868","±324","97.0%","±1.9","3,461","±345","98.6%","±1.5","5,232","±330","91.1%","±1.9","1,472","±146","98.8%","±0.7","2,312","±180","98.0%","±1.2","2,424","±208","97.8%","±1.3","3,292","±252","98.8%","±1.2","2,145","±248","97.9%","±2.8","3,522","±176","98.2%","±1.8","2,175","±167","98.8%","±1.1"
"            Born in United States","3,061","±204","92.1%","±6.1","4,489","±225","96.4%","±1.0","4,683","±308","93.2%","±3.2","5,421","±403","97.5%","±1.0","4,840","±323","96.4%","±2.0","3,379","±337","96.2%","±2.2","5,075","±326","88.3%","±2.1","1,470","±147","98.7%","±0.8","2,286","±180","96.9%","±1.4","2,417","±207","97.5%","±1.3","3,276","±252","98.3%","±1.4","2,145","±248","97.9%","±2.8","3,388","±217","94.5%","±4.7","2,128","±157","96.6%","±2.0"
"                State of residence","2,521","±345","75.8%","±10.4","3,666","±220","78.7%","±3.1","3,841","±289","76.5%","±4.3","4,429","±506","79.7%","±5.7","4,035","±311","80.4%","±5.1","2,822","±334","80.4%","±6.4","4,415","±319","76.8%","±2.8","1,212","±142","81.3%","±4.5","1,942","±179","82.4%","±3.1","1,728","±171","69.7%","±3.7","2,770","±278","83.2%","±4.3","1,764","±231","80.5%","±8.1","2,863","±233","79.8%","±6.2","1,865","±151","84.7%","±5.3"
"                Different state","540","±300","16.2%","±9.0","823","±149","17.7%","±3.0","842","±196","16.8%","±3.7","992","±307","17.8%","±5.7","805","±275","16.0%","±5.2","557","±214","15.9%","±5.7","660","±136","11.5%","±2.3","258","±68","17.3%","±4.4","344","±56","14.6%","±2.4","689","±108","27.8%","±3.6","506","±134","15.2%","±4.1","381","±172","17.4%","±7.1","525","±169","14.6%","±4.5","263","±103","11.9%","±4.3"
"            Born in Puerto Rico, U.S. Island areas, or born abroad to American parent(s)","86","±89","2.6%","±2.7","46","±25","1.0%","±0.5","234","±156","4.7%","±3.0","39","±23","0.7%","±0.4","28","±30","0.6%","±0.6","82","±62","2.3%","±1.7","157","±55","2.7%","±0.9","2","±3","0.1%","±0.2","26","±18","1.1%","±0.8","7","±6","0.3%","±0.2","16","±17","0.5%","±0.5","0","±12","0.0%","±1.5","134","±162","3.7%","±4.5","47","±41","2.1%","±1.8"
"        Foreign born","178","±198","5.4%","±6.0","122","±46","2.6%","±1.0","105","±39","2.1%","±0.8","99","±48","1.8%","±0.9","152","±95","3.0%","±1.9","50","±52","1.4%","±1.5","513","±113","8.9%","±1.9","18","±11","1.2%","±0.7","46","±29","2.0%","±1.2","54","±30","2.2%","±1.3","39","±40","1.2%","±1.2","47","±63","2.1%","±2.8","65","±64","1.8%","±1.8","27","±24","1.2%","±1.1"
"U.S. CITIZENSHIP STATUS","","","","","","","","","","","","","","","","","","","","","","","","","","","","","","","","","","","","","","","","","","","","","","","","","","","","","","","",""
"    Foreign-born population","178","±198","178","(X)","122","±46","122","(X)","105","±39","105","(X)","99","±48","99","(X)","152","±95","152","(X)","50","±52","50","(X)","513","±113","513","(X)","18","±11","18","(X)","46","±29","46","(X)","54","±30","54","(X)","39","±40","39","(X)","47","±63","47","(X)","65","±64","65","(X)","27","±24","27","(X)"
"        Naturalized U.S. citizen","178","±198","100.0%","±16.6","70","±25","57.4%","±16.8","41","±22","39.0%","±17.7","53","±29","53.5%","±22.9","152","±95","100.0%","±19.1","34","±32","68.0%","±21.3","123","±50","24.0%","±8.8","12","±10","66.7%","±29.5","28","±18","60.9%","±20.5","29","±17","53.7%","±26.2","25","±29","64.1%","±32.7","47","±63","100.0%","±43.3","38","±39","58.5%","±48.6","22","±23","81.5%","±30.0"
"        Not a U.S. citizen","0","±12","0.0%","±16.6","52","±35","42.6%","±16.8","64","±32","61.0%","±17.7","46","±37","46.5%","±22.9","0","±17","0.0%","±19.1","16","±23","32.0%","±21.3","390","±100","76.0%","±8.8","6","±6","33.3%","±29.5","18","±15","39.1%","±20.5","25","±23","46.3%","±26.2","14","±19","35.9%","±32.7","0","±12","0.0%","±43.3","27","±44","41.5%","±48.6","5","±9","18.5%","±30.0"
"YEAR OF ENTRY","","","","","","","","","","","","","","","","","","","","","","","","","","","","","","","","","","","","","","","","","","","","","","","","","","","","","","","",""
"    Population born outside the United States","264","±203","264","(X)","168","±49","168","(X)","339","±164","339","(X)","138","±53","138","(X)","180","±97","180","(X)","132","±79","132","(X)","670","±129","670","(X)","20","±12","20","(X)","72","±34","72","(X)","61","±31","61","(X)","55","±46","55","(X)","47","±63","47","(X)","199","±168","199","(X)","74","±46","74","(X)"
"        Native","86","±89","86","(X)","46","±25","46","(X)","234","±156","234","(X)","39","±23","39","(X)","28","±30","28","(X)","82","±62","82","(X)","157","±55","157","(X)","2","±3","2","(X)","26","±18","26","(X)","7","±6","7","(X)","16","±17","16","(X)","0","±12","0","(X)","134","±162","134","(X)","47","±41","47","(X)"
"            Entered 2010 or later","0","±12","0.0%","±30.5","6","±10","13.0%","±20.8","25","±37","10.7%","±13.7","0","±17","0.0%","±47.5","0","±17","0.0%","±56.0","0","±12","0.0%","±31.5","9","±16","5.7%","±9.9","0","±12","0.0%","±100.0","0","±12","0.0%","±58.2","0","±12","0.0%","±100.0","0","±12","0.0%","±74.1","0","±12","-","**","75","±104","56.0%","±17.5","20","±30","42.6%","±46.6"
"            Entered before 2010","86","±89","100.0%","±30.5","40","±22","87.0%","±20.8","209","±142","89.3%","±13.7","39","±23","100.0%","±47.5","28","±30","100.0%","±56.0","82","±62","100.0%","±31.5","148","±52","94.3%","±9.9","2","±3","100.0%","±100.0","26","±18","100.0%","±58.2","7","±6","100.0%","±100.0","16","±17","100.0%","±74.1","0","±12","-","**","59","±60","44.0%","±17.5","27","±28","57.4%","±46.6"
"        Foreign born","178","±198","178","(X)","122","±46","122","(X)","105","±39","105","(X)","99","±48","99","(X)","152","±95","152","(X)","50","±52","50","(X)","513","±113","513","(X)","18","±11","18","(X)","46","±29","46","(X)","54","±30","54","(X)","39","±40","39","(X)","47","±63","47","(X)","65","±64","65","(X)","27","±24","27","(X)"
"            Entered 2010 or later","0","±12","0.0%","±16.6","28","±21","23.0%","±14.1","0","±17","0.0%","±26.1","0","±17","0.0%","±27.4","0","±17","0.0%","±19.1","34","±51","68.0%","±46.3","41","±35","8.0%","±6.3","0","±12","0.0%","±69.9","2","±5","4.3%","±9.9","22","±24","40.7%","±29.0","0","±12","0.0%","±47.5","0","±12","0.0%","±43.3","0","±12","0.0%","±36.7","0","±12","0.0%","±57.1"
"            Entered before 2010","178","±198","100.0%","±16.6","94","±39","77.0%","±14.1","105","±39","100.0%","±26.1","99","±48","100.0%","±27.4","152","±95","100.0%","±19.1","16","±18","32.0%","±46.3","472","±104","92.0%","±6.3","18","±11","100.0%","±69.9","44","±27","95.7%","±9.9","32","±18","59.3%","±29.0","39","±40","100.0%","±47.5","47","±63","100.0%","±43.3","65","±64","100.0%","±36.7","27","±24","100.0%","±57.1"
"WORLD REGION OF BIRTH OF FOREIGN BORN","","","","","","","","","","","","","","","","","","","","","","","","","","","","","","","","","","","","","","","","","","","","","","","","","","","","","","","",""
"    Foreign-born population, excluding population born at sea","178","±198","178","(X)","122","±46","122","(X)","105","±39","105","(X)","99","±48","99","(X)","152","±95","152","(X)","50","±52","50","(X)","513","±113","513","(X)","18","±11","18","(X)","46","±29","46","(X)","54","±30","54","(X)","39","±40","39","(X)","47","±63","47","(X)","65","±64","65","(X)","27","±24","27","(X)"
"        Europe","0","±12","0.0%","±16.6","2","±4","1.6%","±2.9","19","±12","18.1%","±12.2","6","±8","6.1%","±9.4","0","±17","0.0%","±19.1","16","±18","32.0%","±46.3","27","±22","5.3%","±4.2","2","±3","11.1%","±16.8","12","±10","26.1%","±16.1","18","±15","33.3%","±24.8","18","±31","46.2%","±48.7","32","±48","68.1%","±20.6","21","±29","32.3%","±38.1","5","±9","18.5%","±30.0"
"        Asia","118","±159","66.3%","±41.3","25","±29","20.5%","±18.3","13","±17","12.4%","±15.1","2","±5","2.0%","±5.0","40","±42","26.3%","±23.2","0","±12","0.0%","±41.9","9","±14","1.8%","±2.7","0","±12","0.0%","±69.9","20","±21","43.5%","±27.3","17","±21","31.5%","±29.2","0","±12","0.0%","±47.5","0","±12","0.0%","±43.3","7","±13","10.8%","±20.5","4","±7","14.8%","±26.7"
"        Africa","0","±12","0.0%","±16.6","4","±6","3.3%","±4.8","4","±5","3.8%","±5.0","0","±17","0.0%","±27.4","0","±17","0.0%","±19.1","0","±12","0.0%","±41.9","8","±15","1.6%","±3.0","0","±12","0.0%","±69.9","0","±12","0.0%","±43.7","0","±12","0.0%","±40.4","0","±12","0.0%","±47.5","0","±12","0.0%","±43.3","0","±12","0.0%","±36.7","0","±12","0.0%","±57.1"
"        Oceania","0","±12","0.0%","±16.6","0","±12","0.0%","±23.1","0","±17","0.0%","±26.1","0","±17","0.0%","±27.4","0","±17","0.0%","±19.1","0","±12","0.0%","±41.9","20","±22","3.9%","±4.4","0","±12","0.0%","±69.9","0","±12","0.0%","±43.7","0","±12","0.0%","±40.4","0","±12","0.0%","±47.5","0","±12","0.0%","±43.3","0","±12","0.0%","±36.7","0","±12","0.0%","±57.1"
"        Latin America","0","±12","0.0%","±16.6","18","±17","14.8%","±11.3","3","±4","2.9%","±4.1","2","±4","2.0%","±4.3","0","±17","0.0%","±19.1","34","±51","68.0%","±46.3","421","±105","82.1%","±8.3","2","±3","11.1%","±17.7","10","±9","21.7%","±19.7","4","±5","7.4%","±10.4","17","±24","43.6%","±50.3","0","±12","0.0%","±43.3","0","±12","0.0%","±36.7","17","±23","63.0%","±47.1"
"        Northern America","60","±90","33.7%","±41.3","73","±27","59.8%","±18.6","66","±33","62.9%","±16.6","89","±49","89.9%","±13.1","112","±76","73.7%","±23.2","0","±12","0.0%","±41.9","28","±22","5.5%","±4.2","14","±11","77.8%","±24.1","4","±4","8.7%","±12.8","15","±10","27.8%","±16.4","4","±6","10.3%","±21.4","15","±16","31.9%","±20.6","37","±46","56.9%","±42.1","1","±4","3.7%","±15.7"
"LANGUAGE SPOKEN AT HOME","","","","","","","","","","","","","","","","","","","","","","","","","","","","","","","","","","","","","","","","","","","","","","","","","","","","","","","",""
"    Population 5 years and over","3,176","±91","3,176","(X)","4,397","±213","4,397","(X)","4,684","±265","4,684","(X)","5,261","±370","5,261","(X)","4,717","±277","4,717","(X)","3,208","±331","3,208","(X)","5,702","±333","5,702","(X)","1,450","±147","1,450","(X)","2,214","±170","2,214","(X)","2,436","±193","2,436","(X)","3,127","±237","3,127","(X)","2,064","±222","2,064","(X)","3,405","±186","3,405","(X)","2,151","±162","2,151","(X)"
"        English only","1,870","±538","58.9%","±15.6","4,137","±237","94.1%","±2.8","4,377","±250","93.4%","±2.7","5,006","±357","95.2%","±3.3","4,529","±286","96.0%","±2.2","3,117","±333","97.2%","±2.3","4,761","±360","83.5%","±2.7","1,416","±149","97.7%","±1.2","2,081","±150","94.0%","±2.3","2,312","±202","94.9%","±2.3","3,059","±240","97.8%","±2.4","2,016","±220","97.7%","±3.1","3,205","±239","94.1%","±5.9","2,086","±165","97.0%","±1.8"
"        Language other than English","1,306","±472","41.1%","±15.6","260","±123","5.9%","±2.8","307","±131","6.6%","±2.7","255","±177","4.8%","±3.3","188","±102","4.0%","±2.2","91","±74","2.8%","±2.3","941","±148","16.5%","±2.7","34","±17","2.3%","±1.2","133","±54","6.0%","±2.3","124","±54","5.1%","±2.3","68","±75","2.2%","±2.4","48","±66","2.3%","±3.1","200","±204","5.9%","±5.9","65","±38","3.0%","±1.8"
"            Speak English less than ""very well""","0","±12","0.0%","±1.0","52","±31","1.2%","±0.7","68","±35","1.5%","±0.7","71","±55","1.3%","±1.0","45","±35","1.0%","±0.7","5","±8","0.2%","±0.2","476","±112","8.3%","±1.9","4","±5","0.3%","±0.3","75","±44","3.4%","±1.9","25","±20","1.0%","±0.8","0","±12","0.0%","±1.0","0","±12","0.0%","±1.6","109","±114","3.2%","±3.3","17","±18","0.8%","±0.9"
"        Spanish","0","±12","0.0%","±1.0","21","±16","0.5%","±0.4","52","±25","1.1%","±0.5","6","±10","0.1%","±0.2","66","±56","1.4%","±1.2","75","±75","2.3%","±2.4","714","±133","12.5%","±2.5","0","±12","0.0%","±2.2","45","±27","2.0%","±1.2","16","±16","0.7%","±0.7","13","±16","0.4%","±0.5","0","±12","0.0%","±1.6","159","±202","4.7%","±5.9","20","±19","0.9%","±0.9"
"            Speak English less than ""very well""","0","±12","0.0%","±1.0","4","±9","0.1%","±0.2","21","±19","0.4%","±0.4","6","±10","0.1%","±0.2","0","±17","0.0%","±0.7","5","±8","0.2%","±0.2","408","±103","7.2%","±1.8","0","±12","0.0%","±2.2","18","±17","0.8%","±0.7","4","±8","0.2%","±0.3","0","±12","0.0%","±1.0","0","±12","0.0%","±1.6","89","±114","2.6%","±3.3","0","±12","0.0%","±1.5"
"        Other Indo-European languages","339","±153","10.7%","±4.8","203","±118","4.6%","±2.7","204","±126","4.4%","±2.6","193","±158","3.7%","±2.9","89","±67","1.9%","±1.4","16","±18","0.5%","±0.6","179","±75","3.1%","±1.3","32","±18","2.2%","±1.2","66","±34","3.0%","±1.5","52","±27","2.1%","±1.1","55","±73","1.8%","±2.3","48","±66","2.3%","±3.1","41","±31","1.2%","±0.9","33","±29","1.5%","±1.4"
"            Speak English less than ""very well""","0","±12","0.0%","±1.0","30","±20","0.7%","±0.4","43","±28","0.9%","±0.6","64","±55","1.2%","±1.0","12","±19","0.3%","±0.4","0","±12","0.0%","±1.0","51","±40","0.9%","±0.7","2","±3","0.1%","±0.2","36","±24","1.6%","±1.0","3","±4","0.1%","±0.1","0","±12","0.0%","±1.0","0","±12","0.0%","±1.6","20","±23","0.6%","±0.7","7","±11","0.3%","±0.5"
"        Asian and Pacific Islander languages","38","±52","1.2%","±1.7","0","±12","0.0%","±0.7","7","±8","0.1%","±0.2","4","±8","0.1%","±0.2","33","±31","0.7%","±0.7","0","±12","0.0%","±1.0","9","±14","0.2%","±0.2","0","±12","0.0%","±2.2","9","±11","0.4%","±0.5","34","±29","1.4%","±1.2","0","±12","0.0%","±1.0","0","±12","0.0%","±1.6","0","±12","0.0%","±0.9","0","±12","0.0%","±1.5"
"            Speak English less than ""very well""","0","±12","0.0%","±1.0","0","±12","0.0%","±0.7","4","±7","0.1%","±0.1","1","±3","0.0%","±0.1","33","±31","0.7%","±0.7","0","±12","0.0%","±1.0","7","±13","0.1%","±0.2","0","±12","0.0%","±2.2","8","±9","0.4%","±0.4","12","±14","0.5%","±0.6","0","±12","0.0%","±1.0","0","±12","0.0%","±1.6","0","±12","0.0%","±0.9","0","±12","0.0%","±1.5"
"        Other languages","929","±466","29.3%","±15.2","36","±45","0.8%","±1.0","44","±33","0.9%","±0.7","52","±83","1.0%","±1.6","0","±17","0.0%","±0.7","0","±12","0.0%","±1.0","39","±30","0.7%","±0.5","2","±3","0.1%","±0.2","13","±18","0.6%","±0.8","22","±23","0.9%","±0.9","0","±12","0.0%","±1.0","0","±12","0.0%","±1.6","0","±12","0.0%","±0.9","12","±16","0.6%","±0.7"
"            Speak English less than ""very well""","0","±12","0.0%","±1.0","18","±22","0.4%","±0.5","0","±17","0.0%","±0.7","0","±17","0.0%","±0.6","0","±17","0.0%","±0.7","0","±12","0.0%","±1.0","10","±13","0.2%","±0.2","2","±3","0.1%","±0.2","13","±18","0.6%","±0.8","6","±11","0.2%","±0.5","0","±12","0.0%","±1.0","0","±12","0.0%","±1.6","0","±12","0.0%","±0.9","10","±15","0.5%","±0.7"
"ANCESTRY","","","","","","","","","","","","","","","","","","","","","","","","","","","","","","","","","","","","","","","","","","","","","","","","","","","","","","","",""
"    Total population","3,325","±7","3,325","(X)","4,657","±229","4,657","(X)","5,022","±303","5,022","(X)","5,559","±400","5,559","(X)","5,020","±301","5,020","(X)","3,511","±338","3,511","(X)","5,745","±339","5,745","(X)","1,490","±146","1,490","(X)","2,358","±188","2,358","(X)","2,478","±197","2,478","(X)","3,331","±246","3,331","(X)","2,192","±248","2,192","(X)","3,587","±169","3,587","(X)","2,202","±167","2,202","(X)"
"        American","34","±46","1.0%","±1.4","426","±112","9.1%","±2.4","247","±57","4.9%","±1.3","267","±105","4.8%","±1.8","444","±307","8.8%","±6.2","189","±112","5.4%","±3.2","122","±70","2.1%","±1.2","127","±50","8.5%","±3.3","110","±32","4.7%","±1.3","103","±40","4.2%","±1.6","178","±97","5.3%","±2.9","49","±41","2.2%","±1.8","181","±125","5.0%","±3.5","173","±92","7.9%","±4.0"
"        Arab","4","±8","0.1%","±0.3","50","±52","1.1%","±1.1","3","±4","0.1%","±0.1","0","±17","0.0%","±0.6","0","±17","0.0%","±0.6","4","±8","0.1%","±0.2","8","±15","0.1%","±0.3","10","±15","0.7%","±1.0","15","±18","0.6%","±0.7","0","±12","0.0%","±1.3","0","±12","0.0%","±1.0","5","±8","0.2%","±0.4","12","±19","0.3%","±0.5","40","±36","1.8%","±1.7"
"        Czech","0","±12","0.0%","±1.0","3","±4","0.1%","±0.1","5","±5","0.1%","±0.1","3","±5","0.1%","±0.1","0","±17","0.0%","±0.6","0","±12","0.0%","±0.9","0","±17","0.0%","±0.6","0","±12","0.0%","±2.2","15","±11","0.6%","±0.5","9","±14","0.4%","±0.6","0","±12","0.0%","±1.0","44","±67","2.0%","±3.1","0","±12","0.0%","±0.9","7","±12","0.3%","±0.6"
"        Danish","0","±12","0.0%","±1.0","0","±12","0.0%","±0.7","6","±8","0.1%","±0.2","0","±17","0.0%","±0.6","50","±72","1.0%","±1.4","39","±53","1.1%","±1.5","0","±17","0.0%","±0.6","0","±12","0.0%","±2.2","4","±5","0.2%","±0.2","5","±5","0.2%","±0.2","11","±18","0.3%","±0.5","0","±12","0.0%","±1.5","7","±11","0.2%","±0.3","0","±12","0.0%","±1.5"
"        Dutch","0","±12","0.0%","±1.0","68","±30","1.5%","±0.6","74","±43","1.5%","±0.9","160","±179","2.9%","±3.1","17","±27","0.3%","±0.5","71","±44","2.0%","±1.3","16","±15","0.3%","±0.3","18","±12","1.2%","±0.8","50","±32","2.1%","±1.4","50","±27","2.0%","±1.1","88","±60","2.6%","±1.8","0","±12","0.0%","±1.5","31","±33","0.9%","±0.9","23","±25","1.0%","±1.1"
"        English","50","±70","1.5%","±2.1","428","±100","9.2%","±2.1","306","±85","6.1%","±1.8","451","±154","8.1%","±2.8","322","±155","6.4%","±3.1","179","±73","5.1%","±2.1","217","±82","3.8%","±1.4","219","±77","14.7%","±4.8","293","±66","12.4%","±2.8","333","±88","13.4%","±3.5","397","±141","11.9%","±4.2","128","±58","5.8%","±2.7","272","±110","7.6%","±3.0","126","±49","5.7%","±2.3"
"        French (except Basque)","0","±12","0.0%","±1.0","956","±164","20.5%","±3.4","870","±135","17.3%","±3.0","1,165","±243","21.0%","±4.1","1,750","±484","34.9%","±9.1","698","±234","19.9%","±6.3","550","±141","9.6%","±2.2","273","±74","18.3%","±4.7","422","±84","17.9%","±3.4","305","±82","12.3%","±3.2","234","±89","7.0%","±2.7","433","±201","19.8%","±8.8","659","±228","18.4%","±6.3","348","±161","15.8%","±7.2"
"        French Canadian","0","±12","0.0%","±1.0","303","±71","6.5%","±1.5","272","±62","5.4%","±1.3","467","±172","8.4%","±3.0","422","±192","8.4%","±3.9","209","±122","6.0%","±3.5","149","±83","2.6%","±1.4","123","±42","8.3%","±2.8","97","±36","4.1%","±1.5","129","±46","5.2%","±1.8","102","±62","3.1%","±1.8","44","±47","2.0%","±2.1","529","±171","14.7%","±4.7","454","±124","20.6%","±5.3"
"        German","136","±220","4.1%","±6.6","262","±81","5.6%","±1.8","330","±151","6.6%","±2.9","540","±294","9.7%","±5.4","313","±131","6.2%","±2.7","187","±88","5.3%","±2.4","145","±75","2.5%","±1.3","116","±35","7.8%","±2.3","260","±60","11.0%","±2.3","367","±87","14.8%","±3.0","412","±185","12.4%","±5.5","358","±166","16.3%","±7.3","245","±97","6.8%","±2.8","125","±65","5.7%","±3.0"
"        Greek","0","±12","0.0%","±1.0","8","±7","0.2%","±0.2","12","±17","0.2%","±0.3","2","±4","0.0%","±0.1","0","±17","0.0%","±0.6","8","±13","0.2%","±0.4","7","±13","0.1%","±0.2","3","±4","0.2%","±0.3","0","±12","0.0%","±1.4","11","±9","0.4%","±0.4","25","±22","0.8%","±0.7","0","±12","0.0%","±1.5","0","±12","0.0%","±0.9","8","±12","0.4%","±0.5"
"        Hungarian","0","±12","0.0%","±1.0","15","±22","0.3%","±0.5","38","±34","0.8%","±0.7","21","±27","0.4%","±0.5","12","±17","0.2%","±0.4","6","±9","0.2%","±0.3","22","±31","0.4%","±0.5","0","±12","0.0%","±2.2","4","±4","0.2%","±0.2","20","±20","0.8%","±0.8","8","±12","0.2%","±0.4","20","±24","0.9%","±1.1","40","±37","1.1%","±1.0","0","±12","0.0%","±1.5"
"        Irish","0","±12","0.0%","±1.0","720","±131","15.5%","±2.7","803","±140","16.0%","±2.9","825","±294","14.8%","±5.4","1,325","±344","26.4%","±6.8","526","±149","15.0%","±4.3","504","±136","8.8%","±2.2","250","±79","16.8%","±4.7","374","±78","15.9%","±3.1","394","±98","15.9%","±3.8","590","±161","17.7%","±4.7","706","±211","32.2%","±9.1","561","±156","15.6%","±4.4","576","±194","26.2%","±8.6"
"        Italian","147","±218","4.4%","±6.6","190","±83","4.1%","±1.7","318","±172","6.3%","±3.3","339","±220","6.1%","±4.0","353","±237","7.0%","±4.6","203","±149","5.8%","±4.2","203","±72","3.5%","±1.3","57","±26","3.8%","±1.8","76","±26","3.2%","±1.1","229","±70","9.2%","±2.7","76","±47","2.3%","±1.4","174","±100","7.9%","±4.7","103","±74","2.9%","±2.1","136","±63","6.2%","±2.7"
"        Lithuanian","0","±12","0.0%","±1.0","4","±5","0.1%","±0.1","0","±17","0.0%","±0.6","0","±17","0.0%","±0.6","0","±17","0.0%","±0.6","0","±12","0.0%","±0.9","0","±17","0.0%","±0.6","0","±12","0.0%","±2.2","5","±6","0.2%","±0.2","14","±13","0.6%","±0.5","0","±12","0.0%","±1.0","0","±12","0.0%","±1.5","0","±12","0.0%","±0.9","0","±12","0.0%","±1.5"
"        Norwegian","0","±12","0.0%","±1.0","13","±10","0.3%","±0.2","3","±4","0.1%","±0.1","3","±5","0.1%","±0.1","0","±17","0.0%","±0.6","8","±12","0.2%","±0.3","0","±17","0.0%","±0.6","8","±8","0.5%","±0.5","12","±8","0.5%","±0.3","39","±21","1.6%","±0.8","29","±34","0.9%","±1.0","66","±64","3.0%","±2.9","9","±13","0.3%","±0.4","7","±10","0.3%","±0.4"
"        Polish","0","±12","0.0%","±1.0","56","±29","1.2%","±0.6","26","±20","0.5%","±0.4","44","±27","0.8%","±0.5","0","±17","0.0%","±0.6","19","±22","0.5%","±0.6","28","±28","0.5%","±0.5","25","±17","1.7%","±1.2","40","±17","1.7%","±0.8","88","±39","3.6%","±1.5","83","±52","2.5%","±1.6","61","±59","2.8%","±2.7","8","±13","0.2%","±0.4","59","±44","2.7%","±2.0"
"        Portuguese","0","±12","0.0%","±1.0","3","±4","0.1%","±0.1","0","±17","0.0%","±0.6","0","±17","0.0%","±0.6","0","±17","0.0%","±0.6","0","±12","0.0%","±0.9","8","±14","0.1%","±0.2","0","±12","0.0%","±2.2","1","±3","0.0%","±0.1","3","±5","0.1%","±0.2","0","±12","0.0%","±1.0","0","±12","0.0%","±1.5","0","±12","0.0%","±0.9","6","±9","0.3%","±0.4"
"        Russian","0","±12","0.0%","±1.0","0","±12","0.0%","±0.7","10","±16","0.2%","±0.3","19","±26","0.3%","±0.5","0","±17","0.0%","±0.6","8","±13","0.2%","±0.4","23","±24","0.4%","±0.4","9","±10","0.6%","±0.6","2","±3","0.1%","±0.1","10","±9","0.4%","±0.4","40","±35","1.2%","±1.1","42","±63","1.9%","±2.8","0","±12","0.0%","±0.9","80","±77","3.6%","±3.4"
"        Scotch-Irish","0","±12","0.0%","±1.0","65","±34","1.4%","±0.7","18","±10","0.4%","±0.2","7","±7","0.1%","±0.1","0","±17","0.0%","±0.6","0","±12","0.0%","±0.9","16","±18","0.3%","±0.3","3","±5","0.2%","±0.3","26","±19","1.1%","±0.8","20","±13","0.8%","±0.5","73","±51","2.2%","±1.5","21","±24","1.0%","±1.1","0","±12","0.0%","±0.9","4","±7","0.2%","±0.3"
"        Scottish","0","±12","0.0%","±1.0","150","±55","3.2%","±1.2","80","±36","1.6%","±0.7","254","±123","4.6%","±2.3","56","±53","1.1%","±1.1","51","±41","1.5%","±1.2","53","±40","0.9%","±0.7","41","±17","2.8%","±1.2","74","±36","3.1%","±1.5","89","±34","3.6%","±1.4","96","±56","2.9%","±1.7","18","±27","0.8%","±1.2","97","±91","2.7%","±2.5","38","±24","1.7%","±1.1"
"        Slovak","0","±12","0.0%","±1.0","3","±4","0.1%","±0.1","16","±23","0.3%","±0.5","3","±6","0.1%","±0.1","0","±17","0.0%","±0.6","0","±12","0.0%","±0.9","0","±17","0.0%","±0.6","0","±12","0.0%","±2.2","0","±12","0.0%","±1.4","2","±3","0.1%","±0.1","11","±17","0.3%","±0.5","0","±12","0.0%","±1.5","0","±12","0.0%","±0.9","0","±12","0.0%","±1.5"
"        Subsaharan African","0","±12","0.0%","±1.0","0","±12","0.0%","±0.7","5","±8","0.1%","±0.2","0","±17","0.0%","±0.6","0","±17","0.0%","±0.6","0","±12","0.0%","±0.9","18","±21","0.3%","±0.4","0","±12","0.0%","±2.2","27","±36","1.1%","±1.5","0","±12","0.0%","±1.3","0","±12","0.0%","±1.0","12","±24","0.5%","±1.1","0","±12","0.0%","±0.9","0","±12","0.0%","±1.5"
"        Swedish","0","±12","0.0%","±1.0","4","±6","0.1%","±0.1","4","±6","0.1%","±0.1","0","±17","0.0%","±0.6","0","±17","0.0%","±0.6","8","±13","0.2%","±0.4","21","±33","0.4%","±0.6","5","±8","0.3%","±0.5","1","±2","0.0%","±0.1","15","±11","0.6%","±0.4","33","±30","1.0%","±0.9","26","±38","1.2%","±1.8","23","±36","0.6%","±1.0","0","±12","0.0%","±1.5"
"        Swiss","0","±12","0.0%","±1.0","65","±77","1.4%","±1.6","42","±50","0.8%","±1.0","95","±135","1.7%","±2.4","0","±17","0.0%","±0.6","0","±12","0.0%","±0.9","13","±15","0.2%","±0.3","4","±5","0.3%","±0.3","16","±13","0.7%","±0.6","4","±5","0.2%","±0.2","31","±27","0.9%","±0.8","18","±20","0.8%","±0.9","4","±6","0.1%","±0.2","0","±12","0.0%","±1.5"
"        Ukrainian","0","±12","0.0%","±1.0","0","±12","0.0%","±0.7","3","±5","0.1%","±0.1","0","±17","0.0%","±0.6","0","±17","0.0%","±0.6","6","±9","0.2%","±0.2","0","±17","0.0%","±0.6","2","±4","0.1%","±0.3","4","±5","0.2%","±0.2","3","±5","0.1%","±0.2","0","±12","0.0%","±1.0","12","±21","0.5%","±1.0","0","±12","0.0%","±0.9","0","±12","0.0%","±1.5"
"        Welsh","0","±12","0.0%","±1.0","20","±13","0.4%","±0.3","28","±20","0.6%","±0.4","13","±14","0.2%","±0.3","84","±66","1.7%","±1.3","12","±16","0.3%","±0.5","0","±17","0.0%","±0.6","2","±4","0.1%","±0.2","14","±12","0.6%","±0.5","25","±15","1.0%","±0.6","10","±14","0.3%","±0.4","48","±46","2.2%","±2.1","0","±12","0.0%","±0.9","6","±8","0.3%","±0.4"
"        West Indian (excluding Hispanic origin groups)","0","±12","0.0%","±1.0","6","±12","0.1%","±0.3","0","±17","0.0%","±0.6","15","±28","0.3%","±0.5","0","±17","0.0%","±0.6","4","±8","0.1%","±0.2","117","±72","2.0%","±1.2","0","±12","0.0%","±2.2","34","±46","1.4%","±1.9","30","±25","1.2%","±1.0","0","±12","0.0%","±1.0","0","±12","0.0%","±1.5","0","±12","0.0%","±0.9","2","±5","0.1%","±0.2"
"COMPUTERS AND INTERNET USE","","","","","","","","","","","","","","","","","","","","","","","","","","","","","","","","","","","","","","","","","","","","","","","","","","","","","","","",""
"    Total households","1,360","±426","1,360","(X)","1,880","±122","1,880","(X)","1,912","±120","1,912","(X)","2,284","±187","2,284","(X)","2,100","±161","2,100","(X)","1,420","±184","1,420","(X)","682","±141","682","(X)","691","±60","691","(X)","966","±98","966","(X)","879","±74","879","(X)","1,389","±121","1,389","(X)","961","±138","961","(X)","1,453","±118","1,453","(X)","1,038","±98","1,038","(X)"
"        With a computer","975","±253","71.7%","±19.1","1,527","±116","81.2%","±3.6","1,534","±107","80.2%","±3.8","1,929","±193","84.5%","±5.5","1,738","±171","82.8%","±6.5","1,218","±176","85.8%","±5.1","594","±128","87.1%","±4.9","611","±54","88.4%","±4.1","756","±81","78.3%","±4.7","772","±71","87.8%","±4.2","1,199","±127","86.3%","±5.7","866","±151","90.1%","±6.4","1,210","±112","83.3%","±6.8","966","±94","93.1%","±4.0"
"        With a broadband Internet subscription","768","±316","56.5%","±20.5","1,330","±106","70.7%","±4.0","1,362","±108","71.2%","±4.6","1,761","±200","77.1%","±6.5","1,519","±214","72.3%","±10.0","1,084","±173","76.3%","±6.4","502","±121","73.6%","±8.2","470","±52","68.0%","±5.7","651","±71","67.4%","±4.5","723","±70","82.3%","±4.6","1,100","±129","79.2%","±6.3","787","±165","81.9%","±9.6","1,129","±124","77.7%","±7.6","869","±106","83.7%","±6.7"