"Label","Census Tract 9701, Fulton County, New York!!Estimate","Census Tract 9701, Fulton County, New York!!Margin of Error","Census Tract 9701, Fulton County, New York!!Percent","Census Tract 9701, Fulton County, New York!!Percent Margin of Error","Census Tract 9702, Fulton County, New York!!Estimate","Census Tract 9702, Fulton County, New York!!Margin of Error","Census Tract 9702, Fulton County, New York!!Percent","Census Tract 9702, Fulton County, New York!!Percent Margin of Error","Census Tract 9703, Fulton County, New York!!Estimate","Census Tract 9703, Fulton County, New York!!Margin of Error","Census Tract 9703, Fulton County, New York!!Percent","Census Tract 9703, Fulton County, New York!!Percent Margin of Error","Census Tract 9704, Fulton County, New York!!Estimate","Census Tract 9704, Fulton County, New York!!Margin of Error","Census Tract 9704, Fulton County, New York!!Percent","Census Tract 9704, Fulton County, New York!!Percent Margin of Error","Census Tract 9705, Fulton County, New York!!Estimate","Census Tract 9705, Fulton County, New York!!Margin of Error","Census Tract 9705, Fulton County, New York!!Percent","Census Tract 9705, Fulton County, New York!!Percent Margin of Error","Census Tract 9706, Fulton County, New York!!Estimate","Census Tract 9706, Fulton County, New York!!Margin of Error","Census Tract 9706, Fulton County, New York!!Percent","Census Tract 9706, Fulton County, New York!!Percent Margin of Error","Census Tract 9707, Fulton County, New York!!Estimate","Census Tract 9707, Fulton County, New York!!Margin of Error","Census Tract 9707, Fulton County, New York!!Percent","Census Tract 9707, Fulton County, New York!!Percent Margin of Error","Census Tract 9708, Fulton County, New York!!Estimate","Census Tract 9708, Fulton County, New York!!Margin of Error","Census Tract 9708, Fulton County, New York!!Percent","Census Tract 9708, Fulton County, New York!!Percent Margin of Error","Census Tract 9709, Fulton County, New York!!Estimate","Census Tract 9709, Fulton County, New York!!Margin of Error","Census Tract 9709, Fulton County, New York!!Percent","Census Tract 9709, Fulton County, New York!!Percent Margin of Error","Census Tract 9710, Fulton County, New York!!Estimate","Census Tract 9710, Fulton County, New York!!Margin of Error","Census Tract 9710, Fulton County, New York!!Percent","Census Tract 9710, Fulton County, New York!!Percent Margin of Error","Census Tract 9711, Fulton County, New York!!Estimate","Census Tract 9711, Fulton County, New York!!Margin of Error","Census Tract 9711, Fulton County, New York!!Percent","Census Tract 9711, Fulton County, New York!!Percent Margin of Error","Census Tract 9712, Fulton County, New York!!Estimate","Census Tract 9712, Fulton County, New York!!Margin of Error","Census Tract 9712, Fulton County, New York!!Percent","Census Tract 9712, Fulton County, New York!!Percent Margin of Error","Census Tract 9713, Fulton County, New York!!Estimate","Census Tract 9713, Fulton County, New York!!Margin of Error","Census Tract 9713, Fulton County, New York!!Percent","Census Tract 9713, Fulton County, New York!!Percent Margin of Error","Census Tract 9714, Fulton County, New York!!Estimate","Census Tract 9714, Fulton County, New York!!Margin of Error","Census Tract 9714, Fulton County, New York!!Percent","Census Tract 9714, Fulton County, New York!!Percent Margin of Error","Census Tract 9715, Fulton County, New York!!Estimate","Census Tract 9715, Fulton County, New York!!Margin of Error","Census Tract 9715, Fulton County, New York!!Percent","Census Tract 9715, Fulton County, New York!!Percent Margin of Error"
"HOUSEHOLDS BY TYPE","","","","","","","","","","","","","","","","","","","","","","","","","","","","","","","","","","","","","","","","","","","","","","","","","","","","","","","","","","","",""
"    Total households","1,134","±83","1,134","(X)","1,169","±108","1,169","(X)","1,562","±138","1,562","(X)","863","±75","863","(X)","1,609","±101","1,609","(X)","3,004","±237","3,004","(X)","1,495","±161","1,495","(X)","1,126","±107","1,126","(X)","1,505","±127","1,505","(X)","1,017","±114","1,017","(X)","1,082","±116","1,082","(X)","1,526","±135","1,526","(X)","1,883","±152","1,883","(X)","1,374","±109","1,374","(X)","2,208","±155","2,208","(X)"
"        Married-couple family","533","±76","47.0%","±6.8","583","±92","49.9%","±9.0","665","±114","42.6%","±7.3","452","±65","52.4%","±6.4","830","±66","51.6%","±4.3","1,477","±190","49.2%","±7.1","423","±129","28.3%","±9.2","422","±107","37.5%","±9.7","511","±114","34.0%","±7.5","412","±93","40.5%","±10.3","367","±97","33.9%","±9.2","758","±140","49.7%","±8.1","717","±139","38.1%","±7.8","631","±74","45.9%","±6.8","1,056","±138","47.8%","±6.6"
"            With own children of the householder under 18 years","126","±37","11.1%","±3.4","157","±46","13.4%","±4.0","176","±72","11.3%","±4.7","86","±38","10.0%","±4.4","273","±44","17.0%","±3.0","410","±110","13.6%","±4.2","95","±58","6.4%","±3.9","97","±45","8.6%","±4.1","150","±71","10.0%","±4.7","156","±58","15.3%","±6.3","120","±57","11.1%","±5.1","272","±97","17.8%","±5.9","320","±87","17.0%","±4.4","256","±69","18.6%","±5.2","359","±68","16.3%","±3.2"
"        Cohabiting couple household","98","±53","8.6%","±4.8","139","±84","11.9%","±7.0","47","±37","3.0%","±2.4","65","±30","7.5%","±3.4","100","±30","6.2%","±1.8","189","±96","6.3%","±3.2","168","±95","11.2%","±6.1","136","±59","12.1%","±5.3","201","±96","13.4%","±6.2","77","±54","7.6%","±5.1","100","±50","9.2%","±4.6","72","±43","4.7%","±2.8","77","±78","4.1%","±4.1","70","±41","5.1%","±2.9","127","±67","5.8%","±3.1"
"            With own children of the householder under 18 years","29","±32","2.6%","±2.9","24","±23","2.1%","±1.9","16","±26","1.0%","±1.6","36","±25","4.2%","±2.9","26","±14","1.6%","±0.9","59","±54","2.0%","±1.8","76","±57","5.1%","±3.7","93","±56","8.3%","±5.0","96","±76","6.4%","±4.9","13","±16","1.3%","±1.6","24","±23","2.2%","±2.1","27","±27","1.8%","±1.8","58","±70","3.1%","±3.7","34","±35","2.5%","±2.5","38","±35","1.7%","±1.6"
"        Male householder, no spouse/partner present","221","±81","19.5%","±6.4","168","±74","14.4%","±6.0","388","±145","24.8%","±8.4","209","±58","24.2%","±6.4","333","±57","20.7%","±3.0","569","±195","18.9%","±5.9","441","±132","29.5%","±8.6","256","±101","22.7%","±8.4","310","±107","20.6%","±6.8","288","±119","28.3%","±10.1","199","±85","18.4%","±7.0","240","±99","15.7%","±6.3","329","±129","17.5%","±6.2","280","±100","20.4%","±6.5","456","±130","20.7%","±5.4"
"            With own children of the householder under 18 years","21","±20","1.9%","±1.8","37","±31","3.2%","±2.6","60","±63","3.8%","±4.0","7","±7","0.8%","±0.8","22","±13","1.4%","±0.8","143","±134","4.8%","±4.3","49","±45","3.3%","±3.1","24","±37","2.1%","±3.3","30","±34","2.0%","±2.2","99","±84","9.7%","±7.8","7","±13","0.6%","±1.2","22","±28","1.4%","±1.8","0","±12","0.0%","±1.7","30","±24","2.2%","±1.8","79","±77","3.6%","±3.5"
"            Householder living alone","122","±57","10.8%","±4.6","62","±44","5.3%","±3.7","286","±139","18.3%","±8.2","160","±50","18.5%","±5.6","251","±57","15.6%","±3.1","357","±145","11.9%","±4.5","302","±117","20.2%","±7.5","170","±82","15.1%","±6.8","186","±63","12.4%","±4.1","108","±67","10.6%","±6.3","124","±66","11.5%","±5.5","139","±78","9.1%","±5.0","261","±99","13.9%","±5.0","184","±88","13.4%","±6.0","316","±128","14.3%","±5.3"
"                65 years and over","65","±35","5.7%","±2.9","53","±44","4.5%","±3.7","29","±22","1.9%","±1.4","55","±29","6.4%","±3.4","103","±38","6.4%","±2.2","108","±66","3.6%","±2.2","100","±54","6.7%","±3.5","74","±57","6.6%","±4.9","65","±34","4.3%","±2.3","45","±37","4.4%","±3.6","8","±12","0.7%","±1.1","34","±28","2.2%","±1.8","120","±73","6.4%","±3.8","33","±27","2.4%","±1.9","117","±61","5.3%","±2.7"
"        Female householder, no spouse/partner present","282","±71","24.9%","±5.7","279","±93","23.9%","±6.8","462","±132","29.6%","±8.0","137","±46","15.9%","±5.1","346","±62","21.5%","±3.1","769","±214","25.6%","±6.4","463","±156","31.0%","±8.9","312","±94","27.7%","±7.4","483","±110","32.1%","±6.6","240","±80","23.6%","±7.7","416","±114","38.4%","±9.5","456","±116","29.9%","±7.1","760","±174","40.4%","±8.5","393","±111","28.6%","±7.3","569","±166","25.8%","±6.9"
"            With own children of the householder under 18 years","81","±49","7.1%","±4.3","57","±53","4.9%","±4.4","75","±71","4.8%","±4.6","22","±17","2.5%","±1.9","42","±26","2.6%","±1.6","117","±99","3.9%","±3.3","131","±95","8.8%","±6.2","99","±53","8.8%","±4.6","26","±28","1.7%","±1.9","27","±35","2.7%","±3.4","122","±66","11.3%","±6.1","90","±56","5.9%","±3.8","150","±116","8.0%","±6.0","110","±63","8.0%","±4.5","123","±82","5.6%","±3.6"
"            Householder living alone","141","±50","12.4%","±4.1","191","±87","16.3%","±6.7","270","±91","17.3%","±5.3","76","±37","8.8%","±4.1","202","±50","12.6%","±2.7","500","±165","16.6%","±5.0","258","±102","17.3%","±6.2","117","±57","10.4%","±4.9","349","±103","23.2%","±6.3","169","±70","16.6%","±6.7","212","±84","19.6%","±7.1","226","±89","14.8%","±5.2","440","±146","23.4%","±7.1","167","±83","12.2%","±5.6","278","±120","12.6%","±5.1"
"                65 years and over","94","±39","8.3%","±3.3","55","±35","4.7%","±2.9","202","±65","12.9%","±3.8","61","±28","7.1%","±3.2","125","±37","7.8%","±2.1","305","±135","10.2%","±4.3","171","±85","11.4%","±5.4","96","±55","8.5%","±4.7","123","±59","8.2%","±3.9","119","±64","11.7%","±6.1","72","±43","6.7%","±3.9","147","±64","9.6%","±3.8","197","±119","10.5%","±6.1","102","±74","7.4%","±5.1","105","±57","4.8%","±2.5"
"        Households with one or more people under 18 years","303","±55","26.7%","±5.3","345","±74","29.5%","±6.3","383","±90","24.5%","±6.1","161","±45","18.7%","±4.9","417","±48","25.9%","±3.4","751","±138","25.0%","±4.7","415","±97","27.8%","±5.6","372","±81","33.0%","±7.2","400","±112","26.6%","±6.8","325","±74","32.0%","±5.9","305","±68","28.2%","±5.9","468","±89","30.7%","±5.5","623","±128","33.1%","±6.4","469","±78","34.1%","±5.8","680","±116","30.8%","±5.8"
"        Households with one or more people 65 years and over","452","±78","39.9%","±6.0","304","±51","26.0%","±4.3","609","±112","39.0%","±6.6","349","±52","40.4%","±5.5","602","±63","37.4%","±3.1","1,081","±184","36.0%","±6.0","453","±95","30.3%","±5.6","361","±89","32.1%","±7.2","363","±71","24.1%","±4.8","419","±86","41.2%","±7.9","269","±55","24.9%","±5.7","504","±97","33.0%","±6.0","600","±110","31.9%","±5.7","374","±92","27.2%","±5.8","645","±91","29.2%","±3.9"
"        Average household size","2.26","±0.17","(X)","(X)","2.43","±0.23","(X)","(X)","2.14","±0.18","(X)","(X)","2.11","±0.14","(X)","(X)","2.37","±0.14","(X)","(X)","2.27","±0.16","(X)","(X)","2.24","±0.23","(X)","(X)","2.79","±0.38","(X)","(X)","2.12","±0.17","(X)","(X)","2.47","±0.32","(X)","(X)","2.27","±0.20","(X)","(X)","2.44","±0.18","(X)","(X)","2.31","±0.24","(X)","(X)","2.49","±0.20","(X)","(X)","2.33","±0.17","(X)","(X)"
"        Average family size","2.60","±0.18","(X)","(X)","2.83","±0.24","(X)","(X)","2.70","±0.19","(X)","(X)","2.48","±0.16","(X)","(X)","2.85","±0.16","(X)","(X)","2.68","±0.18","(X)","(X)","2.83","±0.28","(X)","(X)","3.12","±0.32","(X)","(X)","2.70","±0.25","(X)","(X)","2.98","±0.52","(X)","(X)","2.83","±0.26","(X)","(X)","2.92","±0.22","(X)","(X)","2.94","±0.31","(X)","(X)","2.94","±0.21","(X)","(X)","2.78","±0.16","(X)","(X)"
"RELATIONSHIP","","","","","","","","","","","","","","","","","","","","","","","","","","","","","","","","","","","","","","","","","","","","","","","","","","","","","","","","","","","",""
"    Population in households","2,561","±17","2,561","(X)","2,846","±220","2,846","(X)","3,348","±219","3,348","(X)","1,820","±160","1,820","(X)","3,808","±162","3,808","(X)","6,810","±192","6,810","(X)","3,348","±363","3,348","(X)","3,137","±443","3,137","(X)","3,186","±316","3,186","(X)","2,508","±323","2,508","(X)","2,461","±271","2,461","(X)","3,726","±328","3,726","(X)","4,346","±331","4,346","(X)","3,415","±49","3,415","(X)","5,153","±32","5,153","(X)"
"        Householder","1,134","±83","44.3%","±3.2","1,169","±108","41.1%","±3.8","1,562","±138","46.7%","±3.9","863","±75","47.4%","±3.2","1,609","±101","42.3%","±2.5","3,004","±237","44.1%","±3.1","1,495","±161","44.7%","±4.7","1,126","±107","35.9%","±4.8","1,505","±127","47.2%","±3.7","1,017","±114","40.6%","±5.2","1,082","±116","44.0%","±3.8","1,526","±135","41.0%","±3.0","1,883","±152","43.3%","±4.5","1,374","±109","40.2%","±3.1","2,208","±155","42.8%","±3.0"
"        Spouse","531","±76","20.7%","±3.0","589","±89","20.7%","±3.1","660","±112","19.7%","±3.2","456","±63","25.1%","±2.4","801","±68","21.0%","±1.6","1,516","±201","22.3%","±2.9","429","±130","12.8%","±3.7","419","±105","13.4%","±3.0","485","±107","15.2%","±3.0","434","±95","17.3%","±4.0","363","±97","14.8%","±3.6","783","±150","21.0%","±3.7","719","±132","16.5%","±3.6","640","±74","18.7%","±2.2","1,061","±140","20.6%","±2.7"
"        Unmarried partner","94","±50","3.7%","±2.0","137","±79","4.8%","±2.8","55","±43","1.6%","±1.3","59","±26","3.2%","±1.4","105","±32","2.8%","±0.9","194","±94","2.8%","±1.4","144","±74","4.3%","±2.2","140","±67","4.5%","±2.1","184","±81","5.8%","±2.5","72","±48","2.9%","±1.8","97","±51","3.9%","±2.0","61","±38","1.6%","±1.0","72","±74","1.7%","±1.7","68","±40","2.0%","±1.2","121","±69","2.3%","±1.3"
"        Child","600","±119","23.4%","±4.6","699","±110","24.6%","±3.2","789","±139","23.6%","±3.9","333","±96","18.3%","±4.4","918","±123","24.1%","±2.8","1,647","±253","24.2%","±3.7","859","±216","25.7%","±4.8","949","±218","30.3%","±5.1","690","±158","21.7%","±3.9","734","±252","29.3%","±7.8","706","±136","28.7%","±3.7","832","±175","22.3%","±3.8","1,111","±215","25.6%","±4.1","972","±109","28.5%","±3.2","1,411","±166","27.4%","±3.2"
"        Other relatives","44","±27","1.7%","±1.1","170","±120","6.0%","±4.0","162","±181","4.8%","±5.3","40","±42","2.2%","±2.4","214","±78","5.6%","±2.0","260","±150","3.8%","±2.2","235","±113","7.0%","±3.2","167","±104","5.3%","±3.0","194","±137","6.1%","±4.1","158","±176","6.3%","±6.8","134","±67","5.4%","±2.6","379","±238","10.2%","±6.2","264","±262","6.1%","±5.8","198","±111","5.8%","±3.2","212","±116","4.1%","±2.3"
"        Other nonrelatives","158","±79","6.2%","±3.1","82","±80","2.9%","±2.7","120","±75","3.6%","±2.2","69","±35","3.8%","±1.9","161","±71","4.2%","±1.9","189","±109","2.8%","±1.6","186","±107","5.6%","±3.2","336","±202","10.7%","±5.6","128","±101","4.0%","±3.0","93","±64","3.7%","±2.6","79","±44","3.2%","±1.7","145","±85","3.9%","±2.3","297","±147","6.8%","±3.2","163","±86","4.8%","±2.5","140","±79","2.7%","±1.5"
"MARITAL STATUS","","","","","","","","","","","","","","","","","","","","","","","","","","","","","","","","","","","","","","","","","","","","","","","","","","","","","","","","","","","",""
"    Males 15 years and over","1,023","±78","1,023","(X)","1,064","±102","1,064","(X)","1,489","±148","1,489","(X)","824","±72","824","(X)","1,676","±100","1,676","(X)","3,306","±217","3,306","(X)","1,505","±169","1,505","(X)","1,201","±235","1,201","(X)","1,364","±229","1,364","(X)","1,214","±225","1,214","(X)","907","±142","907","(X)","1,480","±145","1,480","(X)","1,676","±175","1,676","(X)","1,407","±130","1,407","(X)","2,012","±144","2,012","(X)"
"        Never married","239","±64","23.4%","±5.6","302","±84","28.4%","±6.7","517","±127","34.7%","±7.4","177","±41","21.5%","±4.7","505","±96","30.1%","±4.7","1,146","±226","34.7%","±5.9","728","±152","48.4%","±7.5","451","±201","37.6%","±11.2","540","±195","39.6%","±10.7","523","±191","43.1%","±9.4","359","±108","39.6%","±9.2","450","±135","30.4%","±7.7","646","±186","38.5%","±9.1","576","±137","40.9%","±7.3","570","±122","28.3%","±5.7"
"        Now married, except separated","553","±77","54.1%","±7.0","569","±91","53.5%","±8.8","661","±114","44.4%","±7.2","463","±63","56.2%","±5.9","862","±63","51.4%","±4.2","1,642","±198","49.7%","±6.3","439","±123","29.2%","±7.6","439","±104","36.6%","±8.4","539","±124","39.5%","±10.3","473","±100","39.0%","±9.3","381","±95","42.0%","±9.7","838","±152","56.6%","±9.4","792","±145","47.3%","±8.0","666","±80","47.3%","±6.8","1,105","±129","54.9%","±5.9"
"        Separated","16","±17","1.6%","±1.6","34","±31","3.2%","±2.8","49","±48","3.3%","±3.2","19","±16","2.3%","±2.0","45","±22","2.7%","±1.3","94","±82","2.8%","±2.5","52","±53","3.5%","±3.6","40","±50","3.3%","±4.2","97","±65","7.1%","±4.5","0","±12","0.0%","±2.6","23","±23","2.5%","±2.5","44","±45","3.0%","±3.0","26","±35","1.6%","±2.1","64","±55","4.5%","±3.9","49","±72","2.4%","±3.6"
"        Widowed","27","±21","2.6%","±2.0","42","±42","3.9%","±3.9","29","±22","1.9%","±1.4","30","±19","3.6%","±2.4","104","±36","6.2%","±2.1","111","±58","3.4%","±1.7","102","±67","6.8%","±4.5","37","±36","3.1%","±3.2","34","±44","2.5%","±3.0","39","±31","3.2%","±2.6","0","±12","0.0%","±3.5","35","±37","2.4%","±2.5","76","±53","4.5%","±3.1","17","±20","1.2%","±1.4","125","±62","6.2%","±2.9"
"        Divorced","188","±56","18.4%","±5.5","117","±68","11.0%","±6.2","233","±91","15.6%","±5.9","135","±48","16.4%","±5.5","160","±39","9.5%","±2.3","313","±114","9.5%","±3.3","184","±80","12.2%","±5.2","234","±100","19.5%","±9.0","154","±79","11.3%","±5.4","179","±93","14.7%","±7.5","144","±78","15.9%","±8.1","113","±72","7.6%","±5.0","136","±83","8.1%","±5.0","84","±50","6.0%","±3.5","163","±75","8.1%","±3.8"
"    Females 15 years and over","1,133","±63","1,133","(X)","1,261","±121","1,261","(X)","1,422","±173","1,422","(X)","760","±83","760","(X)","1,551","±101","1,551","(X)","3,095","±240","3,095","(X)","1,259","±178","1,259","(X)","1,229","±170","1,229","(X)","1,438","±166","1,438","(X)","975","±126","975","(X)","1,120","±140","1,120","(X)","1,679","±206","1,679","(X)","1,898","±174","1,898","(X)","1,438","±99","1,438","(X)","2,308","±151","2,308","(X)"
"        Never married","273","±77","24.1%","±6.6","280","±60","22.2%","±4.6","352","±117","24.8%","±6.7","114","±35","15.0%","±4.2","324","±77","20.9%","±4.5","700","±177","22.6%","±4.9","472","±113","37.5%","±6.8","516","±128","42.0%","±7.8","397","±122","27.6%","±6.8","213","±80","21.8%","±7.0","378","±108","33.8%","±8.4","434","±163","25.8%","±8.0","523","±164","27.6%","±7.2","396","±109","27.5%","±6.4","557","±137","24.1%","±5.3"
"        Now married, except separated","552","±79","48.7%","±6.7","620","±96","49.2%","±8.0","673","±116","47.3%","±9.3","479","±64","63.0%","±6.4","857","±75","55.3%","±4.5","1,544","±202","49.9%","±7.3","472","±134","37.5%","±10.1","453","±107","36.9%","±7.3","508","±110","35.3%","±7.3","429","±93","44.0%","±9.2","431","±118","38.5%","±10.0","826","±150","49.2%","±9.7","749","±130","39.5%","±7.9","675","±74","46.9%","±6.6","1,218","±139","52.8%","±6.9"
"        Separated","90","±43","7.9%","±3.8","33","±47","2.6%","±3.7","0","±12","0.0%","±2.3","22","±16","2.9%","±2.1","59","±29","3.8%","±1.8","92","±68","3.0%","±2.2","38","±30","3.0%","±2.2","84","±53","6.8%","±4.1","80","±51","5.6%","±3.5","3","±7","0.3%","±0.7","40","±36","3.6%","±3.2","39","±35","2.3%","±2.1","70","±52","3.7%","±2.7","39","±32","2.7%","±2.2","42","±40","1.8%","±1.7"
"        Widowed","136","±60","12.0%","±5.2","130","±63","10.3%","±4.8","268","±106","18.8%","±6.3","70","±30","9.2%","±3.8","160","±35","10.3%","±2.2","479","±181","15.5%","±5.5","111","±76","8.8%","±5.8","95","±56","7.7%","±4.6","127","±58","8.8%","±4.0","183","±83","18.8%","±7.7","121","±60","10.8%","±5.0","84","±48","5.0%","±2.8","232","±111","12.2%","±5.8","164","±74","11.4%","±5.0","263","±123","11.4%","±5.0"
"        Divorced","82","±31","7.2%","±2.6","198","±102","15.7%","±7.5","129","±58","9.1%","±4.1","75","±34","9.9%","±4.1","151","±37","9.7%","±2.2","280","±117","9.0%","±3.6","166","±85","13.2%","±6.6","81","±44","6.6%","±3.9","326","±103","22.7%","±7.0","147","±58","15.1%","±5.9","150","±67","13.4%","±5.6","296","±104","17.6%","±5.5","324","±135","17.1%","±6.9","164","±69","11.4%","±4.8","228","±86","9.9%","±3.7"
"FERTILITY","","","","","","","","","","","","","","","","","","","","","","","","","","","","","","","","","","","","","","","","","","","","","","","","","","","","","","","","","","","",""
"    Number of women 15 to 50 years old who had a birth in the past 12 months","22","±14","22","(X)","49","±38","49","(X)","0","±12","0","(X)","20","±17","20","(X)","49","±27","49","(X)","48","±57","48","(X)","71","±48","71","(X)","167","±96","167","(X)","57","±55","57","(X)","53","±38","53","(X)","68","±36","68","(X)","26","±25","26","(X)","9","±16","9","(X)","38","±31","38","(X)","42","±35","42","(X)"
"        Unmarried women (widowed, divorced, and never married)","6","±7","27.3%","±27.3","43","±38","87.8%","±21.1","0","±12","-","**","6","±10","30.0%","±45.3","11","±13","22.4%","±23.5","19","±27","39.6%","±53.3","59","±43","83.1%","±24.0","159","±91","95.2%","±7.6","25","±30","43.9%","±53.1","23","±29","43.4%","±38.2","25","±27","36.8%","±34.8","8","±14","30.8%","±42.5","0","±12","0.0%","±98.9","11","±16","28.9%","±39.7","16","±24","38.1%","±46.1"
"            Per 1,000 unmarried women","21","±24","(X)","(X)","98","±88","(X)","(X)","0","±73","(X)","(X)","52","±84","(X)","(X)","35","±39","(X)","(X)","25","±32","(X)","(X)","138","±101","(X)","(X)","298","±145","(X)","(X)","51","±60","(X)","(X)","116","±139","(X)","(X)","72","±74","(X)","(X)","17","±26","(X)","(X)","0","±60","(X)","(X)","29","±44","(X)","(X)","26","±39","(X)","(X)"
"        Per 1,000 women 15 to 50 years old","45","±32","(X)","(X)","70","±52","(X)","(X)","0","±48","(X)","(X)","83","±66","(X)","(X)","70","±37","(X)","(X)","32","±38","(X)","(X)","112","±77","(X)","(X)","201","±98","(X)","(X)","77","±73","(X)","(X)","137","±109","(X)","(X)","119","±68","(X)","(X)","28","±26","(X)","(X)","9","±16","(X)","(X)","49","±42","(X)","(X)","36","±30","(X)","(X)"
"        Per 1,000 women 15 to 19 years old","0","±376","(X)","(X)","0","±305","(X)","(X)","0","±424","(X)","(X)","231","±327","(X)","(X)","82","±123","(X)","(X)","0","±103","(X)","(X)","67","±118","(X)","(X)","310","±249","(X)","(X)","145","±219","(X)","(X)","118","±210","(X)","(X)","0","±278","(X)","(X)","0","±393","(X)","(X)","0","±261","(X)","(X)","0","±424","(X)","(X)","0","±213","(X)","(X)"
"        Per 1,000 women 20 to 34 years old","94","±74","(X)","(X)","214","±148","(X)","(X)","0","±127","(X)","(X)","0","±327","(X)","(X)","122","±75","(X)","(X)","46","±69","(X)","(X)","127","±117","(X)","(X)","239","±204","(X)","(X)","137","±160","(X)","(X)","371","±204","(X)","(X)","179","±136","(X)","(X)","28","±30","(X)","(X)","21","±38","(X)","(X)","81","±83","(X)","(X)","74","±66","(X)","(X)"
"        Per 1,000 women 35 to 50 years old","17","±24","(X)","(X)","0","±80","(X)","(X)","0","±85","(X)","(X)","102","±101","(X)","(X)","19","±29","(X)","(X)","36","±62","(X)","(X)","112","±127","(X)","(X)","145","±125","(X)","(X)","0","±93","(X)","(X)","0","±159","(X)","(X)","104","±99","(X)","(X)","33","±50","(X)","(X)","0","±68","(X)","(X)","28","±43","(X)","(X)","0","±65","(X)","(X)"
"GRANDPARENTS","","","","","","","","","","","","","","","","","","","","","","","","","","","","","","","","","","","","","","","","","","","","","","","","","","","","","","","","","","","",""
"    Number of grandparents living with own grandchildren under 18 years","18","±23","18","(X)","114","±115","114","(X)","66","±67","66","(X)","0","±12","0","(X)","78","±37","78","(X)","77","±66","77","(X)","149","±116","149","(X)","99","±81","99","(X)","63","±47","63","(X)","110","±100","110","(X)","55","±46","55","(X)","49","±44","49","(X)","124","±101","124","(X)","57","±40","57","(X)","90","±55","90","(X)"
"        Grandparents responsible for grandchildren","12","±17","66.7%","±30.0","91","±116","79.8%","±37.6","46","±61","69.7%","±48.6","0","±12","-","**","31","±19","39.7%","±18.9","23","±39","29.9%","±46.2","110","±106","73.8%","±33.7","79","±83","79.8%","±31.7","10","±16","15.9%","±31.1","96","±89","87.3%","±19.9","34","±34","61.8%","±25.5","21","±33","42.9%","±57.0","78","±69","62.9%","±43.7","25","±29","43.9%","±38.2","67","±45","74.4%","±28.4"
"        Years responsible for grandchildren","","","","","","","","","","","","","","","","","","","","","","","","","","","","","","","","","","","","","","","","","","","","","","","","","","","","","","","","","","","",""
"            Less than 1 year","4","±10","22.2%","±38.6","77","±116","67.5%","±53.6","0","±12","0.0%","±36.3","0","±12","-","**","7","±9","9.0%","±9.8","0","±17","0.0%","±32.9","52","±55","34.9%","±38.0","65","±80","65.7%","±41.8","10","±16","15.9%","±31.1","0","±12","0.0%","±25.2","0","±12","0.0%","±40.0","0","±12","0.0%","±42.4","34","±53","27.4%","±39.2","17","±26","29.8%","±38.6","24","±29","26.7%","±29.5"
"            1 or 2 years","8","±10","44.4%","±13.0","0","±12","0.0%","±24.4","0","±12","0.0%","±36.3","0","±12","-","**","4","±5","5.1%","±6.5","23","±39","29.9%","±46.2","0","±12","0.0%","±19.5","0","±12","0.0%","±27.4","0","±12","0.0%","±37.3","31","±55","28.2%","±42.7","6","±11","10.9%","±19.1","21","±33","42.9%","±57.0","0","±12","0.0%","±22.8","0","±12","0.0%","±39.3","13","±22","14.4%","±23.4"
"            3 or 4 years","0","±12","0.0%","±69.9","0","±12","0.0%","±24.4","9","±18","13.6%","±34.0","0","±12","-","**","6","±8","7.7%","±9.8","0","±17","0.0%","±32.9","58","±89","38.9%","±44.4","0","±12","0.0%","±27.4","0","±12","0.0%","±37.3","65","±89","59.1%","±59.1","0","±12","0.0%","±40.0","0","±12","0.0%","±42.4","0","±12","0.0%","±22.8","0","±12","0.0%","±39.3","11","±18","12.2%","±19.8"
"            5 or more years","0","±12","0.0%","±69.9","14","±21","12.3%","±27.4","37","±59","56.1%","±55.9","0","±12","-","**","14","±13","17.9%","±14.9","0","±17","0.0%","±32.9","0","±12","0.0%","±19.5","14","±21","14.1%","±23.9","0","±12","0.0%","±37.3","0","±12","0.0%","±25.2","28","±33","50.9%","±35.6","0","±12","0.0%","±42.4","44","±42","35.5%","±36.0","8","±12","14.0%","±22.8","19","±25","21.1%","±26.4"
"    Number of grandparents responsible for own grandchildren under 18 years","12","±17","12","(X)","91","±116","91","(X)","46","±61","46","(X)","0","±12","0","(X)","31","±19","31","(X)","23","±39","23","(X)","110","±106","110","(X)","79","±83","79","(X)","10","±16","10","(X)","96","±89","96","(X)","34","±34","34","(X)","21","±33","21","(X)","78","±69","78","(X)","25","±29","25","(X)","67","±45","67","(X)"
"        Who are female","4","±10","33.3%","±41.2","40","±59","44.0%","±23.9","42","±59","91.3%","±26.3","0","±12","-","**","13","±10","41.9%","±27.3","11","±19","47.8%","±9.5","55","±54","50.0%","±4.1","41","±47","51.9%","±21.1","10","±16","100.0%","±93.8","46","±43","47.9%","±5.1","19","±21","55.9%","±29.0","21","±33","100.0%","±64.7","47","±39","60.3%","±20.9","17","±18","68.0%","±27.0","30","±30","44.8%","±34.7"
"        Who are married","10","±13","83.3%","±22.0","91","±116","100.0%","±29.2","9","±18","19.6%","±52.6","0","±12","-","**","21","±14","67.7%","±30.0","23","±39","100.0%","±61.8","110","±106","100.0%","±25.2","79","±83","100.0%","±32.4","10","±16","100.0%","±93.8","96","±89","100.0%","±28.0","34","±34","100.0%","±50.9","0","±12","0.0%","±64.7","63","±72","80.8%","±40.9","9","±14","36.0%","±30.7","27","±29","40.3%","±37.3"
"SCHOOL ENROLLMENT","","","","","","","","","","","","","","","","","","","","","","","","","","","","","","","","","","","","","","","","","","","","","","","","","","","","","","","","","","","",""
"    Population 3 years and over enrolled in school","492","±99","492","(X)","559","±120","559","(X)","619","±149","619","(X)","273","±87","273","(X)","689","±93","689","(X)","1,460","±218","1,460","(X)","665","±213","665","(X)","718","±202","718","(X)","389","±120","389","(X)","558","±203","558","(X)","445","±106","445","(X)","854","±156","854","(X)","1,100","±276","1,100","(X)","947","±144","947","(X)","923","±220","923","(X)"
"        Nursery school, preschool","24","±18","4.9%","±3.9","16","±12","2.9%","±2.3","47","±55","7.6%","±9.5","13","±17","4.8%","±6.2","37","±21","5.4%","±3.1","22","±31","1.5%","±2.2","29","±27","4.4%","±4.5","30","±36","4.2%","±5.4","45","±34","11.6%","±8.9","54","±47","9.7%","±6.3","85","±67","19.1%","±14.1","23","±28","2.7%","±3.3","47","±44","4.3%","±4.2","34","±28","3.6%","±3.0","105","±78","11.4%","±7.2"
"        Kindergarten","19","±19","3.9%","±3.6","37","±27","6.6%","±5.0","36","±33","5.8%","±5.1","10","±12","3.7%","±4.9","44","±19","6.4%","±3.0","128","±101","8.8%","±6.6","61","±50","9.2%","±6.5","49","±73","6.8%","±9.4","16","±19","4.1%","±4.9","10","±14","1.8%","±2.6","6","±10","1.3%","±2.3","110","±75","12.9%","±8.9","69","±105","6.3%","±9.0","32","±40","3.4%","±4.2","14","±13","1.5%","±1.4"
"        Elementary school (grades 1-8)","242","±66","49.2%","±8.6","334","±131","59.7%","±15.2","270","±125","43.6%","±14.0","165","±75","60.4%","±12.0","392","±80","56.9%","±7.1","560","±183","38.4%","±11.4","319","±139","48.0%","±12.9","340","±125","47.4%","±12.7","110","±67","28.3%","±12.7","263","±92","47.1%","±18.1","211","±89","47.4%","±17.4","338","±109","39.6%","±9.7","446","±222","40.5%","±16.1","405","±85","42.8%","±9.4","398","±118","43.1%","±9.4"
"        High school (grades 9-12)","126","±53","25.6%","±7.8","112","±52","20.0%","±10.0","113","±60","18.3%","±9.9","72","±31","26.4%","±9.7","161","±46","23.4%","±6.4","433","±113","29.7%","±8.2","171","±97","25.7%","±12.2","161","±73","22.4%","±7.8","118","±51","30.3%","±10.7","197","±143","35.3%","±16.4","87","±57","19.6%","±11.5","182","±93","21.3%","±10.4","233","±86","21.2%","±9.3","218","±88","23.0%","±8.8","173","±85","18.7%","±8.9"
"        College or graduate school","81","±39","16.5%","±8.6","60","±37","10.7%","±6.5","153","±74","24.7%","±9.7","13","±10","4.8%","±4.1","55","±24","8.0%","±3.2","317","±140","21.7%","±7.9","85","±50","12.8%","±6.7","138","±84","19.2%","±10.4","100","±63","25.7%","±13.1","34","±31","6.1%","±5.9","56","±43","12.6%","±9.5","201","±89","23.5%","±9.0","305","±162","27.7%","±13.6","258","±117","27.2%","±10.1","233","±107","25.2%","±9.4"
"EDUCATIONAL ATTAINMENT","","","","","","","","","","","","","","","","","","","","","","","","","","","","","","","","","","","","","","","","","","","","","","","","","","","","","","","","","","","",""
"    Population 25 years and over","1,970","±101","1,970","(X)","2,025","±149","2,025","(X)","2,469","±199","2,469","(X)","1,477","±122","1,477","(X)","2,885","±124","2,885","(X)","5,713","±209","5,713","(X)","2,358","±255","2,358","(X)","1,994","±201","1,994","(X)","2,328","±235","2,328","(X)","1,811","±222","1,811","(X)","1,736","±189","1,736","(X)","2,798","±243","2,798","(X)","2,957","±190","2,957","(X)","2,356","±131","2,356","(X)","3,724","±170","3,724","(X)"
"        Less than 9th grade","29","±25","1.5%","±1.2","32","±24","1.6%","±1.2","74","±39","3.0%","±1.6","41","±25","2.8%","±1.7","161","±54","5.6%","±1.8","176","±77","3.1%","±1.3","122","±67","5.2%","±2.9","80","±56","4.0%","±2.8","47","±31","2.0%","±1.3","72","±64","4.0%","±3.4","77","±57","4.4%","±3.1","60","±46","2.1%","±1.6","22","±15","0.7%","±0.5","22","±33","0.9%","±1.4","51","±37","1.4%","±1.0"
"        9th to 12th grade, no diploma","172","±71","8.7%","±3.6","95","±63","4.7%","±3.0","281","±111","11.4%","±4.6","143","±45","9.7%","±2.9","310","±68","10.7%","±2.2","552","±212","9.7%","±3.7","395","±148","16.8%","±5.9","281","±123","14.1%","±6.1","163","±102","7.0%","±4.3","242","±98","13.4%","±4.7","274","±123","15.8%","±6.5","245","±141","8.8%","±4.9","217","±126","7.3%","±4.2","251","±96","10.7%","±4.2","211","±102","5.7%","±2.7"
"        High school graduate (includes equivalency)","646","±113","32.8%","±5.3","846","±177","41.8%","±7.9","906","±210","36.7%","±7.3","532","±85","36.0%","±5.0","1,226","±118","42.5%","±3.7","1,994","±272","34.9%","±4.7","1,038","±209","44.0%","±7.1","681","±137","34.2%","±5.6","914","±190","39.3%","±6.2","556","±128","30.7%","±6.6","755","±143","43.5%","±7.1","777","±195","27.8%","±6.0","924","±220","31.2%","±7.8","756","±148","32.1%","±6.2","1,215","±224","32.6%","±5.9"
"        Some college, no degree","247","±58","12.5%","±3.1","403","±149","19.9%","±7.1","478","±115","19.4%","±4.4","254","±59","17.2%","±3.8","470","±65","16.3%","±2.1","1,209","±349","21.2%","±5.8","400","±100","17.0%","±4.2","462","±148","23.2%","±6.7","406","±133","17.4%","±5.0","358","±126","19.8%","±5.9","285","±95","16.4%","±5.0","532","±160","19.0%","±5.6","436","±129","14.7%","±4.1","380","±126","16.1%","±4.9","844","±192","22.7%","±5.1"
"        Associate's degree","367","±97","18.6%","±4.9","342","±119","16.9%","±5.9","366","±119","14.8%","±4.7","167","±48","11.3%","±3.2","372","±65","12.9%","±2.3","714","±226","12.5%","±4.0","196","±88","8.3%","±3.7","300","±120","15.0%","±5.7","362","±107","15.5%","±4.9","186","±94","10.3%","±4.9","234","±89","13.5%","±5.4","614","±171","21.9%","±6.2","419","±159","14.2%","±5.3","420","±100","17.8%","±4.3","682","±182","18.3%","±4.7"
"        Bachelor's degree","270","±79","13.7%","±3.8","169","±57","8.3%","±2.8","170","±64","6.9%","±2.5","149","±42","10.1%","±2.7","206","±58","7.1%","±1.9","569","±157","10.0%","±2.8","109","±59","4.6%","±2.5","132","±65","6.6%","±3.4","230","±90","9.9%","±3.9","80","±43","4.4%","±2.4","65","±44","3.7%","±2.5","349","±103","12.5%","±3.7","516","±184","17.5%","±5.9","317","±124","13.5%","±5.2","454","±131","12.2%","±3.4"
"        Graduate or professional degree","239","±68","12.1%","±3.3","138","±53","6.8%","±2.6","194","±86","7.9%","±3.5","191","±63","12.9%","±4.1","140","±46","4.9%","±1.6","499","±168","8.7%","±2.9","98","±44","4.2%","±1.8","58","±44","2.9%","±2.2","206","±71","8.8%","±3.1","317","±97","17.5%","±5.9","46","±37","2.6%","±2.1","221","±107","7.9%","±3.8","423","±207","14.3%","±7.0","210","±85","8.9%","±3.6","267","±116","7.2%","±3.1"
"        High school graduate or higher","1,769","±127","89.8%","±4.1","1,898","±150","93.7%","±3.2","2,114","±229","85.6%","±4.7","1,293","±117","87.5%","±3.6","2,414","±121","83.7%","±2.7","4,985","±307","87.3%","±4.2","1,841","±240","78.1%","±6.0","1,633","±219","81.9%","±6.3","2,118","±237","91.0%","±4.5","1,497","±186","82.7%","±6.1","1,385","±172","79.8%","±7.3","2,493","±236","89.1%","±5.3","2,718","±196","91.9%","±4.1","2,083","±165","88.4%","±4.0","3,462","±204","93.0%","±2.9"
"        Bachelor's degree or higher","509","±116","25.8%","±5.4","307","±80","15.2%","±3.9","364","±107","14.7%","±4.2","340","±73","23.0%","±4.5","346","±78","12.0%","±2.6","1,068","±204","18.7%","±3.5","207","±83","8.8%","±3.4","190","±71","9.5%","±3.8","436","±116","18.7%","±5.1","397","±107","21.9%","±6.5","111","±58","6.4%","±3.3","570","±155","20.4%","±5.5","939","±265","31.8%","±8.5","527","±129","22.4%","±5.3","721","±183","19.4%","±4.7"
"VETERAN STATUS","","","","","","","","","","","","","","","","","","","","","","","","","","","","","","","","","","","","","","","","","","","","","","","","","","","","","","","","","","","",""
"    Civilian population 18 years and over","2,075","±104","2,075","(X)","2,230","±141","2,230","(X)","2,829","±180","2,829","(X)","1,538","±123","1,538","(X)","3,095","±132","3,095","(X)","6,020","±199","6,020","(X)","2,663","±272","2,663","(X)","2,266","±308","2,266","(X)","2,699","±272","2,699","(X)","2,082","±252","2,082","(X)","1,948","±215","1,948","(X)","3,012","±251","3,012","(X)","3,391","±214","3,391","(X)","2,641","±93","2,641","(X)","4,197","±137","4,197","(X)"
"        Civilian veterans","209","±52","10.1%","±2.5","165","±82","7.4%","±3.6","251","±84","8.9%","±3.0","145","±38","9.4%","±2.5","231","±42","7.5%","±1.4","413","±121","6.9%","±2.0","145","±52","5.4%","±1.9","211","±77","9.3%","±3.8","208","±78","7.7%","±2.7","172","±71","8.3%","±3.0","138","±70","7.1%","±3.6","213","±73","7.1%","±2.4","174","±79","5.1%","±2.3","277","±93","10.5%","±3.6","319","±125","7.6%","±3.0"
"DISABILITY STATUS OF THE CIVILIAN NONINSTITUTIONALIZED POPULATION","","","","","","","","","","","","","","","","","","","","","","","","","","","","","","","","","","","","","","","","","","","","","","","","","","","","","","","","","","","",""
"    Total Civilian Noninstitutionalized Population","2,570","±14","2,570","(X)","2,861","±220","2,861","(X)","3,367","±219","3,367","(X)","1,820","±160","1,820","(X)","3,894","±162","3,894","(X)","6,871","±182","6,871","(X)","3,353","±364","3,353","(X)","3,176","±444","3,176","(X)","3,236","±315","3,236","(X)","2,549","±324","2,549","(X)","2,474","±271","2,474","(X)","3,785","±328","3,785","(X)","4,354","±329","4,354","(X)","3,415","±49","3,415","(X)","5,153","±36","5,153","(X)"
"        With a disability","338","±87","13.2%","±3.4","479","±158","16.7%","±5.1","542","±134","16.1%","±3.6","215","±61","11.8%","±3.6","597","±82","15.3%","±2.1","1,232","±318","17.9%","±4.6","767","±203","22.9%","±5.7","663","±192","20.9%","±5.6","610","±148","18.9%","±3.7","480","±201","18.8%","±7.0","519","±147","21.0%","±5.8","604","±174","16.0%","±4.4","716","±386","16.4%","±8.2","409","±102","12.0%","±3.0","670","±144","13.0%","±2.8"
"    Under 18 years","495","±106","495","(X)","631","±130","631","(X)","538","±121","538","(X)","282","±85","282","(X)","799","±105","799","(X)","1,348","±198","1,348","(X)","690","±167","690","(X)","910","±236","910","(X)","537","±130","537","(X)","548","±125","548","(X)","526","±116","526","(X)","773","±149","773","(X)","1,057","±262","1,057","(X)","774","±92","774","(X)","956","±132","956","(X)"
"        With a disability","26","±24","5.3%","±4.2","50","±69","7.9%","±10.4","0","±12","0.0%","±5.9","21","±17","7.4%","±6.2","22","±13","2.8%","±1.7","173","±152","12.8%","±10.2","52","±48","7.5%","±7.0","129","±100","14.2%","±10.9","28","±24","5.2%","±4.5","81","±79","14.8%","±14.7","40","±41","7.6%","±7.7","43","±43","5.6%","±5.5","232","±253","21.9%","±20.0","66","±60","8.5%","±7.8","49","±68","5.1%","±7.3"
"    18 to 64 years","1,394","±111","1,394","(X)","1,850","±138","1,850","(X)","2,019","±160","2,019","(X)","1,017","±118","1,017","(X)","2,338","±117","2,338","(X)","4,011","±251","4,011","(X)","2,077","±272","2,077","(X)","1,786","±314","1,786","(X)","2,227","±278","2,227","(X)","1,452","±239","1,452","(X)","1,641","±209","1,641","(X)","2,347","±230","2,347","(X)","2,506","±275","2,506","(X)","2,140","±132","2,140","(X)","3,304","±137","3,304","(X)"
"        With a disability","138","±56","9.9%","±3.9","303","±112","16.4%","±5.9","262","±82","13.0%","±3.8","107","±39","10.5%","±3.9","386","±64","16.5%","±2.6","598","±195","14.9%","±4.9","471","±160","22.7%","±7.2","359","±106","20.1%","±4.9","469","±137","21.1%","±4.7","230","±98","15.8%","±5.9","377","±134","23.0%","±7.5","262","±109","11.2%","±4.2","318","±178","12.7%","±7.0","226","±73","10.6%","±3.5","294","±108","8.9%","±3.3"
"    65 years and over","681","±130","681","(X)","380","±55","380","(X)","810","±142","810","(X)","521","±81","521","(X)","757","±78","757","(X)","1,512","±192","1,512","(X)","586","±127","586","(X)","480","±113","480","(X)","472","±78","472","(X)","549","±122","549","(X)","307","±62","307","(X)","665","±136","665","(X)","791","±171","791","(X)","501","±117","501","(X)","893","±89","893","(X)"
"        With a disability","174","±60","25.6%","±7.9","126","±56","33.2%","±13.5","280","±89","34.6%","±9.6","87","±42","16.7%","±7.0","189","±40","25.0%","±4.6","461","±143","30.5%","±9.0","244","±92","41.6%","±15.1","175","±89","36.5%","±17.2","113","±46","23.9%","±9.2","169","±111","30.8%","±16.7","102","±56","33.2%","±17.8","299","±103","45.0%","±10.9","166","±70","21.0%","±9.3","117","±66","23.4%","±11.2","327","±91","36.6%","±10.2"
"RESIDENCE 1 YEAR AGO","","","","","","","","","","","","","","","","","","","","","","","","","","","","","","","","","","","","","","","","","","","","","","","","","","","","","","","","","","","",""
"    Population 1 year and over","2,549","±17","2,549","(X)","2,844","±218","2,844","(X)","3,367","±219","3,367","(X)","1,807","±160","1,807","(X)","3,848","±159","3,848","(X)","7,351","±53","7,351","(X)","3,316","±362","3,316","(X)","3,038","±385","3,038","(X)","3,220","±314","3,220","(X)","2,571","±347","2,571","(X)","2,431","±267","2,431","(X)","3,755","±322","3,755","(X)","4,443","±324","4,443","(X)","3,442","±39","3,442","(X)","5,127","±49","5,127","(X)"
"        Same house","2,281","±141","89.5%","±5.4","2,622","±229","92.2%","±3.1","3,216","±242","95.5%","±5.7","1,753","±162","97.0%","±2.8","3,569","±153","92.7%","±2.2","6,831","±207","92.9%","±2.7","2,865","±326","86.4%","±6.3","2,718","±414","89.5%","±6.4","2,690","±305","83.5%","±7.4","2,113","±395","82.2%","±7.5","2,119","±292","87.2%","±6.7","3,048","±355","81.2%","±7.1","3,737","±399","84.1%","±8.5","3,003","±179","87.2%","±5.0","4,697","±218","91.6%","±4.2"
"        Different house in the U.S.","268","±138","10.5%","±5.4","222","±87","7.8%","±3.1","151","±194","4.5%","±5.7","54","±51","3.0%","±2.8","270","±88","7.0%","±2.2","520","±195","7.1%","±2.7","451","±227","13.6%","±6.3","320","±194","10.5%","±6.4","530","±254","16.5%","±7.4","458","±180","17.8%","±7.5","312","±166","12.8%","±6.7","652","±241","17.4%","±6.3","704","±395","15.8%","±8.5","412","±162","12.0%","±4.7","430","±217","8.4%","±4.2"
"            Same county","131","±103","5.1%","±4.0","184","±81","6.5%","±2.8","0","±12","0.0%","±1.0","42","±50","2.3%","±2.7","97","±55","2.5%","±1.4","159","±99","2.2%","±1.3","259","±134","7.8%","±3.9","294","±193","9.7%","±6.4","399","±237","12.4%","±7.1","222","±121","8.6%","±4.6","269","±159","11.1%","±6.5","412","±185","11.0%","±4.7","496","±381","11.2%","±8.2","205","±108","6.0%","±3.1","292","±190","5.7%","±3.7"
"            Different county","137","±80","5.4%","±3.2","38","±37","1.3%","±1.3","151","±194","4.5%","±5.7","12","±10","0.7%","±0.5","173","±71","4.5%","±1.8","361","±142","4.9%","±1.9","192","±202","5.8%","±5.9","26","±24","0.9%","±0.8","131","±100","4.1%","±3.0","236","±142","9.2%","±6.0","43","±40","1.8%","±1.6","240","±175","6.4%","±4.7","208","±135","4.7%","±3.1","207","±130","6.0%","±3.8","138","±80","2.7%","±1.6"
"                Same state","119","±74","4.7%","±2.9","38","±37","1.3%","±1.3","126","±191","3.7%","±5.6","9","±9","0.5%","±0.5","109","±58","2.8%","±1.5","344","±148","4.7%","±2.0","172","±200","5.2%","±5.9","6","±10","0.2%","±0.3","89","±86","2.8%","±2.6","236","±142","9.2%","±6.0","34","±37","1.4%","±1.5","183","±146","4.9%","±3.9","166","±122","3.7%","±2.8","182","±129","5.3%","±3.7","89","±65","1.7%","±1.3"
"                Different state","18","±23","0.7%","±0.9","0","±12","0.0%","±1.1","25","±39","0.7%","±1.2","3","±4","0.2%","±0.2","64","±43","1.7%","±1.1","17","±27","0.2%","±0.4","20","±24","0.6%","±0.7","20","±21","0.7%","±0.7","42","±52","1.3%","±1.6","0","±12","0.0%","±1.3","9","±15","0.4%","±0.6","57","±59","1.5%","±1.6","42","±53","0.9%","±1.2","25","±23","0.7%","±0.7","49","±48","1.0%","±0.9"
"        Abroad","0","±12","0.0%","±1.3","0","±12","0.0%","±1.1","0","±12","0.0%","±1.0","0","±12","0.0%","±1.8","9","±10","0.2%","±0.3","0","±17","0.0%","±0.4","0","±12","0.0%","±1.0","0","±12","0.0%","±1.1","0","±12","0.0%","±1.0","0","±12","0.0%","±1.3","0","±12","0.0%","±1.3","55","±74","1.5%","±1.9","2","±5","0.0%","±0.1","27","±50","0.8%","±1.4","0","±17","0.0%","±0.6"
"PLACE OF BIRTH","","","","","","","","","","","","","","","","","","","","","","","","","","","","","","","","","","","","","","","","","","","","","","","","","","","","","","","","","","","",""
"    Total population","2,570","±14","2,570","(X)","2,861","±220","2,861","(X)","3,367","±219","3,367","(X)","1,820","±160","1,820","(X)","3,894","±162","3,894","(X)","7,373","±42","7,373","(X)","3,353","±364","3,353","(X)","3,176","±444","3,176","(X)","3,245","±316","3,245","(X)","2,630","±327","2,630","(X)","2,474","±271","2,474","(X)","3,785","±328","3,785","(X)","4,450","±327","4,450","(X)","3,480","±23","3,480","(X)","5,168","±27","5,168","(X)"
"        Native","2,533","±30","98.6%","±1.0","2,845","±221","99.4%","±0.6","3,358","±220","99.7%","±0.4","1,747","±150","96.0%","±3.3","3,830","±157","98.4%","±0.9","7,290","±97","98.9%","±1.1","3,322","±363","99.1%","±1.0","3,158","±444","99.4%","±0.8","3,129","±326","96.4%","±2.2","2,596","±327","98.7%","±1.5","2,338","±265","94.5%","±4.2","3,615","±298","95.5%","±3.8","4,405","±311","99.0%","±1.2","3,435","±48","98.7%","±1.3","5,065","±67","98.0%","±1.2"
"            Born in United States","2,522","±32","98.1%","±1.1","2,845","±221","99.4%","±0.6","3,349","±218","99.5%","±0.6","1,716","±153","94.3%","±4.6","3,805","±156","97.7%","±1.0","7,233","±104","98.1%","±1.2","3,248","±376","96.9%","±2.1","3,158","±444","99.4%","±0.8","3,129","±326","96.4%","±2.2","2,563","±331","97.5%","±2.0","2,323","±265","93.9%","±4.3","3,500","±342","92.5%","±5.6","4,366","±317","98.1%","±1.7","3,424","±49","98.4%","±1.3","5,053","±74","97.8%","±1.4"
"                State of residence","2,261","±73","88.0%","±2.9","2,644","±204","92.4%","±2.6","3,009","±234","89.4%","±3.8","1,493","±143","82.0%","±5.0","3,327","±147","85.4%","±2.8","6,533","±250","88.6%","±3.3","2,944","±412","87.8%","±5.4","2,877","±428","90.6%","±3.1","2,892","±330","89.1%","±4.2","2,161","±390","82.2%","±6.7","2,111","±260","85.3%","±5.6","3,231","±335","85.4%","±5.4","4,104","±366","92.2%","±4.0","3,012","±147","86.6%","±4.2","4,588","±172","88.8%","±3.3"
"                Different state","261","±69","10.2%","±2.7","201","±79","7.0%","±2.6","340","±127","10.1%","±3.7","223","±52","12.3%","±2.7","478","±114","12.3%","±2.7","700","±226","9.5%","±3.1","304","±139","9.1%","±4.4","281","±98","8.8%","±3.0","237","±105","7.3%","±3.2","402","±143","15.3%","±6.2","212","±102","8.6%","±4.0","269","±86","7.1%","±2.3","262","±163","5.9%","±3.7","412","±128","11.8%","±3.7","465","±162","9.0%","±3.1"
"            Born in Puerto Rico, U.S. Island areas, or born abroad to American parent(s)","11","±10","0.4%","±0.4","0","±12","0.0%","±1.1","9","±14","0.3%","±0.4","31","±27","1.7%","±1.4","25","±19","0.6%","±0.5","57","±39","0.8%","±0.5","74","±59","2.2%","±1.8","0","±12","0.0%","±1.0","0","±12","0.0%","±1.0","33","±30","1.3%","±1.2","15","±27","0.6%","±1.1","115","±126","3.0%","±3.4","39","±54","0.9%","±1.2","11","±16","0.3%","±0.5","12","±16","0.2%","±0.3"
"        Foreign born","37","±26","1.4%","±1.0","16","±16","0.6%","±0.6","9","±15","0.3%","±0.4","73","±62","4.0%","±3.3","64","±37","1.6%","±0.9","83","±80","1.1%","±1.1","31","±32","0.9%","±1.0","18","±25","0.6%","±0.8","116","±70","3.6%","±2.2","34","±39","1.3%","±1.5","136","±105","5.5%","±4.2","170","±151","4.5%","±3.8","45","±54","1.0%","±1.2","45","±45","1.3%","±1.3","103","±64","2.0%","±1.2"
"U.S. CITIZENSHIP STATUS","","","","","","","","","","","","","","","","","","","","","","","","","","","","","","","","","","","","","","","","","","","","","","","","","","","","","","","","","","","",""
"    Foreign-born population","37","±26","37","(X)","16","±16","16","(X)","9","±15","9","(X)","73","±62","73","(X)","64","±37","64","(X)","83","±80","83","(X)","31","±32","31","(X)","18","±25","18","(X)","116","±70","116","(X)","34","±39","34","(X)","136","±105","136","(X)","170","±151","170","(X)","45","±54","45","(X)","45","±45","45","(X)","103","±64","103","(X)"
"        Naturalized U.S. citizen","23","±21","62.2%","±35.4","9","±12","56.3%","±50.4","9","±15","100.0%","±98.9","41","±38","56.2%","±18.0","28","±19","43.8%","±27.6","76","±80","91.6%","±19.7","28","±31","90.3%","±27.6","13","±17","72.2%","±23.9","116","±70","100.0%","±24.1","34","±39","100.0%","±50.9","128","±98","94.1%","±7.9","83","±67","48.8%","±27.6","43","±54","95.6%","±16.4","22","±31","48.9%","±51.1","88","±61","85.4%","±21.6"
"        Not a U.S. citizen","14","±16","37.8%","±35.4","7","±11","43.8%","±50.4","0","±12","0.0%","±98.9","32","±28","43.8%","±18.0","36","±32","56.3%","±27.6","7","±13","8.4%","±19.7","3","±8","9.7%","±27.6","5","±9","27.8%","±23.9","0","±12","0.0%","±24.1","0","±12","0.0%","±50.9","8","±13","5.9%","±7.9","87","±102","51.2%","±27.6","2","±5","4.4%","±16.4","23","±36","51.1%","±51.1","15","±20","14.6%","±21.6"
"YEAR OF ENTRY","","","","","","","","","","","","","","","","","","","","","","","","","","","","","","","","","","","","","","","","","","","","","","","","","","","","","","","","","","","",""
"    Population born outside the United States","48","±28","48","(X)","16","±16","16","(X)","18","±20","18","(X)","104","±86","104","(X)","89","±42","89","(X)","140","±87","140","(X)","105","±68","105","(X)","18","±25","18","(X)","116","±70","116","(X)","67","±51","67","(X)","151","±108","151","(X)","285","±215","285","(X)","84","±75","84","(X)","56","±47","56","(X)","115","±71","115","(X)"
"        Native","11","±10","11","(X)","0","±12","0","(X)","9","±14","9","(X)","31","±27","31","(X)","25","±19","25","(X)","57","±39","57","(X)","74","±59","74","(X)","0","±12","0","(X)","0","±12","0","(X)","33","±30","33","(X)","15","±27","15","(X)","115","±126","115","(X)","39","±54","39","(X)","11","±16","11","(X)","12","±16","12","(X)"
"            Entered 2010 or later","0","±12","0.0%","±89.4","0","±12","-","**","0","±12","0.0%","±98.9","26","±27","83.9%","±26.8","4","±6","16.0%","±24.4","0","±17","0.0%","±39.3","0","±12","0.0%","±33.8","0","±12","-","**","0","±12","-","**","0","±12","0.0%","±51.6","0","±12","0.0%","±76.6","19","±37","16.5%","±17.2","0","±12","0.0%","±47.5","0","±12","0.0%","±89.4","9","±16","75.0%","±51.7"
"            Entered before 2010","11","±10","100.0%","±89.4","0","±12","-","**","9","±14","100.0%","±98.9","5","±6","16.1%","±26.8","21","±18","84.0%","±24.4","57","±39","100.0%","±39.3","74","±59","100.0%","±33.8","0","±12","-","**","0","±12","-","**","33","±30","100.0%","±51.6","15","±27","100.0%","±76.6","96","±95","83.5%","±17.2","39","±54","100.0%","±47.5","11","±16","100.0%","±89.4","3","±5","25.0%","±51.7"
"        Foreign born","37","±26","37","(X)","16","±16","16","(X)","9","±15","9","(X)","73","±62","73","(X)","64","±37","64","(X)","83","±80","83","(X)","31","±32","31","(X)","18","±25","18","(X)","116","±70","116","(X)","34","±39","34","(X)","136","±105","136","(X)","170","±151","170","(X)","45","±54","45","(X)","45","±45","45","(X)","103","±64","103","(X)"
"            Entered 2010 or later","0","±12","0.0%","±48.8","2","±4","12.5%","±21.8","0","±12","0.0%","±98.9","44","±38","60.3%","±13.3","20","±24","31.3%","±28.8","0","±17","0.0%","±31.3","0","±12","0.0%","±53.3","0","±12","0.0%","±69.9","0","±12","0.0%","±24.1","0","±12","0.0%","±50.9","32","±50","23.5%","±28.4","18","±26","10.6%","±10.2","2","±5","4.4%","±16.4","0","±12","0.0%","±44.2","0","±17","0.0%","±26.5"
"            Entered before 2010","37","±26","100.0%","±48.8","14","±15","87.5%","±21.8","9","±15","100.0%","±98.9","29","±26","39.7%","±13.3","44","±28","68.8%","±28.8","83","±80","100.0%","±31.3","31","±32","100.0%","±53.3","18","±25","100.0%","±69.9","116","±70","100.0%","±24.1","34","±39","100.0%","±50.9","104","±81","76.5%","±28.4","152","±130","89.4%","±10.2","43","±54","95.6%","±16.4","45","±45","100.0%","±44.2","103","±64","100.0%","±26.5"
"WORLD REGION OF BIRTH OF FOREIGN BORN","","","","","","","","","","","","","","","","","","","","","","","","","","","","","","","","","","","","","","","","","","","","","","","","","","","","","","","","","","","",""
"    Foreign-born population, excluding population born at sea","37","±26","37","(X)","16","±16","16","(X)","9","±15","9","(X)","73","±62","73","(X)","64","±37","64","(X)","83","±80","83","(X)","31","±32","31","(X)","18","±25","18","(X)","116","±70","116","(X)","34","±39","34","(X)","136","±105","136","(X)","170","±151","170","(X)","45","±54","45","(X)","45","±45","45","(X)","103","±64","103","(X)"
"        Europe","37","±26","100.0%","±48.8","3","±4","18.8%","±26.3","9","±15","100.0%","±98.9","7","±8","9.6%","±18.7","5","±5","7.8%","±10.0","9","±13","10.8%","±20.9","28","±31","90.3%","±27.6","18","±25","100.0%","±69.9","20","±21","17.2%","±19.5","27","±36","79.4%","±35.2","33","±40","24.3%","±28.2","36","±27","21.2%","±28.2","39","±53","86.7%","±39.3","16","±20","35.6%","±41.8","33","±34","32.0%","±30.4"
"        Asia","0","±12","0.0%","±48.8","0","±12","0.0%","±74.1","0","±12","0.0%","±98.9","57","±62","78.1%","±36.0","17","±13","26.6%","±22.1","0","±17","0.0%","±31.3","3","±8","9.7%","±27.6","0","±12","0.0%","±69.9","66","±57","56.9%","±27.1","0","±12","0.0%","±50.9","103","±95","75.7%","±28.2","0","±12","0.0%","±17.3","0","±12","0.0%","±44.2","23","±36","51.1%","±51.1","62","±52","60.2%","±29.8"
"        Africa","0","±12","0.0%","±48.8","0","±12","0.0%","±74.1","0","±12","0.0%","±98.9","0","±12","0.0%","±34.1","0","±12","0.0%","±37.0","16","±26","19.3%","±33.4","0","±12","0.0%","±53.3","0","±12","0.0%","±69.9","0","±12","0.0%","±24.1","4","±7","11.8%","±24.5","0","±12","0.0%","±21.1","0","±12","0.0%","±17.3","0","±12","0.0%","±44.2","6","±14","13.3%","±26.8","0","±17","0.0%","±26.5"
"        Oceania","0","±12","0.0%","±48.8","0","±12","0.0%","±74.1","0","±12","0.0%","±98.9","0","±12","0.0%","±34.1","0","±12","0.0%","±37.0","0","±17","0.0%","±31.3","0","±12","0.0%","±53.3","0","±12","0.0%","±69.9","0","±12","0.0%","±24.1","0","±12","0.0%","±50.9","0","±12","0.0%","±21.1","0","±12","0.0%","±17.3","0","±12","0.0%","±44.2","0","±12","0.0%","±44.2","0","±17","0.0%","±26.5"
"        Latin America","0","±12","0.0%","±48.8","0","±12","0.0%","±74.1","0","±12","0.0%","±98.9","0","±12","0.0%","±34.1","36","±32","56.3%","±28.2","58","±77","69.9%","±40.8","0","±12","0.0%","±53.3","0","±12","0.0%","±69.9","0","±12","0.0%","±24.1","3","±6","8.8%","±28.1","0","±12","0.0%","±21.1","134","±151","78.8%","±28.2","6","±11","13.3%","±39.3","0","±12","0.0%","±44.2","0","±17","0.0%","±26.5"
"        Northern America","0","±12","0.0%","±48.8","13","±15","81.3%","±26.3","0","±12","0.0%","±98.9","9","±15","12.3%","±25.7","6","±8","9.4%","±10.8","0","±17","0.0%","±31.3","0","±12","0.0%","±53.3","0","±12","0.0%","±69.9","30","±33","25.9%","±27.7","0","±12","0.0%","±50.9","0","±12","0.0%","±21.1","0","±12","0.0%","±17.3","0","±12","0.0%","±44.2","0","±12","0.0%","±44.2","8","±9","7.8%","±8.9"
"LANGUAGE SPOKEN AT HOME","","","","","","","","","","","","","","","","","","","","","","","","","","","","","","","","","","","","","","","","","","","","","","","","","","","","","","","","","","","",""
"    Population 5 years and over","2,490","±34","2,490","(X)","2,717","±198","2,717","(X)","3,235","±231","3,235","(X)","1,783","±159","1,783","(X)","3,711","±155","3,711","(X)","7,213","±91","7,213","(X)","3,221","±361","3,221","(X)","2,884","±364","2,884","(X)","2,942","±303","2,942","(X)","2,464","±318","2,464","(X)","2,269","±239","2,269","(X)","3,680","±305","3,680","(X)","4,243","±334","4,243","(X)","3,319","±71","3,319","(X)","4,765","±123","4,765","(X)"
"        English only","2,467","±40","99.1%","±0.6","2,698","±198","99.3%","±0.5","3,161","±231","97.7%","±1.6","1,661","±153","93.2%","±5.5","3,584","±169","96.6%","±2.3","7,155","±96","99.2%","±0.5","3,054","±377","94.8%","±3.4","2,860","±364","99.2%","±0.9","2,868","±304","97.5%","±2.0","2,448","±321","99.4%","±1.0","2,153","±237","94.9%","±4.0","3,529","±354","95.9%","±4.4","4,063","±301","95.8%","±2.9","3,137","±101","94.5%","±2.8","4,619","±120","96.9%","±1.3"
"        Language other than English","23","±16","0.9%","±0.6","19","±15","0.7%","±0.5","74","±54","2.3%","±1.6","122","±101","6.8%","±5.5","127","±87","3.4%","±2.3","58","±38","0.8%","±0.5","167","±109","5.2%","±3.4","24","±25","0.8%","±0.9","74","±58","2.5%","±2.0","16","±25","0.6%","±1.0","116","±93","5.1%","±4.0","151","±163","4.1%","±4.4","180","±127","4.2%","±2.9","182","±95","5.5%","±2.8","146","±62","3.1%","±1.3"
"            Speak English less than ""very well""","0","±12","0.0%","±1.3","8","±8","0.3%","±0.3","12","±20","0.4%","±0.6","32","±30","1.8%","±1.7","38","±43","1.0%","±1.1","20","±23","0.3%","±0.3","57","±40","1.8%","±1.3","11","±17","0.4%","±0.6","62","±48","2.1%","±1.6","0","±12","0.0%","±1.3","53","±64","2.3%","±2.8","80","±114","2.2%","±3.1","68","±56","1.6%","±1.3","0","±12","0.0%","±1.0","44","±47","0.9%","±1.0"
"        Spanish","0","±12","0.0%","±1.3","11","±12","0.4%","±0.4","44","±45","1.4%","±1.4","0","±12","0.0%","±1.8","10","±11","0.3%","±0.3","58","±38","0.8%","±0.5","113","±109","3.5%","±3.4","24","±25","0.8%","±0.9","8","±14","0.3%","±0.5","16","±25","0.6%","±1.0","0","±12","0.0%","±1.4","119","±164","3.2%","±4.5","47","±67","1.1%","±1.6","79","±68","2.4%","±2.0","24","±27","0.5%","±0.6"
"            Speak English less than ""very well""","0","±12","0.0%","±1.3","3","±4","0.1%","±0.2","0","±12","0.0%","±1.0","0","±12","0.0%","±1.8","0","±12","0.0%","±0.9","20","±23","0.3%","±0.3","26","±32","0.8%","±1.0","11","±17","0.4%","±0.6","8","±14","0.3%","±0.5","0","±12","0.0%","±1.3","0","±12","0.0%","±1.4","68","±115","1.8%","±3.1","8","±13","0.2%","±0.3","0","±12","0.0%","±1.0","14","±21","0.3%","±0.4"
"        Other Indo-European languages","23","±16","0.9%","±0.6","3","±5","0.1%","±0.2","30","±28","0.9%","±0.9","122","±101","6.8%","±5.5","97","±86","2.6%","±2.3","0","±17","0.0%","±0.4","51","±39","1.6%","±1.2","0","±12","0.0%","±1.1","0","±12","0.0%","±1.1","0","±12","0.0%","±1.3","0","±12","0.0%","±1.4","32","±31","0.9%","±0.9","93","±100","2.2%","±2.3","71","±68","2.1%","±2.0","92","±51","1.9%","±1.1"
"            Speak English less than ""very well""","0","±12","0.0%","±1.3","0","±12","0.0%","±1.2","12","±20","0.4%","±0.6","32","±30","1.8%","±1.7","36","±43","1.0%","±1.1","0","±17","0.0%","±0.4","28","±31","0.9%","±1.0","0","±12","0.0%","±1.1","0","±12","0.0%","±1.1","0","±12","0.0%","±1.3","0","±12","0.0%","±1.4","12","±18","0.3%","±0.5","60","±57","1.4%","±1.3","0","±12","0.0%","±1.0","0","±17","0.0%","±0.7"
"        Asian and Pacific Islander languages","0","±12","0.0%","±1.3","5","±8","0.2%","±0.3","0","±12","0.0%","±1.0","0","±12","0.0%","±1.8","4","±6","0.1%","±0.2","0","±17","0.0%","±0.4","3","±8","0.1%","±0.3","0","±12","0.0%","±1.1","43","±44","1.5%","±1.5","0","±12","0.0%","±1.3","75","±79","3.3%","±3.4","0","±12","0.0%","±0.9","40","±65","0.9%","±1.5","23","±36","0.7%","±1.1","30","±42","0.6%","±0.9"
"            Speak English less than ""very well""","0","±12","0.0%","±1.3","5","±8","0.2%","±0.3","0","±12","0.0%","±1.0","0","±12","0.0%","±1.8","2","±3","0.1%","±0.1","0","±17","0.0%","±0.4","3","±8","0.1%","±0.3","0","±12","0.0%","±1.1","43","±44","1.5%","±1.5","0","±12","0.0%","±1.3","12","±21","0.5%","±0.9","0","±12","0.0%","±0.9","0","±12","0.0%","±0.8","0","±12","0.0%","±1.0","30","±42","0.6%","±0.9"
"        Other languages","0","±12","0.0%","±1.3","0","±12","0.0%","±1.2","0","±12","0.0%","±1.0","0","±12","0.0%","±1.8","16","±17","0.4%","±0.5","0","±17","0.0%","±0.4","0","±12","0.0%","±1.0","0","±12","0.0%","±1.1","23","±38","0.8%","±1.3","0","±12","0.0%","±1.3","41","±62","1.8%","±2.7","0","±12","0.0%","±0.9","0","±12","0.0%","±0.8","9","±14","0.3%","±0.4","0","±17","0.0%","±0.7"
"            Speak English less than ""very well""","0","±12","0.0%","±1.3","0","±12","0.0%","±1.2","0","±12","0.0%","±1.0","0","±12","0.0%","±1.8","0","±12","0.0%","±0.9","0","±17","0.0%","±0.4","0","±12","0.0%","±1.0","0","±12","0.0%","±1.1","11","±18","0.4%","±0.6","0","±12","0.0%","±1.3","41","±62","1.8%","±2.7","0","±12","0.0%","±0.9","0","±12","0.0%","±0.8","0","±12","0.0%","±1.0","0","±17","0.0%","±0.7"
"ANCESTRY","","","","","","","","","","","","","","","","","","","","","","","","","","","","","","","","","","","","","","","","","","","","","","","","","","","","","","","","","","","",""
"    Total population","2,570","±14","2,570","(X)","2,861","±220","2,861","(X)","3,367","±219","3,367","(X)","1,820","±160","1,820","(X)","3,894","±162","3,894","(X)","7,373","±42","7,373","(X)","3,353","±364","3,353","(X)","3,176","±444","3,176","(X)","3,245","±316","3,245","(X)","2,630","±327","2,630","(X)","2,474","±271","2,474","(X)","3,785","±328","3,785","(X)","4,450","±327","4,450","(X)","3,480","±23","3,480","(X)","5,168","±27","5,168","(X)"
"        American","908","±174","35.3%","±6.8","750","±245","26.2%","±8.2","901","±314","26.8%","±8.7","656","±127","36.0%","±6.1","1,043","±184","26.8%","±4.5","1,411","±517","19.1%","±7.0","890","±277","26.5%","±7.4","1,156","±539","36.4%","±14.2","800","±404","24.7%","±11.2","507","±270","19.3%","±9.7","645","±250","26.1%","±10.0","754","±313","19.9%","±8.2","949","±554","21.3%","±12.5","566","±236","16.3%","±6.8","1,706","±500","33.0%","±9.7"
"        Arab","0","±12","0.0%","±1.3","0","±12","0.0%","±1.1","45","±56","1.3%","±1.7","9","±12","0.5%","±0.7","16","±21","0.4%","±0.5","16","±24","0.2%","±0.3","0","±12","0.0%","±1.0","0","±12","0.0%","±1.0","33","±40","1.0%","±1.2","29","±45","1.1%","±1.7","52","±63","2.1%","±2.5","0","±12","0.0%","±0.9","0","±12","0.0%","±0.7","0","±12","0.0%","±0.9","0","±17","0.0%","±0.6"
"        Czech","2","±5","0.1%","±0.2","12","±14","0.4%","±0.5","20","±25","0.6%","±0.8","3","±4","0.2%","±0.2","14","±11","0.4%","±0.3","23","±26","0.3%","±0.4","0","±12","0.0%","±1.0","15","±17","0.5%","±0.6","0","±12","0.0%","±1.0","23","±22","0.9%","±0.8","7","±11","0.3%","±0.5","19","±23","0.5%","±0.6","5","±10","0.1%","±0.2","28","±44","0.8%","±1.3","3","±5","0.1%","±0.1"
"        Danish","0","±12","0.0%","±1.3","2","±4","0.1%","±0.1","0","±12","0.0%","±1.0","0","±12","0.0%","±1.8","6","±5","0.2%","±0.1","0","±17","0.0%","±0.4","0","±12","0.0%","±1.0","11","±13","0.3%","±0.4","9","±13","0.3%","±0.4","0","±12","0.0%","±1.2","7","±12","0.3%","±0.5","0","±12","0.0%","±0.9","0","±12","0.0%","±0.7","0","±12","0.0%","±0.9","0","±17","0.0%","±0.6"
"        Dutch","195","±123","7.6%","±4.8","133","±75","4.6%","±2.6","84","±54","2.5%","±1.6","36","±17","2.0%","±0.9","167","±49","4.3%","±1.3","470","±227","6.4%","±3.1","49","±43","1.5%","±1.3","150","±87","4.7%","±2.9","121","±65","3.7%","±2.0","101","±57","3.8%","±2.2","82","±48","3.3%","±1.9","88","±54","2.3%","±1.5","240","±162","5.4%","±3.6","152","±75","4.4%","±2.2","284","±200","5.5%","±3.9"
"        English","270","±81","10.5%","±3.1","550","±230","19.2%","±7.7","394","±141","11.7%","±4.2","115","±37","6.3%","±2.0","300","±90","7.7%","±2.3","1,003","±260","13.6%","±3.5","176","±86","5.2%","±2.6","101","±61","3.2%","±2.0","218","±88","6.7%","±2.7","335","±207","12.7%","±7.3","146","±69","5.9%","±2.8","368","±140","9.7%","±3.7","326","±135","7.3%","±3.1","176","±65","5.1%","±1.9","373","±166","7.2%","±3.2"
"        French (except Basque)","128","±49","5.0%","±1.9","110","±52","3.8%","±1.9","196","±99","5.8%","±3.0","95","±36","5.2%","±1.9","157","±62","4.0%","±1.6","224","±111","3.0%","±1.5","78","±57","2.3%","±1.7","160","±113","5.0%","±3.5","265","±182","8.2%","±5.6","234","±170","8.9%","±6.1","79","±54","3.2%","±2.2","177","±104","4.7%","±2.6","108","±88","2.4%","±2.0","188","±91","5.4%","±2.6","182","±110","3.5%","±2.1"
"        French Canadian","18","±19","0.7%","±0.7","38","±26","1.3%","±0.9","13","±16","0.4%","±0.5","17","±15","0.9%","±0.8","39","±21","1.0%","±0.5","62","±48","0.8%","±0.7","13","±21","0.4%","±0.6","16","±29","0.5%","±0.9","80","±56","2.5%","±1.7","17","±30","0.6%","±1.1","47","±70","1.9%","±2.8","47","±37","1.2%","±1.0","38","±42","0.9%","±1.0","125","±60","3.6%","±1.7","92","±77","1.8%","±1.5"
"        German","384","±113","14.9%","±4.4","507","±184","17.7%","±6.7","688","±174","20.4%","±4.9","173","±48","9.5%","±2.6","795","±149","20.4%","±3.7","1,177","±327","16.0%","±4.4","384","±155","11.5%","±4.7","508","±196","16.0%","±6.5","533","±151","16.4%","±4.7","465","±229","17.7%","±8.5","235","±105","9.5%","±4.1","368","±118","9.7%","±3.0","863","±424","19.4%","±8.7","475","±143","13.6%","±4.1","459","±169","8.9%","±3.3"
"        Greek","0","±12","0.0%","±1.3","0","±12","0.0%","±1.1","0","±12","0.0%","±1.0","11","±9","0.6%","±0.5","0","±12","0.0%","±0.8","0","±17","0.0%","±0.4","37","±54","1.1%","±1.6","0","±12","0.0%","±1.0","0","±12","0.0%","±1.0","0","±12","0.0%","±1.2","0","±12","0.0%","±1.3","0","±12","0.0%","±0.9","0","±12","0.0%","±0.7","21","±33","0.6%","±0.9","33","±48","0.6%","±0.9"
"        Hungarian","7","±10","0.3%","±0.4","0","±12","0.0%","±1.1","11","±18","0.3%","±0.5","0","±12","0.0%","±1.8","5","±6","0.1%","±0.2","0","±17","0.0%","±0.4","0","±12","0.0%","±1.0","0","±12","0.0%","±1.0","0","±12","0.0%","±1.0","0","±12","0.0%","±1.2","0","±12","0.0%","±1.3","0","±12","0.0%","±0.9","0","±12","0.0%","±0.7","0","±12","0.0%","±0.9","5","±7","0.1%","±0.1"
"        Irish","357","±126","13.9%","±4.9","402","±158","14.1%","±5.3","448","±170","13.3%","±5.2","174","±46","9.6%","±2.5","389","±99","10.0%","±2.6","753","±234","10.2%","±3.2","352","±153","10.5%","±4.4","424","±223","13.4%","±7.3","363","±100","11.2%","±3.1","306","±129","11.6%","±5.1","237","±125","9.6%","±4.8","560","±216","14.8%","±5.5","975","±481","21.9%","±10.0","307","±110","8.8%","±3.1","736","±234","14.2%","±4.5"
"        Italian","173","±68","6.7%","±2.6","462","±207","16.1%","±6.6","432","±160","12.8%","±4.8","235","±77","12.9%","±4.2","266","±64","6.8%","±1.6","1,183","±300","16.0%","±4.1","526","±174","15.7%","±5.3","413","±200","13.0%","±6.4","462","±175","14.2%","±5.4","560","±305","21.3%","±10.7","258","±118","10.4%","±4.7","581","±167","15.4%","±4.3","472","±226","10.6%","±5.2","784","±200","22.5%","±5.7","669","±304","12.9%","±5.9"
"        Lithuanian","7","±8","0.3%","±0.3","0","±12","0.0%","±1.1","8","±14","0.2%","±0.4","11","±17","0.6%","±0.9","29","±20","0.7%","±0.5","0","±17","0.0%","±0.4","64","±100","1.9%","±3.0","0","±12","0.0%","±1.0","21","±33","0.6%","±1.0","10","±12","0.4%","±0.5","0","±12","0.0%","±1.3","0","±12","0.0%","±0.9","20","±26","0.4%","±0.6","70","±56","2.0%","±1.6","4","±7","0.1%","±0.1"
"        Norwegian","4","±9","0.2%","±0.4","25","±25","0.9%","±0.9","0","±12","0.0%","±1.0","1","±3","0.1%","±0.2","2","±3","0.1%","±0.1","0","±17","0.0%","±0.4","0","±12","0.0%","±1.0","0","±12","0.0%","±1.0","28","±26","0.9%","±0.8","0","±12","0.0%","±1.2","12","±21","0.5%","±0.9","0","±12","0.0%","±0.9","0","±12","0.0%","±0.7","26","±39","0.7%","±1.1","2","±5","0.0%","±0.1"
"        Polish","115","±47","4.5%","±1.8","145","±66","5.1%","±2.3","316","±133","9.4%","±3.9","34","±16","1.9%","±0.9","190","±84","4.9%","±2.1","282","±137","3.8%","±1.9","103","±62","3.1%","±1.9","71","±48","2.2%","±1.5","124","±84","3.8%","±2.6","77","±51","2.9%","±2.0","50","±58","2.0%","±2.3","145","±84","3.8%","±2.2","241","±116","5.4%","±2.7","500","±161","14.4%","±4.6","433","±139","8.4%","±2.7"
"        Portuguese","0","±12","0.0%","±1.3","0","±12","0.0%","±1.1","0","±12","0.0%","±1.0","0","±12","0.0%","±1.8","4","±5","0.1%","±0.1","0","±17","0.0%","±0.4","0","±12","0.0%","±1.0","0","±12","0.0%","±1.0","0","±12","0.0%","±1.0","0","±12","0.0%","±1.2","0","±12","0.0%","±1.3","0","±12","0.0%","±0.9","0","±12","0.0%","±0.7","0","±12","0.0%","±0.9","0","±17","0.0%","±0.6"
"        Russian","5","±7","0.2%","±0.3","2","±4","0.1%","±0.1","0","±12","0.0%","±1.0","0","±12","0.0%","±1.8","9","±9","0.2%","±0.2","0","±17","0.0%","±0.4","1","±2","0.0%","±0.1","0","±12","0.0%","±1.0","0","±12","0.0%","±1.0","6","±10","0.2%","±0.4","8","±14","0.3%","±0.6","18","±20","0.5%","±0.5","18","±31","0.4%","±0.7","0","±12","0.0%","±0.9","0","±17","0.0%","±0.6"
"        Scotch-Irish","16","±14","0.6%","±0.6","4","±9","0.1%","±0.3","10","±13","0.3%","±0.4","18","±17","1.0%","±1.0","27","±21","0.7%","±0.5","22","±37","0.3%","±0.5","12","±18","0.4%","±0.5","9","±14","0.3%","±0.4","0","±12","0.0%","±1.0","0","±12","0.0%","±1.2","6","±11","0.2%","±0.4","13","±20","0.3%","±0.5","32","±37","0.7%","±0.8","0","±12","0.0%","±0.9","36","±36","0.7%","±0.7"
"        Scottish","34","±21","1.3%","±0.8","82","±59","2.9%","±2.1","35","±32","1.0%","±1.0","47","±25","2.6%","±1.4","67","±33","1.7%","±0.9","145","±120","2.0%","±1.6","70","±86","2.1%","±2.6","31","±32","1.0%","±1.0","31","±28","1.0%","±0.9","103","±62","3.9%","±2.3","60","±55","2.4%","±2.2","44","±50","1.2%","±1.3","54","±54","1.2%","±1.2","81","±57","2.3%","±1.6","34","±21","0.7%","±0.4"
"        Slovak","7","±9","0.3%","±0.4","10","±10","0.3%","±0.4","0","±12","0.0%","±1.0","16","±16","0.9%","±0.9","12","±8","0.3%","±0.2","119","±97","1.6%","±1.3","22","±24","0.7%","±0.7","33","±51","1.0%","±1.6","37","±42","1.1%","±1.3","14","±22","0.5%","±0.8","19","±26","0.8%","±1.0","65","±48","1.7%","±1.3","245","±144","5.5%","±3.3","0","±12","0.0%","±0.9","16","±26","0.3%","±0.5"
"        Subsaharan African","0","±12","0.0%","±1.3","0","±12","0.0%","±1.1","0","±12","0.0%","±1.0","0","±12","0.0%","±1.8","17","±20","0.4%","±0.5","16","±26","0.2%","±0.4","0","±12","0.0%","±1.0","29","±48","0.9%","±1.6","0","±12","0.0%","±1.0","0","±12","0.0%","±1.2","0","±12","0.0%","±1.3","0","±12","0.0%","±0.9","0","±12","0.0%","±0.7","18","±35","0.5%","±1.0","0","±17","0.0%","±0.6"
"        Swedish","22","±19","0.9%","±0.7","39","±46","1.4%","±1.6","65","±61","1.9%","±1.8","5","±6","0.3%","±0.3","23","±12","0.6%","±0.3","48","±39","0.7%","±0.5","35","±26","1.0%","±0.8","0","±12","0.0%","±1.0","19","±22","0.6%","±0.7","0","±12","0.0%","±1.2","10","±17","0.4%","±0.7","0","±12","0.0%","±0.9","0","±12","0.0%","±0.7","9","±14","0.3%","±0.4","22","±28","0.4%","±0.5"
"        Swiss","5","±7","0.2%","±0.3","5","±6","0.2%","±0.2","0","±12","0.0%","±1.0","0","±12","0.0%","±1.8","2","±3","0.1%","±0.1","33","±36","0.4%","±0.5","0","±12","0.0%","±1.0","10","±15","0.3%","±0.5","0","±12","0.0%","±1.0","0","±12","0.0%","±1.2","0","±12","0.0%","±1.3","0","±12","0.0%","±0.9","20","±30","0.4%","±0.7","0","±12","0.0%","±0.9","21","±31","0.4%","±0.6"
"        Ukrainian","20","±23","0.8%","±0.9","21","±23","0.7%","±0.8","31","±39","0.9%","±1.2","0","±12","0.0%","±1.8","8","±6","0.2%","±0.1","0","±17","0.0%","±0.4","0","±12","0.0%","±1.0","0","±12","0.0%","±1.0","10","±16","0.3%","±0.5","6","±12","0.2%","±0.4","0","±12","0.0%","±1.3","10","±16","0.3%","±0.4","33","±45","0.7%","±1.0","6","±11","0.2%","±0.3","34","±37","0.7%","±0.7"
"        Welsh","12","±17","0.5%","±0.7","6","±9","0.2%","±0.3","18","±20","0.5%","±0.6","11","±12","0.6%","±0.7","14","±12","0.4%","±0.3","34","±38","0.5%","±0.5","0","±12","0.0%","±1.0","0","±12","0.0%","±1.0","0","±12","0.0%","±1.0","14","±22","0.5%","±0.8","10","±16","0.4%","±0.6","12","±18","0.3%","±0.5","0","±12","0.0%","±0.7","25","±30","0.7%","±0.9","20","±26","0.4%","±0.5"
"        West Indian (excluding Hispanic origin groups)","0","±12","0.0%","±1.3","0","±12","0.0%","±1.1","0","±12","0.0%","±1.0","0","±12","0.0%","±1.8","22","±30","0.6%","±0.8","51","±76","0.7%","±1.0","1","±2","0.0%","±0.1","0","±12","0.0%","±1.0","0","±12","0.0%","±1.0","3","±6","0.1%","±0.2","0","±12","0.0%","±1.3","145","±207","3.8%","±5.3","0","±12","0.0%","±0.7","9","±19","0.3%","±0.6","0","±17","0.0%","±0.6"
"COMPUTERS AND INTERNET USE","","","","","","","","","","","","","","","","","","","","","","","","","","","","","","","","","","","","","","","","","","","","","","","","","","","","","","","","","","","",""
"    Total households","1,134","±83","1,134","(X)","1,169","±108","1,169","(X)","1,562","±138","1,562","(X)","863","±75","863","(X)","1,609","±101","1,609","(X)","3,004","±237","3,004","(X)","1,495","±161","1,495","(X)","1,126","±107","1,126","(X)","1,505","±127","1,505","(X)","1,017","±114","1,017","(X)","1,082","±116","1,082","(X)","1,526","±135","1,526","(X)","1,883","±152","1,883","(X)","1,374","±109","1,374","(X)","2,208","±155","2,208","(X)"
"        With a computer","982","±80","86.6%","±4.6","1,017","±101","87.0%","±5.9","1,303","±125","83.4%","±6.0","740","±79","85.7%","±5.3","1,294","±89","80.4%","±3.9","2,591","±239","86.3%","±4.8","1,204","±160","80.5%","±6.6","965","±109","85.7%","±6.8","1,298","±145","86.2%","±5.3","913","±119","89.8%","±5.5","882","±115","81.5%","±7.4","1,364","±150","89.4%","±5.2","1,741","±181","92.5%","±5.3","1,209","±110","88.0%","±5.8","1,988","±168","90.0%","±4.0"
"        With a broadband Internet subscription","838","±80","73.9%","±6.2","931","±110","79.6%","±7.6","1,138","±146","72.9%","±8.1","652","±82","75.6%","±6.6","987","±82","61.3%","±4.7","2,557","±251","85.1%","±5.2","1,060","±165","70.9%","±8.1","797","±119","70.8%","±9.1","1,181","±152","78.5%","±7.8","694","±92","68.2%","±10.3","768","±105","71.0%","±8.0","1,221","±141","80.0%","±6.0","1,623","±184","86.2%","±6.7","1,088","±99","79.2%","±6.7","1,835","±196","83.1%","±5.0"