"Label","Census Tract 9401, Genesee County, New York!!Estimate","Census Tract 9401, Genesee County, New York!!Margin of Error","Census Tract 9401, Genesee County, New York!!Percent","Census Tract 9401, Genesee County, New York!!Percent Margin of Error","Census Tract 9501, Genesee County, New York!!Estimate","Census Tract 9501, Genesee County, New York!!Margin of Error","Census Tract 9501, Genesee County, New York!!Percent","Census Tract 9501, Genesee County, New York!!Percent Margin of Error","Census Tract 9502, Genesee County, New York!!Estimate","Census Tract 9502, Genesee County, New York!!Margin of Error","Census Tract 9502, Genesee County, New York!!Percent","Census Tract 9502, Genesee County, New York!!Percent Margin of Error","Census Tract 9503, Genesee County, New York!!Estimate","Census Tract 9503, Genesee County, New York!!Margin of Error","Census Tract 9503, Genesee County, New York!!Percent","Census Tract 9503, Genesee County, New York!!Percent Margin of Error","Census Tract 9504, Genesee County, New York!!Estimate","Census Tract 9504, Genesee County, New York!!Margin of Error","Census Tract 9504, Genesee County, New York!!Percent","Census Tract 9504, Genesee County, New York!!Percent Margin of Error","Census Tract 9505, Genesee County, New York!!Estimate","Census Tract 9505, Genesee County, New York!!Margin of Error","Census Tract 9505, Genesee County, New York!!Percent","Census Tract 9505, Genesee County, New York!!Percent Margin of Error","Census Tract 9506, Genesee County, New York!!Estimate","Census Tract 9506, Genesee County, New York!!Margin of Error","Census Tract 9506, Genesee County, New York!!Percent","Census Tract 9506, Genesee County, New York!!Percent Margin of Error","Census Tract 9507, Genesee County, New York!!Estimate","Census Tract 9507, Genesee County, New York!!Margin of Error","Census Tract 9507, Genesee County, New York!!Percent","Census Tract 9507, Genesee County, New York!!Percent Margin of Error","Census Tract 9508, Genesee County, New York!!Estimate","Census Tract 9508, Genesee County, New York!!Margin of Error","Census Tract 9508, Genesee County, New York!!Percent","Census Tract 9508, Genesee County, New York!!Percent Margin of Error","Census Tract 9509, Genesee County, New York!!Estimate","Census Tract 9509, Genesee County, New York!!Margin of Error","Census Tract 9509, Genesee County, New York!!Percent","Census Tract 9509, Genesee County, New York!!Percent Margin of Error","Census Tract 9510, Genesee County, New York!!Estimate","Census Tract 9510, Genesee County, New York!!Margin of Error","Census Tract 9510, Genesee County, New York!!Percent","Census Tract 9510, Genesee County, New York!!Percent Margin of Error","Census Tract 9511, Genesee County, New York!!Estimate","Census Tract 9511, Genesee County, New York!!Margin of Error","Census Tract 9511, Genesee County, New York!!Percent","Census Tract 9511, Genesee County, New York!!Percent Margin of Error","Census Tract 9512, Genesee County, New York!!Estimate","Census Tract 9512, Genesee County, New York!!Margin of Error","Census Tract 9512, Genesee County, New York!!Percent","Census Tract 9512, Genesee County, New York!!Percent Margin of Error","Census Tract 9513, Genesee County, New York!!Estimate","Census Tract 9513, Genesee County, New York!!Margin of Error","Census Tract 9513, Genesee County, New York!!Percent","Census Tract 9513, Genesee County, New York!!Percent Margin of Error","Census Tract 9514, Genesee County, New York!!Estimate","Census Tract 9514, Genesee County, New York!!Margin of Error","Census Tract 9514, Genesee County, New York!!Percent","Census Tract 9514, Genesee County, New York!!Percent Margin of Error"
"HOUSEHOLDS BY TYPE","","","","","","","","","","","","","","","","","","","","","","","","","","","","","","","","","","","","","","","","","","","","","","","","","","","","","","","","","","","",""
"    Total households","243","±79","243","(X)","2,041","±105","2,041","(X)","2,020","±107","2,020","(X)","2,455","±150","2,455","(X)","3,016","±183","3,016","(X)","1,145","±89","1,145","(X)","892","±84","892","(X)","935","±124","935","(X)","1,071","±84","1,071","(X)","1,106","±100","1,106","(X)","1,038","±79","1,038","(X)","2,068","±126","2,068","(X)","1,964","±121","1,964","(X)","1,727","±94","1,727","(X)","2,038","±133","2,038","(X)"
"        Married-couple family","47","±23","19.3%","±10.1","1,050","±105","51.4%","±5.0","1,150","±93","56.9%","±4.6","1,292","±148","52.6%","±5.4","1,550","±161","51.4%","±6.0","485","±89","42.4%","±7.1","326","±52","36.5%","±6.6","218","±74","23.3%","±8.0","408","±76","38.1%","±7.1","377","±65","34.1%","±6.3","320","±76","30.8%","±7.1","1,200","±123","58.0%","±6.3","846","±92","43.1%","±4.9","1,037","±97","60.0%","±4.7","1,233","±114","60.5%","±5.5"
"            With own children of the householder under 18 years","0","±12","0.0%","±12.5","355","±68","17.4%","±3.4","384","±56","19.0%","±2.8","313","±86","12.7%","±3.3","558","±132","18.5%","±4.6","170","±49","14.8%","±4.2","124","±47","13.9%","±5.1","40","±35","4.3%","±3.7","105","±47","9.8%","±4.3","125","±50","11.3%","±4.6","140","±58","13.5%","±5.8","400","±73","19.3%","±3.4","372","±80","18.9%","±4.1","408","±66","23.6%","±3.4","434","±81","21.3%","±4.0"
"        Cohabiting couple household","44","±38","18.1%","±12.1","134","±47","6.6%","±2.3","181","±53","9.0%","±2.6","240","±76","9.8%","±3.1","108","±79","3.6%","±2.7","101","±62","8.8%","±5.4","121","±67","13.6%","±7.1","138","±68","14.8%","±7.2","132","±69","12.3%","±6.3","119","±65","10.8%","±6.0","118","±64","11.4%","±6.1","149","±63","7.2%","±3.0","201","±96","10.2%","±4.9","162","±59","9.4%","±3.5","129","±55","6.3%","±2.7"
"            With own children of the householder under 18 years","35","±36","14.4%","±11.8","42","±25","2.1%","±1.2","63","±34","3.1%","±1.7","114","±58","4.6%","±2.4","27","±42","0.9%","±1.4","46","±50","4.0%","±4.3","36","±40","4.0%","±4.4","82","±53","8.8%","±5.9","83","±64","7.7%","±5.9","12","±19","1.1%","±1.7","54","±38","5.2%","±3.7","36","±36","1.7%","±1.7","38","±23","1.9%","±1.2","64","±37","3.7%","±2.2","24","±24","1.2%","±1.2"
"        Male householder, no spouse/partner present","107","±58","44.0%","±15.4","417","±93","20.4%","±4.3","339","±88","16.8%","±4.0","418","±123","17.0%","±4.8","571","±193","18.9%","±5.8","233","±63","20.3%","±5.0","182","±72","20.4%","±7.3","297","±117","31.8%","±9.8","182","±74","17.0%","±6.9","290","±95","26.2%","±8.1","212","±76","20.4%","±7.2","318","±83","15.4%","±3.8","344","±104","17.5%","±5.1","219","±55","12.7%","±3.1","368","±97","18.1%","±4.3"
"            With own children of the householder under 18 years","13","±17","5.3%","±6.2","66","±70","3.2%","±3.4","48","±33","2.4%","±1.6","31","±24","1.3%","±1.0","27","±44","0.9%","±1.4","10","±15","0.9%","±1.3","0","±12","0.0%","±3.6","0","±12","0.0%","±3.4","9","±15","0.8%","±1.4","0","±12","0.0%","±2.9","0","±12","0.0%","±3.1","37","±32","1.8%","±1.6","17","±25","0.9%","±1.3","7","±10","0.4%","±0.5","20","±16","1.0%","±0.8"
"            Householder living alone","94","±53","38.7%","±15.3","255","±73","12.5%","±3.4","246","±80","12.2%","±3.7","325","±116","13.2%","±4.5","519","±183","17.2%","±5.5","191","±59","16.7%","±4.6","182","±72","20.4%","±7.3","264","±110","28.2%","±9.8","127","±76","11.9%","±7.0","247","±94","22.3%","±8.0","182","±74","17.5%","±7.2","249","±72","12.0%","±3.2","254","±89","12.9%","±4.3","159","±46","9.2%","±2.6","291","±93","14.3%","±4.1"
"                65 years and over","25","±13","10.3%","±6.3","74","±36","3.6%","±1.7","105","±51","5.2%","±2.5","50","±29","2.0%","±1.2","193","±102","6.4%","±3.3","54","±29","4.7%","±2.5","64","±31","7.2%","±3.5","48","±29","5.1%","±3.1","21","±20","2.0%","±1.8","103","±59","9.3%","±5.3","42","±31","4.0%","±3.0","53","±35","2.6%","±1.7","121","±58","6.2%","±2.9","72","±32","4.2%","±1.9","64","±41","3.1%","±2.0"
"        Female householder, no spouse/partner present","45","±26","18.5%","±10.8","440","±83","21.6%","±3.7","350","±70","17.3%","±3.3","505","±138","20.6%","±5.4","787","±191","26.1%","±5.9","326","±69","28.5%","±5.8","263","±49","29.5%","±5.2","282","±79","30.2%","±8.5","349","±101","32.6%","±8.8","320","±111","28.9%","±9.1","388","±105","37.4%","±9.6","401","±105","19.4%","±4.5","573","±112","29.2%","±5.1","309","±66","17.9%","±3.6","308","±81","15.1%","±3.7"
"            With own children of the householder under 18 years","0","±12","0.0%","±12.5","50","±28","2.4%","±1.4","43","±19","2.1%","±0.9","60","±43","2.4%","±1.8","73","±65","2.4%","±2.2","58","±35","5.1%","±3.1","35","±25","3.9%","±2.8","101","±61","10.8%","±6.6","104","±73","9.7%","±6.7","24","±24","2.2%","±2.1","77","±59","7.4%","±5.6","28","±28","1.4%","±1.3","99","±47","5.0%","±2.4","24","±17","1.4%","±1.0","68","±35","3.3%","±1.7"
"            Householder living alone","24","±19","9.9%","±7.5","275","±63","13.5%","±2.9","237","±61","11.7%","±2.9","336","±139","13.7%","±5.5","511","±182","16.9%","±5.5","219","±65","19.1%","±5.4","186","±48","20.9%","±5.1","141","±67","15.1%","±6.7","193","±65","18.0%","±5.8","231","±96","20.9%","±8.1","265","±92","25.5%","±8.7","288","±83","13.9%","±3.6","375","±105","19.1%","±4.9","212","±46","12.3%","±2.5","191","±68","9.4%","±3.2"
"                65 years and over","10","±12","4.1%","±4.8","230","±57","11.3%","±2.6","127","±39","6.3%","±1.9","185","±97","7.5%","±3.8","249","±116","8.3%","±3.7","155","±50","13.5%","±4.3","114","±36","12.8%","±3.9","60","±44","6.4%","±4.6","130","±51","12.1%","±4.5","59","±36","5.3%","±3.3","111","±49","10.7%","±4.7","168","±66","8.1%","±2.9","215","±87","10.9%","±4.3","128","±33","7.4%","±1.8","162","±68","7.9%","±3.2"
"        Households with one or more people under 18 years","48","±45","19.8%","±13.9","575","±78","28.2%","±3.8","596","±71","29.5%","±3.3","607","±85","24.7%","±3.1","722","±107","23.9%","±3.9","291","±72","25.4%","±6.4","242","±74","27.1%","±7.6","238","±65","25.5%","±7.3","331","±82","30.9%","±6.9","161","±55","14.6%","±4.9","276","±81","26.6%","±7.7","554","±72","26.8%","±3.4","649","±90","33.0%","±4.8","544","±83","31.5%","±4.4","627","±70","30.8%","±3.4"
"        Households with one or more people 65 years and over","99","±27","40.7%","±13.3","645","±68","31.6%","±2.9","603","±61","29.9%","±2.8","761","±92","31.0%","±3.5","920","±156","30.5%","±4.7","351","±46","30.7%","±3.8","307","±34","34.4%","±3.9","184","±33","19.7%","±3.6","337","±70","31.5%","±6.9","373","±59","33.7%","±5.5","262","±48","25.2%","±4.7","644","±81","31.1%","±3.2","618","±93","31.5%","±4.5","546","±66","31.6%","±3.3","689","±104","33.8%","±4.8"
"        Average household size","1.88","±0.39","(X)","(X)","2.45","±0.11","(X)","(X)","2.61","±0.11","(X)","(X)","2.46","±0.12","(X)","(X)","2.26","±0.14","(X)","(X)","2.19","±0.18","(X)","(X)","2.19","±0.16","(X)","(X)","2.30","±0.25","(X)","(X)","2.42","±0.23","(X)","(X)","2.10","±0.19","(X)","(X)","2.39","±0.23","(X)","(X)","2.39","±0.12","(X)","(X)","2.33","±0.14","(X)","(X)","2.54","±0.13","(X)","(X)","2.71","±0.14","(X)","(X)"
"        Average family size","2.59","±0.56","(X)","(X)","2.94","±0.16","(X)","(X)","3.10","±0.13","(X)","(X)","2.95","±0.16","(X)","(X)","2.94","±0.14","(X)","(X)","2.88","±0.19","(X)","(X)","3.05","±0.22","(X)","(X)","3.22","±0.42","(X)","(X)","2.77","±0.27","(X)","(X)","3.01","±0.34","(X)","(X)","3.41","±0.38","(X)","(X)","2.89","±0.14","(X)","(X)","3.04","±0.19","(X)","(X)","2.89","±0.14","(X)","(X)","3.24","±0.17","(X)","(X)"
"RELATIONSHIP","","","","","","","","","","","","","","","","","","","","","","","","","","","","","","","","","","","","","","","","","","","","","","","","","","","","","","","","","","","",""
"    Population in households","458","±146","458","(X)","4,994","±211","4,994","(X)","5,279","±239","5,279","(X)","6,046","±277","6,046","(X)","6,816","±34","6,816","(X)","2,508","±235","2,508","(X)","1,952","±191","1,952","(X)","2,146","±269","2,146","(X)","2,589","±285","2,589","(X)","2,325","±202","2,325","(X)","2,478","±255","2,478","(X)","4,951","±265","4,951","(X)","4,576","±146","4,576","(X)","4,394","±230","4,394","(X)","5,525","±230","5,525","(X)"
"        Householder","243","±79","53.1%","±10.8","2,041","±105","40.9%","±1.8","2,020","±107","38.3%","±1.7","2,455","±150","40.6%","±2.0","3,016","±183","44.2%","±2.7","1,145","±89","45.7%","±3.8","892","±84","45.7%","±3.3","935","±124","43.6%","±4.9","1,071","±84","41.4%","±3.9","1,106","±100","47.6%","±4.3","1,038","±79","41.9%","±4.0","2,068","±126","41.8%","±2.1","1,964","±121","42.9%","±2.6","1,727","±94","39.3%","±2.0","2,038","±133","36.9%","±2.0"
"        Spouse","47","±24","10.3%","±4.9","1,049","±91","21.0%","±1.9","1,153","±90","21.8%","±1.7","1,316","±143","21.8%","±2.2","1,549","±179","22.7%","±2.6","479","±89","19.1%","±3.4","341","±60","17.5%","±3.2","218","±70","10.2%","±3.5","399","±73","15.4%","±2.9","386","±65","16.6%","±2.5","327","±71","13.2%","±2.7","1,167","±120","23.6%","±2.3","852","±93","18.6%","±1.8","1,017","±90","23.1%","±2.1","1,245","±104","22.5%","±1.6"
"        Unmarried partner","31","±20","6.8%","±4.2","140","±49","2.8%","±1.0","180","±50","3.4%","±0.9","255","±82","4.2%","±1.3","115","±84","1.7%","±1.2","93","±59","3.7%","±2.2","85","±42","4.4%","±2.0","151","±75","7.0%","±3.3","143","±82","5.5%","±3.0","138","±76","5.9%","±3.2","132","±72","5.3%","±2.8","166","±82","3.4%","±1.6","153","±59","3.3%","±1.3","162","±57","3.7%","±1.2","131","±56","2.4%","±1.0"
"        Child","137","±85","29.9%","±11.8","1,456","±154","29.2%","±2.6","1,555","±161","29.5%","±2.4","1,597","±138","26.4%","±2.1","1,704","±234","25.0%","±3.4","671","±141","26.8%","±4.0","525","±111","26.9%","±4.2","728","±210","33.9%","±7.1","676","±175","26.1%","±5.4","525","±125","22.6%","±4.2","818","±210","33.0%","±6.0","1,314","±179","26.5%","±2.9","1,300","±164","28.4%","±3.3","1,195","±149","27.2%","±2.7","1,752","±176","31.7%","±2.8"
"        Other relatives","0","±12","0.0%","±6.8","159","±67","3.2%","±1.3","249","±90","4.7%","±1.7","337","±140","5.6%","±2.2","343","±204","5.0%","±3.0","114","±77","4.5%","±3.0","46","±28","2.4%","±1.3","31","±31","1.4%","±1.4","126","±94","4.9%","±3.6","110","±81","4.7%","±3.4","96","±80","3.9%","±3.3","139","±81","2.8%","±1.6","181","±92","4.0%","±2.0","149","±58","3.4%","±1.3","239","±103","4.3%","±1.9"
"        Other nonrelatives","0","±12","0.0%","±6.8","149","±72","3.0%","±1.4","122","±49","2.3%","±0.9","86","±47","1.4%","±0.7","89","±74","1.3%","±1.1","6","±11","0.2%","±0.5","63","±57","3.2%","±2.9","83","±48","3.9%","±2.3","174","±168","6.7%","±6.3","60","±49","2.6%","±2.1","67","±43","2.7%","±1.7","97","±65","2.0%","±1.3","126","±86","2.8%","±1.9","144","±69","3.3%","±1.6","120","±63","2.2%","±1.1"
"MARITAL STATUS","","","","","","","","","","","","","","","","","","","","","","","","","","","","","","","","","","","","","","","","","","","","","","","","","","","","","","","","","","","",""
"    Males 15 years and over","281","±104","281","(X)","2,143","±145","2,143","(X)","2,133","±109","2,133","(X)","2,612","±220","2,612","(X)","3,078","±243","3,078","(X)","1,183","±149","1,183","(X)","952","±100","952","(X)","750","±156","750","(X)","1,032","±158","1,032","(X)","1,056","±117","1,056","(X)","834","±131","834","(X)","2,064","±169","2,064","(X)","1,876","±141","1,876","(X)","1,820","±137","1,820","(X)","2,282","±157","2,282","(X)"
"        Never married","176","±73","62.6%","±10.7","683","±122","31.9%","±4.6","662","±108","31.0%","±4.3","868","±170","33.2%","±5.1","1,016","±232","33.0%","±6.1","372","±102","31.4%","±6.8","359","±98","37.7%","±8.5","369","±104","49.2%","±9.1","349","±115","33.8%","±10.2","425","±110","40.2%","±8.1","348","±112","41.7%","±10.5","572","±161","27.7%","±6.3","717","±146","38.2%","±6.3","502","±97","27.6%","±4.1","682","±124","29.9%","±4.5"
"        Now married, except separated","79","±39","28.1%","±9.4","1,151","±116","53.7%","±4.7","1,186","±96","55.6%","±4.4","1,358","±135","52.0%","±4.9","1,607","±168","52.2%","±6.6","553","±98","46.7%","±8.0","381","±67","40.0%","±7.7","203","±66","27.1%","±8.7","457","±90","44.3%","±8.8","407","±64","38.5%","±7.0","337","±74","40.4%","±9.0","1,225","±119","59.4%","±6.8","903","±101","48.1%","±5.6","1,086","±100","59.7%","±5.5","1,291","±112","56.6%","±4.5"
"        Separated","0","±12","0.0%","±10.9","2","±5","0.1%","±0.2","42","±32","2.0%","±1.5","52","±32","2.0%","±1.2","182","±110","5.9%","±3.5","18","±20","1.5%","±1.8","11","±12","1.2%","±1.3","0","±12","0.0%","±4.2","7","±10","0.7%","±1.0","11","±16","1.0%","±1.5","51","±47","6.1%","±5.5","10","±12","0.5%","±0.6","0","±12","0.0%","±1.7","34","±33","1.9%","±1.8","2","±3","0.1%","±0.1"
"        Widowed","0","±12","0.0%","±10.9","36","±24","1.7%","±1.1","58","±34","2.7%","±1.6","58","±36","2.2%","±1.4","85","±60","2.8%","±2.0","106","±64","9.0%","±4.9","54","±44","5.7%","±4.6","8","±12","1.1%","±1.6","21","±19","2.0%","±1.8","85","±60","8.0%","±5.4","10","±13","1.2%","±1.6","28","±21","1.4%","±1.0","41","±28","2.2%","±1.5","30","±16","1.6%","±0.9","93","±44","4.1%","±1.9"
"        Divorced","26","±28","9.3%","±9.4","271","±90","12.6%","±4.2","185","±50","8.7%","±2.4","276","±96","10.6%","±3.4","188","±113","6.1%","±3.5","134","±52","11.3%","±4.2","147","±79","15.4%","±7.9","170","±86","22.7%","±9.2","198","±151","19.2%","±13.6","128","±69","12.1%","±6.3","88","±58","10.6%","±6.8","229","±83","11.1%","±4.0","215","±91","11.5%","±4.7","168","±48","9.2%","±2.5","214","±71","9.4%","±3.0"
"    Females 15 years and over","134","±47","134","(X)","2,129","±146","2,129","(X)","2,128","±140","2,128","(X)","2,607","±150","2,607","(X)","2,907","±221","2,907","(X)","1,074","±100","1,074","(X)","790","±87","790","(X)","863","±135","863","(X)","1,266","±174","1,266","(X)","1,058","±133","1,058","(X)","1,221","±206","1,221","(X)","2,104","±167","2,104","(X)","1,894","±139","1,894","(X)","1,762","±114","1,762","(X)","2,128","±154","2,128","(X)"
"        Never married","42","±26","31.3%","±16.1","558","±122","26.2%","±4.6","496","±97","23.3%","±3.7","611","±125","23.4%","±4.4","640","±196","22.0%","±5.9","263","±80","24.5%","±6.3","154","±47","19.5%","±5.0","319","±107","37.0%","±9.4","455","±131","35.9%","±7.7","372","±111","35.2%","±8.7","531","±170","43.5%","±9.0","477","±135","22.7%","±5.4","522","±115","27.6%","±5.4","333","±80","18.9%","±4.0","479","±102","22.5%","±3.8"
"        Now married, except separated","52","±28","38.8%","±15.8","1,078","±96","50.6%","±5.2","1,182","±91","55.5%","±4.4","1,364","±134","52.3%","±5.6","1,652","±176","56.8%","±5.8","476","±86","44.3%","±7.6","357","±57","45.2%","±7.1","257","±93","29.8%","±10.6","427","±72","33.7%","±6.3","399","±67","37.7%","±6.6","330","±75","27.0%","±7.2","1,209","±115","57.5%","±5.2","853","±95","45.0%","±4.9","1,027","±90","58.3%","±5.4","1,292","±115","60.7%","±5.0"
"        Separated","13","±15","9.7%","±10.8","23","±14","1.1%","±0.7","36","±15","1.7%","±0.7","47","±39","1.8%","±1.5","55","±59","1.9%","±2.0","38","±29","3.5%","±2.8","33","±25","4.2%","±3.1","34","±41","3.9%","±4.8","30","±39","2.4%","±3.1","34","±48","3.2%","±4.5","35","±30","2.9%","±2.4","11","±13","0.5%","±0.6","53","±47","2.8%","±2.5","13","±10","0.7%","±0.6","74","±62","3.5%","±2.9"
"        Widowed","18","±16","13.4%","±9.8","253","±82","11.9%","±3.6","259","±64","12.2%","±2.8","346","±136","13.3%","±4.9","211","±108","7.3%","±3.6","152","±51","14.2%","±4.7","75","±31","9.5%","±3.7","99","±53","11.5%","±6.1","145","±76","11.5%","±5.6","67","±38","6.3%","±3.7","135","±47","11.1%","±3.9","243","±94","11.5%","±4.3","134","±68","7.1%","±3.5","222","±70","12.6%","±3.7","142","±47","6.7%","±2.1"
"        Divorced","9","±11","6.7%","±7.6","217","±66","10.2%","±3.0","155","±55","7.3%","±2.5","239","±81","9.2%","±3.0","349","±146","12.0%","±5.2","145","±69","13.5%","±6.2","171","±51","21.6%","±5.8","154","±64","17.8%","±6.8","209","±96","16.5%","±7.1","186","±84","17.6%","±7.4","190","±86","15.6%","±6.5","164","±66","7.8%","±3.2","332","±121","17.5%","±6.2","167","±49","9.5%","±2.7","141","±44","6.6%","±2.0"
"FERTILITY","","","","","","","","","","","","","","","","","","","","","","","","","","","","","","","","","","","","","","","","","","","","","","","","","","","","","","","","","","","",""
"    Number of women 15 to 50 years old who had a birth in the past 12 months","14","±15","14","(X)","82","±46","82","(X)","62","±27","62","(X)","67","±42","67","(X)","36","±45","36","(X)","12","±15","12","(X)","18","±22","18","(X)","78","±50","78","(X)","30","±39","30","(X)","61","±57","61","(X)","27","±29","27","(X)","46","±41","46","(X)","42","±31","42","(X)","57","±26","57","(X)","82","±35","82","(X)"
"        Unmarried women (widowed, divorced, and never married)","14","±15","100.0%","±79.3","18","±22","22.0%","±25.3","8","±9","12.9%","±13.1","46","±39","68.7%","±27.5","0","±17","0.0%","±49.4","4","±8","33.3%","±66.4","0","±12","0.0%","±69.9","46","±45","59.0%","±36.7","0","±12","0.0%","±54.1","35","±51","57.4%","±53.4","13","±18","48.1%","±51.9","0","±12","0.0%","±43.7","12","±17","28.6%","±36.8","10","±10","17.5%","±15.4","15","±22","18.3%","±23.9"
"            Per 1,000 unmarried women","333","±302","(X)","(X)","30","±35","(X)","(X)","15","±18","(X)","(X)","69","±59","(X)","(X)","0","±57","(X)","(X)","12","±23","(X)","(X)","0","±198","(X)","(X)","111","±113","(X)","(X)","0","±65","(X)","(X)","98","±139","(X)","(X)","23","±32","(X)","(X)","0","±64","(X)","(X)","21","±30","(X)","(X)","30","±31","(X)","(X)","29","±41","(X)","(X)"
"        Per 1,000 women 15 to 50 years old","333","±302","(X)","(X)","77","±45","(X)","(X)","60","±27","(X)","(X)","55","±34","(X)","(X)","30","±37","(X)","(X)","19","±24","(X)","(X)","54","±66","(X)","(X)","140","±94","(X)","(X)","45","±60","(X)","(X)","115","±107","(X)","(X)","34","±38","(X)","(X)","46","±42","(X)","(X)","41","±31","(X)","(X)","69","±31","(X)","(X)","79","±35","(X)","(X)"
"        Per 1,000 women 15 to 19 years old","-","**","(X)","(X)","0","±176","(X)","(X)","0","±269","(X)","(X)","0","±132","(X)","(X)","0","±150","(X)","(X)","0","±393","(X)","(X)","0","±407","(X)","(X)","0","±305","(X)","(X)","0","±231","(X)","(X)","0","±351","(X)","(X)","0","±367","(X)","(X)","0","±229","(X)","(X)","0","±252","(X)","(X)","0","±351","(X)","(X)","0","±171","(X)","(X)"
"        Per 1,000 women 20 to 34 years old","333","±302","(X)","(X)","146","±81","(X)","(X)","111","±51","(X)","(X)","162","±94","(X)","(X)","44","±72","(X)","(X)","41","±55","(X)","(X)","38","±78","(X)","(X)","219","±163","(X)","(X)","128","±168","(X)","(X)","62","±98","(X)","(X)","35","±54","(X)","(X)","55","±67","(X)","(X)","53","±55","(X)","(X)","136","±61","(X)","(X)","160","±92","(X)","(X)"
"        Per 1,000 women 35 to 50 years old","-","**","(X)","(X)","38","±48","(X)","(X)","23","±16","(X)","(X)","5","±9","(X)","(X)","31","±54","(X)","(X)","0","±112","(X)","(X)","88","±122","(X)","(X)","62","±101","(X)","(X)","0","±99","(X)","(X)","201","±206","(X)","(X)","42","±65","(X)","(X)","48","±68","(X)","(X)","37","±40","(X)","(X)","24","±25","(X)","(X)","41","±48","(X)","(X)"
"GRANDPARENTS","","","","","","","","","","","","","","","","","","","","","","","","","","","","","","","","","","","","","","","","","","","","","","","","","","","","","","","","","","","",""
"    Number of grandparents living with own grandchildren under 18 years","0","±12","0","(X)","85","±57","85","(X)","91","±59","91","(X)","159","±79","159","(X)","93","±95","93","(X)","42","±47","42","(X)","25","±24","25","(X)","0","±12","0","(X)","80","±71","80","(X)","0","±12","0","(X)","0","±12","0","(X)","73","±74","73","(X)","90","±55","90","(X)","41","±35","41","(X)","109","±58","109","(X)"
"        Grandparents responsible for grandchildren","0","±12","-","**","27","±35","31.8%","±34.4","5","±6","5.5%","±8.2","71","±54","44.7%","±21.3","47","±55","50.5%","±30.2","7","±12","16.7%","±34.2","11","±14","44.0%","±32.6","0","±12","-","**","44","±53","55.0%","±44.3","0","±12","-","**","0","±12","-","**","68","±73","93.2%","±13.6","24","±35","26.7%","±34.4","12","±11","29.3%","±32.8","35","±24","32.1%","±26.4"
"        Years responsible for grandchildren","","","","","","","","","","","","","","","","","","","","","","","","","","","","","","","","","","","","","","","","","","","","","","","","","","","","","","","","","","","",""
"            Less than 1 year","0","±12","-","**","27","±35","31.8%","±34.4","3","±4","3.3%","±5.1","15","±23","9.4%","±12.9","0","±17","0.0%","±28.7","0","±12","0.0%","±45.8","5","±9","20.0%","±23.6","0","±12","-","**","0","±12","0.0%","±32.1","0","±12","-","**","0","±12","-","**","0","±12","0.0%","±34.1","0","±12","0.0%","±29.4","0","±12","0.0%","±46.3","15","±19","13.8%","±16.7"
"            1 or 2 years","0","±12","-","**","0","±17","0.0%","±30.7","0","±17","0.0%","±29.2","21","±22","13.2%","±14.7","22","±39","23.7%","±42.3","0","±12","0.0%","±45.8","6","±9","24.0%","±37.7","0","±12","-","**","0","±12","0.0%","±32.1","0","±12","-","**","0","±12","-","**","33","±49","45.2%","±54.8","0","±12","0.0%","±29.4","0","±12","0.0%","±46.3","3","±5","2.8%","±4.4"
"            3 or 4 years","0","±12","-","**","0","±17","0.0%","±30.7","0","±17","0.0%","±29.2","0","±17","0.0%","±18.4","0","±17","0.0%","±28.7","7","±12","16.7%","±34.2","0","±12","0.0%","±59.3","0","±12","-","**","32","±50","40.0%","±46.9","0","±12","-","**","0","±12","-","**","18","±28","24.7%","±28.6","0","±12","0.0%","±29.4","3","±5","7.3%","±13.3","0","±17","0.0%","±25.3"
"            5 or more years","0","±12","-","**","0","±17","0.0%","±30.7","2","±5","2.2%","±6.0","35","±45","22.0%","±24.1","25","±40","26.9%","±26.1","0","±12","0.0%","±45.8","0","±12","0.0%","±59.3","0","±12","-","**","12","±18","15.0%","±25.5","0","±12","-","**","0","±12","-","**","17","±27","23.3%","±26.9","24","±35","26.7%","±34.4","9","±10","22.0%","±27.8","17","±15","15.6%","±18.0"
"    Number of grandparents responsible for own grandchildren under 18 years","0","±12","0","(X)","27","±35","27","(X)","5","±6","5","(X)","71","±54","71","(X)","47","±55","47","(X)","7","±12","7","(X)","11","±14","11","(X)","0","±12","0","(X)","44","±53","44","(X)","0","±12","0","(X)","0","±12","0","(X)","68","±73","68","(X)","24","±35","24","(X)","12","±11","12","(X)","35","±24","35","(X)"
"        Who are female","0","±12","-","**","14","±18","51.9%","±7.6","5","±6","100.0%","±100.0","34","±28","47.9%","±21.6","11","±20","23.4%","±31.7","7","±12","100.0%","±100.0","3","±5","27.3%","±27.8","0","±12","-","**","38","±51","86.4%","±26.3","0","±12","-","**","0","±12","-","**","34","±37","50.0%","±3.6","0","±12","0.0%","±60.5","12","±11","100.0%","±85.6","11","±13","31.4%","±32.7"
"        Who are married","0","±12","-","**","27","±35","100.0%","±57.1","3","±4","60.0%","±60.0","39","±48","54.9%","±42.4","47","±55","100.0%","±43.3","0","±12","0.0%","±100.0","11","±14","100.0%","±89.4","0","±12","-","**","12","±18","27.3%","±52.5","0","±12","-","**","0","±12","-","**","68","±73","100.0%","±35.7","0","±12","0.0%","±60.5","0","±12","0.0%","±85.6","25","±21","71.4%","±31.7"
"SCHOOL ENROLLMENT","","","","","","","","","","","","","","","","","","","","","","","","","","","","","","","","","","","","","","","","","","","","","","","","","","","","","","","","","","","",""
"    Population 3 years and over enrolled in school","19","±19","19","(X)","956","±123","956","(X)","1,151","±133","1,151","(X)","1,206","±112","1,206","(X)","1,508","±235","1,508","(X)","662","±150","662","(X)","447","±112","447","(X)","507","±207","507","(X)","451","±143","451","(X)","407","±109","407","(X)","697","±182","697","(X)","902","±128","902","(X)","1,173","±138","1,173","(X)","816","±101","816","(X)","1,356","±161","1,356","(X)"
"        Nursery school, preschool","0","±12","0.0%","±68.0","26","±22","2.7%","±2.3","84","±35","7.3%","±3.0","60","±55","5.0%","±4.4","186","±89","12.3%","±6.0","116","±70","17.5%","±9.1","38","±35","8.5%","±7.2","96","±63","18.9%","±13.0","26","±30","5.8%","±6.8","17","±25","4.2%","±6.0","16","±15","2.3%","±2.2","79","±62","8.8%","±6.9","71","±44","6.1%","±3.8","44","±26","5.4%","±3.2","75","±33","5.5%","±2.6"
"        Kindergarten","0","±12","0.0%","±68.0","41","±33","4.3%","±3.4","74","±36","6.4%","±3.1","33","±27","2.7%","±2.3","108","±68","7.2%","±4.1","40","±39","6.0%","±5.4","37","±35","8.3%","±7.1","9","±18","1.8%","±3.4","44","±37","9.8%","±8.6","37","±41","9.1%","±9.1","17","±15","2.4%","±2.3","76","±47","8.4%","±5.2","41","±28","3.5%","±2.4","41","±27","5.0%","±3.4","80","±36","5.9%","±2.8"
"        Elementary school (grades 1-8)","19","±19","100.0%","±68.0","409","±72","42.8%","±7.1","595","±89","51.7%","±5.5","491","±94","40.7%","±7.6","517","±175","34.3%","±9.6","252","±65","38.1%","±8.3","181","±62","40.5%","±12.1","225","±123","44.4%","±11.4","213","±91","47.2%","±9.8","150","±56","36.9%","±9.9","314","±82","45.1%","±13.2","400","±74","44.3%","±7.1","513","±99","43.7%","±6.4","423","±88","51.8%","±7.5","671","±112","49.5%","±7.0"
"        High school (grades 9-12)","0","±12","0.0%","±68.0","298","±92","31.2%","±7.9","224","±52","19.5%","±3.7","383","±98","31.8%","±7.7","298","±119","19.8%","±8.9","127","±67","19.2%","±9.6","80","±33","17.9%","±7.7","95","±75","18.7%","±10.4","122","±65","27.1%","±10.6","83","±45","20.4%","±10.9","175","±61","25.1%","±6.9","188","±70","20.8%","±6.9","340","±94","29.0%","±7.5","179","±60","21.9%","±6.9","240","±65","17.7%","±4.3"
"        College or graduate school","0","±12","0.0%","±68.0","182","±61","19.0%","±5.4","174","±54","15.1%","±4.1","239","±64","19.8%","±4.7","399","±180","26.5%","±9.6","127","±62","19.2%","±7.8","111","±64","24.8%","±12.0","82","±56","16.2%","±11.1","46","±34","10.2%","±7.5","120","±63","29.5%","±14.2","175","±119","25.1%","±12.2","159","±75","17.6%","±7.1","208","±79","17.7%","±6.2","129","±40","15.8%","±4.7","290","±105","21.4%","±6.2"
"EDUCATIONAL ATTAINMENT","","","","","","","","","","","","","","","","","","","","","","","","","","","","","","","","","","","","","","","","","","","","","","","","","","","","","","","","","","","",""
"    Population 25 years and over","375","±112","375","(X)","3,605","±170","3,605","(X)","3,681","±180","3,681","(X)","4,582","±232","4,582","(X)","5,097","±210","5,097","(X)","2,030","±187","2,030","(X)","1,552","±120","1,552","(X)","1,319","±187","1,319","(X)","2,055","±210","2,055","(X)","1,710","±160","1,710","(X)","1,582","±167","1,582","(X)","3,691","±208","3,691","(X)","3,250","±160","3,250","(X)","3,130","±174","3,130","(X)","3,675","±210","3,675","(X)"
"        Less than 9th grade","0","±12","0.0%","±8.3","28","±16","0.8%","±0.4","91","±58","2.5%","±1.5","92","±56","2.0%","±1.2","28","±36","0.5%","±0.7","58","±57","2.9%","±2.8","34","±26","2.2%","±1.7","11","±13","0.8%","±1.0","110","±62","5.4%","±2.9","36","±41","2.1%","±2.4","72","±56","4.6%","±3.7","75","±49","2.0%","±1.3","22","±23","0.7%","±0.7","74","±51","2.4%","±1.6","25","±23","0.7%","±0.6"
"        9th to 12th grade, no diploma","46","±31","12.3%","±7.3","186","±73","5.2%","±2.0","239","±86","6.5%","±2.2","323","±117","7.0%","±2.5","146","±120","2.9%","±2.3","141","±63","6.9%","±3.1","89","±66","5.7%","±4.2","80","±54","6.1%","±4.0","228","±86","11.1%","±4.3","104","±81","6.1%","±4.7","137","±58","8.7%","±3.4","180","±68","4.9%","±1.8","168","±105","5.2%","±3.2","149","±58","4.8%","±1.8","233","±71","6.3%","±1.8"
"        High school graduate (includes equivalency)","104","±61","27.7%","±12.1","1,410","±198","39.1%","±4.5","1,524","±154","41.4%","±3.7","1,776","±249","38.8%","±4.7","1,783","±355","35.0%","±6.7","439","±97","21.6%","±4.5","578","±108","37.2%","±5.8","560","±136","42.5%","±8.1","546","±153","26.6%","±6.2","572","±146","33.5%","±8.1","670","±126","42.4%","±7.4","1,273","±200","34.5%","±5.0","1,035","±176","31.8%","±5.2","1,180","±121","37.7%","±3.1","1,414","±176","38.5%","±3.9"
"        Some college, no degree","104","±44","27.7%","±9.6","617","±101","17.1%","±2.8","601","±90","16.3%","±2.3","867","±136","18.9%","±2.8","1,173","±295","23.0%","±5.7","410","±111","20.2%","±4.6","166","±52","10.7%","±3.3","183","±69","13.9%","±4.8","492","±145","23.9%","±6.6","372","±116","21.8%","±6.2","289","±103","18.3%","±6.1","646","±127","17.5%","±3.4","723","±168","22.2%","±5.0","557","±90","17.8%","±2.7","826","±136","22.5%","±3.6"
"        Associate's degree","85","±41","22.7%","±8.2","582","±118","16.1%","±3.4","593","±92","16.1%","±2.7","552","±95","12.0%","±2.1","814","±199","16.0%","±3.9","441","±97","21.7%","±4.5","226","±78","14.6%","±4.9","182","±69","13.8%","±4.6","153","±64","7.4%","±2.9","239","±102","14.0%","±5.6","192","±85","12.1%","±5.2","515","±137","14.0%","±3.6","505","±145","15.5%","±4.5","408","±84","13.0%","±2.5","542","±95","14.7%","±2.5"
"        Bachelor's degree","36","±25","9.6%","±6.5","531","±101","14.7%","±2.7","411","±83","11.2%","±2.2","659","±175","14.4%","±3.8","568","±198","11.1%","±3.9","226","±71","11.1%","±3.7","257","±65","16.6%","±4.4","209","±86","15.8%","±6.4","355","±103","17.3%","±5.0","183","±72","10.7%","±4.0","130","±62","8.2%","±3.8","677","±140","18.3%","±3.8","472","±154","14.5%","±4.5","460","±99","14.7%","±3.2","333","±84","9.1%","±2.2"
"        Graduate or professional degree","0","±12","0.0%","±8.3","251","±67","7.0%","±1.9","222","±64","6.0%","±1.7","313","±100","6.8%","±2.2","585","±227","11.5%","±4.5","315","±97","15.5%","±4.3","202","±61","13.0%","±4.0","94","±60","7.1%","±4.4","171","±60","8.3%","±3.0","204","±74","11.9%","±4.5","92","±63","5.8%","±3.8","325","±95","8.8%","±2.5","325","±98","10.0%","±3.0","302","±56","9.6%","±1.7","302","±76","8.2%","±2.1"
"        High school graduate or higher","329","±103","87.7%","±7.3","3,391","±182","94.1%","±2.2","3,351","±158","91.0%","±2.7","4,167","±256","90.9%","±2.7","4,923","±202","96.6%","±2.4","1,831","±189","90.2%","±3.7","1,429","±121","92.1%","±4.4","1,228","±185","93.1%","±3.8","1,717","±216","83.6%","±4.8","1,570","±180","91.8%","±5.4","1,373","±174","86.8%","±4.9","3,436","±195","93.1%","±2.3","3,060","±191","94.2%","±3.3","2,907","±175","92.9%","±2.3","3,417","±190","93.0%","±1.9"
"        Bachelor's degree or higher","36","±25","9.6%","±6.5","782","±124","21.7%","±3.3","633","±111","17.2%","±2.8","972","±195","21.2%","±4.2","1,153","±312","22.6%","±6.2","541","±119","26.7%","±5.5","459","±82","29.6%","±5.6","303","±91","23.0%","±6.5","526","±114","25.6%","±5.5","387","±100","22.6%","±5.9","222","±77","14.0%","±4.4","1,002","±170","27.1%","±4.5","797","±181","24.5%","±5.2","762","±114","24.3%","±3.6","635","±117","17.3%","±3.2"
"VETERAN STATUS","","","","","","","","","","","","","","","","","","","","","","","","","","","","","","","","","","","","","","","","","","","","","","","","","","","","","","","","","","","",""
"    Civilian population 18 years and over","415","±128","415","(X)","4,009","±182","4,009","(X)","4,109","±182","4,109","(X)","4,970","±239","4,970","(X)","5,711","±176","5,711","(X)","2,153","±194","2,153","(X)","1,678","±123","1,678","(X)","1,535","±187","1,535","(X)","2,176","±234","2,176","(X)","2,063","±158","2,063","(X)","1,911","±200","1,911","(X)","4,041","±228","4,041","(X)","3,591","±148","3,591","(X)","3,447","±182","3,447","(X)","4,235","±251","4,235","(X)"
"        Civilian veterans","54","±17","13.0%","±5.0","314","±77","7.8%","±2.0","353","±83","8.6%","±1.9","264","±67","5.3%","±1.3","591","±183","10.3%","±3.2","263","±110","12.2%","±4.5","150","±50","8.9%","±3.0","111","±50","7.2%","±3.2","154","±58","7.1%","±2.9","276","±105","13.4%","±5.2","143","±64","7.5%","±3.2","309","±95","7.6%","±2.4","338","±81","9.4%","±2.3","242","±50","7.0%","±1.4","311","±86","7.3%","±1.8"
"DISABILITY STATUS OF THE CIVILIAN NONINSTITUTIONALIZED POPULATION","","","","","","","","","","","","","","","","","","","","","","","","","","","","","","","","","","","","","","","","","","","","","","","","","","","","","","","","","","","",""
"    Total Civilian Noninstitutionalized Population","458","±146","458","(X)","4,997","±210","4,997","(X)","5,330","±239","5,330","(X)","6,046","±277","6,046","(X)","6,889","±17","6,889","(X)","2,547","±233","2,547","(X)","1,962","±190","1,962","(X)","2,151","±269","2,151","(X)","2,618","±288","2,618","(X)","2,357","±204","2,357","(X)","2,493","±255","2,493","(X)","4,958","±265","4,958","(X)","4,593","±147","4,593","(X)","4,394","±230","4,394","(X)","5,521","±230","5,521","(X)"
"        With a disability","102","±38","22.3%","±8.2","695","±132","13.9%","±2.6","771","±162","14.5%","±2.9","867","±156","14.3%","±2.4","994","±262","14.4%","±3.8","371","±121","14.6%","±4.9","304","±76","15.5%","±3.5","341","±125","15.9%","±5.4","476","±136","18.2%","±4.9","428","±131","18.2%","±6.0","518","±117","20.8%","±4.3","585","±127","11.8%","±2.5","694","±138","15.1%","±3.1","504","±93","11.5%","±2.1","780","±147","14.1%","±2.7"
"    Under 18 years","43","±46","43","(X)","988","±124","988","(X)","1,221","±114","1,221","(X)","1,076","±106","1,076","(X)","1,178","±175","1,178","(X)","551","±128","551","(X)","424","±111","424","(X)","616","±220","616","(X)","590","±160","590","(X)","294","±103","294","(X)","587","±117","587","(X)","917","±93","917","(X)","1,039","±130","1,039","(X)","947","±120","947","(X)","1,286","±141","1,286","(X)"
"        With a disability","0","±12","0.0%","±45.2","33","±22","3.3%","±2.3","86","±45","7.0%","±3.5","36","±33","3.3%","±3.1","113","±102","9.6%","±8.6","55","±63","10.0%","±11.4","47","±36","11.1%","±7.6","64","±63","10.4%","±9.3","0","±12","0.0%","±5.4","0","±12","0.0%","±10.5","70","±48","11.9%","±7.6","24","±20","2.6%","±2.2","40","±40","3.8%","±3.9","54","±34","5.7%","±3.6","155","±66","12.1%","±4.4"
"    18 to 64 years","291","±116","291","(X)","3,144","±178","3,144","(X)","3,249","±159","3,249","(X)","3,849","±233","3,849","(X)","4,402","±224","4,402","(X)","1,537","±173","1,537","(X)","1,135","±105","1,135","(X)","1,298","±180","1,298","(X)","1,558","±212","1,558","(X)","1,530","±162","1,530","(X)","1,581","±202","1,581","(X)","3,084","±205","3,084","(X)","2,762","±158","2,762","(X)","2,691","±180","2,691","(X)","3,212","±262","3,212","(X)"
"        With a disability","33","±25","11.3%","±8.4","361","±89","11.5%","±2.7","407","±135","12.5%","±4.0","459","±133","11.9%","±3.3","534","±178","12.1%","±4.1","137","±77","8.9%","±4.9","165","±62","14.5%","±5.2","196","±88","15.1%","±6.0","247","±116","15.9%","±6.8","265","±114","17.3%","±7.3","323","±103","20.4%","±6.1","221","±82","7.2%","±2.6","300","±109","10.9%","±3.8","212","±57","7.9%","±2.1","303","±76","9.4%","±2.3"
"    65 years and over","124","±31","124","(X)","865","±90","865","(X)","860","±66","860","(X)","1,121","±89","1,121","(X)","1,309","±208","1,309","(X)","459","±47","459","(X)","403","±51","403","(X)","237","±36","237","(X)","470","±101","470","(X)","533","±67","533","(X)","325","±51","325","(X)","957","±104","957","(X)","792","±104","792","(X)","756","±84","756","(X)","1,023","±162","1,023","(X)"
"        With a disability","69","±22","55.6%","±12.9","301","±72","34.8%","±8.8","278","±67","32.3%","±6.4","372","±99","33.2%","±7.7","347","±119","26.5%","±8.8","179","±61","39.0%","±11.8","92","±37","22.8%","±8.4","81","±28","34.2%","±13.1","229","±83","48.7%","±15.1","163","±64","30.6%","±10.9","125","±41","38.5%","±12.6","340","±88","35.5%","±8.8","354","±117","44.7%","±12.5","238","±61","31.5%","±8.0","322","±94","31.5%","±8.6"
"RESIDENCE 1 YEAR AGO","","","","","","","","","","","","","","","","","","","","","","","","","","","","","","","","","","","","","","","","","","","","","","","","","","","","","","","","","","","",""
"    Population 1 year and over","444","±135","444","(X)","4,922","±204","4,922","(X)","5,270","±233","5,270","(X)","5,996","±277","5,996","(X)","6,852","±47","6,852","(X)","2,696","±248","2,696","(X)","2,065","±190","2,065","(X)","2,060","±256","2,060","(X)","2,736","±295","2,736","(X)","2,327","±206","2,327","(X)","2,477","±253","2,477","(X)","4,902","±265","4,902","(X)","4,605","±151","4,605","(X)","4,344","±230","4,344","(X)","5,440","±235","5,440","(X)"
"        Same house","444","±135","100.0%","±7.1","4,503","±218","91.5%","±2.7","4,915","±257","93.3%","±2.2","5,613","±349","93.6%","±2.7","6,238","±308","91.0%","±4.3","2,431","±245","90.2%","±5.2","1,719","±186","83.2%","±6.0","1,616","±273","78.4%","±8.4","2,292","±304","83.8%","±8.4","1,877","±241","80.7%","±7.8","2,241","±253","90.5%","±5.1","4,550","±307","92.8%","±3.0","3,956","±288","85.9%","±5.2","3,977","±251","91.6%","±3.6","5,021","±235","92.3%","±3.0"
"        Different house in the U.S.","0","±12","0.0%","±7.1","414","±132","8.4%","±2.6","346","±119","6.6%","±2.3","383","±160","6.4%","±2.7","614","±293","9.0%","±4.3","265","±145","9.8%","±5.2","346","±132","16.8%","±6.0","444","±178","21.6%","±8.4","444","±242","16.2%","±8.4","450","±185","19.3%","±7.8","236","±128","9.5%","±5.1","347","±145","7.1%","±3.0","649","±238","14.1%","±5.2","367","±161","8.4%","±3.6","411","±167","7.6%","±3.0"
"            Same county","0","±12","0.0%","±7.1","215","±99","4.4%","±2.0","204","±93","3.9%","±1.8","165","±119","2.8%","±2.0","304","±218","4.4%","±3.2","105","±74","3.9%","±2.8","268","±124","13.0%","±5.8","276","±143","13.4%","±6.8","347","±239","12.7%","±8.5","347","±162","14.9%","±6.7","142","±92","5.7%","±3.7","230","±131","4.7%","±2.7","357","±150","7.8%","±3.3","268","±167","6.2%","±3.8","194","±95","3.6%","±1.7"
"            Different county","0","±12","0.0%","±7.1","199","±90","4.0%","±1.8","142","±72","2.7%","±1.3","218","±100","3.6%","±1.7","310","±157","4.5%","±2.3","160","±132","5.9%","±4.7","78","±68","3.8%","±3.2","168","±142","8.2%","±6.9","97","±60","3.5%","±2.1","103","±69","4.4%","±3.0","94","±81","3.8%","±3.3","117","±78","2.4%","±1.6","292","±226","6.3%","±4.9","99","±50","2.3%","±1.1","217","±123","4.0%","±2.2"
"                Same state","0","±12","0.0%","±7.1","171","±89","3.5%","±1.8","133","±75","2.5%","±1.4","218","±100","3.6%","±1.7","250","±151","3.6%","±2.2","156","±128","5.8%","±4.6","78","±68","3.8%","±3.2","75","±57","3.6%","±2.6","77","±52","2.8%","±1.9","75","±43","3.2%","±1.9","94","±81","3.8%","±3.3","78","±53","1.6%","±1.1","239","±203","5.2%","±4.4","68","±37","1.6%","±0.8","188","±120","3.5%","±2.2"
"                Different state","0","±12","0.0%","±7.1","28","±18","0.6%","±0.4","9","±12","0.2%","±0.2","0","±17","0.0%","±0.5","60","±53","0.9%","±0.8","4","±8","0.1%","±0.3","0","±12","0.0%","±1.6","93","±137","4.5%","±6.7","20","±31","0.7%","±1.1","28","±40","1.2%","±1.7","0","±12","0.0%","±1.3","39","±39","0.8%","±0.8","53","±51","1.2%","±1.1","31","±38","0.7%","±0.9","29","±29","0.5%","±0.5"
"        Abroad","0","±12","0.0%","±7.1","5","±6","0.1%","±0.1","9","±10","0.2%","±0.2","0","±17","0.0%","±0.5","0","±17","0.0%","±0.5","0","±12","0.0%","±1.2","0","±12","0.0%","±1.6","0","±12","0.0%","±1.6","0","±12","0.0%","±1.2","0","±12","0.0%","±1.4","0","±12","0.0%","±1.3","5","±8","0.1%","±0.2","0","±12","0.0%","±0.7","0","±12","0.0%","±0.7","8","±10","0.1%","±0.2"
"PLACE OF BIRTH","","","","","","","","","","","","","","","","","","","","","","","","","","","","","","","","","","","","","","","","","","","","","","","","","","","","","","","","","","","",""
"    Total population","458","±146","458","(X)","5,000","±211","5,000","(X)","5,330","±239","5,330","(X)","6,046","±277","6,046","(X)","6,889","±17","6,889","(X)","2,704","±249","2,704","(X)","2,102","±192","2,102","(X)","2,151","±269","2,151","(X)","2,766","±298","2,766","(X)","2,357","±204","2,357","(X)","2,498","±257","2,498","(X)","4,958","±265","4,958","(X)","4,630","±146","4,630","(X)","4,394","±230","4,394","(X)","5,525","±230","5,525","(X)"
"        Native","458","±146","100.0%","±6.8","4,925","±207","98.5%","±0.9","5,126","±225","96.2%","±1.6","5,980","±281","98.9%","±0.7","6,736","±85","97.8%","±1.2","2,607","±271","96.4%","±3.2","2,077","±195","98.8%","±0.9","2,091","±291","97.2%","±3.7","2,731","±292","98.7%","±1.0","2,276","±205","96.6%","±2.4","2,491","±258","99.7%","±0.5","4,920","±262","99.2%","±0.6","4,578","±145","98.9%","±0.9","4,236","±227","96.4%","±2.1","5,471","±230","99.0%","±0.6"
"            Born in United States","458","±146","100.0%","±6.8","4,920","±208","98.4%","±0.9","5,119","±224","96.0%","±1.6","5,978","±281","98.9%","±0.7","6,736","±85","97.8%","±1.2","2,568","±268","95.0%","±3.4","2,049","±194","97.5%","±1.4","2,060","±290","95.8%","±4.3","2,696","±288","97.5%","±1.8","2,256","±205","95.7%","±2.6","2,442","±259","97.8%","±1.6","4,903","±270","98.9%","±0.8","4,578","±145","98.9%","±0.9","4,236","±227","96.4%","±2.1","5,438","±222","98.4%","±0.8"
"                State of residence","407","±120","88.9%","±6.2","4,447","±220","88.9%","±2.8","4,607","±247","86.4%","±2.7","5,437","±311","89.9%","±2.5","6,266","±198","91.0%","±2.9","2,244","±240","83.0%","±5.9","1,828","±198","87.0%","±3.8","1,923","±310","89.4%","±6.4","2,423","±262","87.6%","±3.4","1,908","±227","81.0%","±5.4","2,111","±293","84.5%","±5.4","4,462","±285","90.0%","±3.0","4,029","±231","87.0%","±3.7","3,929","±230","89.4%","±2.5","4,939","±247","89.4%","±2.8"
"                Different state","51","±39","11.1%","±6.2","473","±138","9.5%","±2.7","512","±120","9.6%","±2.3","541","±147","8.9%","±2.4","470","±188","6.8%","±2.7","324","±143","12.0%","±4.8","221","±76","10.5%","±3.6","137","±65","6.4%","±3.2","273","±103","9.9%","±3.5","348","±116","14.8%","±5.0","331","±132","13.3%","±5.6","441","±146","8.9%","±2.9","549","±174","11.9%","±3.8","307","±65","7.0%","±1.5","499","±154","9.0%","±2.7"
"            Born in Puerto Rico, U.S. Island areas, or born abroad to American parent(s)","0","±12","0.0%","±6.8","5","±9","0.1%","±0.2","7","±8","0.1%","±0.1","2","±4","0.0%","±0.1","0","±17","0.0%","±0.5","39","±27","1.4%","±1.0","28","±27","1.3%","±1.3","31","±46","1.4%","±2.1","35","±44","1.3%","±1.6","20","±24","0.8%","±1.0","49","±39","2.0%","±1.6","17","±25","0.3%","±0.5","0","±12","0.0%","±0.7","0","±12","0.0%","±0.7","33","±28","0.6%","±0.5"
"        Foreign born","0","±12","0.0%","±6.8","75","±45","1.5%","±0.9","204","±86","3.8%","±1.6","66","±45","1.1%","±0.7","153","±82","2.2%","±1.2","97","±85","3.6%","±3.2","25","±18","1.2%","±0.9","60","±78","2.8%","±3.7","35","±28","1.3%","±1.0","81","±58","3.4%","±2.4","7","±12","0.3%","±0.5","38","±31","0.8%","±0.6","52","±41","1.1%","±0.9","158","±93","3.6%","±2.1","54","±35","1.0%","±0.6"
"U.S. CITIZENSHIP STATUS","","","","","","","","","","","","","","","","","","","","","","","","","","","","","","","","","","","","","","","","","","","","","","","","","","","","","","","","","","","",""
"    Foreign-born population","0","±12","0","(X)","75","±45","75","(X)","204","±86","204","(X)","66","±45","66","(X)","153","±82","153","(X)","97","±85","97","(X)","25","±18","25","(X)","60","±78","60","(X)","35","±28","35","(X)","81","±58","81","(X)","7","±12","7","(X)","38","±31","38","(X)","52","±41","52","(X)","158","±93","158","(X)","54","±35","54","(X)"
"        Naturalized U.S. citizen","0","±12","-","**","44","±38","58.7%","±26.3","87","±39","42.6%","±15.6","54","±42","81.8%","±23.0","127","±77","83.0%","±26.1","29","±35","29.9%","±28.2","5","±8","20.0%","±26.6","24","±37","40.0%","±24.6","16","±17","45.7%","±41.6","51","±41","63.0%","±22.9","7","±12","100.0%","±100.0","34","±30","89.5%","±19.7","0","±12","0.0%","±41.1","34","±28","21.5%","±21.8","31","±29","57.4%","±36.7"
"        Not a U.S. citizen","0","±12","-","**","31","±23","41.3%","±26.3","117","±68","57.4%","±15.6","12","±15","18.2%","±23.0","26","±42","17.0%","±26.1","68","±65","70.1%","±28.2","20","±16","80.0%","±26.6","36","±44","60.0%","±24.6","19","±22","54.3%","±41.6","30","±28","37.0%","±22.9","0","±12","0.0%","±100.0","4","±7","10.5%","±19.7","52","±41","100.0%","±41.1","124","±92","78.5%","±21.8","23","±23","42.6%","±36.7"
"YEAR OF ENTRY","","","","","","","","","","","","","","","","","","","","","","","","","","","","","","","","","","","","","","","","","","","","","","","","","","","","","","","","","","","",""
"    Population born outside the United States","0","±12","0","(X)","80","±46","80","(X)","211","±87","211","(X)","68","±45","68","(X)","153","±82","153","(X)","136","±89","136","(X)","53","±29","53","(X)","91","±90","91","(X)","70","±52","70","(X)","101","±61","101","(X)","56","±40","56","(X)","55","±41","55","(X)","52","±41","52","(X)","158","±93","158","(X)","87","±45","87","(X)"
"        Native","0","±12","0","(X)","5","±9","5","(X)","7","±8","7","(X)","2","±4","2","(X)","0","±17","0","(X)","39","±27","39","(X)","28","±27","28","(X)","31","±46","31","(X)","35","±44","35","(X)","20","±24","20","(X)","49","±39","49","(X)","17","±25","17","(X)","0","±12","0","(X)","0","±12","0","(X)","33","±28","33","(X)"
"            Entered 2010 or later","0","±12","-","**","0","±17","0.0%","±100.0","0","±17","0.0%","±100.0","0","±17","0.0%","±100.0","0","±17","-","**","0","±12","0.0%","±47.5","0","±12","0.0%","±56.0","0","±12","0.0%","±53.3","0","±12","0.0%","±50.1","0","±12","0.0%","±66.3","16","±23","32.7%","±45.0","0","±12","0.0%","±71.9","0","±12","-","**","0","±12","-","**","5","±8","15.2%","±26.0"
"            Entered before 2010","0","±12","-","**","5","±9","100.0%","±100.0","7","±8","100.0%","±100.0","2","±4","100.0%","±100.0","0","±17","-","**","39","±27","100.0%","±47.5","28","±27","100.0%","±56.0","31","±46","100.0%","±53.3","35","±44","100.0%","±50.1","20","±24","100.0%","±66.3","33","±35","67.3%","±45.0","17","±25","100.0%","±71.9","0","±12","-","**","0","±12","-","**","28","±28","84.8%","±26.0"
"        Foreign born","0","±12","0","(X)","75","±45","75","(X)","204","±86","204","(X)","66","±45","66","(X)","153","±82","153","(X)","97","±85","97","(X)","25","±18","25","(X)","60","±78","60","(X)","35","±28","35","(X)","81","±58","81","(X)","7","±12","7","(X)","38","±31","38","(X)","52","±41","52","(X)","158","±93","158","(X)","54","±35","54","(X)"
"            Entered 2010 or later","0","±12","-","**","14","±13","18.7%","±17.6","11","±16","5.4%","±8.6","0","±17","0.0%","±36.3","0","±17","0.0%","±19.0","14","±19","14.4%","±15.1","8","±15","32.0%","±53.6","12","±20","20.0%","±44.9","12","±20","34.3%","±46.1","0","±12","0.0%","±31.8","0","±12","0.0%","±100.0","1","±2","2.6%","±5.2","17","±27","32.7%","±39.1","62","±83","39.2%","±38.9","2","±3","3.7%","±6.8"
"            Entered before 2010","0","±12","-","**","61","±44","81.3%","±17.6","193","±88","94.6%","±8.6","66","±45","100.0%","±36.3","153","±82","100.0%","±19.0","83","±73","85.6%","±15.1","17","±18","68.0%","±53.6","48","±74","80.0%","±44.9","23","±20","65.7%","±46.1","81","±58","100.0%","±31.8","7","±12","100.0%","±100.0","37","±30","97.4%","±5.2","35","±32","67.3%","±39.1","96","±50","60.8%","±38.9","52","±35","96.3%","±6.8"
"WORLD REGION OF BIRTH OF FOREIGN BORN","","","","","","","","","","","","","","","","","","","","","","","","","","","","","","","","","","","","","","","","","","","","","","","","","","","","","","","","","","","",""
"    Foreign-born population, excluding population born at sea","0","±12","0","(X)","75","±45","75","(X)","204","±86","204","(X)","66","±45","66","(X)","153","±82","153","(X)","97","±85","97","(X)","25","±18","25","(X)","60","±78","60","(X)","35","±28","35","(X)","81","±58","81","(X)","7","±12","7","(X)","38","±31","38","(X)","52","±41","52","(X)","158","±93","158","(X)","54","±35","54","(X)"
"        Europe","0","±12","-","**","21","±21","28.0%","±25.0","26","±22","12.7%","±11.4","33","±37","50.0%","±34.4","43","±51","28.1%","±29.4","4","±8","4.1%","±9.5","9","±11","36.0%","±35.5","0","±12","0.0%","±38.3","16","±17","45.7%","±41.6","17","±20","21.0%","±27.4","7","±12","100.0%","±100.0","27","±29","71.1%","±32.1","21","±24","40.4%","±41.3","20","±13","12.7%","±12.7","17","±23","31.5%","±35.6"
"        Asia","0","±12","-","**","40","±41","53.3%","±30.1","12","±15","5.9%","±7.4","21","±22","31.8%","±29.5","110","±74","71.9%","±29.4","46","±64","47.4%","±51.1","0","±12","0.0%","±59.3","0","±12","0.0%","±38.3","12","±20","34.3%","±46.1","41","±52","50.6%","±39.9","0","±12","0.0%","±100.0","9","±11","23.7%","±29.6","17","±27","32.7%","±39.1","0","±12","0.0%","±18.5","6","±8","11.1%","±15.9"
"        Africa","0","±12","-","**","0","±17","0.0%","±33.5","10","±15","4.9%","±7.1","0","±17","0.0%","±36.3","0","±17","0.0%","±19.0","0","±12","0.0%","±27.8","0","±12","0.0%","±59.3","0","±12","0.0%","±38.3","0","±12","0.0%","±50.1","0","±12","0.0%","±31.8","0","±12","0.0%","±100.0","0","±12","0.0%","±48.1","0","±12","0.0%","±41.1","0","±12","0.0%","±18.5","0","±17","0.0%","±40.4"
"        Oceania","0","±12","-","**","0","±17","0.0%","±33.5","0","±17","0.0%","±14.7","0","±17","0.0%","±36.3","0","±17","0.0%","±19.0","0","±12","0.0%","±27.8","0","±12","0.0%","±59.3","0","±12","0.0%","±38.3","0","±12","0.0%","±50.1","0","±12","0.0%","±31.8","0","±12","0.0%","±100.0","0","±12","0.0%","±48.1","0","±12","0.0%","±41.1","0","±12","0.0%","±18.5","0","±17","0.0%","±40.4"
"        Latin America","0","±12","-","**","10","±9","13.3%","±14.2","143","±85","70.1%","±18.2","0","±17","0.0%","±36.3","0","±17","0.0%","±19.0","44","±59","45.4%","±51.6","16","±14","64.0%","±35.5","60","±78","100.0%","±38.3","0","±12","0.0%","±50.1","23","±24","28.4%","±28.6","0","±12","0.0%","±100.0","1","±2","2.6%","±6.6","0","±12","0.0%","±41.1","125","±95","79.1%","±20.4","19","±21","35.2%","±33.1"
"        Northern America","0","±12","-","**","4","±6","5.3%","±8.0","13","±12","6.4%","±6.1","12","±14","18.2%","±20.8","0","±17","0.0%","±19.0","3","±8","3.1%","±10.2","0","±12","0.0%","±59.3","0","±12","0.0%","±38.3","7","±10","20.0%","±30.1","0","±12","0.0%","±31.8","0","±12","0.0%","±100.0","1","±2","2.6%","±5.2","14","±21","26.9%","±36.8","13","±17","8.2%","±13.9","12","±17","22.2%","±28.8"
"LANGUAGE SPOKEN AT HOME","","","","","","","","","","","","","","","","","","","","","","","","","","","","","","","","","","","","","","","","","","","","","","","","","","","","","","","","","","","",""
"    Population 5 years and over","434","±130","434","(X)","4,787","±205","4,787","(X)","4,965","±221","4,965","(X)","5,817","±265","5,817","(X)","6,632","±115","6,632","(X)","2,572","±224","2,572","(X)","1,994","±171","1,994","(X)","1,865","±253","1,865","(X)","2,556","±282","2,556","(X)","2,301","±203","2,301","(X)","2,417","±249","2,417","(X)","4,762","±274","4,762","(X)","4,395","±141","4,395","(X)","4,116","±219","4,116","(X)","5,228","±260","5,228","(X)"
"        English only","415","±128","95.6%","±4.2","4,626","±229","96.6%","±1.9","4,678","±203","94.2%","±2.4","5,717","±269","98.3%","±0.8","6,279","±235","94.7%","±3.1","2,432","±249","94.6%","±3.4","1,954","±172","98.0%","±1.2","1,755","±278","94.1%","±5.6","2,488","±283","97.3%","±2.0","2,136","±203","92.8%","±4.1","2,331","±260","96.4%","±2.4","4,718","±262","99.1%","±0.8","4,247","±171","96.6%","±2.4","3,894","±239","94.6%","±3.1","5,141","±251","98.3%","±1.1"
"        Language other than English","19","±19","4.4%","±4.2","161","±89","3.4%","±1.9","287","±123","5.8%","±2.4","100","±48","1.7%","±0.8","353","±204","5.3%","±3.1","140","±86","5.4%","±3.4","40","±24","2.0%","±1.2","110","±102","5.9%","±5.6","68","±52","2.7%","±2.0","165","±96","7.2%","±4.1","86","±57","3.6%","±2.4","44","±38","0.9%","±0.8","148","±106","3.4%","±2.4","222","±127","5.4%","±3.1","87","±56","1.7%","±1.1"
"            Speak English less than ""very well""","10","±13","2.3%","±2.8","35","±21","0.7%","±0.4","140","±80","2.8%","±1.6","35","±38","0.6%","±0.7","29","±44","0.4%","±0.7","41","±48","1.6%","±1.9","30","±23","1.5%","±1.1","44","±46","2.4%","±2.5","39","±45","1.5%","±1.7","20","±20","0.9%","±0.9","7","±11","0.3%","±0.4","0","±12","0.0%","±0.7","11","±18","0.3%","±0.4","83","±85","2.0%","±2.1","26","±23","0.5%","±0.4"
"        Spanish","0","±12","0.0%","±7.2","88","±61","1.8%","±1.3","211","±106","4.2%","±2.0","10","±9","0.2%","±0.1","71","±70","1.1%","±1.0","67","±61","2.6%","±2.4","35","±22","1.8%","±1.1","110","±102","5.9%","±5.6","44","±46","1.7%","±1.8","110","±79","4.8%","±3.3","68","±53","2.8%","±2.2","22","±32","0.5%","±0.7","110","±100","2.5%","±2.3","202","±126","4.9%","±3.1","47","±29","0.9%","±0.6"
"            Speak English less than ""very well""","0","±12","0.0%","±7.2","15","±13","0.3%","±0.3","112","±73","2.3%","±1.4","1","±4","0.0%","±0.1","29","±44","0.4%","±0.7","9","±15","0.3%","±0.6","25","±21","1.3%","±1.0","44","±46","2.4%","±2.5","35","±44","1.4%","±1.7","0","±12","0.0%","±1.4","7","±11","0.3%","±0.4","0","±12","0.0%","±0.7","0","±12","0.0%","±0.7","83","±85","2.0%","±2.1","26","±23","0.5%","±0.4"
"        Other Indo-European languages","0","±12","0.0%","±7.2","65","±59","1.4%","±1.2","37","±23","0.7%","±0.5","66","±46","1.1%","±0.8","230","±156","3.5%","±2.4","27","±22","1.0%","±0.9","5","±8","0.3%","±0.4","0","±12","0.0%","±1.7","24","±19","0.9%","±0.7","47","±53","2.0%","±2.3","18","±21","0.7%","±0.9","7","±11","0.1%","±0.2","38","±36","0.9%","±0.8","20","±13","0.5%","±0.3","40","±47","0.8%","±0.9"
"            Speak English less than ""very well""","0","±12","0.0%","±7.2","12","±14","0.3%","±0.3","8","±13","0.2%","±0.3","27","±37","0.5%","±0.6","0","±17","0.0%","±0.5","0","±12","0.0%","±1.3","5","±8","0.3%","±0.4","0","±12","0.0%","±1.7","4","±8","0.2%","±0.3","20","±20","0.9%","±0.9","0","±12","0.0%","±1.3","0","±12","0.0%","±0.7","11","±18","0.3%","±0.4","0","±12","0.0%","±0.8","0","±17","0.0%","±0.6"
"        Asian and Pacific Islander languages","0","±12","0.0%","±7.2","8","±11","0.2%","±0.2","12","±15","0.2%","±0.3","21","±22","0.4%","±0.4","52","±58","0.8%","±0.9","46","±64","1.8%","±2.5","0","±12","0.0%","±1.6","0","±12","0.0%","±1.7","0","±12","0.0%","±1.3","8","±19","0.3%","±0.8","0","±12","0.0%","±1.3","15","±18","0.3%","±0.4","0","±12","0.0%","±0.7","0","±12","0.0%","±0.8","0","±17","0.0%","±0.6"
"            Speak English less than ""very well""","0","±12","0.0%","±7.2","8","±11","0.2%","±0.2","2","±5","0.0%","±0.1","7","±8","0.1%","±0.1","0","±17","0.0%","±0.5","32","±45","1.2%","±1.8","0","±12","0.0%","±1.6","0","±12","0.0%","±1.7","0","±12","0.0%","±1.3","0","±12","0.0%","±1.4","0","±12","0.0%","±1.3","0","±12","0.0%","±0.7","0","±12","0.0%","±0.7","0","±12","0.0%","±0.8","0","±17","0.0%","±0.6"
"        Other languages","19","±19","4.4%","±4.2","0","±17","0.0%","±0.7","27","±39","0.5%","±0.8","3","±5","0.1%","±0.1","0","±17","0.0%","±0.5","0","±12","0.0%","±1.3","0","±12","0.0%","±1.6","0","±12","0.0%","±1.7","0","±12","0.0%","±1.3","0","±12","0.0%","±1.4","0","±12","0.0%","±1.3","0","±12","0.0%","±0.7","0","±12","0.0%","±0.7","0","±12","0.0%","±0.8","0","±17","0.0%","±0.6"
"            Speak English less than ""very well""","10","±13","2.3%","±2.8","0","±17","0.0%","±0.7","18","±25","0.4%","±0.5","0","±17","0.0%","±0.6","0","±17","0.0%","±0.5","0","±12","0.0%","±1.3","0","±12","0.0%","±1.6","0","±12","0.0%","±1.7","0","±12","0.0%","±1.3","0","±12","0.0%","±1.4","0","±12","0.0%","±1.3","0","±12","0.0%","±0.7","0","±12","0.0%","±0.7","0","±12","0.0%","±0.8","0","±17","0.0%","±0.6"
"ANCESTRY","","","","","","","","","","","","","","","","","","","","","","","","","","","","","","","","","","","","","","","","","","","","","","","","","","","","","","","","","","","",""
"    Total population","458","±146","458","(X)","5,000","±211","5,000","(X)","5,330","±239","5,330","(X)","6,046","±277","6,046","(X)","6,889","±17","6,889","(X)","2,704","±249","2,704","(X)","2,102","±192","2,102","(X)","2,151","±269","2,151","(X)","2,766","±298","2,766","(X)","2,357","±204","2,357","(X)","2,498","±257","2,498","(X)","4,958","±265","4,958","(X)","4,630","±146","4,630","(X)","4,394","±230","4,394","(X)","5,525","±230","5,525","(X)"
"        American","12","±13","2.6%","±2.9","230","±121","4.6%","±2.4","180","±60","3.4%","±1.1","167","±66","2.8%","±1.1","326","±185","4.7%","±2.7","140","±94","5.2%","±3.4","63","±32","3.0%","±1.5","83","±61","3.9%","±2.9","34","±32","1.2%","±1.1","46","±37","2.0%","±1.6","98","±59","3.9%","±2.4","284","±149","5.7%","±3.0","266","±129","5.7%","±2.8","243","±127","5.5%","±2.9","231","±102","4.2%","±1.8"
"        Arab","0","±12","0.0%","±6.8","7","±10","0.1%","±0.2","8","±12","0.2%","±0.2","0","±17","0.0%","±0.5","0","±17","0.0%","±0.5","7","±12","0.3%","±0.5","4","±6","0.2%","±0.3","0","±12","0.0%","±1.5","12","±18","0.4%","±0.6","0","±12","0.0%","±1.4","0","±12","0.0%","±1.3","98","±133","2.0%","±2.7","0","±12","0.0%","±0.7","0","±12","0.0%","±0.7","0","±17","0.0%","±0.6"
"        Czech","0","±12","0.0%","±6.8","10","±11","0.2%","±0.2","24","±22","0.5%","±0.4","16","±23","0.3%","±0.4","0","±17","0.0%","±0.5","0","±12","0.0%","±1.2","0","±12","0.0%","±1.5","0","±12","0.0%","±1.5","0","±12","0.0%","±1.2","0","±12","0.0%","±1.4","0","±12","0.0%","±1.3","0","±12","0.0%","±0.7","10","±16","0.2%","±0.3","0","±12","0.0%","±0.7","0","±17","0.0%","±0.6"
"        Danish","0","±12","0.0%","±6.8","23","±22","0.5%","±0.4","0","±17","0.0%","±0.6","0","±17","0.0%","±0.5","19","±33","0.3%","±0.5","10","±15","0.4%","±0.6","4","±6","0.2%","±0.3","0","±12","0.0%","±1.5","0","±12","0.0%","±1.2","0","±12","0.0%","±1.4","0","±12","0.0%","±1.3","0","±12","0.0%","±0.7","30","±24","0.6%","±0.5","0","±12","0.0%","±0.7","4","±7","0.1%","±0.1"
"        Dutch","0","±12","0.0%","±6.8","297","±162","5.9%","±3.2","133","±61","2.5%","±1.1","153","±99","2.5%","±1.6","170","±129","2.5%","±1.9","37","±28","1.4%","±1.1","25","±17","1.2%","±0.8","0","±12","0.0%","±1.5","110","±141","4.0%","±5.1","63","±57","2.7%","±2.4","86","±103","3.4%","±4.1","107","±72","2.2%","±1.5","162","±127","3.5%","±2.8","165","±76","3.8%","±1.8","166","±113","3.0%","±2.0"
"        English","0","±12","0.0%","±6.8","915","±215","18.3%","±4.3","671","±119","12.6%","±2.2","1,035","±231","17.1%","±3.8","1,063","±340","15.4%","±4.9","356","±117","13.2%","±4.3","285","±108","13.6%","±4.9","81","±42","3.8%","±2.1","330","±140","11.9%","±5.2","322","±124","13.7%","±5.4","192","±92","7.7%","±3.8","890","±200","18.0%","±3.8","810","±231","17.5%","±5.0","746","±160","17.0%","±3.5","806","±174","14.6%","±3.2"
"        French (except Basque)","0","±12","0.0%","±6.8","192","±70","3.8%","±1.4","108","±41","2.0%","±0.8","73","±65","1.2%","±1.1","94","±78","1.4%","±1.1","91","±55","3.4%","±2.0","89","±51","4.2%","±2.4","70","±47","3.3%","±2.2","29","±34","1.0%","±1.2","41","±38","1.7%","±1.6","130","±109","5.2%","±4.3","108","±72","2.2%","±1.4","126","±61","2.7%","±1.3","119","±43","2.7%","±1.0","89","±44","1.6%","±0.8"
"        French Canadian","0","±12","0.0%","±6.8","44","±34","0.9%","±0.7","47","±27","0.9%","±0.5","56","±42","0.9%","±0.7","37","±40","0.5%","±0.6","41","±38","1.5%","±1.4","22","±26","1.0%","±1.3","9","±14","0.4%","±0.6","112","±85","4.0%","±3.0","23","±26","1.0%","±1.1","40","±43","1.6%","±1.7","94","±90","1.9%","±1.8","59","±67","1.3%","±1.4","6","±6","0.1%","±0.1","51","±42","0.9%","±0.8"
"        German","20","±17","4.4%","±3.5","1,211","±204","24.2%","±4.0","1,447","±187","27.1%","±3.3","1,925","±259","31.8%","±4.2","1,824","±425","26.5%","±6.2","889","±216","32.9%","±7.6","392","±117","18.6%","±5.3","402","±119","18.7%","±5.6","645","±152","23.3%","±5.2","532","±139","22.6%","±5.7","418","±158","16.7%","±6.4","1,048","±225","21.1%","±4.5","1,253","±255","27.1%","±5.2","949","±140","21.6%","±3.3","1,975","±309","35.7%","±5.5"
"        Greek","0","±12","0.0%","±6.8","24","±29","0.5%","±0.6","0","±17","0.0%","±0.6","15","±23","0.2%","±0.4","20","±32","0.3%","±0.5","0","±12","0.0%","±1.2","0","±12","0.0%","±1.5","0","±12","0.0%","±1.5","0","±12","0.0%","±1.2","0","±12","0.0%","±1.4","49","±45","2.0%","±1.8","0","±12","0.0%","±0.7","39","±52","0.8%","±1.1","0","±12","0.0%","±0.7","0","±17","0.0%","±0.6"
"        Hungarian","0","±12","0.0%","±6.8","3","±4","0.1%","±0.1","0","±17","0.0%","±0.6","42","±30","0.7%","±0.5","107","±110","1.6%","±1.6","8","±12","0.3%","±0.4","5","±8","0.2%","±0.4","11","±18","0.5%","±0.8","16","±18","0.6%","±0.6","6","±11","0.3%","±0.4","8","±13","0.3%","±0.6","33","±33","0.7%","±0.7","11","±17","0.2%","±0.4","7","±7","0.2%","±0.2","42","±59","0.8%","±1.1"
"        Irish","20","±24","4.4%","±4.9","770","±179","15.4%","±3.6","746","±148","14.0%","±2.6","877","±195","14.5%","±3.1","1,025","±367","14.9%","±5.3","468","±220","17.3%","±7.5","276","±73","13.1%","±3.7","374","±145","17.4%","±6.7","490","±140","17.7%","±5.1","284","±114","12.0%","±4.9","401","±144","16.1%","±6.0","966","±261","19.5%","±5.1","731","±187","15.8%","±3.9","791","±114","18.0%","±2.5","833","±182","15.1%","±3.2"
"        Italian","0","±12","0.0%","±6.8","588","±148","11.8%","±2.9","679","±129","12.7%","±2.4","607","±222","10.0%","±3.8","1,511","±437","21.9%","±6.3","482","±145","17.8%","±5.6","408","±156","19.4%","±7.2","300","±121","13.9%","±5.8","522","±206","18.9%","±7.4","554","±198","23.5%","±7.5","490","±176","19.6%","±6.6","738","±208","14.9%","±4.0","860","±172","18.6%","±3.6","496","±126","11.3%","±2.7","603","±213","10.9%","±3.7"
"        Lithuanian","0","±12","0.0%","±6.8","19","±27","0.4%","±0.5","3","±5","0.1%","±0.1","0","±17","0.0%","±0.5","0","±17","0.0%","±0.5","0","±12","0.0%","±1.2","4","±7","0.2%","±0.3","0","±12","0.0%","±1.5","0","±12","0.0%","±1.2","0","±12","0.0%","±1.4","0","±12","0.0%","±1.3","0","±12","0.0%","±0.7","10","±16","0.2%","±0.3","5","±7","0.1%","±0.2","0","±17","0.0%","±0.6"
"        Norwegian","0","±12","0.0%","±6.8","14","±21","0.3%","±0.4","14","±12","0.3%","±0.2","8","±8","0.1%","±0.1","7","±11","0.1%","±0.2","0","±12","0.0%","±1.2","0","±12","0.0%","±1.5","0","±12","0.0%","±1.5","0","±12","0.0%","±1.2","0","±12","0.0%","±1.4","7","±11","0.3%","±0.4","10","±12","0.2%","±0.2","13","±21","0.3%","±0.4","27","±17","0.6%","±0.4","5","±8","0.1%","±0.1"
"        Polish","38","±37","8.3%","±6.8","443","±123","8.9%","±2.6","539","±138","10.1%","±2.7","873","±181","14.4%","±3.0","722","±270","10.5%","±3.9","233","±84","8.6%","±3.4","220","±111","10.5%","±5.2","95","±73","4.4%","±3.3","159","±58","5.7%","±2.2","304","±119","12.9%","±5.1","67","±44","2.7%","±1.8","514","±190","10.4%","±3.8","176","±75","3.8%","±1.6","333","±105","7.6%","±2.3","905","±190","16.4%","±3.4"
"        Portuguese","0","±12","0.0%","±6.8","0","±17","0.0%","±0.6","3","±4","0.1%","±0.1","0","±17","0.0%","±0.5","0","±17","0.0%","±0.5","0","±12","0.0%","±1.2","0","±12","0.0%","±1.5","0","±12","0.0%","±1.5","0","±12","0.0%","±1.2","0","±12","0.0%","±1.4","0","±12","0.0%","±1.3","0","±12","0.0%","±0.7","86","±95","1.9%","±2.0","0","±12","0.0%","±0.7","0","±17","0.0%","±0.6"
"        Russian","0","±12","0.0%","±6.8","29","±36","0.6%","±0.7","7","±8","0.1%","±0.2","24","±20","0.4%","±0.3","0","±17","0.0%","±0.5","9","±14","0.3%","±0.5","11","±12","0.5%","±0.6","0","±12","0.0%","±1.5","8","±13","0.3%","±0.5","17","±21","0.7%","±0.9","0","±12","0.0%","±1.3","26","±30","0.5%","±0.6","22","±32","0.5%","±0.7","19","±23","0.4%","±0.5","45","±49","0.8%","±0.9"
"        Scotch-Irish","0","±12","0.0%","±6.8","71","±50","1.4%","±1.0","23","±17","0.4%","±0.3","59","±53","1.0%","±0.9","56","±51","0.8%","±0.7","18","±18","0.7%","±0.6","5","±8","0.2%","±0.4","15","±17","0.7%","±0.8","4","±7","0.1%","±0.3","23","±36","1.0%","±1.6","26","±31","1.0%","±1.3","35","±31","0.7%","±0.6","31","±29","0.7%","±0.6","54","±33","1.2%","±0.8","13","±11","0.2%","±0.2"
"        Scottish","0","±12","0.0%","±6.8","109","±55","2.2%","±1.1","70","±29","1.3%","±0.5","89","±51","1.5%","±0.8","64","±61","0.9%","±0.9","44","±54","1.6%","±1.9","32","±24","1.5%","±1.1","81","±61","3.8%","±2.8","41","±35","1.5%","±1.3","40","±35","1.7%","±1.5","21","±24","0.8%","±1.0","187","±99","3.8%","±2.0","236","±120","5.1%","±2.6","103","±48","2.3%","±1.1","106","±82","1.9%","±1.5"
"        Slovak","0","±12","0.0%","±6.8","20","±27","0.4%","±0.5","0","±17","0.0%","±0.6","13","±11","0.2%","±0.2","0","±17","0.0%","±0.5","10","±16","0.4%","±0.6","0","±12","0.0%","±1.5","0","±12","0.0%","±1.5","0","±12","0.0%","±1.2","0","±12","0.0%","±1.4","0","±12","0.0%","±1.3","5","±9","0.1%","±0.2","11","±17","0.2%","±0.4","2","±4","0.0%","±0.1","0","±17","0.0%","±0.6"
"        Subsaharan African","0","±12","0.0%","±6.8","17","±24","0.3%","±0.5","14","±16","0.3%","±0.3","0","±17","0.0%","±0.5","0","±17","0.0%","±0.5","0","±12","0.0%","±1.2","0","±12","0.0%","±1.5","0","±12","0.0%","±1.5","0","±12","0.0%","±1.2","0","±12","0.0%","±1.4","0","±12","0.0%","±1.3","0","±12","0.0%","±0.7","0","±12","0.0%","±0.7","0","±12","0.0%","±0.7","0","±17","0.0%","±0.6"
"        Swedish","0","±12","0.0%","±6.8","24","±27","0.5%","±0.5","41","±24","0.8%","±0.5","48","±29","0.8%","±0.5","113","±115","1.6%","±1.7","209","±206","7.7%","±7.4","12","±18","0.6%","±0.9","0","±12","0.0%","±1.5","108","±133","3.9%","±4.8","23","±22","1.0%","±0.9","8","±13","0.3%","±0.5","31","±28","0.6%","±0.6","62","±58","1.3%","±1.2","10","±9","0.2%","±0.2","104","±124","1.9%","±2.2"
"        Swiss","0","±12","0.0%","±6.8","3","±4","0.1%","±0.1","5","±6","0.1%","±0.1","35","±40","0.6%","±0.7","0","±17","0.0%","±0.5","0","±12","0.0%","±1.2","21","±17","1.0%","±0.8","0","±12","0.0%","±1.5","0","±12","0.0%","±1.2","0","±12","0.0%","±1.4","0","±12","0.0%","±1.3","5","±9","0.1%","±0.2","0","±12","0.0%","±0.7","6","±8","0.1%","±0.2","2","±3","0.0%","±0.1"
"        Ukrainian","0","±12","0.0%","±6.8","21","±18","0.4%","±0.4","12","±11","0.2%","±0.2","18","±20","0.3%","±0.3","0","±17","0.0%","±0.5","7","±12","0.3%","±0.4","6","±9","0.3%","±0.4","0","±12","0.0%","±1.5","0","±12","0.0%","±1.2","6","±11","0.3%","±0.5","52","±66","2.1%","±2.7","39","±45","0.8%","±0.9","8","±13","0.2%","±0.3","8","±9","0.2%","±0.2","9","±10","0.2%","±0.2"
"        Welsh","0","±12","0.0%","±6.8","106","±73","2.1%","±1.5","38","±27","0.7%","±0.5","11","±9","0.2%","±0.2","31","±40","0.4%","±0.6","23","±36","0.9%","±1.3","0","±12","0.0%","±1.5","7","±11","0.3%","±0.5","8","±13","0.3%","±0.5","10","±16","0.4%","±0.7","23","±21","0.9%","±0.9","54","±49","1.1%","±1.0","20","±24","0.4%","±0.5","92","±54","2.1%","±1.2","48","±35","0.9%","±0.6"
"        West Indian (excluding Hispanic origin groups)","0","±12","0.0%","±6.8","0","±17","0.0%","±0.6","0","±17","0.0%","±0.6","21","±30","0.3%","±0.5","0","±17","0.0%","±0.5","14","±22","0.5%","±0.8","0","±12","0.0%","±1.5","0","±12","0.0%","±1.5","14","±26","0.5%","±0.9","0","±12","0.0%","±1.4","0","±12","0.0%","±1.3","0","±12","0.0%","±0.7","0","±12","0.0%","±0.7","0","±12","0.0%","±0.7","0","±17","0.0%","±0.6"
"COMPUTERS AND INTERNET USE","","","","","","","","","","","","","","","","","","","","","","","","","","","","","","","","","","","","","","","","","","","","","","","","","","","","","","","","","","","",""
"    Total households","243","±79","243","(X)","2,041","±105","2,041","(X)","2,020","±107","2,020","(X)","2,455","±150","2,455","(X)","3,016","±183","3,016","(X)","1,145","±89","1,145","(X)","892","±84","892","(X)","935","±124","935","(X)","1,071","±84","1,071","(X)","1,106","±100","1,106","(X)","1,038","±79","1,038","(X)","2,068","±126","2,068","(X)","1,964","±121","1,964","(X)","1,727","±94","1,727","(X)","2,038","±133","2,038","(X)"
"        With a computer","202","±76","83.1%","±9.8","1,840","±107","90.2%","±3.0","1,786","±101","88.4%","±3.0","2,168","±130","88.3%","±3.7","2,652","±179","87.9%","±4.2","989","±97","86.4%","±4.8","751","±90","84.2%","±5.3","765","±115","81.8%","±10.1","914","±104","85.3%","±7.2","995","±103","90.0%","±5.8","875","±85","84.3%","±4.4","1,833","±109","88.6%","±3.6","1,685","±127","85.8%","±4.8","1,534","±91","88.8%","±2.7","1,835","±136","90.0%","±3.4"
"        With a broadband Internet subscription","146","±61","60.1%","±12.3","1,720","±121","84.3%","±4.3","1,698","±105","84.1%","±3.3","2,032","±124","82.8%","±4.3","2,488","±182","82.5%","±5.2","851","±94","74.3%","±6.5","739","±92","82.8%","±6.0","731","±120","78.2%","±10.8","848","±107","79.2%","±8.0","860","±100","77.8%","±8.6","699","±104","67.3%","±9.0","1,759","±111","85.1%","±4.3","1,546","±143","78.7%","±6.0","1,315","±110","76.1%","±4.3","1,711","±139","84.0%","±3.7"