"Label","Census Tract 101, Herkimer County, New York!!Estimate","Census Tract 101, Herkimer County, New York!!Margin of Error","Census Tract 101, Herkimer County, New York!!Percent","Census Tract 101, Herkimer County, New York!!Percent Margin of Error","Census Tract 102.01, Herkimer County, New York!!Estimate","Census Tract 102.01, Herkimer County, New York!!Margin of Error","Census Tract 102.01, Herkimer County, New York!!Percent","Census Tract 102.01, Herkimer County, New York!!Percent Margin of Error","Census Tract 102.02, Herkimer County, New York!!Estimate","Census Tract 102.02, Herkimer County, New York!!Margin of Error","Census Tract 102.02, Herkimer County, New York!!Percent","Census Tract 102.02, Herkimer County, New York!!Percent Margin of Error","Census Tract 103, Herkimer County, New York!!Estimate","Census Tract 103, Herkimer County, New York!!Margin of Error","Census Tract 103, Herkimer County, New York!!Percent","Census Tract 103, Herkimer County, New York!!Percent Margin of Error","Census Tract 104, Herkimer County, New York!!Estimate","Census Tract 104, Herkimer County, New York!!Margin of Error","Census Tract 104, Herkimer County, New York!!Percent","Census Tract 104, Herkimer County, New York!!Percent Margin of Error","Census Tract 105.01, Herkimer County, New York!!Estimate","Census Tract 105.01, Herkimer County, New York!!Margin of Error","Census Tract 105.01, Herkimer County, New York!!Percent","Census Tract 105.01, Herkimer County, New York!!Percent Margin of Error","Census Tract 105.02, Herkimer County, New York!!Estimate","Census Tract 105.02, Herkimer County, New York!!Margin of Error","Census Tract 105.02, Herkimer County, New York!!Percent","Census Tract 105.02, Herkimer County, New York!!Percent Margin of Error","Census Tract 107.01, Herkimer County, New York!!Estimate","Census Tract 107.01, Herkimer County, New York!!Margin of Error","Census Tract 107.01, Herkimer County, New York!!Percent","Census Tract 107.01, Herkimer County, New York!!Percent Margin of Error","Census Tract 107.02, Herkimer County, New York!!Estimate","Census Tract 107.02, Herkimer County, New York!!Margin of Error","Census Tract 107.02, Herkimer County, New York!!Percent","Census Tract 107.02, Herkimer County, New York!!Percent Margin of Error","Census Tract 109, Herkimer County, New York!!Estimate","Census Tract 109, Herkimer County, New York!!Margin of Error","Census Tract 109, Herkimer County, New York!!Percent","Census Tract 109, Herkimer County, New York!!Percent Margin of Error","Census Tract 110.01, Herkimer County, New York!!Estimate","Census Tract 110.01, Herkimer County, New York!!Margin of Error","Census Tract 110.01, Herkimer County, New York!!Percent","Census Tract 110.01, Herkimer County, New York!!Percent Margin of Error","Census Tract 110.02, Herkimer County, New York!!Estimate","Census Tract 110.02, Herkimer County, New York!!Margin of Error","Census Tract 110.02, Herkimer County, New York!!Percent","Census Tract 110.02, Herkimer County, New York!!Percent Margin of Error","Census Tract 111, Herkimer County, New York!!Estimate","Census Tract 111, Herkimer County, New York!!Margin of Error","Census Tract 111, Herkimer County, New York!!Percent","Census Tract 111, Herkimer County, New York!!Percent Margin of Error","Census Tract 112, Herkimer County, New York!!Estimate","Census Tract 112, Herkimer County, New York!!Margin of Error","Census Tract 112, Herkimer County, New York!!Percent","Census Tract 112, Herkimer County, New York!!Percent Margin of Error","Census Tract 113.01, Herkimer County, New York!!Estimate","Census Tract 113.01, Herkimer County, New York!!Margin of Error","Census Tract 113.01, Herkimer County, New York!!Percent","Census Tract 113.01, Herkimer County, New York!!Percent Margin of Error","Census Tract 113.02, Herkimer County, New York!!Estimate","Census Tract 113.02, Herkimer County, New York!!Margin of Error","Census Tract 113.02, Herkimer County, New York!!Percent","Census Tract 113.02, Herkimer County, New York!!Percent Margin of Error","Census Tract 114, Herkimer County, New York!!Estimate","Census Tract 114, Herkimer County, New York!!Margin of Error","Census Tract 114, Herkimer County, New York!!Percent","Census Tract 114, Herkimer County, New York!!Percent Margin of Error","Census Tract 115.01, Herkimer County, New York!!Estimate","Census Tract 115.01, Herkimer County, New York!!Margin of Error","Census Tract 115.01, Herkimer County, New York!!Percent","Census Tract 115.01, Herkimer County, New York!!Percent Margin of Error","Census Tract 115.02, Herkimer County, New York!!Estimate","Census Tract 115.02, Herkimer County, New York!!Margin of Error","Census Tract 115.02, Herkimer County, New York!!Percent","Census Tract 115.02, Herkimer County, New York!!Percent Margin of Error"
"HOUSEHOLDS BY TYPE","","","","","","","","","","","","","","","","","","","","","","","","","","","","","","","","","","","","","","","","","","","","","","","","","","","","","","","","","","","","","","","","","","","","","","","","","","","",""
"    Total households","2,326","±103","2,326","(X)","1,372","±108","1,372","(X)","1,552","±128","1,552","(X)","1,927","±171","1,927","(X)","1,320","±153","1,320","(X)","999","±126","999","(X)","675","±76","675","(X)","945","±110","945","(X)","873","±115","873","(X)","1,233","±69","1,233","(X)","945","±80","945","(X)","1,130","±81","1,130","(X)","1,038","±107","1,038","(X)","2,325","±179","2,325","(X)","756","±81","756","(X)","1,409","±144","1,409","(X)","1,738","±92","1,738","(X)","1,212","±78","1,212","(X)","749","±99","749","(X)"
"        Married-couple family","1,306","±91","56.1%","±3.5","593","±79","43.2%","±6.3","918","±109","59.1%","±7.0","1,015","±188","52.7%","±10.3","464","±121","35.2%","±9.6","299","±74","29.9%","±7.1","378","±55","56.0%","±7.5","446","±78","47.2%","±7.7","285","±78","32.6%","±8.7","759","±60","61.6%","±4.7","387","±64","41.0%","±6.3","565","±78","50.0%","±6.7","371","±110","35.7%","±9.9","1,032","±172","44.4%","±7.5","428","±64","56.6%","±7.9","827","±102","58.7%","±8.5","973","±85","56.0%","±4.4","690","±73","56.9%","±5.7","407","±72","54.3%","±10.3"
"            With own children of the householder under 18 years","396","±50","17.0%","±2.1","168","±57","12.2%","±4.2","308","±74","19.8%","±5.0","478","±150","24.8%","±8.2","168","±78","12.7%","±6.0","127","±52","12.7%","±5.1","119","±34","17.6%","±5.0","162","±49","17.1%","±5.5","113","±54","12.9%","±6.2","261","±44","21.2%","±3.7","148","±39","15.7%","±3.9","207","±54","18.3%","±4.5","50","±48","4.8%","±4.7","243","±133","10.5%","±5.9","75","±43","9.9%","±5.6","209","±66","14.8%","±5.5","346","±56","19.9%","±3.2","172","±56","14.2%","±4.6","28","±32","3.7%","±4.3"
"        Cohabiting couple household","246","±51","10.6%","±2.1","77","±46","5.6%","±3.3","130","±55","8.4%","±3.6","220","±137","11.4%","±7.1","234","±107","17.7%","±7.2","110","±70","11.0%","±6.7","55","±31","8.1%","±4.3","106","±51","11.2%","±5.4","87","±48","10.0%","±5.7","96","±36","7.8%","±2.8","110","±53","11.6%","±5.8","108","±44","9.6%","±3.8","174","±105","16.8%","±10.0","72","±55","3.1%","±2.4","47","±33","6.2%","±4.2","56","±38","4.0%","±2.7","111","±32","6.4%","±1.8","107","±39","8.8%","±3.1","76","±55","10.1%","±7.2"
"            With own children of the householder under 18 years","113","±40","4.9%","±1.7","6","±9","0.4%","±0.6","25","±28","1.6%","±1.8","77","±98","4.0%","±5.1","155","±89","11.7%","±6.3","25","±30","2.5%","±3.0","15","±17","2.2%","±2.5","52","±37","5.5%","±3.9","25","±28","2.9%","±3.2","9","±8","0.7%","±0.7","70","±47","7.4%","±5.2","21","±19","1.9%","±1.6","0","±12","0.0%","±3.1","17","±29","0.7%","±1.3","7","±10","0.9%","±1.4","15","±24","1.1%","±1.7","43","±18","2.5%","±1.0","48","±26","4.0%","±2.1","60","±54","8.0%","±7.2"
"        Male householder, no spouse/partner present","381","±56","16.4%","±2.3","299","±78","21.8%","±5.1","215","±79","13.9%","±4.4","276","±139","14.3%","±6.5","302","±115","22.9%","±8.0","158","±78","15.8%","±7.2","103","±42","15.3%","±5.8","133","±59","14.1%","±5.8","205","±74","23.5%","±7.4","185","±41","15.0%","±3.1","201","±63","21.3%","±6.0","206","±58","18.2%","±4.9","143","±59","13.8%","±5.4","475","±188","20.4%","±7.4","148","±56","19.6%","±6.8","234","±85","16.6%","±5.0","356","±70","20.5%","±3.7","167","±42","13.8%","±3.2","121","±60","16.2%","±6.9"
"            With own children of the householder under 18 years","23","±19","1.0%","±0.8","32","±33","2.3%","±2.5","22","±25","1.4%","±1.6","23","±40","1.2%","±2.1","0","±12","0.0%","±2.4","0","±12","0.0%","±3.2","8","±12","1.2%","±1.7","8","±12","0.8%","±1.3","35","±38","4.0%","±4.3","37","±23","3.0%","±1.9","13","±14","1.4%","±1.5","4","±6","0.4%","±0.5","14","±22","1.3%","±2.1","58","±87","2.5%","±3.7","44","±38","5.8%","±5.1","9","±14","0.6%","±1.0","33","±25","1.9%","±1.4","0","±12","0.0%","±2.6","0","±12","0.0%","±4.2"
"            Householder living alone","271","±47","11.7%","±2.0","224","±66","16.3%","±4.4","162","±73","10.4%","±4.3","235","±132","12.2%","±6.3","226","±98","17.1%","±6.8","124","±71","12.4%","±6.6","68","±33","10.1%","±4.7","106","±52","11.2%","±5.2","158","±72","18.1%","±7.4","99","±26","8.0%","±2.1","155","±48","16.4%","±4.6","190","±54","16.8%","±4.5","126","±53","12.1%","±4.9","417","±164","17.9%","±6.5","104","±48","13.8%","±5.8","207","±81","14.7%","±4.9","274","±60","15.8%","±3.1","141","±40","11.6%","±3.1","114","±61","15.2%","±7.1"
"                65 years and over","119","±35","5.1%","±1.5","60","±29","4.4%","±2.1","57","±34","3.7%","±2.1","51","±42","2.6%","±2.1","81","±51","6.1%","±3.8","28","±26","2.8%","±2.6","27","±21","4.0%","±3.0","23","±21","2.4%","±2.1","55","±39","6.3%","±4.2","62","±19","5.0%","±1.5","37","±21","3.9%","±2.1","101","±40","8.9%","±3.4","71","±41","6.8%","±3.9","40","±48","1.7%","±2.1","22","±20","2.9%","±2.7","86","±45","6.1%","±3.1","129","±36","7.4%","±2.1","44","±21","3.6%","±1.7","113","±58","15.1%","±6.7"
"        Female householder, no spouse/partner present","393","±60","16.9%","±2.4","403","±88","29.4%","±5.5","289","±101","18.6%","±6.1","416","±149","21.6%","±7.1","320","±110","24.2%","±7.9","432","±102","43.2%","±8.8","139","±51","20.6%","±6.6","260","±87","27.5%","±8.0","296","±87","33.9%","±7.9","193","±41","15.7%","±3.0","247","±68","26.1%","±6.5","251","±72","22.2%","±5.9","350","±87","33.7%","±8.1","746","±199","32.1%","±8.3","133","±44","17.6%","±5.6","292","±112","20.7%","±6.8","298","±59","17.1%","±3.3","248","±67","20.5%","±5.2","145","±80","19.4%","±9.9"
"            With own children of the householder under 18 years","91","±43","3.9%","±1.9","102","±60","7.4%","±4.2","46","±42","3.0%","±2.7","102","±81","5.3%","±4.2","0","±12","0.0%","±2.4","60","±39","6.0%","±3.9","12","±14","1.8%","±2.1","60","±57","6.3%","±6.0","41","±31","4.7%","±3.4","21","±19","1.7%","±1.5","27","±18","2.9%","±1.9","27","±24","2.4%","±2.2","19","±26","1.8%","±2.4","61","±52","2.6%","±2.3","17","±19","2.2%","±2.5","25","±30","1.8%","±2.1","75","±35","4.3%","±2.0","39","±20","3.2%","±1.6","46","±39","6.1%","±5.1"
"            Householder living alone","244","±47","10.5%","±1.9","239","±65","17.4%","±4.3","208","±88","13.4%","±5.3","252","±112","13.1%","±5.5","219","±90","16.6%","±6.4","311","±93","31.1%","±7.7","103","±49","15.3%","±6.4","149","±58","15.8%","±5.4","220","±77","25.2%","±7.4","145","±32","11.8%","±2.5","185","±63","19.6%","±6.2","156","±60","13.8%","±5.0","252","±70","24.3%","±6.2","586","±177","25.2%","±7.3","90","±40","11.9%","±5.1","235","±100","16.7%","±6.3","195","±46","11.2%","±2.7","156","±47","12.9%","±3.7","75","±50","10.0%","±6.3"
"                65 years and over","176","±36","7.6%","±1.5","141","±47","10.3%","±3.3","145","±67","9.3%","±4.3","114","±67","5.9%","±3.4","140","±66","10.6%","±4.8","231","±78","23.1%","±7.2","67","±46","9.9%","±6.4","95","±46","10.1%","±4.4","142","±59","16.3%","±6.2","99","±23","8.0%","±1.8","108","±45","11.4%","±4.5","96","±39","8.5%","±3.5","155","±63","14.9%","±6.1","272","±112","11.7%","±4.8","47","±27","6.2%","±3.5","110","±62","7.8%","±4.2","99","±31","5.7%","±1.8","101","±35","8.3%","±2.7","37","±35","4.9%","±4.6"
"        Households with one or more people under 18 years","659","±70","28.3%","±2.6","372","±69","27.1%","±4.9","431","±62","27.8%","±4.2","716","±129","37.2%","±7.1","386","±118","29.2%","±8.3","255","±61","25.5%","±5.8","172","±44","25.5%","±5.9","286","±61","30.3%","±6.2","240","±78","27.5%","±8.9","359","±54","29.1%","±4.2","271","±54","28.7%","±5.9","323","±60","28.6%","±4.8","129","±64","12.4%","±6.2","401","±144","17.2%","±6.4","151","±31","20.0%","±3.9","270","±63","19.2%","±5.3","550","±60","31.6%","±3.1","310","±53","25.6%","±4.3","134","±57","17.9%","±7.3"
"        Households with one or more people 65 years and over","778","±59","33.4%","±2.3","521","±64","38.0%","±4.3","517","±66","33.3%","±4.1","529","±75","27.5%","±3.3","422","±75","32.0%","±5.5","411","±86","41.1%","±8.1","254","±48","37.6%","±5.9","306","±85","32.4%","±7.1","326","±64","37.3%","±6.1","409","±42","33.2%","±3.0","285","±46","30.2%","±4.3","422","±59","37.3%","±4.7","401","±94","38.6%","±8.5","874","±113","37.6%","±4.8","233","±37","30.8%","±4.9","526","±101","37.3%","±5.6","591","±54","34.0%","±2.9","409","±45","33.7%","±3.5","386","±88","51.5%","±8.5"
"        Average household size","2.69","±0.12","(X)","(X)","2.47","±0.19","(X)","(X)","2.54","±0.21","(X)","(X)","2.72","±0.26","(X)","(X)","2.40","±0.24","(X)","(X)","2.34","±0.24","(X)","(X)","2.49","±0.19","(X)","(X)","2.71","±0.33","(X)","(X)","2.32","±0.31","(X)","(X)","2.78","±0.14","(X)","(X)","2.62","±0.22","(X)","(X)","2.49","±0.16","(X)","(X)","2.04","±0.19","(X)","(X)","2.18","±0.20","(X)","(X)","2.48","±0.23","(X)","(X)","2.37","±0.24","(X)","(X)","2.62","±0.13","(X)","(X)","2.51","±0.15","(X)","(X)","2.10","±0.26","(X)","(X)"
"        Average family size","3.16","±0.16","(X)","(X)","3.21","±0.25","(X)","(X)","2.99","±0.23","(X)","(X)","3.26","±0.30","(X)","(X)","3.03","±0.26","(X)","(X)","3.39","±0.47","(X)","(X)","2.92","±0.19","(X)","(X)","3.33","±0.40","(X)","(X)","3.27","±0.41","(X)","(X)","3.23","±0.17","(X)","(X)","3.39","±0.33","(X)","(X)","3.16","±0.23","(X)","(X)","2.69","±0.26","(X)","(X)","3.09","±0.33","(X)","(X)","2.93","±0.22","(X)","(X)","2.99","±0.30","(X)","(X)","3.15","±0.18","(X)","(X)","2.95","±0.19","(X)","(X)","2.30","±0.21","(X)","(X)"
"RELATIONSHIP","","","","","","","","","","","","","","","","","","","","","","","","","","","","","","","","","","","","","","","","","","","","","","","","","","","","","","","","","","","","","","","","","","","","","","","","","","","",""
"    Population in households","6,251","±239","6,251","(X)","3,393","±245","3,393","(X)","3,938","±241","3,938","(X)","5,235","±376","5,235","(X)","3,172","±384","3,172","(X)","2,336","±237","2,336","(X)","1,680","±172","1,680","(X)","2,559","±252","2,559","(X)","2,027","±253","2,027","(X)","3,424","±208","3,424","(X)","2,474","±123","2,474","(X)","2,818","±201","2,818","(X)","2,113","±247","2,113","(X)","5,080","±358","5,080","(X)","1,878","±209","1,878","(X)","3,334","±20","3,334","(X)","4,546","±257","4,546","(X)","3,044","±202","3,044","(X)","1,572","±235","1,572","(X)"
"        Householder","2,326","±103","37.2%","±1.6","1,372","±108","40.4%","±3.0","1,552","±128","39.4%","±3.2","1,927","±171","36.8%","±3.6","1,320","±153","41.6%","±4.2","999","±126","42.8%","±4.5","675","±76","40.2%","±3.1","945","±110","36.9%","±4.5","873","±115","43.1%","±5.5","1,233","±69","36.0%","±1.8","945","±80","38.2%","±3.3","1,130","±81","40.1%","±2.6","1,038","±107","49.1%","±4.6","2,325","±179","45.8%","±4.1","756","±81","40.3%","±3.7","1,409","±144","42.3%","±4.3","1,738","±92","38.2%","±1.9","1,212","±78","39.8%","±2.5","749","±99","47.6%","±5.9"
"        Spouse","1,295","±87","20.7%","±1.4","598","±80","17.6%","±2.4","919","±112","23.3%","±2.7","1,012","±188","19.3%","±3.2","462","±121","14.6%","±3.7","305","±73","13.1%","±2.8","382","±53","22.7%","±2.8","447","±77","17.5%","±3.0","267","±81","13.2%","±3.7","751","±72","21.9%","±2.0","381","±66","15.4%","±2.6","571","±80","20.3%","±2.5","376","±113","17.8%","±4.7","996","±170","19.6%","±3.0","414","±63","22.0%","±3.5","807","±100","24.2%","±3.0","963","±83","21.2%","±1.7","709","±72","23.3%","±2.2","414","±74","26.3%","±4.6"
"        Unmarried partner","243","±51","3.9%","±0.8","79","±46","2.3%","±1.4","131","±56","3.3%","±1.4","261","±161","5.0%","±3.1","246","±115","7.8%","±3.1","104","±63","4.5%","±2.7","56","±30","3.3%","±1.7","100","±49","3.9%","±1.9","89","±46","4.4%","±2.3","101","±39","2.9%","±1.1","116","±55","4.7%","±2.2","106","±43","3.8%","±1.6","183","±111","8.7%","±5.3","73","±55","1.4%","±1.1","45","±29","2.4%","±1.5","58","±40","1.7%","±1.2","103","±33","2.3%","±0.7","102","±39","3.4%","±1.2","66","±47","4.2%","±2.9"
"        Child","2,068","±177","33.1%","±2.2","948","±162","27.9%","±3.8","1,094","±192","27.8%","±4.2","1,759","±289","33.6%","±4.3","899","±203","28.3%","±4.4","640","±118","27.4%","±3.8","431","±87","25.7%","±4.0","920","±183","36.0%","±5.4","568","±158","28.0%","±5.7","1,170","±134","34.2%","±2.5","762","±107","30.8%","±3.6","808","±163","28.7%","±4.9","342","±131","16.2%","±5.6","1,543","±346","30.4%","±5.6","482","±95","25.7%","±3.8","996","±175","29.9%","±5.2","1,430","±167","31.5%","±2.6","824","±136","27.1%","±3.5","271","±119","17.2%","±6.0"
"        Other relatives","190","±62","3.0%","±0.9","304","±128","9.0%","±3.5","180","±130","4.6%","±3.2","154","±117","2.9%","±2.2","177","±91","5.6%","±2.8","209","±132","8.9%","±5.5","78","±45","4.6%","±2.5","77","±50","3.0%","±1.9","173","±110","8.5%","±5.2","110","±45","3.2%","±1.3","199","±108","8.0%","±4.3","165","±125","5.9%","±4.4","100","±64","4.7%","±2.9","47","±56","0.9%","±1.1","109","±86","5.8%","±4.5","39","±40","1.2%","±1.2","203","±66","4.5%","±1.4","152","±73","5.0%","±2.3","13","±22","0.8%","±1.4"
"        Other nonrelatives","129","±59","2.1%","±0.9","92","±59","2.7%","±1.7","62","±47","1.6%","±1.2","122","±109","2.3%","±2.0","68","±51","2.1%","±1.6","79","±61","3.4%","±2.5","58","±39","3.5%","±2.3","70","±67","2.7%","±2.5","57","±51","2.8%","±2.4","59","±38","1.7%","±1.1","71","±44","2.9%","±1.8","38","±31","1.3%","±1.1","74","±72","3.5%","±3.3","96","±109","1.9%","±2.1","72","±78","3.8%","±4.0","25","±31","0.7%","±0.9","109","±57","2.4%","±1.2","45","±25","1.5%","±0.8","59","±55","3.8%","±3.1"
"MARITAL STATUS","","","","","","","","","","","","","","","","","","","","","","","","","","","","","","","","","","","","","","","","","","","","","","","","","","","","","","","","","","","","","","","","","","","","","","","","","","","",""
"    Males 15 years and over","2,597","±126","2,597","(X)","1,423","±165","1,423","(X)","1,573","±154","1,573","(X)","1,973","±258","1,973","(X)","1,304","±176","1,304","(X)","824","±155","824","(X)","689","±86","689","(X)","938","±134","938","(X)","859","±137","859","(X)","1,491","±133","1,491","(X)","964","±87","964","(X)","1,156","±115","1,156","(X)","962","±132","962","(X)","2,447","±252","2,447","(X)","883","±152","883","(X)","1,407","±132","1,407","(X)","1,909","±133","1,909","(X)","1,168","±101","1,168","(X)","751","±163","751","(X)"
"        Never married","879","±115","33.8%","±3.4","494","±131","34.7%","±6.7","386","±131","24.5%","±7.5","681","±211","34.5%","±8.7","505","±153","38.7%","±9.1","282","±114","34.2%","±10.0","178","±65","25.8%","±7.7","362","±131","38.6%","±10.3","374","±93","43.5%","±8.2","506","±115","33.9%","±5.4","368","±79","38.2%","±7.1","413","±105","35.7%","±7.4","353","±115","36.7%","±9.7","1,044","±270","42.7%","±8.5","274","±99","31.0%","±8.0","347","±118","24.7%","±7.1","597","±110","31.3%","±4.3","255","±65","21.8%","±4.8","235","±127","31.3%","±11.9"
"        Now married, except separated","1,358","±91","52.3%","±3.5","698","±88","49.1%","±6.4","944","±124","60.0%","±6.6","1,079","±200","54.7%","±9.2","509","±119","39.0%","±9.1","333","±77","40.4%","±7.7","395","±56","57.3%","±7.1","431","±75","45.9%","±9.5","271","±78","31.5%","±8.1","797","±65","53.5%","±5.3","420","±71","43.6%","±6.8","588","±86","50.9%","±7.3","385","±116","40.0%","±10.4","1,142","±183","46.7%","±7.6","479","±78","54.2%","±7.3","827","±97","58.8%","±7.7","1,015","±81","53.2%","±4.2","727","±71","62.2%","±4.9","418","±75","55.7%","±10.8"
"        Separated","40","±22","1.5%","±0.9","22","±20","1.5%","±1.4","32","±32","2.0%","±2.0","0","±17","0.0%","±1.6","98","±52","7.5%","±4.0","45","±46","5.5%","±5.6","0","±12","0.0%","±4.6","8","±13","0.9%","±1.4","46","±43","5.4%","±4.7","23","±17","1.5%","±1.1","12","±15","1.2%","±1.5","0","±12","0.0%","±2.8","73","±76","7.6%","±8.3","0","±17","0.0%","±1.3","32","±38","3.6%","±4.1","9","±14","0.6%","±1.0","38","±20","2.0%","±1.0","13","±11","1.1%","±0.9","0","±12","0.0%","±4.2"
"        Widowed","84","±32","3.2%","±1.2","42","±24","3.0%","±1.7","19","±15","1.2%","±0.9","6","±11","0.3%","±0.6","59","±46","4.5%","±3.5","41","±40","5.0%","±5.1","27","±21","3.9%","±3.0","9","±13","1.0%","±1.4","66","±51","7.7%","±5.7","40","±17","2.7%","±1.1","38","±19","3.9%","±1.9","52","±26","4.5%","±2.2","45","±34","4.7%","±3.5","10","±14","0.4%","±0.6","11","±13","1.2%","±1.5","40","±37","2.8%","±2.6","74","±34","3.9%","±1.8","31","±20","2.7%","±1.7","31","±31","4.1%","±4.2"
"        Divorced","236","±46","9.1%","±1.7","167","±56","11.7%","±3.7","192","±98","12.2%","±6.3","207","±131","10.5%","±6.3","133","±66","10.2%","±4.8","123","±79","14.9%","±9.1","89","±39","12.9%","±5.6","128","±60","13.6%","±6.3","102","±49","11.9%","±5.6","125","±44","8.4%","±2.9","126","±60","13.1%","±6.1","103","±44","8.9%","±3.8","106","±66","11.0%","±6.6","251","±138","10.3%","±5.7","87","±47","9.9%","±5.5","184","±88","13.1%","±6.0","185","±47","9.7%","±2.3","142","±42","12.2%","±3.2","67","±44","8.9%","±5.8"
"    Females 15 years and over","2,591","±154","2,591","(X)","1,490","±137","1,490","(X)","1,677","±157","1,677","(X)","2,225","±269","2,225","(X)","1,116","±158","1,116","(X)","1,080","±135","1,080","(X)","753","±92","753","(X)","1,089","±132","1,089","(X)","902","±128","902","(X)","1,371","±99","1,371","(X)","999","±75","999","(X)","1,161","±88","1,161","(X)","1,017","±138","1,017","(X)","2,596","±238","2,596","(X)","758","±83","758","(X)","1,425","±104","1,425","(X)","1,854","±112","1,854","(X)","1,357","±117","1,357","(X)","749","±116","749","(X)"
"        Never married","683","±116","26.4%","±3.4","459","±110","30.8%","±5.9","378","±125","22.5%","±6.1","748","±274","33.6%","±9.7","337","±145","30.2%","±9.9","387","±101","35.8%","±7.2","189","±70","25.1%","±7.8","294","±115","27.0%","±9.2","284","±91","31.5%","±8.2","306","±74","22.3%","±4.5","254","±69","25.4%","±6.2","210","±63","18.1%","±4.9","170","±85","16.7%","±7.3","518","±160","20.0%","±5.4","116","±47","15.3%","±5.5","259","±104","18.2%","±6.8","489","±93","26.4%","±4.2","325","±83","23.9%","±4.9","200","±65","26.7%","±7.3"
"        Now married, except separated","1,347","±97","52.0%","±3.8","661","±90","44.4%","±5.8","931","±115","55.5%","±8.5","1,024","±192","46.0%","±9.5","451","±120","40.4%","±11.1","334","±69","30.9%","±6.4","369","±53","49.0%","±7.3","484","±88","44.4%","±8.6","284","±82","31.5%","±9.0","788","±68","57.5%","±5.1","441","±70","44.1%","±7.3","593","±89","51.1%","±7.6","396","±117","38.9%","±10.6","1,028","±188","39.6%","±7.6","500","±79","66.0%","±8.0","816","±107","57.3%","±7.6","1,038","±98","56.0%","±4.7","727","±72","53.6%","±6.3","403","±73","53.8%","±10.8"
"        Separated","43","±25","1.7%","±0.9","23","±27","1.5%","±1.8","30","±31","1.8%","±1.8","96","±86","4.3%","±4.0","25","±25","2.2%","±2.3","31","±28","2.9%","±2.5","17","±19","2.3%","±2.4","30","±23","2.8%","±2.1","26","±28","2.9%","±2.9","24","±15","1.8%","±1.1","99","±63","9.9%","±6.2","0","±12","0.0%","±2.8","33","±32","3.2%","±3.0","55","±55","2.1%","±2.1","11","±18","1.5%","±2.3","39","±45","2.7%","±3.2","36","±21","1.9%","±1.1","35","±23","2.6%","±1.6","26","±31","3.5%","±3.9"
"        Widowed","244","±46","9.4%","±1.7","181","±54","12.1%","±3.5","147","±56","8.8%","±3.3","163","±96","7.3%","±4.2","124","±75","11.1%","±6.5","97","±50","9.0%","±4.6","78","±49","10.4%","±6.2","154","±62","14.1%","±5.5","178","±65","19.7%","±6.6","138","±36","10.1%","±2.5","130","±46","13.0%","±4.4","172","±61","14.8%","±5.0","124","±50","12.2%","±4.9","636","±198","24.5%","±6.6","70","±32","9.2%","±4.2","103","±51","7.2%","±3.5","100","±28","5.4%","±1.5","127","±40","9.4%","±3.0","66","±59","8.8%","±7.3"
"        Divorced","274","±56","10.6%","±2.1","166","±62","11.1%","±4.0","191","±100","11.4%","±5.6","194","±109","8.7%","±5.0","179","±79","16.0%","±7.2","231","±73","21.4%","±6.3","100","±37","13.3%","±4.8","127","±58","11.7%","±5.0","130","±66","14.4%","±7.1","115","±44","8.4%","±3.1","75","±34","7.5%","±3.3","186","±70","16.0%","±5.9","294","±112","28.9%","±11.4","359","±132","13.8%","±5.2","61","±32","8.0%","±4.2","208","±82","14.6%","±5.5","191","±55","10.3%","±3.0","143","±57","10.5%","±3.8","54","±48","7.2%","±6.2"
"FERTILITY","","","","","","","","","","","","","","","","","","","","","","","","","","","","","","","","","","","","","","","","","","","","","","","","","","","","","","","","","","","","","","","","","","","","","","","","","","","",""
"    Number of women 15 to 50 years old who had a birth in the past 12 months","54","±27","54","(X)","13","±14","13","(X)","19","±28","19","(X)","26","±40","26","(X)","111","±76","111","(X)","25","±28","25","(X)","17","±18","17","(X)","55","±58","55","(X)","22","±23","22","(X)","29","±17","29","(X)","54","±33","54","(X)","43","±25","43","(X)","0","±12","0","(X)","19","±26","19","(X)","7","±10","7","(X)","0","±12","0","(X)","45","±20","45","(X)","8","±8","8","(X)","36","±44","36","(X)"
"        Unmarried women (widowed, divorced, and never married)","23","±15","42.6%","±23.2","6","±9","46.2%","±53.8","0","±12","0.0%","±68.0","0","±17","0.0%","±58.2","86","±72","77.5%","±28.3","12","±20","48.0%","±52.0","0","±12","0.0%","±71.9","55","±58","100.0%","±40.0","14","±21","63.6%","±55.9","3","±5","10.3%","±15.8","0","±12","0.0%","±40.4","0","±12","0.0%","±45.2","0","±12","-","**","3","±6","15.8%","±45.0","7","±10","100.0%","±100.0","0","±12","-","**","27","±18","60.0%","±26.0","8","±8","100.0%","±100.0","36","±44","100.0%","±49.4"
"            Per 1,000 unmarried women","30","±20","(X)","(X)","12","±18","(X)","(X)","0","±65","(X)","(X)","0","±39","(X)","(X)","235","±175","(X)","(X)","37","±62","(X)","(X)","0","±164","(X)","(X)","173","±166","(X)","(X)","44","±66","(X)","(X)","8","±13","(X)","(X)","0","±120","(X)","(X)","0","±125","(X)","(X)","0","±136","(X)","(X)","5","±9","(X)","(X)","73","±109","(X)","(X)","0","±108","(X)","(X)","50","±34","(X)","(X)","22","±24","(X)","(X)","188","±237","(X)","(X)"
"        Per 1,000 women 15 to 50 years old","40","±20","(X)","(X)","17","±18","(X)","(X)","21","±32","(X)","(X)","20","±29","(X)","(X)","199","±115","(X)","(X)","46","±50","(X)","(X)","50","±53","(X)","(X)","104","±107","(X)","(X)","46","±51","(X)","(X)","40","±23","(X)","(X)","107","±68","(X)","(X)","81","±46","(X)","(X)","0","±82","(X)","(X)","19","±27","(X)","(X)","21","±32","(X)","(X)","0","±52","(X)","(X)","44","±20","(X)","(X)","12","±13","(X)","(X)","154","±199","(X)","(X)"
"        Per 1,000 women 15 to 19 years old","0","±111","(X)","(X)","0","±265","(X)","(X)","0","±292","(X)","(X)","0","±190","(X)","(X)","0","±989","(X)","(X)","91","±157","(X)","(X)","0","±407","(X)","(X)","0","±400","(X)","(X)","0","±318","(X)","(X)","0","±222","(X)","(X)","0","±370","(X)","(X)","0","±274","(X)","(X)","0","±447","(X)","(X)","0","±283","(X)","(X)","0","±447","(X)","(X)","0","±318","(X)","(X)","22","±33","(X)","(X)","0","±198","(X)","(X)","0","±433","(X)","(X)"
"        Per 1,000 women 20 to 34 years old","116","±57","(X)","(X)","22","±36","(X)","(X)","49","±76","(X)","(X)","39","±59","(X)","(X)","339","±192","(X)","(X)","0","±257","(X)","(X)","110","±116","(X)","(X)","232","±227","(X)","(X)","70","±101","(X)","(X)","88","±61","(X)","(X)","223","±130","(X)","(X)","268","±148","(X)","(X)","0","±244","(X)","(X)","31","±42","(X)","(X)","117","±165","(X)","(X)","0","±127","(X)","(X)","98","±47","(X)","(X)","36","±37","(X)","(X)","456","±513","(X)","(X)"
"        Per 1,000 women 35 to 50 years old","0","±51","(X)","(X)","17","±26","(X)","(X)","0","±72","(X)","(X)","0","±62","(X)","(X)","0","±136","(X)","(X)","42","±69","(X)","(X)","0","±212","(X)","(X)","0","±128","(X)","(X)","41","±64","(X)","(X)","20","±19","(X)","(X)","0","±150","(X)","(X)","29","±47","(X)","(X)","0","±137","(X)","(X)","0","±112","(X)","(X)","0","±134","(X)","(X)","0","±106","(X)","(X)","0","±76","(X)","(X)","0","±107","(X)","(X)","0","±255","(X)","(X)"
"GRANDPARENTS","","","","","","","","","","","","","","","","","","","","","","","","","","","","","","","","","","","","","","","","","","","","","","","","","","","","","","","","","","","","","","","","","","","","","","","","","","","",""
"    Number of grandparents living with own grandchildren under 18 years","44","±22","44","(X)","107","±61","107","(X)","78","±64","78","(X)","90","±74","90","(X)","63","±51","63","(X)","61","±43","61","(X)","7","±11","7","(X)","65","±70","65","(X)","99","±99","99","(X)","41","±24","41","(X)","60","±50","60","(X)","45","±32","45","(X)","84","±65","84","(X)","22","±40","22","(X)","15","±21","15","(X)","0","±12","0","(X)","98","±37","98","(X)","69","±35","69","(X)","0","±12","0","(X)"
"        Grandparents responsible for grandchildren","11","±12","25.0%","±23.2","0","±12","0.0%","±25.7","38","±56","48.7%","±49.1","0","±17","0.0%","±29.4","17","±26","27.0%","±38.6","9","±15","14.8%","±18.6","7","±11","100.0%","±100.0","65","±70","100.0%","±36.7","32","±47","32.3%","±26.4","16","±13","39.0%","±24.1","6","±9","10.0%","±16.9","25","±23","55.6%","±35.7","49","±42","58.3%","±30.7","22","±40","100.0%","±63.2","0","±12","0.0%","±76.6","0","±12","-","**","46","±23","46.9%","±17.7","52","±32","75.4%","±19.1","0","±12","-","**"
"        Years responsible for grandchildren","","","","","","","","","","","","","","","","","","","","","","","","","","","","","","","","","","","","","","","","","","","","","","","","","","","","","","","","","","","","","","","","","","","","","","","","","","","",""
"            Less than 1 year","0","±17","0.0%","±44.7","0","±12","0.0%","±25.7","0","±12","0.0%","±32.7","0","±17","0.0%","±29.4","0","±12","0.0%","±37.3","0","±12","0.0%","±38.0","0","±12","0.0%","±100.0","52","±69","80.0%","±45.7","0","±12","0.0%","±27.4","10","±9","24.4%","±18.5","0","±12","0.0%","±38.3","5","±7","11.1%","±14.3","17","±26","20.2%","±32.1","0","±17","0.0%","±63.2","0","±12","0.0%","±76.6","0","±12","-","**","26","±17","26.5%","±15.2","13","±17","18.8%","±23.5","0","±12","-","**"
"            1 or 2 years","0","±17","0.0%","±44.7","0","±12","0.0%","±25.7","0","±12","0.0%","±32.7","0","±17","0.0%","±29.4","0","±12","0.0%","±37.3","0","±12","0.0%","±38.0","0","±12","0.0%","±100.0","0","±12","0.0%","±36.7","0","±12","0.0%","±27.4","0","±12","0.0%","±46.3","0","±12","0.0%","±38.3","5","±7","11.1%","±18.1","0","±12","0.0%","±31.0","0","±17","0.0%","±63.2","0","±12","0.0%","±76.6","0","±12","-","**","2","±4","2.0%","±4.3","0","±12","0.0%","±35.4","0","±12","-","**"
"            3 or 4 years","0","±17","0.0%","±44.7","0","±12","0.0%","±25.7","0","±12","0.0%","±32.7","0","±17","0.0%","±29.4","0","±12","0.0%","±37.3","9","±15","14.8%","±18.6","0","±12","0.0%","±100.0","0","±12","0.0%","±36.7","0","±12","0.0%","±27.4","6","±10","14.6%","±22.2","0","±12","0.0%","±38.3","15","±18","33.3%","±31.2","0","±12","0.0%","±31.0","0","±17","0.0%","±63.2","0","±12","0.0%","±76.6","0","±12","-","**","10","±8","10.2%","±7.3","5","±7","7.2%","±10.6","0","±12","-","**"
"            5 or more years","11","±12","25.0%","±23.2","0","±12","0.0%","±25.7","38","±56","48.7%","±49.1","0","±17","0.0%","±29.4","17","±26","27.0%","±38.6","0","±12","0.0%","±38.0","7","±11","100.0%","±100.0","13","±22","20.0%","±45.7","32","±47","32.3%","±26.4","0","±12","0.0%","±46.3","6","±9","10.0%","±16.9","0","±12","0.0%","±44.2","32","±34","38.1%","±30.8","22","±40","100.0%","±63.2","0","±12","0.0%","±76.6","0","±12","-","**","8","±8","8.2%","±8.0","34","±27","49.3%","±27.7","0","±12","-","**"
"    Number of grandparents responsible for own grandchildren under 18 years","11","±12","11","(X)","0","±12","0","(X)","38","±56","38","(X)","0","±17","0","(X)","17","±26","17","(X)","9","±15","9","(X)","7","±11","7","(X)","65","±70","65","(X)","32","±47","32","(X)","16","±13","16","(X)","6","±9","6","(X)","25","±23","25","(X)","49","±42","49","(X)","22","±40","22","(X)","0","±12","0","(X)","0","±12","0","(X)","46","±23","46","(X)","52","±32","52","(X)","0","±12","0","(X)"
"        Who are female","6","±6","54.5%","±25.8","0","±12","-","**","19","±28","50.0%","±6.1","0","±17","-","**","0","±12","0.0%","±71.9","0","±12","0.0%","±98.9","7","±11","100.0%","±100.0","35","±36","53.8%","±9.7","0","±12","0.0%","±52.4","8","±8","50.0%","±32.5","6","±9","100.0%","±100.0","15","±13","60.0%","±25.9","32","±27","65.3%","±21.4","22","±40","100.0%","±63.2","0","±12","-","**","0","±12","-","**","18","±11","39.1%","±17.3","29","±18","55.8%","±18.3","0","±12","-","**"
"        Who are married","11","±12","100.0%","±89.4","0","±12","-","**","38","±56","100.0%","±48.1","0","±17","-","**","17","±26","100.0%","±71.9","9","±15","100.0%","±98.9","0","±12","0.0%","±100.0","13","±22","20.0%","±45.7","0","±12","0.0%","±52.4","11","±12","68.8%","±38.0","0","±12","0.0%","±100.0","11","±17","44.0%","±40.1","49","±42","100.0%","±42.4","22","±40","100.0%","±63.2","0","±12","-","**","0","±12","-","**","34","±19","73.9%","±20.2","27","±23","51.9%","±33.6","0","±12","-","**"
"SCHOOL ENROLLMENT","","","","","","","","","","","","","","","","","","","","","","","","","","","","","","","","","","","","","","","","","","","","","","","","","","","","","","","","","","","","","","","","","","","","","","","","","","","",""
"    Population 3 years and over enrolled in school","1,307","±150","1,307","(X)","665","±128","665","(X)","805","±115","805","(X)","1,563","±277","1,563","(X)","736","±187","736","(X)","594","±140","594","(X)","334","±74","334","(X)","678","±176","678","(X)","494","±131","494","(X)","718","±154","718","(X)","604","±93","604","(X)","536","±94","536","(X)","271","±111","271","(X)","1,269","±279","1,269","(X)","371","±87","371","(X)","590","±183","590","(X)","1,026","±139","1,026","(X)","621","±113","621","(X)","157","±85","157","(X)"
"        Nursery school, preschool","91","±39","7.0%","±3.0","14","±16","2.1%","±2.4","65","±53","8.1%","±6.7","48","±76","3.1%","±4.7","68","±63","9.2%","±8.4","82","±54","13.8%","±9.7","0","±12","0.0%","±9.3","55","±39","8.1%","±6.6","45","±36","9.1%","±7.0","22","±13","3.1%","±1.9","29","±27","4.8%","±4.4","34","±20","6.3%","±3.8","0","±12","0.0%","±11.3","88","±101","6.9%","±7.4","13","±19","3.5%","±5.3","85","±65","14.4%","±8.6","52","±24","5.1%","±2.4","73","±43","11.8%","±7.3","0","±12","0.0%","±18.6"
"        Kindergarten","36","±27","2.8%","±2.1","14","±18","2.1%","±2.8","46","±40","5.7%","±4.9","110","±114","7.0%","±7.5","20","±23","2.7%","±3.0","0","±12","0.0%","±5.3","23","±18","6.9%","±5.6","24","±29","3.5%","±4.1","30","±28","6.1%","±5.7","60","±33","8.4%","±4.1","100","±59","16.6%","±8.3","31","±27","5.8%","±4.7","15","±25","5.5%","±8.5","43","±50","3.4%","±3.9","0","±12","0.0%","±8.4","38","±49","6.4%","±8.3","22","±14","2.1%","±1.4","17","±16","2.7%","±2.5","0","±12","0.0%","±18.6"
"        Elementary school (grades 1-8)","586","±105","44.8%","±6.5","256","±80","38.5%","±10.6","391","±85","48.6%","±10.2","758","±169","48.5%","±8.4","415","±141","56.4%","±11.5","196","±60","33.0%","±8.2","146","±54","43.7%","±12.7","367","±111","54.1%","±9.6","142","±83","28.7%","±12.8","248","±64","34.5%","±8.1","243","±50","40.2%","±9.1","253","±73","47.2%","±9.9","139","±84","51.3%","±18.7","464","±194","36.6%","±12.0","168","±48","45.3%","±9.8","260","±139","44.1%","±17.0","453","±84","44.2%","±5.8","266","±87","42.8%","±9.9","63","±54","40.1%","±28.8"
"        High school (grades 9-12)","337","±85","25.8%","±5.2","198","±79","29.8%","±9.7","171","±80","21.2%","±9.4","299","±133","19.1%","±8.2","105","±43","14.3%","±5.7","196","±96","33.0%","±12.3","114","±55","34.1%","±14.2","121","±84","17.8%","±10.6","141","±75","28.5%","±12.8","198","±65","27.6%","±5.7","119","±51","19.7%","±8.8","117","±44","21.8%","±7.2","67","±48","24.7%","±16.2","159","±105","12.5%","±7.3","85","±35","22.9%","±10.4","128","±94","21.7%","±15.0","256","±63","25.0%","±5.0","164","±51","26.4%","±6.0","89","±68","56.7%","±29.7"
"        College or graduate school","257","±71","19.7%","±4.8","183","±65","27.5%","±7.8","132","±73","16.4%","±7.5","348","±169","22.3%","±9.2","128","±89","17.4%","±10.8","120","±65","20.2%","±10.0","51","±35","15.3%","±9.9","111","±64","16.4%","±8.6","136","±69","27.5%","±14.0","190","±77","26.5%","±8.3","113","±51","18.7%","±7.2","101","±45","18.8%","±8.1","50","±37","18.5%","±14.0","515","±185","40.6%","±14.8","105","±59","28.3%","±11.5","79","±72","13.4%","±12.8","243","±67","23.7%","±5.1","101","±58","16.3%","±9.1","5","±8","3.2%","±6.0"
"EDUCATIONAL ATTAINMENT","","","","","","","","","","","","","","","","","","","","","","","","","","","","","","","","","","","","","","","","","","","","","","","","","","","","","","","","","","","","","","","","","","","","","","","","","","","",""
"    Population 25 years and over","4,257","±173","4,257","(X)","2,512","±206","2,512","(X)","2,777","±184","2,777","(X)","3,526","±275","3,526","(X)","2,068","±224","2,068","(X)","1,547","±200","1,547","(X)","1,263","±131","1,263","(X)","1,761","±178","1,761","(X)","1,480","±190","1,480","(X)","2,361","±145","2,361","(X)","1,628","±125","1,628","(X)","1,991","±138","1,991","(X)","1,711","±200","1,711","(X)","4,032","±292","4,032","(X)","1,498","±194","1,498","(X)","2,572","±190","2,572","(X)","3,173","±168","3,173","(X)","2,199","±132","2,199","(X)","1,376","±176","1,376","(X)"
"        Less than 9th grade","110","±42","2.6%","±1.0","89","±44","3.5%","±1.8","28","±32","1.0%","±1.1","32","±33","0.9%","±0.9","66","±56","3.2%","±2.6","52","±45","3.4%","±2.9","58","±47","4.6%","±3.8","121","±83","6.9%","±4.9","57","±51","3.9%","±3.4","77","±47","3.3%","±2.0","38","±23","2.3%","±1.4","119","±56","6.0%","±2.8","80","±54","4.7%","±3.1","151","±107","3.7%","±2.7","67","±49","4.5%","±3.1","132","±78","5.1%","±3.0","107","±43","3.4%","±1.3","37","±22","1.7%","±1.0","31","±42","2.3%","±3.1"
"        9th to 12th grade, no diploma","282","±57","6.6%","±1.3","210","±81","8.4%","±3.2","114","±51","4.1%","±1.8","83","±62","2.4%","±1.8","197","±74","9.5%","±3.8","126","±70","8.1%","±4.2","143","±71","11.3%","±5.4","29","±25","1.6%","±1.4","83","±51","5.6%","±3.6","116","±40","4.9%","±1.6","106","±49","6.5%","±2.8","273","±78","13.7%","±4.0","258","±108","15.1%","±6.6","262","±132","6.5%","±3.3","98","±59","6.5%","±3.7","232","±104","9.0%","±4.0","256","±62","8.1%","±1.9","115","±37","5.2%","±1.7","11","±11","0.8%","±0.8"
"        High school graduate (includes equivalency)","1,640","±122","38.5%","±2.4","792","±127","31.5%","±4.4","996","±180","35.9%","±5.8","1,286","±327","36.5%","±8.4","844","±191","40.8%","±7.3","521","±132","33.7%","±7.7","440","±106","34.8%","±7.6","610","±136","34.6%","±6.8","672","±148","45.4%","±7.9","953","±102","40.4%","±4.0","642","±107","39.4%","±6.1","745","±104","37.4%","±4.8","586","±133","34.2%","±7.3","1,464","±290","36.3%","±7.4","575","±107","38.4%","±4.9","839","±161","32.6%","±6.3","1,225","±138","38.6%","±3.5","724","±99","32.9%","±4.2","590","±173","42.9%","±10.6"
"        Some college, no degree","831","±97","19.5%","±2.2","480","±128","19.1%","±4.6","542","±120","19.5%","±4.3","599","±196","17.0%","±5.7","322","±105","15.6%","±4.6","285","±130","18.4%","±7.8","198","±68","15.7%","±4.8","324","±96","18.4%","±5.3","142","±77","9.6%","±4.7","351","±59","14.9%","±2.5","388","±81","23.8%","±4.8","391","±111","19.6%","±5.3","403","±161","23.6%","±8.5","930","±319","23.1%","±6.9","239","±82","16.0%","±4.5","446","±120","17.3%","±4.4","558","±80","17.6%","±2.5","444","±81","20.2%","±3.4","250","±76","18.2%","±4.9"
"        Associate's degree","577","±82","13.6%","±1.8","378","±93","15.0%","±3.6","326","±92","11.7%","±3.3","355","±158","10.1%","±4.2","362","±122","17.5%","±5.6","246","±83","15.9%","±5.7","131","±44","10.4%","±3.3","226","±86","12.8%","±4.6","137","±89","9.3%","±5.6","393","±93","16.6%","±3.5","229","±82","14.1%","±4.9","191","±60","9.6%","±2.9","244","±111","14.3%","±5.9","430","±134","10.7%","±3.5","215","±68","14.4%","±4.2","379","±117","14.7%","±4.3","463","±83","14.6%","±2.5","247","±59","11.2%","±2.6","95","±48","6.9%","±3.3"
"        Bachelor's degree","510","±76","12.0%","±1.7","394","±107","15.7%","±4.1","411","±125","14.8%","±4.5","583","±180","16.5%","±4.7","137","±64","6.6%","±3.0","188","±75","12.2%","±4.4","240","±71","19.0%","±5.3","204","±80","11.6%","±4.3","254","±82","17.2%","±5.6","266","±60","11.3%","±2.6","84","±34","5.2%","±2.1","179","±58","9.0%","±2.7","100","±49","5.8%","±2.8","458","±163","11.4%","±4.2","149","±53","9.9%","±3.7","232","±75","9.0%","±2.8","324","±64","10.2%","±1.9","395","±81","18.0%","±3.4","240","±98","17.4%","±7.1"
"        Graduate or professional degree","307","±65","7.2%","±1.5","169","±62","6.7%","±2.4","360","±135","13.0%","±4.7","588","±189","16.7%","±5.6","140","±68","6.8%","±3.4","129","±78","8.3%","±4.7","53","±30","4.2%","±2.3","247","±96","14.0%","±5.1","135","±56","9.1%","±3.7","205","±45","8.7%","±1.7","141","±54","8.7%","±3.2","93","±46","4.7%","±2.3","40","±47","2.3%","±2.7","337","±135","8.4%","±3.2","155","±43","10.3%","±3.4","312","±144","12.1%","±5.4","240","±51","7.6%","±1.6","237","±68","10.8%","±3.0","159","±87","11.6%","±6.2"
"        High school graduate or higher","3,865","±172","90.8%","±1.6","2,213","±214","88.1%","±3.6","2,635","±178","94.9%","±2.1","3,411","±277","96.7%","±1.9","1,805","±235","87.3%","±4.5","1,369","±185","88.5%","±4.8","1,062","±142","84.1%","±6.4","1,611","±204","91.5%","±5.0","1,340","±205","90.5%","±4.8","2,168","±139","91.8%","±2.3","1,484","±117","91.2%","±3.3","1,599","±162","80.3%","±5.0","1,373","±230","80.2%","±7.4","3,619","±321","89.8%","±4.0","1,333","±162","89.0%","±4.2","2,208","±207","85.8%","±4.7","2,810","±167","88.6%","±2.5","2,047","±135","93.1%","±2.0","1,334","±180","96.9%","±3.3"
"        Bachelor's degree or higher","817","±115","19.2%","±2.5","563","±125","22.4%","±4.6","771","±167","27.8%","±5.8","1,171","±274","33.2%","±7.6","277","±102","13.4%","±4.9","317","±109","20.5%","±5.8","293","±84","23.2%","±6.1","451","±135","25.6%","±6.8","389","±111","26.3%","±7.4","471","±66","19.9%","±2.6","225","±66","13.8%","±3.9","272","±89","13.7%","±4.2","140","±75","8.2%","±4.3","795","±171","19.7%","±4.1","304","±59","20.3%","±5.0","544","±167","21.2%","±6.0","564","±90","17.8%","±2.8","632","±96","28.7%","±3.8","399","±130","29.0%","±9.3"
"VETERAN STATUS","","","","","","","","","","","","","","","","","","","","","","","","","","","","","","","","","","","","","","","","","","","","","","","","","","","","","","","","","","","","","","","","","","","","","","","","","","","",""
"    Civilian population 18 years and over","4,881","±202","4,881","(X)","2,775","±224","2,775","(X)","3,109","±209","3,109","(X)","3,985","±284","3,985","(X)","2,349","±260","2,349","(X)","1,760","±198","1,760","(X)","1,365","±139","1,365","(X)","1,966","±190","1,966","(X)","1,623","±189","1,623","(X)","2,622","±168","2,622","(X)","1,863","±107","1,863","(X)","2,184","±151","2,184","(X)","1,948","±214","1,948","(X)","4,937","±332","4,937","(X)","1,613","±203","1,613","(X)","2,788","±173","2,788","(X)","3,534","±190","3,534","(X)","2,378","±152","2,378","(X)","1,441","±207","1,441","(X)"
"        Civilian veterans","401","±55","8.2%","±1.1","235","±67","8.5%","±2.4","325","±111","10.5%","±3.5","327","±152","8.2%","±3.7","220","±91","9.4%","±3.7","162","±61","9.2%","±3.5","159","±44","11.6%","±3.0","111","±54","5.6%","±2.6","129","±57","7.9%","±3.6","189","±45","7.2%","±1.8","246","±65","13.2%","±3.5","167","±42","7.6%","±1.9","278","±103","14.3%","±5.0","510","±149","10.3%","±2.9","112","±45","6.9%","±2.9","217","±81","7.8%","±2.7","340","±58","9.6%","±1.6","255","±54","10.7%","±2.2","202","±90","14.0%","±5.5"
"DISABILITY STATUS OF THE CIVILIAN NONINSTITUTIONALIZED POPULATION","","","","","","","","","","","","","","","","","","","","","","","","","","","","","","","","","","","","","","","","","","","","","","","","","","","","","","","","","","","","","","","","","","","","","","","","","","","",""
"    Total Civilian Noninstitutionalized Population","6,309","±251","6,309","(X)","3,386","±242","3,386","(X)","3,951","±242","3,951","(X)","5,254","±375","5,254","(X)","3,187","±388","3,187","(X)","2,367","±239","2,367","(X)","1,685","±171","1,685","(X)","2,575","±251","2,575","(X)","2,061","±253","2,061","(X)","3,420","±207","3,420","(X)","2,495","±124","2,495","(X)","2,847","±203","2,847","(X)","2,139","±249","2,139","(X)","5,293","±355","5,293","(X)","1,889","±211","1,889","(X)","3,345","±16","3,345","(X)","4,540","±258","4,540","(X)","3,051","±200","3,051","(X)","1,634","±239","1,634","(X)"
"        With a disability","775","±109","12.3%","±1.6","571","±131","16.9%","±3.7","443","±149","11.2%","±3.8","748","±227","14.2%","±4.4","507","±146","15.9%","±4.0","464","±113","19.6%","±4.9","293","±71","17.4%","±3.9","501","±147","19.5%","±4.8","387","±138","18.8%","±6.8","409","±75","12.0%","±2.1","390","±94","15.6%","±3.7","478","±91","16.8%","±3.6","535","±142","25.0%","±5.9","1,275","±358","24.1%","±7.0","290","±144","15.4%","±6.8","498","±127","14.9%","±3.8","606","±79","13.3%","±1.6","429","±71","14.1%","±2.3","217","±83","13.3%","±4.2"
"    Under 18 years","1,428","±140","1,428","(X)","611","±106","611","(X)","842","±128","842","(X)","1,365","±253","1,365","(X)","838","±234","838","(X)","608","±150","608","(X)","320","±71","320","(X)","681","±152","681","(X)","438","±154","438","(X)","798","±101","798","(X)","632","±92","632","(X)","663","±128","663","(X)","195","±102","195","(X)","720","±257","720","(X)","276","±53","276","(X)","557","±172","557","(X)","1,006","±125","1,006","(X)","684","±134","684","(X)","193","±76","193","(X)"
"        With a disability","57","±31","4.0%","±2.1","48","±36","7.9%","±5.6","69","±51","8.2%","±6.4","128","±114","9.4%","±8.6","59","±63","7.0%","±6.2","60","±53","9.9%","±7.9","35","±27","10.9%","±7.3","92","±61","13.5%","±9.1","54","±49","12.3%","±11.2","39","±27","4.9%","±3.4","71","±57","11.2%","±8.2","15","±13","2.3%","±2.0","47","±43","24.1%","±18.3","94","±87","13.1%","±11.9","7","±11","2.5%","±3.8","32","±53","5.7%","±10.0","55","±28","5.5%","±2.6","39","±26","5.7%","±3.7","13","±26","6.7%","±13.7"
"    18 to 64 years","3,773","±195","3,773","(X)","2,091","±208","2,091","(X)","2,360","±204","2,360","(X)","3,013","±260","3,013","(X)","1,841","±249","1,841","(X)","1,256","±206","1,256","(X)","976","±126","976","(X)","1,503","±157","1,503","(X)","1,199","±157","1,199","(X)","2,077","±164","2,077","(X)","1,438","±99","1,438","(X)","1,605","±146","1,605","(X)","1,393","±227","1,393","(X)","3,383","±310","3,383","(X)","1,211","±177","1,211","(X)","2,023","±153","2,023","(X)","2,739","±174","2,739","(X)","1,791","±154","1,791","(X)","895","±210","895","(X)"
"        With a disability","398","±87","10.5%","±2.2","353","±108","16.9%","±4.7","245","±113","10.4%","±4.7","377","±174","12.5%","±5.7","275","±107","14.9%","±5.7","201","±77","16.0%","±5.8","179","±52","18.3%","±5.1","339","±142","22.6%","±8.4","203","±85","16.9%","±7.3","153","±54","7.4%","±2.4","183","±58","12.7%","±3.9","251","±73","15.6%","±4.7","263","±115","18.9%","±7.3","748","±303","22.1%","±8.6","175","±119","14.5%","±8.8","204","±87","10.1%","±4.1","277","±53","10.1%","±1.9","223","±57","12.5%","±2.9","74","±70","8.3%","±6.4"
"    65 years and over","1,108","±81","1,108","(X)","684","±83","684","(X)","749","±70","749","(X)","876","±117","876","(X)","508","±76","508","(X)","503","±107","503","(X)","389","±70","389","(X)","391","±114","391","(X)","424","±91","424","(X)","545","±52","545","(X)","425","±79","425","(X)","579","±68","579","(X)","551","±136","551","(X)","1,190","±132","1,190","(X)","402","±78","402","(X)","765","±143","765","(X)","795","±67","795","(X)","576","±71","576","(X)","546","±121","546","(X)"
"        With a disability","320","±59","28.9%","±4.3","170","±65","24.9%","±8.7","129","±53","17.2%","±6.9","243","±108","27.7%","±10.7","173","±68","34.1%","±12.1","203","±77","40.4%","±10.9","79","±36","20.3%","±9.2","70","±36","17.9%","±9.0","130","±55","30.7%","±11.8","217","±40","39.8%","±6.0","136","±44","32.0%","±8.8","212","±61","36.6%","±8.7","225","±71","40.8%","±10.9","433","±141","36.4%","±10.9","108","±62","26.9%","±12.5","262","±78","34.2%","±9.9","274","±46","34.5%","±5.3","167","±34","29.0%","±5.9","130","±60","23.8%","±10.4"
"RESIDENCE 1 YEAR AGO","","","","","","","","","","","","","","","","","","","","","","","","","","","","","","","","","","","","","","","","","","","","","","","","","","","","","","","","","","","","","","","","","","","","","","","","","","","",""
"    Population 1 year and over","6,274","±251","6,274","(X)","3,354","±249","3,354","(X)","3,930","±235","3,930","(X)","5,321","±364","5,321","(X)","3,048","±342","3,048","(X)","2,334","±242","2,334","(X)","1,675","±173","1,675","(X)","2,595","±237","2,595","(X)","2,037","±255","2,037","(X)","3,393","±204","3,393","(X)","2,443","±122","2,443","(X)","2,773","±190","2,773","(X)","2,133","±249","2,133","(X)","5,683","±359","5,683","(X)","1,881","±209","1,881","(X)","3,345","±16","3,345","(X)","4,526","±257","4,526","(X)","3,063","±200","3,063","(X)","1,595","±236","1,595","(X)"
"        Same house","5,878","±235","93.7%","±1.6","3,204","±261","95.5%","±1.9","3,656","±249","93.0%","±3.0","4,872","±396","91.6%","±4.4","2,601","±344","85.3%","±6.8","2,198","±236","94.2%","±3.2","1,580","±203","94.3%","±5.2","2,210","±241","85.2%","±7.1","1,796","±247","88.2%","±5.1","3,123","±206","92.0%","±3.3","2,082","±181","85.2%","±6.1","2,692","±189","97.1%","±1.6","1,832","±229","85.9%","±5.4","4,575","±483","80.5%","±7.7","1,781","±197","94.7%","±3.3","3,174","±133","94.9%","±4.0","4,272","±242","94.4%","±1.6","2,879","±208","94.0%","±2.9","1,393","±156","87.3%","±12.7"
"        Different house in the U.S.","396","±103","6.3%","±1.6","150","±61","4.5%","±1.9","274","±118","7.0%","±3.0","449","±238","8.4%","±4.4","447","±215","14.7%","±6.8","136","±76","5.8%","±3.2","95","±85","5.7%","±5.2","385","±192","14.8%","±7.1","234","±110","11.5%","±5.1","267","±115","7.9%","±3.3","356","±149","14.6%","±6.0","77","±43","2.8%","±1.5","301","±123","14.1%","±5.4","1,099","±450","19.3%","±7.6","100","±64","5.3%","±3.3","171","±133","5.1%","±4.0","254","±78","5.6%","±1.6","182","±89","5.9%","±2.9","202","±221","12.7%","±12.7"
"            Same county","200","±76","3.2%","±1.2","79","±48","2.4%","±1.5","148","±109","3.8%","±2.8","389","±224","7.3%","±4.2","245","±170","8.0%","±5.7","103","±71","4.4%","±3.0","79","±83","4.7%","±5.0","129","±89","5.0%","±3.4","177","±104","8.7%","±4.8","148","±71","4.4%","±2.0","309","±152","12.6%","±6.2","31","±26","1.1%","±1.0","160","±92","7.5%","±4.2","620","±440","10.9%","±7.6","51","±45","2.7%","±2.3","103","±115","3.1%","±3.4","172","±62","3.8%","±1.3","142","±87","4.6%","±2.8","22","±43","1.4%","±2.7"
"            Different county","196","±65","3.1%","±1.0","71","±45","2.1%","±1.4","126","±51","3.2%","±1.3","60","±71","1.1%","±1.3","202","±151","6.6%","±4.6","33","±30","1.4%","±1.3","16","±24","1.0%","±1.4","256","±179","9.9%","±6.7","57","±52","2.8%","±2.5","119","±102","3.5%","±3.0","47","±37","1.9%","±1.5","46","±33","1.7%","±1.2","141","±100","6.6%","±4.6","479","±231","8.4%","±4.0","49","±39","2.6%","±2.1","68","±53","2.0%","±1.6","82","±44","1.8%","±0.9","40","±26","1.3%","±0.9","180","±218","11.3%","±12.7"
"                Same state","156","±60","2.5%","±0.9","48","±36","1.4%","±1.1","114","±50","2.9%","±1.3","29","±46","0.5%","±0.9","202","±151","6.6%","±4.6","33","±30","1.4%","±1.3","0","±12","0.0%","±1.9","249","±179","9.6%","±6.7","15","±15","0.7%","±0.7","99","±100","2.9%","±3.0","47","±37","1.9%","±1.5","45","±33","1.6%","±1.2","126","±100","5.9%","±4.6","418","±231","7.4%","±4.0","36","±33","1.9%","±1.8","68","±53","2.0%","±1.6","55","±36","1.2%","±0.8","25","±17","0.8%","±0.6","166","±216","10.4%","±12.6"
"                Different state","40","±28","0.6%","±0.4","23","±26","0.7%","±0.8","12","±20","0.3%","±0.5","31","±54","0.6%","±1.0","0","±12","0.0%","±1.1","0","±12","0.0%","±1.4","16","±24","1.0%","±1.4","7","±11","0.3%","±0.4","42","±51","2.1%","±2.5","20","±16","0.6%","±0.5","0","±12","0.0%","±1.3","1","±4","0.0%","±0.1","15","±21","0.7%","±1.0","61","±86","1.1%","±1.5","13","±20","0.7%","±1.0","0","±12","0.0%","±1.0","27","±22","0.6%","±0.5","15","±18","0.5%","±0.6","14","±19","0.9%","±1.2"
"        Abroad","0","±17","0.0%","±0.5","0","±12","0.0%","±1.0","0","±12","0.0%","±0.8","0","±17","0.0%","±0.6","0","±12","0.0%","±1.1","0","±12","0.0%","±1.4","0","±12","0.0%","±1.9","0","±12","0.0%","±1.2","7","±14","0.3%","±0.7","3","±4","0.1%","±0.1","5","±7","0.2%","±0.3","4","±8","0.1%","±0.3","0","±12","0.0%","±1.5","9","±14","0.2%","±0.2","0","±12","0.0%","±1.7","0","±12","0.0%","±1.0","0","±12","0.0%","±0.7","2","±4","0.1%","±0.1","0","±12","0.0%","±2.0"
"PLACE OF BIRTH","","","","","","","","","","","","","","","","","","","","","","","","","","","","","","","","","","","","","","","","","","","","","","","","","","","","","","","","","","","","","","","","","","","","","","","","","","","",""
"    Total population","6,309","±251","6,309","(X)","3,393","±245","3,393","(X)","3,951","±242","3,951","(X)","5,350","±377","5,350","(X)","3,187","±388","3,187","(X)","2,379","±241","2,379","(X)","1,685","±171","1,685","(X)","2,647","±255","2,647","(X)","2,061","±253","2,061","(X)","3,424","±208","3,424","(X)","2,495","±124","2,495","(X)","2,847","±203","2,847","(X)","2,144","±249","2,144","(X)","5,683","±359","5,683","(X)","1,889","±211","1,889","(X)","3,345","±16","3,345","(X)","4,561","±258","4,561","(X)","3,073","±201","3,073","(X)","1,634","±239","1,634","(X)"
"        Native","6,150","±238","97.5%","±1.1","3,301","±248","97.3%","±1.5","3,787","±232","95.8%","±2.8","5,244","±381","98.0%","±1.5","3,157","±389","99.1%","±0.9","2,276","±238","95.7%","±3.5","1,578","±179","93.6%","±4.2","2,596","±254","98.1%","±1.5","2,020","±264","98.0%","±2.8","3,380","±210","98.7%","±0.7","2,461","±130","98.6%","±1.1","2,797","±209","98.2%","±1.1","2,026","±241","94.5%","±3.9","5,426","±405","95.5%","±3.2","1,869","±205","98.9%","±1.3","3,276","±94","97.9%","±2.7","4,468","±258","98.0%","±1.0","3,027","±209","98.5%","±1.1","1,609","±239","98.5%","±1.7"
"            Born in United States","6,117","±239","97.0%","±1.1","3,254","±245","95.9%","±1.7","3,786","±231","95.8%","±2.8","5,207","±363","97.3%","±1.5","3,157","±389","99.1%","±0.9","2,276","±238","95.7%","±3.5","1,571","±180","93.2%","±4.3","2,545","±251","96.1%","±2.5","1,999","±264","97.0%","±3.0","3,377","±210","98.6%","±0.7","2,458","±129","98.5%","±1.1","2,787","±207","97.9%","±1.1","2,003","±235","93.4%","±4.0","5,367","±402","94.4%","±3.3","1,869","±205","98.9%","±1.3","3,271","±96","97.8%","±2.8","4,451","±259","97.6%","±1.0","2,994","±210","97.4%","±1.5","1,609","±239","98.5%","±1.7"
"                State of residence","5,207","±270","82.5%","±2.5","3,127","±245","92.2%","±2.3","3,502","±224","88.6%","±4.0","4,723","±424","88.3%","±5.1","2,896","±335","90.9%","±3.7","1,986","±233","83.5%","±6.0","1,473","±173","87.4%","±5.3","2,333","±252","88.1%","±3.7","1,807","±271","87.7%","±5.7","3,138","±207","91.6%","±1.9","2,018","±173","80.9%","±5.2","2,438","±209","85.6%","±4.9","1,795","±237","83.7%","±5.8","4,563","±546","80.3%","±8.0","1,758","±204","93.1%","±3.0","3,115","±109","93.1%","±3.2","3,920","±253","85.9%","±2.1","2,524","±193","82.1%","±4.0","1,285","±220","78.6%","±6.0"
"                Different state","910","±167","14.4%","±2.7","127","±55","3.7%","±1.6","284","±116","7.2%","±2.8","484","±244","9.0%","±4.6","261","±131","8.2%","±3.7","290","±121","12.2%","±4.9","98","±54","5.8%","±3.1","212","±90","8.0%","±3.4","192","±102","9.3%","±5.0","239","±56","7.0%","±1.6","440","±130","17.6%","±5.2","349","±150","12.3%","±5.1","208","±96","9.7%","±4.4","804","±368","14.1%","±6.4","111","±49","5.9%","±2.6","156","±83","4.7%","±2.5","531","±83","11.6%","±1.8","470","±122","15.3%","±3.6","324","±108","19.8%","±6.2"
"            Born in Puerto Rico, U.S. Island areas, or born abroad to American parent(s)","33","±17","0.5%","±0.3","47","±32","1.4%","±0.9","1","±3","0.0%","±0.1","37","±42","0.7%","±0.8","0","±12","0.0%","±1.0","0","±12","0.0%","±1.4","7","±10","0.4%","±0.6","51","±37","1.9%","±1.4","21","±20","1.0%","±1.0","3","±4","0.1%","±0.1","3","±6","0.1%","±0.2","10","±15","0.4%","±0.5","23","±27","1.1%","±1.2","59","±80","1.0%","±1.4","0","±12","0.0%","±1.7","5","±11","0.1%","±0.3","17","±14","0.4%","±0.3","33","±30","1.1%","±1.0","0","±12","0.0%","±2.0"
"        Foreign born","159","±74","2.5%","±1.1","92","±50","2.7%","±1.5","164","±114","4.2%","±2.8","106","±79","2.0%","±1.5","30","±28","0.9%","±0.9","103","±86","4.3%","±3.5","107","±72","6.4%","±4.2","51","±40","1.9%","±1.5","41","±57","2.0%","±2.8","44","±25","1.3%","±0.7","34","±26","1.4%","±1.1","50","±30","1.8%","±1.1","118","±87","5.5%","±3.9","257","±179","4.5%","±3.2","20","±24","1.1%","±1.3","69","±91","2.1%","±2.7","93","±45","2.0%","±1.0","46","±33","1.5%","±1.1","25","±27","1.5%","±1.7"
"U.S. CITIZENSHIP STATUS","","","","","","","","","","","","","","","","","","","","","","","","","","","","","","","","","","","","","","","","","","","","","","","","","","","","","","","","","","","","","","","","","","","","","","","","","","","",""
"    Foreign-born population","159","±74","159","(X)","92","±50","92","(X)","164","±114","164","(X)","106","±79","106","(X)","30","±28","30","(X)","103","±86","103","(X)","107","±72","107","(X)","51","±40","51","(X)","41","±57","41","(X)","44","±25","44","(X)","34","±26","34","(X)","50","±30","50","(X)","118","±87","118","(X)","257","±179","257","(X)","20","±24","20","(X)","69","±91","69","(X)","93","±45","93","(X)","46","±33","46","(X)","25","±27","25","(X)"
"        Naturalized U.S. citizen","131","±61","82.4%","±10.1","47","±29","51.1%","±30.9","164","±114","100.0%","±17.9","67","±57","63.2%","±23.6","30","±28","100.0%","±54.1","18","±21","17.5%","±21.8","95","±65","88.8%","±11.3","48","±39","94.1%","±14.2","23","±41","56.1%","±41.7","26","±15","59.1%","±34.4","22","±21","64.7%","±28.9","29","±18","58.0%","±33.8","85","±71","72.0%","±25.4","121","±81","47.1%","±17.8","15","±20","75.0%","±63.0","40","±49","58.0%","±16.4","52","±25","55.9%","±22.0","29","±20","63.0%","±16.1","13","±28","52.0%","±52.0"
"        Not a U.S. citizen","28","±22","17.6%","±10.1","45","±45","48.9%","±30.9","0","±12","0.0%","±17.9","39","±36","36.8%","±23.6","0","±12","0.0%","±54.1","85","±79","82.5%","±21.8","12","±14","11.2%","±11.3","3","±7","5.9%","±14.2","18","±20","43.9%","±41.7","18","±21","40.9%","±34.4","12","±13","35.3%","±28.9","21","±26","42.0%","±33.8","33","±39","28.0%","±25.4","136","±116","52.9%","±17.8","5","±13","25.0%","±63.0","29","±43","42.0%","±16.4","41","±32","44.1%","±22.0","17","±16","37.0%","±16.1","12","±26","48.0%","±52.0"
"YEAR OF ENTRY","","","","","","","","","","","","","","","","","","","","","","","","","","","","","","","","","","","","","","","","","","","","","","","","","","","","","","","","","","","","","","","","","","","","","","","","","","","",""
"    Population born outside the United States","192","±72","192","(X)","139","±59","139","(X)","165","±114","165","(X)","143","±84","143","(X)","30","±28","30","(X)","103","±86","103","(X)","114","±73","114","(X)","102","±66","102","(X)","62","±61","62","(X)","47","±25","47","(X)","37","±26","37","(X)","60","±32","60","(X)","141","±91","141","(X)","316","±188","316","(X)","20","±24","20","(X)","74","±93","74","(X)","110","±47","110","(X)","79","±45","79","(X)","25","±27","25","(X)"
"        Native","33","±17","33","(X)","47","±32","47","(X)","1","±3","1","(X)","37","±42","37","(X)","0","±12","0","(X)","0","±12","0","(X)","7","±10","7","(X)","51","±37","51","(X)","21","±20","21","(X)","3","±4","3","(X)","3","±6","3","(X)","10","±15","10","(X)","23","±27","23","(X)","59","±80","59","(X)","0","±12","0","(X)","5","±11","5","(X)","17","±14","17","(X)","33","±30","33","(X)","0","±12","0","(X)"
"            Entered 2010 or later","0","±17","0.0%","±51.6","0","±12","0.0%","±43.3","0","±12","0.0%","±100.0","0","±17","0.0%","±48.8","0","±12","-","**","0","±12","-","**","0","±12","0.0%","±100.0","0","±12","0.0%","±41.5","0","±12","0.0%","±64.7","0","±12","0.0%","±100.0","0","±12","0.0%","±100.0","0","±12","0.0%","±93.8","10","±18","43.5%","±56.5","55","±79","93.2%","±20.7","0","±12","-","**","0","±12","0.0%","±100.0","0","±12","0.0%","±71.9","2","±4","6.1%","±16.1","0","±12","-","**"
"            Entered before 2010","33","±17","100.0%","±51.6","47","±32","100.0%","±43.3","1","±3","100.0%","±100.0","37","±42","100.0%","±48.8","0","±12","-","**","0","±12","-","**","7","±10","100.0%","±100.0","51","±37","100.0%","±41.5","21","±20","100.0%","±64.7","3","±4","100.0%","±100.0","3","±6","100.0%","±100.0","10","±15","100.0%","±93.8","13","±19","56.5%","±56.5","4","±7","6.8%","±20.7","0","±12","-","**","5","±11","100.0%","±100.0","17","±14","100.0%","±71.9","31","±29","93.9%","±16.1","0","±12","-","**"
"        Foreign born","159","±74","159","(X)","92","±50","92","(X)","164","±114","164","(X)","106","±79","106","(X)","30","±28","30","(X)","103","±86","103","(X)","107","±72","107","(X)","51","±40","51","(X)","41","±57","41","(X)","44","±25","44","(X)","34","±26","34","(X)","50","±30","50","(X)","118","±87","118","(X)","257","±179","257","(X)","20","±24","20","(X)","69","±91","69","(X)","93","±45","93","(X)","46","±33","46","(X)","25","±27","25","(X)"
"            Entered 2010 or later","5","±10","3.1%","±5.4","0","±12","0.0%","±29.0","0","±12","0.0%","±17.9","33","±27","31.1%","±18.9","0","±12","0.0%","±54.1","70","±75","68.0%","±32.9","0","±12","0.0%","±25.7","0","±12","0.0%","±41.5","0","±12","0.0%","±46.3","0","±12","0.0%","±44.7","6","±9","17.6%","±20.8","0","±12","0.0%","±41.9","20","±30","16.9%","±21.5","66","±50","25.7%","±23.8","0","±12","0.0%","±66.3","3","±6","4.3%","±14.7","0","±12","0.0%","±28.7","1","±4","2.2%","±9.2","12","±26","48.0%","±52.0"
"            Entered before 2010","154","±68","96.9%","±5.4","92","±50","100.0%","±29.0","164","±114","100.0%","±17.9","73","±63","68.9%","±18.9","30","±28","100.0%","±54.1","33","±32","32.0%","±32.9","107","±72","100.0%","±25.7","51","±40","100.0%","±41.5","41","±57","100.0%","±46.3","44","±25","100.0%","±44.7","28","±22","82.4%","±20.8","50","±30","100.0%","±41.9","98","±76","83.1%","±21.5","191","±174","74.3%","±23.8","20","±24","100.0%","±66.3","66","±90","95.7%","±14.7","93","±45","100.0%","±28.7","45","±34","97.8%","±9.2","13","±28","52.0%","±52.0"
"WORLD REGION OF BIRTH OF FOREIGN BORN","","","","","","","","","","","","","","","","","","","","","","","","","","","","","","","","","","","","","","","","","","","","","","","","","","","","","","","","","","","","","","","","","","","","","","","","","","","",""
"    Foreign-born population, excluding population born at sea","159","±74","159","(X)","92","±50","92","(X)","164","±114","164","(X)","106","±79","106","(X)","30","±28","30","(X)","103","±86","103","(X)","107","±72","107","(X)","51","±40","51","(X)","41","±57","41","(X)","44","±25","44","(X)","34","±26","34","(X)","50","±30","50","(X)","118","±87","118","(X)","257","±179","257","(X)","20","±24","20","(X)","69","±91","69","(X)","93","±45","93","(X)","46","±33","46","(X)","25","±27","25","(X)"
"        Europe","100","±45","62.9%","±12.3","52","±31","56.5%","±32.4","157","±113","95.7%","±7.6","0","±17","0.0%","±25.9","30","±28","100.0%","±54.1","9","±14","8.7%","±14.5","61","±65","57.0%","±35.3","11","±13","21.6%","±29.6","41","±57","100.0%","±46.3","23","±14","52.3%","±32.5","17","±20","50.0%","±41.6","22","±14","44.0%","±28.4","71","±67","60.2%","±35.1","47","±44","18.3%","±20.0","20","±24","100.0%","±66.3","66","±90","95.7%","±14.7","84","±45","90.3%","±11.0","17","±19","37.0%","±27.5","13","±28","52.0%","±52.0"
"        Asia","18","±17","11.3%","±8.3","0","±12","0.0%","±29.0","0","±12","0.0%","±17.9","104","±79","98.1%","±5.2","0","±12","0.0%","±54.1","57","±69","55.3%","±42.1","0","±12","0.0%","±25.7","19","±28","37.3%","±45.7","0","±12","0.0%","±46.3","0","±12","0.0%","±44.7","6","±10","17.6%","±29.4","0","±12","0.0%","±41.9","12","±23","10.2%","±17.7","202","±173","78.6%","±22.3","0","±12","0.0%","±66.3","3","±6","4.3%","±14.7","6","±8","6.5%","±8.4","22","±21","47.8%","±27.8","0","±12","0.0%","±59.3"
"        Africa","8","±14","5.0%","±8.5","0","±12","0.0%","±29.0","0","±12","0.0%","±17.9","0","±17","0.0%","±25.9","0","±12","0.0%","±54.1","28","±40","27.2%","±34.1","0","±12","0.0%","±25.7","0","±12","0.0%","±41.5","0","±12","0.0%","±46.3","0","±12","0.0%","±44.7","0","±12","0.0%","±50.9","0","±12","0.0%","±41.9","34","±49","28.8%","±34.4","0","±17","0.0%","±11.9","0","±12","0.0%","±66.3","0","±12","0.0%","±35.4","0","±12","0.0%","±28.7","0","±12","0.0%","±43.7","12","±26","48.0%","±52.0"
"        Oceania","0","±17","0.0%","±18.4","6","±11","6.5%","±10.2","0","±12","0.0%","±17.9","0","±17","0.0%","±25.9","0","±12","0.0%","±54.1","0","±12","0.0%","±26.5","0","±12","0.0%","±25.7","0","±12","0.0%","±41.5","0","±12","0.0%","±46.3","0","±12","0.0%","±44.7","0","±12","0.0%","±50.9","0","±12","0.0%","±41.9","0","±12","0.0%","±23.7","0","±17","0.0%","±11.9","0","±12","0.0%","±66.3","0","±12","0.0%","±35.4","0","±12","0.0%","±28.7","0","±12","0.0%","±43.7","0","±12","0.0%","±59.3"
"        Latin America","5","±7","3.1%","±4.8","34","±39","37.0%","±28.4","0","±12","0.0%","±17.9","2","±5","1.9%","±5.2","0","±12","0.0%","±54.1","0","±12","0.0%","±26.5","24","±26","22.4%","±22.1","18","±29","35.3%","±46.3","0","±12","0.0%","±46.3","3","±4","6.8%","±10.4","11","±15","32.4%","±37.8","24","±27","48.0%","±31.0","1","±3","0.8%","±2.2","0","±17","0.0%","±11.9","0","±12","0.0%","±66.3","0","±12","0.0%","±35.4","1","±2","1.1%","±2.5","1","±4","2.2%","±9.2","0","±12","0.0%","±59.3"
"        Northern America","28","±21","17.6%","±10.0","0","±12","0.0%","±29.0","7","±11","4.3%","±7.6","0","±17","0.0%","±25.9","0","±12","0.0%","±54.1","9","±16","8.7%","±16.1","22","±31","20.6%","±29.7","3","±6","5.9%","±12.5","0","±12","0.0%","±46.3","18","±21","40.9%","±34.4","0","±12","0.0%","±50.9","4","±6","8.0%","±13.8","0","±12","0.0%","±23.7","8","±17","3.1%","±7.6","0","±12","0.0%","±66.3","0","±12","0.0%","±35.4","2","±4","2.2%","±5.1","6","±7","13.0%","±17.0","0","±12","0.0%","±59.3"
"LANGUAGE SPOKEN AT HOME","","","","","","","","","","","","","","","","","","","","","","","","","","","","","","","","","","","","","","","","","","","","","","","","","","","","","","","","","","","","","","","","","","","","","","","","","","","",""
"    Population 5 years and over","5,898","±239","5,898","(X)","3,251","±253","3,251","(X)","3,715","±232","3,715","(X)","5,167","±344","5,167","(X)","2,950","±324","2,950","(X)","2,194","±232","2,194","(X)","1,635","±165","1,635","(X)","2,469","±238","2,469","(X)","1,957","±236","1,957","(X)","3,236","±202","3,236","(X)","2,349","±120","2,349","(X)","2,626","±184","2,626","(X)","2,133","±249","2,133","(X)","5,603","±342","5,603","(X)","1,855","±214","1,855","(X)","3,153","±79","3,153","(X)","4,264","±258","4,264","(X)","2,850","±200","2,850","(X)","1,587","±235","1,587","(X)"
"        English only","5,403","±235","91.6%","±2.8","3,111","±270","95.7%","±2.3","3,419","±281","92.0%","±4.5","5,112","±334","98.9%","±0.9","2,924","±332","99.1%","±1.0","2,074","±227","94.5%","±4.0","1,558","±175","95.3%","±3.6","2,273","±247","92.1%","±6.7","1,886","±248","96.4%","±3.4","3,059","±223","94.5%","±4.3","2,281","±128","97.1%","±2.0","2,455","±190","93.5%","±4.7","1,920","±259","90.0%","±6.3","5,126","±374","91.5%","±3.5","1,775","±209","95.7%","±3.2","3,067","±119","97.3%","±3.2","4,079","±258","95.7%","±2.2","2,705","±249","94.9%","±3.5","1,554","±238","97.9%","±2.2"
"        Language other than English","495","±170","8.4%","±2.8","140","±71","4.3%","±2.3","296","±167","8.0%","±4.5","55","±48","1.1%","±0.9","26","±28","0.9%","±1.0","120","±91","5.5%","±4.0","77","±58","4.7%","±3.6","196","±168","7.9%","±6.7","71","±66","3.6%","±3.4","177","±140","5.5%","±4.3","68","±46","2.9%","±2.0","171","±126","6.5%","±4.7","213","±138","10.0%","±6.3","477","±195","8.5%","±3.5","80","±60","4.3%","±3.2","86","±100","2.7%","±3.2","185","±96","4.3%","±2.2","145","±97","5.1%","±3.5","33","±34","2.1%","±2.2"
"            Speak English less than ""very well""","205","±116","3.5%","±2.0","41","±37","1.3%","±1.1","26","±26","0.7%","±0.7","2","±5","0.0%","±0.1","0","±12","0.0%","±1.1","59","±69","2.7%","±3.1","44","±44","2.7%","±2.8","36","±33","1.5%","±1.3","20","±35","1.0%","±1.8","16","±11","0.5%","±0.3","25","±24","1.1%","±1.0","18","±20","0.7%","±0.8","13","±23","0.6%","±1.1","122","±88","2.2%","±1.6","9","±13","0.5%","±0.7","59","±89","1.9%","±2.8","43","±28","1.0%","±0.7","52","±37","1.8%","±1.3","12","±26","0.8%","±1.7"
"        Spanish","44","±27","0.7%","±0.5","52","±60","1.6%","±1.9","0","±12","0.0%","±0.9","38","±41","0.7%","±0.8","0","±12","0.0%","±1.1","21","±21","1.0%","±1.0","5","±8","0.3%","±0.5","148","±168","6.0%","±6.7","9","±15","0.5%","±0.8","16","±12","0.5%","±0.4","17","±20","0.7%","±0.9","32","±36","1.2%","±1.4","55","±50","2.6%","±2.3","61","±47","1.1%","±0.8","0","±12","0.0%","±1.7","10","±21","0.3%","±0.7","22","±19","0.5%","±0.4","18","±15","0.6%","±0.5","0","±12","0.0%","±2.0"
"            Speak English less than ""very well""","9","±13","0.2%","±0.2","21","±33","0.6%","±1.0","0","±12","0.0%","±0.9","2","±5","0.0%","±0.1","0","±12","0.0%","±1.1","0","±12","0.0%","±1.5","0","±12","0.0%","±2.0","22","±30","0.9%","±1.2","0","±12","0.0%","±1.6","4","±6","0.1%","±0.2","14","±20","0.6%","±0.9","18","±20","0.7%","±0.8","1","±3","0.0%","±0.1","10","±14","0.2%","±0.2","0","±12","0.0%","±1.7","0","±12","0.0%","±1.0","1","±5","0.0%","±0.1","1","±4","0.0%","±0.1","0","±12","0.0%","±2.0"
"        Other Indo-European languages","433","±171","7.3%","±2.8","88","±38","2.7%","±1.2","296","±167","8.0%","±4.5","0","±17","0.0%","±0.6","26","±28","0.9%","±1.0","28","±40","1.3%","±1.8","72","±59","4.4%","±3.6","38","±34","1.5%","±1.4","58","±64","3.0%","±3.3","158","±141","4.9%","±4.3","51","±43","2.2%","±1.8","139","±131","5.3%","±4.9","118","±117","5.5%","±5.4","221","±131","3.9%","±2.3","71","±57","3.8%","±3.0","73","±93","2.3%","±3.0","153","±93","3.6%","±2.2","119","±94","4.2%","±3.4","21","±35","1.3%","±2.2"
"            Speak English less than ""very well""","182","±116","3.1%","±1.9","20","±19","0.6%","±0.6","26","±26","0.7%","±0.7","0","±17","0.0%","±0.6","0","±12","0.0%","±1.1","0","±12","0.0%","±1.5","44","±44","2.7%","±2.8","11","±13","0.4%","±0.5","20","±35","1.0%","±1.8","12","±9","0.4%","±0.3","11","±14","0.5%","±0.6","0","±12","0.0%","±1.2","0","±12","0.0%","±1.5","5","±10","0.1%","±0.2","0","±12","0.0%","±1.7","56","±89","1.8%","±2.8","42","±27","1.0%","±0.6","49","±37","1.7%","±1.3","0","±12","0.0%","±2.0"
"        Asian and Pacific Islander languages","6","±9","0.1%","±0.2","0","±12","0.0%","±1.0","0","±12","0.0%","±0.9","17","±25","0.3%","±0.5","0","±12","0.0%","±1.1","69","±74","3.1%","±3.3","0","±12","0.0%","±2.0","0","±12","0.0%","±1.3","0","±12","0.0%","±1.6","3","±4","0.1%","±0.1","0","±12","0.0%","±1.4","0","±12","0.0%","±1.2","26","±45","1.2%","±2.1","170","±170","3.0%","±3.0","0","±12","0.0%","±1.7","3","±6","0.1%","±0.2","0","±12","0.0%","±0.8","8","±8","0.3%","±0.3","0","±12","0.0%","±2.0"
"            Speak English less than ""very well""","2","±5","0.0%","±0.1","0","±12","0.0%","±1.0","0","±12","0.0%","±0.9","0","±17","0.0%","±0.6","0","±12","0.0%","±1.1","57","±69","2.6%","±3.1","0","±12","0.0%","±2.0","0","±12","0.0%","±1.3","0","±12","0.0%","±1.6","0","±12","0.0%","±1.0","0","±12","0.0%","±1.4","0","±12","0.0%","±1.2","12","±23","0.6%","±1.1","105","±85","1.9%","±1.5","0","±12","0.0%","±1.7","3","±6","0.1%","±0.2","0","±12","0.0%","±0.8","2","±4","0.1%","±0.1","0","±12","0.0%","±2.0"
"        Other languages","12","±10","0.2%","±0.2","0","±12","0.0%","±1.0","0","±12","0.0%","±0.9","0","±17","0.0%","±0.6","0","±12","0.0%","±1.1","2","±7","0.1%","±0.3","0","±12","0.0%","±2.0","10","±13","0.4%","±0.5","4","±8","0.2%","±0.4","0","±12","0.0%","±1.0","0","±12","0.0%","±1.4","0","±12","0.0%","±1.2","14","±22","0.7%","±1.0","25","±31","0.4%","±0.5","9","±13","0.5%","±0.7","0","±12","0.0%","±1.0","10","±15","0.2%","±0.4","0","±12","0.0%","±1.1","12","±26","0.8%","±1.7"
"            Speak English less than ""very well""","12","±10","0.2%","±0.2","0","±12","0.0%","±1.0","0","±12","0.0%","±0.9","0","±17","0.0%","±0.6","0","±12","0.0%","±1.1","2","±7","0.1%","±0.3","0","±12","0.0%","±2.0","3","±7","0.1%","±0.3","0","±12","0.0%","±1.6","0","±12","0.0%","±1.0","0","±12","0.0%","±1.4","0","±12","0.0%","±1.2","0","±12","0.0%","±1.5","2","±5","0.0%","±0.1","9","±13","0.5%","±0.7","0","±12","0.0%","±1.0","0","±12","0.0%","±0.8","0","±12","0.0%","±1.1","12","±26","0.8%","±1.7"
"ANCESTRY","","","","","","","","","","","","","","","","","","","","","","","","","","","","","","","","","","","","","","","","","","","","","","","","","","","","","","","","","","","","","","","","","","","","","","","","","","","",""
"    Total population","6,309","±251","6,309","(X)","3,393","±245","3,393","(X)","3,951","±242","3,951","(X)","5,350","±377","5,350","(X)","3,187","±388","3,187","(X)","2,379","±241","2,379","(X)","1,685","±171","1,685","(X)","2,647","±255","2,647","(X)","2,061","±253","2,061","(X)","3,424","±208","3,424","(X)","2,495","±124","2,495","(X)","2,847","±203","2,847","(X)","2,144","±249","2,144","(X)","5,683","±359","5,683","(X)","1,889","±211","1,889","(X)","3,345","±16","3,345","(X)","4,561","±258","4,561","(X)","3,073","±201","3,073","(X)","1,634","±239","1,634","(X)"
"        American","431","±124","6.8%","±1.9","161","±109","4.7%","±3.2","200","±171","5.1%","±4.3","251","±175","4.7%","±3.3","121","±64","3.8%","±1.9","83","±52","3.5%","±2.2","167","±133","9.9%","±7.7","190","±124","7.2%","±4.8","53","±46","2.6%","±2.2","224","±101","6.5%","±3.0","372","±215","14.9%","±8.5","170","±87","6.0%","±3.1","102","±81","4.8%","±3.7","341","±174","6.0%","±3.0","75","±45","4.0%","±2.4","236","±232","7.1%","±6.9","321","±116","7.0%","±2.5","186","±87","6.1%","±2.9","132","±94","8.1%","±5.4"
"        Arab","26","±17","0.4%","±0.3","28","±32","0.8%","±0.9","50","±39","1.3%","±1.0","82","±123","1.5%","±2.3","0","±12","0.0%","±1.0","0","±12","0.0%","±1.4","0","±12","0.0%","±1.9","20","±22","0.8%","±0.8","0","±12","0.0%","±1.6","9","±13","0.3%","±0.4","0","±12","0.0%","±1.3","0","±12","0.0%","±1.1","0","±12","0.0%","±1.5","23","±30","0.4%","±0.5","0","±12","0.0%","±1.7","38","±65","1.1%","±1.9","19","±16","0.4%","±0.4","2","±4","0.1%","±0.1","0","±12","0.0%","±2.0"
"        Czech","7","±8","0.1%","±0.1","28","±31","0.8%","±0.9","0","±12","0.0%","±0.8","34","±56","0.6%","±1.0","14","±21","0.4%","±0.7","11","±17","0.5%","±0.7","8","±12","0.5%","±0.7","12","±15","0.5%","±0.5","12","±20","0.6%","±1.0","31","±37","0.9%","±1.1","34","±41","1.4%","±1.7","0","±12","0.0%","±1.1","0","±12","0.0%","±1.5","23","±29","0.4%","±0.5","0","±12","0.0%","±1.7","0","±12","0.0%","±1.0","0","±12","0.0%","±0.7","0","±12","0.0%","±1.1","0","±12","0.0%","±2.0"
"        Danish","33","±17","0.5%","±0.3","0","±12","0.0%","±1.0","0","±12","0.0%","±0.8","42","±47","0.8%","±0.9","0","±12","0.0%","±1.0","0","±12","0.0%","±1.4","13","±14","0.8%","±0.8","12","±15","0.5%","±0.6","0","±12","0.0%","±1.6","3","±4","0.1%","±0.1","7","±11","0.3%","±0.4","35","±27","1.2%","±1.0","0","±12","0.0%","±1.5","0","±17","0.0%","±0.6","0","±12","0.0%","±1.7","0","±12","0.0%","±1.0","0","±12","0.0%","±0.7","22","±24","0.7%","±0.8","0","±12","0.0%","±2.0"
"        Dutch","179","±49","2.8%","±0.8","18","±17","0.5%","±0.5","22","±20","0.6%","±0.5","214","±130","4.0%","±2.5","125","±87","3.9%","±2.8","93","±67","3.9%","±2.8","63","±53","3.7%","±3.0","93","±48","3.5%","±1.8","46","±42","2.2%","±2.0","163","±64","4.8%","±1.8","134","±90","5.4%","±3.6","210","±169","7.4%","±5.9","18","±20","0.8%","±1.0","175","±166","3.1%","±2.9","148","±66","7.8%","±3.4","41","±41","1.2%","±1.2","107","±57","2.3%","±1.3","66","±26","2.1%","±0.9","36","±29","2.2%","±1.7"
"        English","772","±129","12.2%","±2.0","184","±94","5.4%","±2.7","298","±148","7.5%","±3.7","653","±291","12.2%","±5.4","327","±183","10.3%","±5.8","415","±162","17.4%","±6.5","159","±62","9.4%","±3.8","230","±111","8.7%","±4.1","245","±115","11.9%","±5.3","269","±66","7.9%","±1.9","281","±93","11.3%","±3.8","299","±85","10.5%","±3.0","252","±122","11.8%","±5.3","476","±215","8.4%","±3.6","208","±106","11.0%","±5.8","243","±99","7.3%","±3.0","487","±110","10.7%","±2.3","388","±87","12.6%","±2.7","315","±144","19.3%","±8.8"
"        French (except Basque)","337","±96","5.3%","±1.5","169","±68","5.0%","±1.9","224","±136","5.7%","±3.4","174","±133","3.3%","±2.4","55","±41","1.7%","±1.3","74","±52","3.1%","±2.1","123","±58","7.3%","±3.4","63","±52","2.4%","±2.0","46","±51","2.2%","±2.4","130","±41","3.8%","±1.2","108","±58","4.3%","±2.3","129","±61","4.5%","±2.2","108","±55","5.0%","±2.6","313","±200","5.5%","±3.5","105","±48","5.6%","±2.5","194","±127","5.8%","±3.8","254","±78","5.6%","±1.7","137","±40","4.5%","±1.3","63","±39","3.9%","±2.6"
"        French Canadian","204","±97","3.2%","±1.6","53","±41","1.6%","±1.2","63","±48","1.6%","±1.2","77","±85","1.4%","±1.6","52","±84","1.6%","±2.7","50","±42","2.1%","±1.8","15","±16","0.9%","±1.0","49","±44","1.9%","±1.7","11","±16","0.5%","±0.8","88","±70","2.6%","±2.0","29","±28","1.2%","±1.1","98","±76","3.4%","±2.6","33","±31","1.5%","±1.4","40","±39","0.7%","±0.7","7","±12","0.4%","±0.7","108","±98","3.2%","±2.9","57","±29","1.2%","±0.6","68","±31","2.2%","±1.0","65","±45","4.0%","±2.9"
"        German","1,065","±159","16.9%","±2.4","457","±163","13.5%","±4.7","704","±182","17.8%","±4.5","886","±265","16.6%","±4.9","540","±247","16.9%","±7.6","518","±189","21.8%","±7.7","227","±89","13.5%","±4.9","384","±164","14.5%","±6.2","407","±191","19.7%","±8.6","653","±121","19.1%","±3.3","486","±120","19.5%","±4.7","670","±208","23.5%","±7.1","315","±101","14.7%","±5.1","1,159","±411","20.4%","±7.0","374","±114","19.8%","±6.0","617","±275","18.4%","±8.2","911","±118","20.0%","±2.7","586","±120","19.1%","±3.8","406","±136","24.8%","±8.9"
"        Greek","9","±9","0.1%","±0.1","0","±12","0.0%","±1.0","0","±12","0.0%","±0.8","0","±17","0.0%","±0.6","68","±102","2.1%","±3.3","0","±12","0.0%","±1.4","0","±12","0.0%","±1.9","28","±38","1.1%","±1.4","0","±12","0.0%","±1.6","12","±14","0.4%","±0.4","0","±12","0.0%","±1.3","5","±7","0.2%","±0.2","15","±25","0.7%","±1.2","30","±36","0.5%","±0.6","0","±12","0.0%","±1.7","7","±11","0.2%","±0.3","0","±12","0.0%","±0.7","14","±15","0.5%","±0.5","0","±12","0.0%","±2.0"
"        Hungarian","23","±15","0.4%","±0.2","49","±50","1.4%","±1.5","9","±15","0.2%","±0.4","27","±44","0.5%","±0.8","12","±18","0.4%","±0.6","12","±18","0.5%","±0.7","0","±12","0.0%","±1.9","13","±15","0.5%","±0.6","0","±12","0.0%","±1.6","0","±12","0.0%","±0.9","0","±12","0.0%","±1.3","49","±40","1.7%","±1.4","0","±12","0.0%","±1.5","50","±80","0.9%","±1.4","0","±12","0.0%","±1.7","0","±12","0.0%","±1.0","11","±9","0.2%","±0.2","3","±5","0.1%","±0.2","6","±10","0.4%","±0.6"
"        Irish","1,037","±161","16.4%","±2.4","348","±124","10.3%","±3.7","801","±196","20.3%","±4.8","1,218","±408","22.8%","±7.5","824","±185","25.9%","±5.9","434","±119","18.2%","±5.0","260","±94","15.4%","±5.3","454","±169","17.2%","±6.3","551","±167","26.7%","±6.8","580","±102","16.9%","±2.9","452","±103","18.1%","±4.2","395","±108","13.9%","±3.6","435","±124","20.3%","±5.3","921","±418","16.2%","±7.1","343","±142","18.2%","±7.7","552","±246","16.5%","±7.3","755","±114","16.6%","±2.4","558","±114","18.2%","±3.6","391","±142","23.9%","±9.6"
"        Italian","652","±111","10.3%","±1.8","1,406","±217","41.4%","±6.1","895","±201","22.7%","±5.3","1,547","±463","28.9%","±8.2","373","±206","11.7%","±6.1","287","±152","12.1%","±6.4","373","±116","22.1%","±6.5","368","±133","13.9%","±4.8","416","±179","20.2%","±8.1","440","±118","12.9%","±3.2","228","±79","9.1%","±3.1","311","±116","10.9%","±3.9","450","±133","21.0%","±6.7","1,151","±375","20.3%","±6.5","259","±89","13.7%","±5.0","893","±279","26.7%","±8.3","478","±103","10.5%","±2.1","214","±54","7.0%","±1.7","74","±38","4.5%","±2.3"
"        Lithuanian","12","±13","0.2%","±0.2","17","±30","0.5%","±0.9","0","±12","0.0%","±0.8","14","±21","0.3%","±0.4","0","±12","0.0%","±1.0","0","±12","0.0%","±1.4","0","±12","0.0%","±1.9","7","±12","0.3%","±0.5","0","±12","0.0%","±1.6","24","±16","0.7%","±0.5","0","±12","0.0%","±1.3","0","±12","0.0%","±1.1","0","±12","0.0%","±1.5","0","±17","0.0%","±0.6","23","±24","1.2%","±1.2","10","±15","0.3%","±0.4","3","±4","0.1%","±0.1","82","±83","2.7%","±2.7","0","±12","0.0%","±2.0"
"        Norwegian","46","±38","0.7%","±0.6","0","±12","0.0%","±1.0","0","±12","0.0%","±0.8","0","±17","0.0%","±0.6","6","±10","0.2%","±0.3","0","±12","0.0%","±1.4","10","±14","0.6%","±0.8","0","±12","0.0%","±1.2","71","±118","3.4%","±5.6","6","±7","0.2%","±0.2","31","±34","1.2%","±1.3","0","±12","0.0%","±1.1","12","±19","0.6%","±0.9","0","±17","0.0%","±0.6","0","±12","0.0%","±1.7","0","±12","0.0%","±1.0","15","±13","0.3%","±0.3","21","±27","0.7%","±0.9","22","±49","1.3%","±3.0"
"        Polish","446","±104","7.1%","±1.6","478","±160","14.1%","±4.5","187","±88","4.7%","±2.2","70","±81","1.3%","±1.5","137","±73","4.3%","±2.2","165","±100","6.9%","±4.3","155","±74","9.2%","±4.4","229","±95","8.7%","±3.6","136","±75","6.6%","±3.6","270","±69","7.9%","±2.0","139","±69","5.6%","±2.7","131","±52","4.6%","±1.8","345","±119","16.1%","±5.6","468","±285","8.2%","±5.0","166","±76","8.8%","±3.8","296","±144","8.8%","±4.3","497","±96","10.9%","±2.1","265","±74","8.6%","±2.4","266","±158","16.3%","±8.3"
"        Portuguese","19","±21","0.3%","±0.3","0","±12","0.0%","±1.0","0","±12","0.0%","±0.8","0","±17","0.0%","±0.6","26","±42","0.8%","±1.3","9","±15","0.4%","±0.6","5","±9","0.3%","±0.5","0","±12","0.0%","±1.2","0","±12","0.0%","±1.6","7","±6","0.2%","±0.2","0","±12","0.0%","±1.3","12","±19","0.4%","±0.7","0","±12","0.0%","±1.5","0","±17","0.0%","±0.6","6","±10","0.3%","±0.6","0","±12","0.0%","±1.0","9","±15","0.2%","±0.3","0","±12","0.0%","±1.1","0","±12","0.0%","±2.0"
"        Russian","118","±49","1.9%","±0.8","8","±12","0.2%","±0.4","4","±8","0.1%","±0.2","0","±17","0.0%","±0.6","36","±42","1.1%","±1.3","13","±21","0.5%","±0.9","0","±12","0.0%","±1.9","30","±26","1.1%","±1.0","8","±12","0.4%","±0.6","6","±6","0.2%","±0.2","12","±19","0.5%","±0.7","8","±9","0.3%","±0.3","0","±12","0.0%","±1.5","109","±147","1.9%","±2.6","58","±52","3.1%","±2.9","0","±12","0.0%","±1.0","28","±16","0.6%","±0.4","26","±30","0.8%","±1.0","0","±12","0.0%","±2.0"
"        Scotch-Irish","58","±47","0.9%","±0.7","4","±7","0.1%","±0.2","8","±14","0.2%","±0.4","0","±17","0.0%","±0.6","0","±12","0.0%","±1.0","9","±16","0.4%","±0.7","4","±8","0.2%","±0.4","29","±25","1.1%","±1.0","10","±16","0.5%","±0.8","0","±12","0.0%","±0.9","4","±7","0.2%","±0.3","4","±6","0.1%","±0.2","0","±12","0.0%","±1.5","37","±41","0.7%","±0.7","0","±12","0.0%","±1.7","16","±26","0.5%","±0.8","15","±13","0.3%","±0.3","3","±5","0.1%","±0.2","22","±28","1.3%","±1.7"
"        Scottish","181","±115","2.9%","±1.8","16","±15","0.5%","±0.4","56","±56","1.4%","±1.4","54","±46","1.0%","±0.8","8","±12","0.3%","±0.4","8","±13","0.3%","±0.6","8","±11","0.5%","±0.7","8","±12","0.3%","±0.4","9","±14","0.4%","±0.7","37","±25","1.1%","±0.7","68","±53","2.7%","±2.1","43","±27","1.5%","±0.9","10","±16","0.5%","±0.8","34","±54","0.6%","±0.9","19","±19","1.0%","±1.0","0","±12","0.0%","±1.0","127","±59","2.8%","±1.3","57","±34","1.9%","±1.1","78","±53","4.8%","±3.2"
"        Slovak","6","±6","0.1%","±0.1","0","±12","0.0%","±1.0","0","±12","0.0%","±0.8","17","±29","0.3%","±0.6","0","±12","0.0%","±1.0","0","±12","0.0%","±1.4","0","±12","0.0%","±1.9","19","±19","0.7%","±0.7","28","±29","1.4%","±1.4","72","±44","2.1%","±1.3","6","±8","0.2%","±0.3","11","±12","0.4%","±0.4","24","±27","1.1%","±1.3","0","±17","0.0%","±0.6","12","±20","0.6%","±1.0","0","±12","0.0%","±1.0","7","±10","0.2%","±0.2","6","±9","0.2%","±0.3","0","±12","0.0%","±2.0"
"        Subsaharan African","0","±17","0.0%","±0.5","0","±12","0.0%","±1.0","0","±12","0.0%","±0.8","0","±17","0.0%","±0.6","0","±12","0.0%","±1.0","28","±40","1.2%","±1.7","29","±43","1.7%","±2.5","15","±18","0.6%","±0.7","0","±12","0.0%","±1.6","0","±12","0.0%","±0.9","0","±12","0.0%","±1.3","0","±12","0.0%","±1.1","0","±12","0.0%","±1.5","46","±63","0.8%","±1.1","0","±12","0.0%","±1.7","0","±12","0.0%","±1.0","0","±12","0.0%","±0.7","0","±12","0.0%","±1.1","0","±12","0.0%","±2.0"
"        Swedish","24","±15","0.4%","±0.2","46","±53","1.4%","±1.6","26","±29","0.7%","±0.7","14","±22","0.3%","±0.4","0","±12","0.0%","±1.0","0","±12","0.0%","±1.4","16","±22","0.9%","±1.3","40","±41","1.5%","±1.6","0","±12","0.0%","±1.6","0","±12","0.0%","±0.9","23","±28","0.9%","±1.1","0","±12","0.0%","±1.1","6","±13","0.3%","±0.6","82","±107","1.4%","±1.9","0","±12","0.0%","±1.7","5","±11","0.1%","±0.3","48","±35","1.1%","±0.8","23","±20","0.7%","±0.6","4","±7","0.2%","±0.4"
"        Swiss","16","±13","0.3%","±0.2","87","±79","2.6%","±2.3","0","±12","0.0%","±0.8","0","±17","0.0%","±0.6","0","±12","0.0%","±1.0","13","±15","0.5%","±0.7","0","±12","0.0%","±1.9","0","±12","0.0%","±1.2","0","±12","0.0%","±1.6","3","±5","0.1%","±0.1","0","±12","0.0%","±1.3","0","±12","0.0%","±1.1","0","±12","0.0%","±1.5","0","±17","0.0%","±0.6","0","±12","0.0%","±1.7","0","±12","0.0%","±1.0","39","±21","0.9%","±0.5","9","±10","0.3%","±0.3","25","±50","1.5%","±3.2"
"        Ukrainian","86","±32","1.4%","±0.5","68","±65","2.0%","±1.9","63","±58","1.6%","±1.5","24","±38","0.4%","±0.7","44","±60","1.4%","±1.9","0","±12","0.0%","±1.4","0","±12","0.0%","±1.9","37","±35","1.4%","±1.4","7","±11","0.3%","±0.5","60","±27","1.8%","±0.8","11","±13","0.4%","±0.5","28","±17","1.0%","±0.6","55","±43","2.6%","±2.0","251","±175","4.4%","±3.0","25","±21","1.3%","±1.1","26","±39","0.8%","±1.2","54","±28","1.2%","±0.6","24","±34","0.8%","±1.1","0","±12","0.0%","±2.0"
"        Welsh","379","±137","6.0%","±2.1","74","±81","2.2%","±2.4","204","±141","5.2%","±3.5","141","±102","2.6%","±1.9","63","±41","2.0%","±1.3","24","±28","1.0%","±1.2","25","±32","1.5%","±1.9","16","±19","0.6%","±0.7","8","±12","0.4%","±0.6","26","±19","0.8%","±0.5","39","±48","1.6%","±1.9","33","±24","1.2%","±0.8","59","±55","2.8%","±2.6","89","±96","1.6%","±1.7","38","±25","2.0%","±1.3","78","±54","2.3%","±1.6","136","±76","3.0%","±1.6","92","±36","3.0%","±1.1","52","±38","3.2%","±2.3"
"        West Indian (excluding Hispanic origin groups)","0","±17","0.0%","±0.5","0","±12","0.0%","±1.0","49","±72","1.2%","±1.8","0","±17","0.0%","±0.6","0","±12","0.0%","±1.0","1","±4","0.0%","±0.2","28","±35","1.7%","±2.0","0","±12","0.0%","±1.2","0","±12","0.0%","±1.6","0","±12","0.0%","±0.9","0","±12","0.0%","±1.3","6","±10","0.2%","±0.3","1","±3","0.0%","±0.1","0","±17","0.0%","±0.6","0","±12","0.0%","±1.7","0","±12","0.0%","±1.0","0","±12","0.0%","±0.7","2","±4","0.1%","±0.1","0","±12","0.0%","±2.0"
"COMPUTERS AND INTERNET USE","","","","","","","","","","","","","","","","","","","","","","","","","","","","","","","","","","","","","","","","","","","","","","","","","","","","","","","","","","","","","","","","","","","","","","","","","","","",""
"    Total households","2,326","±103","2,326","(X)","1,372","±108","1,372","(X)","1,552","±128","1,552","(X)","1,927","±171","1,927","(X)","1,320","±153","1,320","(X)","999","±126","999","(X)","675","±76","675","(X)","945","±110","945","(X)","873","±115","873","(X)","1,233","±69","1,233","(X)","945","±80","945","(X)","1,130","±81","1,130","(X)","1,038","±107","1,038","(X)","2,325","±179","2,325","(X)","756","±81","756","(X)","1,409","±144","1,409","(X)","1,738","±92","1,738","(X)","1,212","±78","1,212","(X)","749","±99","749","(X)"
"        With a computer","2,019","±109","86.8%","±2.3","1,174","±103","85.6%","±3.7","1,380","±119","88.9%","±5.7","1,798","±182","93.3%","±5.7","1,102","±149","83.5%","±5.7","837","±113","83.8%","±6.8","568","±70","84.1%","±5.6","874","±102","92.5%","±4.5","716","±110","82.0%","±7.0","1,049","±73","85.1%","±3.4","808","±81","85.5%","±4.3","896","±86","79.3%","±5.1","837","±139","80.6%","±9.2","1,986","±219","85.4%","±6.7","667","±82","88.2%","±5.7","1,248","±136","88.6%","±4.7","1,482","±96","85.3%","±3.0","1,057","±77","87.2%","±3.0","686","±88","91.6%","±6.2"
"        With a broadband Internet subscription","1,844","±108","79.3%","±3.2","1,048","±90","76.4%","±4.5","1,233","±116","79.4%","±5.7","1,656","±184","85.9%","±7.1","1,090","±159","82.6%","±5.8","772","±104","77.3%","±6.5","539","±71","79.9%","±6.4","821","±110","86.9%","±6.1","675","±116","77.3%","±8.0","951","±71","77.1%","±3.7","747","±78","79.0%","±5.5","846","±86","74.9%","±5.7","782","±135","75.3%","±9.0","1,969","±201","84.7%","±6.3","619","±87","81.9%","±6.3","1,120","±114","79.5%","±6.0","1,309","±91","75.3%","±3.5","945","±76","78.0%","±4.1","636","±97","84.9%","±9.1"