"Label","Census Tract 301.01, Madison County, New York!!Estimate","Census Tract 301.01, Madison County, New York!!Margin of Error","Census Tract 301.01, Madison County, New York!!Percent","Census Tract 301.01, Madison County, New York!!Percent Margin of Error","Census Tract 301.02, Madison County, New York!!Estimate","Census Tract 301.02, Madison County, New York!!Margin of Error","Census Tract 301.02, Madison County, New York!!Percent","Census Tract 301.02, Madison County, New York!!Percent Margin of Error","Census Tract 301.03, Madison County, New York!!Estimate","Census Tract 301.03, Madison County, New York!!Margin of Error","Census Tract 301.03, Madison County, New York!!Percent","Census Tract 301.03, Madison County, New York!!Percent Margin of Error","Census Tract 302, Madison County, New York!!Estimate","Census Tract 302, Madison County, New York!!Margin of Error","Census Tract 302, Madison County, New York!!Percent","Census Tract 302, Madison County, New York!!Percent Margin of Error","Census Tract 303, Madison County, New York!!Estimate","Census Tract 303, Madison County, New York!!Margin of Error","Census Tract 303, Madison County, New York!!Percent","Census Tract 303, Madison County, New York!!Percent Margin of Error","Census Tract 304.01, Madison County, New York!!Estimate","Census Tract 304.01, Madison County, New York!!Margin of Error","Census Tract 304.01, Madison County, New York!!Percent","Census Tract 304.01, Madison County, New York!!Percent Margin of Error","Census Tract 304.02, Madison County, New York!!Estimate","Census Tract 304.02, Madison County, New York!!Margin of Error","Census Tract 304.02, Madison County, New York!!Percent","Census Tract 304.02, Madison County, New York!!Percent Margin of Error","Census Tract 304.03, Madison County, New York!!Estimate","Census Tract 304.03, Madison County, New York!!Margin of Error","Census Tract 304.03, Madison County, New York!!Percent","Census Tract 304.03, Madison County, New York!!Percent Margin of Error","Census Tract 305.01, Madison County, New York!!Estimate","Census Tract 305.01, Madison County, New York!!Margin of Error","Census Tract 305.01, Madison County, New York!!Percent","Census Tract 305.01, Madison County, New York!!Percent Margin of Error","Census Tract 305.02, Madison County, New York!!Estimate","Census Tract 305.02, Madison County, New York!!Margin of Error","Census Tract 305.02, Madison County, New York!!Percent","Census Tract 305.02, Madison County, New York!!Percent Margin of Error","Census Tract 306, Madison County, New York!!Estimate","Census Tract 306, Madison County, New York!!Margin of Error","Census Tract 306, Madison County, New York!!Percent","Census Tract 306, Madison County, New York!!Percent Margin of Error","Census Tract 307, Madison County, New York!!Estimate","Census Tract 307, Madison County, New York!!Margin of Error","Census Tract 307, Madison County, New York!!Percent","Census Tract 307, Madison County, New York!!Percent Margin of Error","Census Tract 308, Madison County, New York!!Estimate","Census Tract 308, Madison County, New York!!Margin of Error","Census Tract 308, Madison County, New York!!Percent","Census Tract 308, Madison County, New York!!Percent Margin of Error","Census Tract 309, Madison County, New York!!Estimate","Census Tract 309, Madison County, New York!!Margin of Error","Census Tract 309, Madison County, New York!!Percent","Census Tract 309, Madison County, New York!!Percent Margin of Error","Census Tract 310, Madison County, New York!!Estimate","Census Tract 310, Madison County, New York!!Margin of Error","Census Tract 310, Madison County, New York!!Percent","Census Tract 310, Madison County, New York!!Percent Margin of Error","Census Tract 311, Madison County, New York!!Estimate","Census Tract 311, Madison County, New York!!Margin of Error","Census Tract 311, Madison County, New York!!Percent","Census Tract 311, Madison County, New York!!Percent Margin of Error"
"HOUSEHOLDS BY TYPE","","","","","","","","","","","","","","","","","","","","","","","","","","","","","","","","","","","","","","","","","","","","","","","","","","","","","","","","","","","","","","","",""
"    Total households","1,044","±111","1,044","(X)","2,231","±191","2,231","(X)","1,229","±134","1,229","(X)","1,301","±117","1,301","(X)","2,028","±225","2,028","(X)","2,749","±173","2,749","(X)","1,148","±121","1,148","(X)","1,791","±156","1,791","(X)","1,054","±121","1,054","(X)","1,317","±92","1,317","(X)","2,583","±130","2,583","(X)","2,098","±204","2,098","(X)","1,280","±75","1,280","(X)","864","±120","864","(X)","2,274","±173","2,274","(X)","886","±76","886","(X)"
"        Married-couple family","358","±98","34.3%","±9.1","778","±136","34.9%","±6.3","748","±112","60.9%","±6.6","680","±99","52.3%","±6.5","794","±179","39.2%","±8.1","1,606","±192","58.4%","±6.8","721","±81","62.8%","±7.7","1,082","±120","60.4%","±5.9","408","±59","38.7%","±5.3","937","±87","71.1%","±6.9","1,470","±105","56.9%","±3.4","1,069","±144","51.0%","±6.5","772","±63","60.3%","±4.2","314","±61","36.3%","±5.7","1,170","±146","51.5%","±6.5","512","±68","57.8%","±6.6"
"            With own children of the householder under 18 years","121","±75","11.6%","±7.1","276","±95","12.4%","±4.2","179","±64","14.6%","±4.9","208","±67","16.0%","±5.1","320","±118","15.8%","±5.9","508","±101","18.5%","±3.7","235","±61","20.5%","±5.7","413","±76","23.1%","±4.4","169","±33","16.0%","±2.8","338","±70","25.7%","±5.7","467","±63","18.1%","±2.4","351","±102","16.7%","±4.9","255","±49","19.9%","±3.6","146","±40","16.9%","±4.1","302","±67","13.3%","±3.2","158","±41","17.8%","±4.1"
"        Cohabiting couple household","94","±71","9.0%","±6.7","203","±114","9.1%","±5.1","74","±38","6.0%","±3.1","116","±64","8.9%","±4.7","277","±114","13.7%","±5.5","254","±114","9.2%","±4.0","32","±30","2.8%","±2.6","167","±80","9.3%","±4.6","42","±25","4.0%","±2.4","31","±36","2.4%","±2.7","183","±47","7.1%","±1.8","184","±78","8.8%","±3.6","104","±26","8.1%","±2.0","49","±31","5.7%","±3.6","174","±67","7.7%","±3.0","84","±36","9.5%","±4.0"
"            With own children of the householder under 18 years","45","±39","4.3%","±3.8","58","±57","2.6%","±2.6","0","±12","0.0%","±2.6","22","±23","1.7%","±1.8","86","±53","4.2%","±2.5","33","±41","1.2%","±1.5","25","±28","2.2%","±2.4","99","±66","5.5%","±3.8","8","±12","0.8%","±1.1","10","±17","0.8%","±1.3","67","±31","2.6%","±1.2","62","±39","3.0%","±1.9","19","±13","1.5%","±1.0","0","±12","0.0%","±3.7","76","±47","3.3%","±2.1","18","±14","2.0%","±1.5"
"        Male householder, no spouse/partner present","187","±91","17.9%","±8.1","350","±197","15.7%","±8.3","216","±69","17.6%","±4.9","278","±75","21.4%","±5.5","365","±135","18.0%","±6.4","466","±128","17.0%","±4.4","180","±78","15.7%","±6.0","140","±66","7.8%","±3.6","191","±59","18.1%","±5.0","147","±71","11.2%","±5.3","455","±79","17.6%","±2.7","366","±122","17.4%","±5.3","210","±41","16.4%","±3.0","178","±65","20.6%","±6.3","424","±143","18.6%","±5.6","154","±50","17.4%","±4.9"
"            With own children of the householder under 18 years","11","±19","1.1%","±1.8","0","±17","0.0%","±1.4","0","±12","0.0%","±2.6","0","±12","0.0%","±2.5","88","±66","4.3%","±3.3","26","±35","0.9%","±1.3","9","±16","0.8%","±1.4","10","±17","0.6%","±1.0","0","±12","0.0%","±3.0","0","±12","0.0%","±2.4","30","±19","1.2%","±0.7","5","±8","0.2%","±0.4","14","±10","1.1%","±0.7","8","±12","0.9%","±1.3","81","±76","3.6%","±3.3","17","±14","1.9%","±1.6"
"            Householder living alone","172","±89","16.5%","±8.0","350","±197","15.7%","±8.3","198","±68","16.1%","±4.9","200","±62","15.4%","±4.3","225","±117","11.1%","±5.3","317","±114","11.5%","±3.8","171","±81","14.9%","±6.3","110","±58","6.1%","±3.1","179","±57","17.0%","±4.9","128","±66","9.7%","±4.9","348","±73","13.5%","±2.6","278","±120","13.3%","±5.3","158","±40","12.3%","±2.9","152","±59","17.6%","±5.8","317","±135","13.9%","±5.4","121","±47","13.7%","±4.8"
"                65 years and over","25","±27","2.4%","±2.6","98","±76","4.4%","±3.4","56","±38","4.6%","±3.0","64","±31","4.9%","±2.3","54","±61","2.7%","±3.0","78","±47","2.8%","±1.7","76","±47","6.6%","±3.9","16","±18","0.9%","±1.0","77","±46","7.3%","±4.3","106","±62","8.0%","±4.6","154","±54","6.0%","±2.0","109","±90","5.2%","±4.2","52","±21","4.1%","±1.7","42","±25","4.9%","±2.7","65","±55","2.9%","±2.4","59","±36","6.7%","±3.9"
"        Female householder, no spouse/partner present","405","±119","38.8%","±10.6","900","±200","40.3%","±8.6","191","±67","15.5%","±5.2","227","±71","17.4%","±5.1","592","±181","29.2%","±7.5","423","±125","15.4%","±4.3","215","±85","18.7%","±6.5","402","±120","22.4%","±5.8","413","±88","39.2%","±5.9","202","±87","15.3%","±6.2","475","±72","18.4%","±2.5","479","±149","22.8%","±6.3","194","±46","15.2%","±3.2","323","±74","37.4%","±7.1","506","±122","22.3%","±5.0","136","±40","15.3%","±4.5"
"            With own children of the householder under 18 years","144","±87","13.8%","±8.2","211","±134","9.5%","±6.0","35","±32","2.8%","±2.6","14","±16","1.1%","±1.2","68","±53","3.4%","±2.5","27","±42","1.0%","±1.5","53","±46","4.6%","±3.9","56","±43","3.1%","±2.3","25","±16","2.4%","±1.6","58","±57","4.4%","±4.2","71","±35","2.7%","±1.3","31","±24","1.5%","±1.2","22","±14","1.7%","±1.1","15","±16","1.7%","±1.9","23","±23","1.0%","±1.0","21","±14","2.4%","±1.6"
"            Householder living alone","162","±82","15.5%","±7.6","603","±191","27.0%","±8.1","119","±49","9.7%","±3.8","172","±64","13.2%","±4.7","434","±164","21.4%","±6.9","257","±93","9.3%","±3.3","119","±65","10.4%","±5.2","249","±98","13.9%","±4.9","358","±89","34.0%","±6.0","123","±66","9.3%","±4.7","269","±54","10.4%","±1.9","371","±124","17.7%","±5.2","146","±38","11.4%","±2.8","249","±70","28.8%","±6.5","388","±117","17.1%","±4.7","103","±37","11.6%","±4.1"
"                65 years and over","78","±56","7.5%","±5.3","207","±99","9.3%","±4.4","102","±47","8.3%","±3.7","107","±50","8.2%","±3.6","250","±101","12.3%","±4.5","128","±62","4.7%","±2.3","88","±52","7.7%","±4.3","177","±85","9.9%","±4.4","209","±72","19.8%","±5.9","45","±27","3.4%","±2.0","153","±48","5.9%","±1.8","235","±93","11.2%","±4.0","78","±24","6.1%","±1.8","157","±58","18.2%","±5.8","226","±85","9.9%","±3.5","70","±30","7.9%","±3.4"
"        Households with one or more people under 18 years","340","±97","32.6%","±9.4","582","±138","26.1%","±6.3","275","±93","22.4%","±7.1","308","±69","23.7%","±5.5","610","±113","30.1%","±6.3","661","±104","24.0%","±3.9","343","±68","29.9%","±5.8","622","±82","34.7%","±5.1","202","±35","19.2%","±3.0","432","±73","32.8%","±5.8","702","±74","27.2%","±2.8","489","±105","23.3%","±5.0","335","±53","26.2%","±3.7","169","±42","19.6%","±4.3","554","±91","24.4%","±4.5","219","±48","24.7%","±4.4"
"        Households with one or more people 65 years and over","223","±56","21.4%","±5.3","588","±143","26.4%","±6.6","502","±111","40.8%","±7.5","521","±110","40.0%","±6.9","498","±102","24.6%","±4.0","866","±90","31.5%","±3.3","402","±72","35.0%","±4.7","474","±105","26.5%","±5.1","470","±79","44.6%","±4.9","499","±61","37.9%","±3.6","906","±87","35.1%","±2.8","753","±127","35.9%","±5.0","483","±43","37.7%","±3.3","311","±87","36.0%","±7.7","783","±112","34.4%","±4.1","314","±51","35.4%","±5.3"
"        Average household size","2.71","±0.41","(X)","(X)","2.26","±0.18","(X)","(X)","2.34","±0.18","(X)","(X)","2.55","±0.22","(X)","(X)","2.68","±0.26","(X)","(X)","2.61","±0.16","(X)","(X)","2.55","±0.21","(X)","(X)","2.76","±0.18","(X)","(X)","2.09","±0.14","(X)","(X)","2.86","±0.20","(X)","(X)","2.77","±0.12","(X)","(X)","2.39","±0.16","(X)","(X)","2.85","±0.18","(X)","(X)","2.29","±0.27","(X)","(X)","2.35","±0.16","(X)","(X)","2.65","±0.20","(X)","(X)"
"        Average family size","3.44","±0.53","(X)","(X)","3.27","±0.29","(X)","(X)","2.88","±0.24","(X)","(X)","3.19","±0.25","(X)","(X)","3.54","±0.41","(X)","(X)","3.05","±0.21","(X)","(X)","3.05","±0.19","(X)","(X)","3.17","±0.17","(X)","(X)","3.26","±0.21","(X)","(X)","3.30","±0.24","(X)","(X)","3.31","±0.15","(X)","(X)","3.00","±0.20","(X)","(X)","3.44","±0.24","(X)","(X)","3.23","±0.29","(X)","(X)","2.89","±0.17","(X)","(X)","3.16","±0.24","(X)","(X)"
"RELATIONSHIP","","","","","","","","","","","","","","","","","","","","","","","","","","","","","","","","","","","","","","","","","","","","","","","","","","","","","","","","","","","","","","","",""
"    Population in households","2,834","±426","2,834","(X)","5,041","±369","5,041","(X)","2,877","±322","2,877","(X)","3,316","±266","3,316","(X)","5,440","±236","5,440","(X)","7,184","±320","7,184","(X)","2,928","±250","2,928","(X)","4,945","±286","4,945","(X)","2,199","±221","2,199","(X)","3,769","±137","3,769","(X)","7,158","±284","7,158","(X)","5,021","±388","5,021","(X)","3,644","±242","3,644","(X)","1,975","±255","1,975","(X)","5,353","±255","5,353","(X)","2,347","±225","2,347","(X)"
"        Householder","1,044","±111","36.8%","±5.7","2,231","±191","44.3%","±3.6","1,229","±134","42.7%","±3.3","1,301","±117","39.2%","±3.4","2,028","±225","37.3%","±3.6","2,749","±173","38.3%","±2.4","1,148","±121","39.2%","±3.2","1,791","±156","36.2%","±2.4","1,054","±121","47.9%","±3.2","1,317","±92","34.9%","±2.4","2,583","±130","36.1%","±1.6","2,098","±204","41.8%","±2.9","1,280","±75","35.1%","±2.2","864","±120","43.7%","±5.2","2,274","±173","42.5%","±2.9","886","±76","37.8%","±2.9"
"        Spouse","364","±103","12.8%","±3.1","807","±138","16.0%","±2.7","697","±101","24.2%","±2.5","677","±105","20.4%","±3.0","837","±185","15.4%","±3.2","1,603","±194","22.3%","±2.7","733","±77","25.0%","±2.1","1,101","±124","22.3%","±2.4","409","±60","18.6%","±2.1","954","±89","25.3%","±2.2","1,485","±106","20.7%","±1.5","1,065","±142","21.2%","±2.3","764","±64","21.0%","±1.6","309","±56","15.6%","±2.6","1,154","±151","21.6%","±2.6","512","±65","21.8%","±2.4"
"        Unmarried partner","90","±61","3.2%","±2.0","182","±98","3.6%","±2.0","69","±34","2.4%","±1.2","118","±66","3.6%","±1.9","275","±109","5.1%","±2.0","262","±115","3.6%","±1.6","31","±28","1.1%","±1.0","166","±76","3.4%","±1.5","41","±25","1.9%","±1.1","31","±35","0.8%","±0.9","174","±41","2.4%","±0.6","176","±75","3.5%","±1.5","108","±30","3.0%","±0.8","51","±30","2.6%","±1.5","180","±75","3.4%","±1.4","84","±36","3.6%","±1.5"
"        Child","887","±272","31.3%","±6.3","1,639","±294","32.5%","±4.7","701","±161","24.4%","±4.6","786","±184","23.7%","±4.7","1,722","±239","31.7%","±4.2","1,932","±305","26.9%","±3.8","928","±156","31.7%","±3.8","1,661","±192","33.6%","±3.3","612","±90","27.8%","±3.0","1,358","±162","36.0%","±3.8","2,183","±182","30.5%","±2.0","1,383","±221","27.5%","±3.8","1,200","±173","32.9%","±3.2","457","±104","23.1%","±4.4","1,436","±182","26.8%","±3.2","685","±124","29.2%","±3.6"
"        Other relatives","219","±130","7.7%","±4.3","130","±144","2.6%","±2.8","122","±84","4.2%","±2.7","355","±201","10.7%","±6.0","421","±278","7.7%","±5.1","349","±177","4.9%","±2.4","70","±46","2.4%","±1.5","165","±112","3.3%","±2.3","70","±56","3.2%","±2.4","80","±56","2.1%","±1.5","624","±157","8.7%","±2.1","53","±40","1.1%","±0.8","218","±74","6.0%","±1.9","30","±31","1.5%","±1.6","208","±118","3.9%","±2.2","156","±94","6.6%","±3.8"
"        Other nonrelatives","230","±148","8.1%","±5.0","52","±80","1.0%","±1.6","59","±51","2.1%","±1.8","79","±51","2.4%","±1.5","157","±121","2.9%","±2.2","289","±194","4.0%","±2.7","18","±28","0.6%","±1.0","61","±58","1.2%","±1.2","13","±19","0.6%","±0.9","29","±31","0.8%","±0.8","109","±41","1.5%","±0.6","246","±119","4.9%","±2.3","74","±28","2.0%","±0.8","264","±184","13.4%","±8.6","101","±79","1.9%","±1.4","24","±19","1.0%","±0.8"
"MARITAL STATUS","","","","","","","","","","","","","","","","","","","","","","","","","","","","","","","","","","","","","","","","","","","","","","","","","","","","","","","","","","","","","","","",""
"    Males 15 years and over","1,136","±190","1,136","(X)","1,846","±256","1,846","(X)","1,257","±145","1,257","(X)","1,568","±206","1,568","(X)","1,973","±214","1,973","(X)","3,079","±250","3,079","(X)","1,269","±154","1,269","(X)","2,082","±234","2,082","(X)","1,241","±116","1,241","(X)","1,530","±108","1,530","(X)","3,183","±171","3,183","(X)","2,879","±220","2,879","(X)","1,512","±138","1,512","(X)","1,609","±189","1,609","(X)","2,144","±186","2,144","(X)","1,146","±147","1,146","(X)"
"        Never married","530","±175","46.7%","±10.5","685","±180","37.1%","±8.5","350","±115","27.8%","±8.5","531","±224","33.9%","±11.0","657","±188","33.3%","±7.6","988","±256","32.1%","±6.6","368","±121","29.0%","±7.3","748","±210","35.9%","±7.1","642","±92","51.7%","±4.9","390","±103","25.5%","±5.7","1,076","±136","33.8%","±3.4","1,465","±184","50.9%","±5.2","464","±103","30.7%","±4.7","1,183","±184","73.5%","±5.3","667","±173","31.1%","±6.7","462","±124","40.3%","±6.7"
"        Now married, except separated","403","±96","35.5%","±9.0","831","±143","45.0%","±8.5","735","±111","58.5%","±7.7","741","±95","47.3%","±8.8","874","±170","44.3%","±9.0","1,636","±199","53.1%","±7.2","743","±83","58.6%","±6.7","1,091","±121","52.4%","±7.6","470","±71","37.9%","±5.1","970","±93","63.4%","±6.5","1,652","±127","51.9%","±3.5","1,089","±150","37.8%","±4.9","814","±68","53.8%","±4.6","319","±63","19.8%","±4.0","1,186","±152","55.3%","±7.5","520","±67","45.4%","±6.9"
"        Separated","116","±77","10.2%","±6.8","52","±80","2.8%","±4.3","23","±34","1.8%","±2.6","30","±23","1.9%","±1.5","104","±80","5.3%","±4.0","62","±52","2.0%","±1.7","0","±12","0.0%","±2.5","32","±38","1.5%","±1.8","0","±12","0.0%","±2.6","0","±12","0.0%","±2.1","46","±26","1.4%","±0.8","23","±19","0.8%","±0.7","40","±19","2.6%","±1.3","25","±21","1.6%","±1.3","16","±14","0.7%","±0.7","44","±30","3.8%","±2.5"
"        Widowed","25","±27","2.2%","±2.4","38","±41","2.1%","±2.2","38","±30","3.0%","±2.4","67","±34","4.3%","±2.2","54","±61","2.7%","±3.1","75","±45","2.4%","±1.5","41","±38","3.2%","±3.0","65","±57","3.1%","±2.8","27","±19","2.2%","±1.5","100","±53","6.5%","±3.5","104","±34","3.3%","±1.0","130","±97","4.5%","±3.3","54","±24","3.6%","±1.5","15","±15","0.9%","±1.0","91","±70","4.2%","±3.2","20","±17","1.7%","±1.5"
"        Divorced","62","±62","5.5%","±5.3","240","±194","13.0%","±9.6","111","±61","8.8%","±4.4","199","±82","12.7%","±5.2","284","±120","14.4%","±5.6","318","±127","10.3%","±4.1","117","±69","9.2%","±5.1","146","±72","7.0%","±3.3","102","±44","8.2%","±3.5","70","±51","4.6%","±3.3","305","±62","9.6%","±2.0","172","±90","6.0%","±3.0","140","±40","9.3%","±2.6","67","±38","4.2%","±2.3","184","±85","8.6%","±3.9","100","±36","8.7%","±3.1"
"    Females 15 years and over","1,056","±172","1,056","(X)","2,219","±218","2,219","(X)","1,382","±161","1,382","(X)","1,412","±157","1,412","(X)","2,424","±215","2,424","(X)","3,063","±268","3,063","(X)","1,160","±123","1,160","(X)","2,049","±166","2,049","(X)","1,703","±135","1,703","(X)","1,628","±126","1,628","(X)","2,850","±154","2,850","(X)","3,034","±229","3,034","(X)","1,447","±95","1,447","(X)","2,063","±248","2,063","(X)","2,267","±178","2,267","(X)","880","±96","880","(X)"
"        Never married","305","±118","28.9%","±9.2","514","±183","23.2%","±7.6","327","±109","23.7%","±6.4","305","±118","21.6%","±7.3","844","±219","34.8%","±7.8","691","±203","22.6%","±5.5","197","±68","17.0%","±5.2","411","±101","20.1%","±4.7","859","±159","50.4%","±7.1","430","±135","26.4%","±7.2","674","±119","23.6%","±3.6","1,322","±193","43.6%","±4.8","348","±71","24.0%","±4.1","1,464","±273","71.0%","±6.4","484","±151","21.3%","±5.9","152","±55","17.3%","±5.3"
"        Now married, except separated","428","±122","40.5%","±11.6","774","±141","34.9%","±6.9","785","±115","56.8%","±7.1","703","±103","49.8%","±6.5","937","±151","38.7%","±5.8","1,673","±187","54.6%","±7.7","729","±77","62.8%","±6.4","1,122","±129","54.8%","±6.3","460","±68","27.0%","±4.4","991","±103","60.9%","±7.5","1,606","±113","56.4%","±3.5","1,108","±145","36.5%","±5.0","831","±71","57.4%","±4.8","317","±59","15.4%","±3.6","1,236","±155","54.5%","±7.0","528","±71","60.0%","±6.4"
"        Separated","49","±54","4.6%","±5.2","214","±135","9.6%","±6.1","18","±19","1.3%","±1.4","75","±49","5.3%","±3.5","49","±40","2.0%","±1.7","31","±47","1.0%","±1.5","6","±10","0.5%","±0.8","33","±32","1.6%","±1.6","26","±20","1.5%","±1.2","42","±48","2.6%","±2.9","51","±23","1.8%","±0.8","11","±12","0.4%","±0.4","28","±18","1.9%","±1.2","0","±12","0.0%","±1.6","28","±26","1.2%","±1.2","19","±23","2.2%","±2.6"
"        Widowed","60","±48","5.7%","±4.4","192","±101","8.7%","±4.6","180","±65","13.0%","±4.6","165","±63","11.7%","±4.3","247","±113","10.2%","±4.5","283","±128","9.2%","±3.9","97","±44","8.4%","±3.6","187","±93","9.1%","±4.3","166","±53","9.7%","±3.1","48","±31","2.9%","±1.8","254","±59","8.9%","±2.1","278","±101","9.2%","±3.2","115","±34","7.9%","±2.3","179","±66","8.7%","±3.4","249","±86","11.0%","±3.6","84","±31","9.5%","±3.7"
"        Divorced","214","±116","20.3%","±9.8","525","±200","23.7%","±8.2","72","±38","5.2%","±2.6","164","±69","11.6%","±4.8","347","±148","14.3%","±6.1","385","±169","12.6%","±5.1","131","±72","11.3%","±5.7","296","±123","14.4%","±5.7","192","±62","11.3%","±3.7","117","±73","7.2%","±4.4","265","±52","9.3%","±1.7","315","±107","10.4%","±3.3","125","±35","8.6%","±2.3","103","±43","5.0%","±2.1","270","±91","11.9%","±3.9","97","±40","11.0%","±4.3"
"FERTILITY","","","","","","","","","","","","","","","","","","","","","","","","","","","","","","","","","","","","","","","","","","","","","","","","","","","","","","","","","","","","","","","",""
"    Number of women 15 to 50 years old who had a birth in the past 12 months","27","±30","27","(X)","80","±82","80","(X)","20","±22","20","(X)","58","±37","58","(X)","13","±23","13","(X)","54","±48","54","(X)","9","±15","9","(X)","41","±32","41","(X)","3","±6","3","(X)","0","±12","0","(X)","86","±30","86","(X)","55","±39","55","(X)","33","±19","33","(X)","29","±25","29","(X)","72","±58","72","(X)","11","±10","11","(X)"
"        Unmarried women (widowed, divorced, and never married)","0","±12","0.0%","±57.1","16","±26","20.0%","±41.2","0","±12","0.0%","±66.3","34","±36","58.6%","±43.6","0","±17","0.0%","±82.3","14","±23","25.9%","±41.5","0","±12","0.0%","±98.9","6","±11","14.6%","±24.4","0","±12","0.0%","±100.0","0","±12","-","**","18","±15","20.9%","±15.8","5","±8","9.1%","±14.9","5","±6","15.2%","±19.5","0","±12","0.0%","±55.1","59","±56","81.9%","±21.5","3","±5","27.3%","±43.9"
"            Per 1,000 unmarried women","0","±84","(X)","(X)","25","±40","(X)","(X)","0","±116","(X)","(X)","133","±123","(X)","(X)","0","±35","(X)","(X)","22","±36","(X)","(X)","0","±127","(X)","(X)","11","±20","(X)","(X)","0","±38","(X)","(X)","0","±66","(X)","(X)","25","±20","(X)","(X)","4","±5","(X)","(X)","15","±19","(X)","(X)","0","±22","(X)","(X)","115","±110","(X)","(X)","16","±26","(X)","(X)"
"        Per 1,000 women 15 to 50 years old","40","±44","(X)","(X)","66","±67","(X)","(X)","38","±42","(X)","(X)","101","±60","(X)","(X)","9","±16","(X)","(X)","38","±34","(X)","(X)","18","±30","(X)","(X)","38","±28","(X)","(X)","3","±6","(X)","(X)","0","±40","(X)","(X)","59","±20","(X)","(X)","30","±22","(X)","(X)","48","±28","(X)","(X)","18","±16","(X)","(X)","71","±56","(X)","(X)","26","±25","(X)","(X)"
"        Per 1,000 women 15 to 19 years old","0","±1,000","(X)","(X)","0","±203","(X)","(X)","0","±411","(X)","(X)","0","±389","(X)","(X)","0","±202","(X)","(X)","89","±142","(X)","(X)","0","±324","(X)","(X)","0","±198","(X)","(X)","0","±65","(X)","(X)","0","±195","(X)","(X)","8","±11","(X)","(X)","0","±56","(X)","(X)","0","±202","(X)","(X)","0","±45","(X)","(X)","0","±200","(X)","(X)","0","±389","(X)","(X)"
"        Per 1,000 women 20 to 34 years old","68","±79","(X)","(X)","54","±63","(X)","(X)","39","±55","(X)","(X)","205","±120","(X)","(X)","0","±42","(X)","(X)","84","±90","(X)","(X)","43","±75","(X)","(X)","114","±92","(X)","(X)","8","±18","(X)","(X)","0","±104","(X)","(X)","142","±53","(X)","(X)","25","±28","(X)","(X)","51","±55","(X)","(X)","20","±21","(X)","(X)","200","±152","(X)","(X)","85","±80","(X)","(X)"
"        Per 1,000 women 35 to 50 years old","0","±112","(X)","(X)","101","±151","(X)","(X)","45","±73","(X)","(X)","44","±66","(X)","(X)","23","±40","(X)","(X)","0","±41","(X)","(X)","0","±148","(X)","(X)","9","±15","(X)","(X)","0","±169","(X)","(X)","0","±89","(X)","(X)","28","±17","(X)","(X)","66","±63","(X)","(X)","70","±45","(X)","(X)","96","±123","(X)","(X)","8","±11","(X)","(X)","0","±130","(X)","(X)"
"GRANDPARENTS","","","","","","","","","","","","","","","","","","","","","","","","","","","","","","","","","","","","","","","","","","","","","","","","","","","","","","","","","","","","","","","",""
"    Number of grandparents living with own grandchildren under 18 years","57","±53","57","(X)","55","±63","55","(X)","61","±54","61","(X)","92","±55","92","(X)","25","±44","25","(X)","188","±136","188","(X)","28","±32","28","(X)","73","±55","73","(X)","33","±45","33","(X)","51","±40","51","(X)","178","±52","178","(X)","3","±5","3","(X)","56","±26","56","(X)","0","±12","0","(X)","179","±113","179","(X)","4","±7","4","(X)"
"        Grandparents responsible for grandchildren","39","±40","68.4%","±37.0","0","±17","0.0%","±40.0","50","±51","82.0%","±33.0","69","±50","75.0%","±26.3","12","±21","48.0%","±5.4","119","±103","63.3%","±27.2","15","±25","53.6%","±50.8","43","±44","58.9%","±39.9","0","±12","0.0%","±51.6","17","±25","33.3%","±42.5","29","±19","16.3%","±9.5","0","±17","0.0%","±100.0","33","±21","58.9%","±22.3","0","±12","-","**","26","±27","14.5%","±16.9","4","±7","100.0%","±100.0"
"        Years responsible for grandchildren","","","","","","","","","","","","","","","","","","","","","","","","","","","","","","","","","","","","","","","","","","","","","","","","","","","","","","","","","","","","","","","",""
"            Less than 1 year","0","±12","0.0%","±39.3","0","±17","0.0%","±40.0","16","±26","26.2%","±42.0","26","±28","28.3%","±28.2","12","±21","48.0%","±5.4","92","±99","48.9%","±32.4","0","±12","0.0%","±56.0","18","±27","24.7%","±35.5","0","±12","0.0%","±51.6","0","±12","0.0%","±41.5","0","±17","0.0%","±16.6","0","±17","0.0%","±100.0","0","±12","0.0%","±39.6","0","±12","-","**","0","±17","0.0%","±16.5","4","±7","100.0%","±100.0"
"            1 or 2 years","0","±12","0.0%","±39.3","0","±17","0.0%","±40.0","0","±12","0.0%","±38.0","28","±40","30.4%","±36.3","0","±17","0.0%","±59.3","27","±31","14.4%","±18.1","15","±25","53.6%","±50.8","25","±36","34.2%","±42.8","0","±12","0.0%","±51.6","0","±12","0.0%","±41.5","12","±11","6.7%","±6.1","0","±17","0.0%","±100.0","8","±10","14.3%","±15.8","0","±12","-","**","0","±17","0.0%","±16.5","0","±12","0.0%","±100.0"
"            3 or 4 years","0","±12","0.0%","±39.3","0","±17","0.0%","±40.0","0","±12","0.0%","±38.0","0","±12","0.0%","±29.0","0","±17","0.0%","±59.3","0","±17","0.0%","±15.8","0","±12","0.0%","±56.0","0","±17","0.0%","±34.1","0","±12","0.0%","±51.6","0","±12","0.0%","±41.5","9","±10","5.1%","±5.8","0","±17","0.0%","±100.0","7","±9","12.5%","±14.8","0","±12","-","**","15","±20","8.4%","±11.9","0","±12","0.0%","±100.0"
"            5 or more years","39","±40","68.4%","±37.0","0","±17","0.0%","±40.0","34","±44","55.7%","±51.1","15","±19","16.3%","±20.8","0","±17","0.0%","±59.3","0","±17","0.0%","±15.8","0","±12","0.0%","±56.0","0","±17","0.0%","±34.1","0","±12","0.0%","±51.6","17","±25","33.3%","±42.5","8","±13","4.5%","±6.8","0","±17","0.0%","±100.0","18","±14","32.1%","±19.3","0","±12","-","**","11","±19","6.1%","±11.7","0","±12","0.0%","±100.0"
"    Number of grandparents responsible for own grandchildren under 18 years","39","±40","39","(X)","0","±17","0","(X)","50","±51","50","(X)","69","±50","69","(X)","12","±21","12","(X)","119","±103","119","(X)","15","±25","15","(X)","43","±44","43","(X)","0","±12","0","(X)","17","±25","17","(X)","29","±19","29","(X)","0","±17","0","(X)","33","±21","33","(X)","0","±12","0","(X)","26","±27","26","(X)","4","±7","4","(X)"
"        Who are female","19","±19","48.7%","±21.2","0","±17","-","**","41","±41","82.0%","±17.7","35","±27","50.7%","±16.4","0","±17","0.0%","±85.6","44","±47","37.0%","±15.0","8","±12","53.3%","±15.8","21","±22","48.8%","±5.4","0","±12","-","**","8","±13","47.1%","±11.9","20","±15","69.0%","±17.7","0","±17","-","**","12","±10","36.4%","±15.0","0","±12","-","**","20","±22","76.9%","±29.0","2","±3","50.0%","±44.5"
"        Who are married","39","±40","100.0%","±47.5","0","±17","-","**","50","±51","100.0%","±41.9","49","±45","71.0%","±30.0","12","±21","100.0%","±85.6","104","±100","87.4%","±23.0","15","±25","100.0%","±76.6","43","±44","100.0%","±45.2","0","±12","-","**","17","±25","100.0%","±71.9","26","±19","89.7%","±17.4","0","±17","-","**","31","±20","93.9%","±15.5","0","±12","-","**","13","±19","50.0%","±50.0","4","±7","100.0%","±100.0"
"SCHOOL ENROLLMENT","","","","","","","","","","","","","","","","","","","","","","","","","","","","","","","","","","","","","","","","","","","","","","","","","","","","","","","","","","","","","","","",""
"    Population 3 years and over enrolled in school","570","±225","570","(X)","1,279","±290","1,279","(X)","441","±129","441","(X)","517","±129","517","(X)","945","±232","945","(X)","1,221","±230","1,221","(X)","636","±116","636","(X)","1,118","±166","1,118","(X)","1,481","±146","1,481","(X)","900","±141","900","(X)","1,351","±157","1,351","(X)","2,311","±236","2,311","(X)","713","±108","713","(X)","2,622","±300","2,622","(X)","801","±199","801","(X)","432","±94","432","(X)"
"        Nursery school, preschool","76","±69","13.3%","±11.4","232","±153","18.1%","±12.3","43","±37","9.8%","±8.5","9","±13","1.7%","±2.3","60","±63","6.3%","±6.3","64","±58","5.2%","±4.8","72","±49","11.3%","±7.3","29","±23","2.6%","±2.1","14","±15","0.9%","±1.0","17","±19","1.9%","±2.1","75","±29","5.6%","±2.2","46","±38","2.0%","±1.6","35","±17","4.9%","±2.3","26","±22","1.0%","±0.9","43","±27","5.4%","±3.1","8","±9","1.9%","±1.9"
"        Kindergarten","20","±21","3.5%","±3.8","51","±57","4.0%","±4.4","34","±32","7.7%","±7.1","25","±24","4.8%","±4.8","118","±69","12.5%","±7.5","87","±62","7.1%","±4.9","23","±25","3.6%","±3.7","133","±49","11.9%","±4.3","11","±11","0.7%","±0.8","18","±22","2.0%","±2.5","74","±38","5.5%","±2.8","26","±18","1.1%","±0.8","74","±42","10.4%","±5.5","20","±32","0.8%","±1.2","137","±79","17.1%","±9.1","11","±8","2.5%","±1.9"
"        Elementary school (grades 1-8)","350","±185","61.4%","±17.5","399","±207","31.2%","±13.2","165","±83","37.4%","±14.9","290","±107","56.1%","±11.8","433","±141","45.8%","±9.6","594","±153","48.6%","±9.7","228","±73","35.8%","±10.5","408","±94","36.5%","±9.4","165","±47","11.1%","±3.5","509","±111","56.6%","±11.4","584","±100","43.2%","±5.6","327","±121","14.1%","±4.9","331","±73","46.4%","±7.0","178","±51","6.8%","±2.1","350","±134","43.7%","±11.6","187","±54","43.3%","±8.7"
"        High school (grades 9-12)","80","±70","14.0%","±12.4","410","±149","32.1%","±9.4","95","±51","21.5%","±8.5","135","±56","26.1%","±10.0","255","±136","27.0%","±12.3","246","±115","20.1%","±8.2","177","±88","27.8%","±12.2","408","±145","36.5%","±9.3","200","±63","13.5%","±4.3","176","±77","19.6%","±7.7","377","±84","27.9%","±5.2","223","±97","9.6%","±4.0","174","±49","24.4%","±5.5","59","±40","2.3%","±1.6","202","±96","25.2%","±10.4","152","±49","35.2%","±8.2"
"        College or graduate school","44","±50","7.7%","±8.3","187","±97","14.6%","±6.5","104","±69","23.6%","±13.6","58","±34","11.2%","±6.7","79","±73","8.4%","±7.5","230","±107","18.8%","±7.6","136","±58","21.4%","±7.9","140","±73","12.5%","±6.1","1,091","±162","73.7%","±5.4","180","±97","20.0%","±9.3","241","±59","17.8%","±3.5","1,689","±209","73.1%","±5.7","99","±32","13.9%","±4.7","2,339","±319","89.2%","±3.4","69","±41","8.6%","±4.6","74","±31","17.1%","±6.2"
"EDUCATIONAL ATTAINMENT","","","","","","","","","","","","","","","","","","","","","","","","","","","","","","","","","","","","","","","","","","","","","","","","","","","","","","","","","","","","","","","",""
"    Population 25 years and over","1,962","±233","1,962","(X)","3,534","±285","3,534","(X)","2,391","±265","2,391","(X)","2,591","±211","2,591","(X)","3,503","±286","3,503","(X)","5,371","±257","5,371","(X)","2,139","±207","2,139","(X)","3,529","±250","3,529","(X)","1,678","±177","1,678","(X)","2,672","±137","2,672","(X)","5,236","±240","5,236","(X)","3,985","±295","3,985","(X)","2,507","±146","2,507","(X)","1,295","±187","1,295","(X)","3,918","±240","3,918","(X)","1,656","±139","1,656","(X)"
"        Less than 9th grade","122","±80","6.2%","±4.0","107","±95","3.0%","±2.6","61","±55","2.6%","±2.3","91","±51","3.5%","±2.0","44","±40","1.3%","±1.1","108","±71","2.0%","±1.3","12","±18","0.6%","±0.8","4","±5","0.1%","±0.1","55","±51","3.3%","±3.0","34","±35","1.3%","±1.3","161","±54","3.1%","±1.0","79","±52","2.0%","±1.3","112","±45","4.5%","±1.8","76","±92","5.9%","±6.8","26","±28","0.7%","±0.7","31","±22","1.9%","±1.3"
"        9th to 12th grade, no diploma","141","±74","7.2%","±3.6","106","±58","3.0%","±1.7","131","±71","5.5%","±2.9","258","±93","10.0%","±3.6","158","±92","4.5%","±2.5","302","±142","5.6%","±2.6","83","±70","3.9%","±3.1","160","±67","4.5%","±1.9","57","±37","3.4%","±2.2","37","±33","1.4%","±1.2","325","±66","6.2%","±1.2","308","±147","7.7%","±3.8","273","±61","10.9%","±2.2","22","±17","1.7%","±1.3","209","±84","5.3%","±2.1","138","±43","8.3%","±2.5"
"        High school graduate (includes equivalency)","890","±177","45.4%","±7.9","1,171","±317","33.1%","±7.8","679","±138","28.4%","±4.6","1,092","±198","42.1%","±5.7","1,587","±330","45.3%","±9.6","2,110","±345","39.3%","±5.7","554","±127","25.9%","±5.7","1,090","±246","30.9%","±5.7","309","±91","18.4%","±4.8","507","±132","19.0%","±4.8","2,201","±194","42.0%","±2.8","1,294","±218","32.5%","±4.6","894","±101","35.7%","±3.6","259","±81","20.0%","±5.5","1,332","±248","34.0%","±6.2","714","±112","43.1%","±5.6"
"        Some college, no degree","311","±141","15.9%","±6.5","808","±217","22.9%","±6.0","304","±93","12.7%","±4.0","405","±98","15.6%","±4.1","648","±196","18.5%","±5.2","1,303","±216","24.3%","±4.0","384","±119","18.0%","±5.0","751","±180","21.3%","±5.0","248","±66","14.8%","±3.8","407","±112","15.2%","±4.1","902","±111","17.2%","±2.1","678","±153","17.0%","±3.3","413","±63","16.5%","±2.3","126","±47","9.7%","±3.4","458","±132","11.7%","±3.2","223","±49","13.5%","±2.7"
"        Associate's degree","247","±95","12.6%","±4.3","527","±197","14.9%","±5.6","376","±115","15.7%","±4.7","287","±93","11.1%","±3.4","438","±167","12.5%","±4.4","588","±178","10.9%","±3.3","292","±94","13.7%","±4.2","532","±132","15.1%","±3.8","136","±57","8.1%","±3.5","411","±115","15.4%","±4.3","684","±107","13.1%","±2.1","687","±166","17.2%","±4.1","371","±54","14.8%","±2.0","134","±49","10.3%","±3.5","547","±119","14.0%","±3.2","256","±72","15.5%","±4.2"
"        Bachelor's degree","190","±70","9.7%","±3.6","542","±144","15.3%","±4.2","508","±125","21.2%","±4.3","252","±83","9.7%","±3.1","294","±192","8.4%","±5.4","572","±176","10.6%","±3.2","557","±118","26.0%","±5.0","612","±156","17.3%","±4.2","496","±126","29.6%","±6.0","657","±133","24.6%","±4.8","558","±84","10.7%","±1.5","586","±147","14.7%","±3.4","260","±48","10.4%","±1.8","213","±54","16.4%","±3.5","676","±183","17.3%","±4.4","219","±65","13.2%","±3.8"
"        Graduate or professional degree","61","±38","3.1%","±1.9","273","±138","7.7%","±4.0","332","±101","13.9%","±3.8","206","±80","8.0%","±3.1","334","±141","9.5%","±3.9","388","±136","7.2%","±2.6","257","±82","12.0%","±3.8","380","±102","10.8%","±3.2","377","±92","22.5%","±5.6","619","±123","23.2%","±4.6","405","±70","7.7%","±1.3","353","±94","8.9%","±2.2","184","±37","7.3%","±1.4","465","±97","35.9%","±7.1","670","±163","17.1%","±3.9","75","±31","4.5%","±1.9"
"        High school graduate or higher","1,699","±237","86.6%","±5.9","3,321","±275","94.0%","±3.1","2,199","±259","92.0%","±3.5","2,242","±223","86.5%","±4.1","3,301","±263","94.2%","±2.6","4,961","±298","92.4%","±3.0","2,044","±187","95.6%","±3.1","3,365","±262","95.4%","±2.0","1,566","±172","93.3%","±3.7","2,601","±143","97.3%","±1.7","4,750","±223","90.7%","±1.6","3,598","±349","90.3%","±3.9","2,122","±136","84.6%","±2.8","1,197","±168","92.4%","±6.8","3,683","±239","94.0%","±2.2","1,487","±132","89.8%","±3.4"
"        Bachelor's degree or higher","251","±87","12.8%","±4.5","815","±194","23.1%","±5.9","840","±184","35.1%","±6.0","458","±119","17.7%","±4.4","628","±214","17.9%","±5.7","960","±233","17.9%","±4.3","814","±140","38.1%","±6.0","992","±160","28.1%","±4.6","873","±136","52.0%","±5.7","1,276","±173","47.8%","±6.2","963","±107","18.4%","±1.9","939","±208","23.6%","±4.7","444","±65","17.7%","±2.3","678","±110","52.4%","±7.0","1,346","±290","34.4%","±6.7","294","±67","17.8%","±3.9"
"VETERAN STATUS","","","","","","","","","","","","","","","","","","","","","","","","","","","","","","","","","","","","","","","","","","","","","","","","","","","","","","","","","","","","","","","",""
"    Civilian population 18 years and over","2,096","±256","2,096","(X)","3,792","±292","3,792","(X)","2,567","±252","2,567","(X)","2,854","±222","2,854","(X)","4,154","±249","4,154","(X)","5,921","±282","5,921","(X)","2,321","±220","2,321","(X)","3,842","±253","3,842","(X)","2,784","±122","2,784","(X)","2,995","±134","2,995","(X)","5,735","±247","5,735","(X)","5,734","±263","5,734","(X)","2,771","±174","2,771","(X)","3,623","±268","3,623","(X)","4,233","±243","4,233","(X)","1,920","±185","1,920","(X)"
"        Civilian veterans","118","±60","5.6%","±2.8","291","±138","7.7%","±3.5","224","±94","8.7%","±3.4","321","±94","11.2%","±3.2","300","±118","7.2%","±2.9","524","±165","8.8%","±2.9","228","±74","9.8%","±3.2","364","±107","9.5%","±2.8","109","±44","3.9%","±1.6","200","±73","6.7%","±2.4","552","±85","9.6%","±1.5","333","±90","5.8%","±1.5","271","±60","9.8%","±2.1","75","±31","2.1%","±0.9","392","±142","9.3%","±3.2","204","±52","10.6%","±2.4"
"DISABILITY STATUS OF THE CIVILIAN NONINSTITUTIONALIZED POPULATION","","","","","","","","","","","","","","","","","","","","","","","","","","","","","","","","","","","","","","","","","","","","","","","","","","","","","","","","","","","","","","","",""
"    Total Civilian Noninstitutionalized Population","2,811","±418","2,811","(X)","5,069","±371","5,069","(X)","2,886","±320","2,886","(X)","3,316","±266","3,316","(X)","5,451","±236","5,451","(X)","7,209","±320","7,209","(X)","2,928","±250","2,928","(X)","4,955","±285","4,955","(X)","3,226","±137","3,226","(X)","3,769","±137","3,769","(X)","7,152","±285","7,152","(X)","6,550","±333","6,550","(X)","3,644","±242","3,644","(X)","4,030","±251","4,030","(X)","5,369","±250","5,369","(X)","2,347","±225","2,347","(X)"
"        With a disability","437","±140","15.5%","±4.9","795","±227","15.7%","±4.1","244","±96","8.5%","±3.2","629","±141","19.0%","±4.2","747","±212","13.7%","±3.8","737","±175","10.2%","±2.4","356","±146","12.2%","±4.7","545","±158","11.0%","±3.1","380","±90","11.8%","±2.7","430","±122","11.4%","±3.3","923","±119","12.9%","±1.7","709","±179","10.8%","±2.7","487","±84","13.4%","±2.1","415","±145","10.3%","±3.5","668","±155","12.4%","±2.9","262","±64","11.2%","±2.5"
"    Under 18 years","715","±268","715","(X)","1,277","±239","1,277","(X)","465","±141","465","(X)","572","±129","572","(X)","1,297","±161","1,297","(X)","1,288","±194","1,288","(X)","607","±111","607","(X)","1,188","±156","1,188","(X)","442","±74","442","(X)","774","±102","774","(X)","1,417","±150","1,417","(X)","923","±193","923","(X)","873","±140","873","(X)","407","±90","407","(X)","1,140","±180","1,140","(X)","427","±89","427","(X)"
"        With a disability","19","±25","2.7%","±3.6","21","±36","1.6%","±2.8","37","±30","8.0%","±5.8","21","±21","3.7%","±3.6","76","±68","5.9%","±5.1","22","±33","1.7%","±2.6","44","±41","7.2%","±6.6","36","±33","3.0%","±2.7","18","±17","4.1%","±3.8","20","±22","2.6%","±2.8","77","±35","5.4%","±2.5","30","±42","3.3%","±4.5","28","±20","3.2%","±2.3","14","±18","3.4%","±4.0","12","±12","1.1%","±1.0","13","±11","3.0%","±2.5"
"    18 to 64 years","1,773","±249","1,773","(X)","3,025","±300","3,025","(X)","1,736","±238","1,736","(X)","1,966","±238","1,966","(X)","3,467","±206","3,467","(X)","4,648","±294","4,648","(X)","1,734","±183","1,734","(X)","3,085","±283","3,085","(X)","2,184","±125","2,184","(X)","2,187","±140","2,187","(X)","4,385","±225","4,385","(X)","4,608","±274","4,608","(X)","2,024","±167","2,024","(X)","3,208","±283","3,208","(X)","3,129","±211","3,129","(X)","1,470","±183","1,470","(X)"
"        With a disability","276","±125","15.6%","±6.3","512","±183","16.9%","±5.6","70","±39","4.0%","±2.2","310","±103","15.8%","±5.0","426","±158","12.3%","±4.4","406","±159","8.7%","±3.4","182","±88","10.5%","±4.8","352","±163","11.4%","±4.9","203","±63","9.3%","±2.8","137","±77","6.3%","±3.5","456","±82","10.4%","±1.9","420","±127","9.1%","±2.7","279","±74","13.8%","±3.3","216","±107","6.7%","±3.3","327","±122","10.5%","±3.8","133","±43","9.0%","±2.5"
"    65 years and over","323","±58","323","(X)","767","±189","767","(X)","685","±149","685","(X)","778","±163","778","(X)","687","±147","687","(X)","1,273","±127","1,273","(X)","587","±92","587","(X)","682","±139","682","(X)","600","±95","600","(X)","808","±104","808","(X)","1,350","±128","1,350","(X)","1,019","±151","1,019","(X)","747","±66","747","(X)","415","±111","415","(X)","1,100","±167","1,100","(X)","450","±72","450","(X)"
"        With a disability","142","±61","44.0%","±15.8","262","±140","34.2%","±13.5","137","±75","20.0%","±9.3","298","±90","38.3%","±8.6","245","±119","35.7%","±14.2","309","±102","24.3%","±7.6","130","±62","22.1%","±9.7","157","±64","23.0%","±9.6","159","±53","26.5%","±7.9","273","±83","33.8%","±9.8","390","±78","28.9%","±4.8","259","±97","25.4%","±8.6","180","±38","24.1%","±4.9","185","±71","44.6%","±10.2","329","±99","29.9%","±8.0","116","±39","25.8%","±7.8"
"RESIDENCE 1 YEAR AGO","","","","","","","","","","","","","","","","","","","","","","","","","","","","","","","","","","","","","","","","","","","","","","","","","","","","","","","","","","","","","","","",""
"    Population 1 year and over","2,772","±414","2,772","(X)","5,013","±368","5,013","(X)","3,003","±316","3,003","(X)","3,401","±247","3,401","(X)","5,423","±234","5,423","(X)","7,181","±312","7,181","(X)","2,900","±248","2,900","(X)","4,988","±286","4,988","(X)","3,229","±137","3,229","(X)","3,769","±137","3,769","(X)","7,069","±277","7,069","(X)","6,621","±307","6,621","(X)","3,622","±241","3,622","(X)","3,991","±247","3,991","(X)","5,298","±249","5,298","(X)","2,338","±224","2,338","(X)"
"        Same house","2,530","±385","91.3%","±7.4","3,898","±409","77.8%","±8.4","2,785","±326","92.7%","±3.6","3,251","±257","95.6%","±1.8","5,003","±299","92.3%","±4.2","6,713","±370","93.5%","±3.6","2,554","±240","88.1%","±4.8","4,726","±323","94.7%","±3.1","2,522","±156","78.1%","±4.7","3,672","±154","97.4%","±2.0","6,687","±275","94.6%","±1.3","5,708","±365","86.2%","±2.9","3,365","±219","92.9%","±3.6","2,765","±252","69.3%","±6.1","4,853","±327","91.6%","±3.8","2,114","±231","90.4%","±5.3"
"        Different house in the U.S.","242","±215","8.7%","±7.4","1,115","±456","22.2%","±8.4","218","±108","7.3%","±3.6","150","±58","4.4%","±1.8","402","±209","7.4%","±3.8","443","±260","6.2%","±3.6","346","±149","11.9%","±4.8","262","±155","5.3%","±3.1","672","±166","20.8%","±4.8","52","±52","1.4%","±1.4","373","±87","5.3%","±1.2","854","±187","12.9%","±2.8","257","±136","7.1%","±3.6","1,005","±228","25.2%","±5.1","445","±199","8.4%","±3.8","217","±128","9.3%","±5.3"
"            Same county","208","±179","7.5%","±6.2","649","±353","12.9%","±6.7","88","±67","2.9%","±2.3","88","±41","2.6%","±1.2","204","±154","3.8%","±2.8","81","±80","1.1%","±1.1","172","±116","5.9%","±3.9","125","±126","2.5%","±2.5","216","±121","6.7%","±3.7","0","±12","0.0%","±0.9","212","±67","3.0%","±0.9","200","±101","3.0%","±1.5","68","±29","1.9%","±0.8","227","±147","5.7%","±3.6","353","±205","6.7%","±3.9","168","±128","7.2%","±5.4"
"            Different county","34","±115","1.2%","±4.1","466","±341","9.3%","±6.7","130","±76","4.3%","±2.5","62","±48","1.8%","±1.5","198","±145","3.7%","±2.6","362","±239","5.0%","±3.3","174","±112","6.0%","±3.8","137","±101","2.7%","±2.1","456","±125","14.1%","±3.8","52","±52","1.4%","±1.4","161","±51","2.3%","±0.7","654","±167","9.9%","±2.6","189","±133","5.2%","±3.5","778","±169","19.5%","±4.0","92","±56","1.7%","±1.0","49","±30","2.1%","±1.3"
"                Same state","22","±74","0.8%","±2.6","303","±242","6.0%","±4.8","97","±61","3.2%","±2.0","57","±41","1.7%","±1.2","198","±145","3.7%","±2.6","234","±167","3.3%","±2.3","140","±108","4.8%","±3.7","137","±101","2.7%","±2.1","347","±122","10.7%","±3.7","34","±43","0.9%","±1.1","139","±50","2.0%","±0.7","536","±162","8.1%","±2.5","134","±121","3.7%","±3.3","383","±94","9.6%","±2.3","47","±28","0.9%","±0.5","43","±28","1.8%","±1.2"
"                Different state","12","±42","0.4%","±1.5","163","±260","3.3%","±5.2","33","±37","1.1%","±1.2","5","±9","0.1%","±0.3","0","±17","0.0%","±0.6","128","±163","1.8%","±2.3","34","±40","1.2%","±1.4","0","±17","0.0%","±0.6","109","±62","3.4%","±1.9","18","±29","0.5%","±0.8","22","±15","0.3%","±0.2","118","±55","1.8%","±0.8","55","±42","1.5%","±1.1","395","±134","9.9%","±3.3","45","±48","0.8%","±0.9","6","±9","0.3%","±0.4"
"        Abroad","0","±12","0.0%","±1.2","0","±17","0.0%","±0.6","0","±12","0.0%","±1.1","0","±12","0.0%","±0.9","18","±31","0.3%","±0.6","25","±29","0.3%","±0.4","0","±12","0.0%","±1.1","0","±17","0.0%","±0.6","35","±26","1.1%","±0.8","45","±56","1.2%","±1.5","9","±12","0.1%","±0.2","59","±41","0.9%","±0.6","0","±12","0.0%","±0.9","221","±103","5.5%","±2.5","0","±17","0.0%","±0.6","7","±9","0.3%","±0.4"
"PLACE OF BIRTH","","","","","","","","","","","","","","","","","","","","","","","","","","","","","","","","","","","","","","","","","","","","","","","","","","","","","","","","","","","","","","","",""
"    Total population","2,841","±426","2,841","(X)","5,069","±371","5,069","(X)","3,038","±321","3,038","(X)","3,426","±244","3,426","(X)","5,451","±236","5,451","(X)","7,209","±320","7,209","(X)","2,928","±250","2,928","(X)","5,030","±285","5,030","(X)","3,232","±137","3,232","(X)","3,769","±137","3,769","(X)","7,158","±284","7,158","(X)","6,657","±308","6,657","(X)","3,644","±242","3,644","(X)","4,030","±251","4,030","(X)","5,376","±250","5,376","(X)","2,347","±225","2,347","(X)"
"        Native","2,813","±424","99.0%","±1.0","4,952","±378","97.7%","±2.2","2,915","±317","96.0%","±2.7","3,383","±243","98.7%","±1.1","5,378","±247","98.7%","±1.2","7,144","±316","99.1%","±0.8","2,838","±254","96.9%","±2.6","4,933","±268","98.1%","±1.8","3,111","±164","96.3%","±2.1","3,653","±140","96.9%","±1.8","7,056","±288","98.6%","±0.7","6,408","±310","96.3%","±1.6","3,585","±243","98.4%","±1.0","3,552","±248","88.1%","±3.0","5,271","±250","98.0%","±0.9","2,347","±225","100.0%","±1.4"
"            Born in United States","2,749","±417","96.8%","±2.0","4,920","±380","97.1%","±2.4","2,906","±316","95.7%","±2.7","3,358","±241","98.0%","±1.3","5,378","±247","98.7%","±1.2","7,129","±315","98.9%","±0.8","2,838","±254","96.9%","±2.6","4,893","±270","97.3%","±1.9","3,082","±168","95.4%","±2.4","3,569","±147","94.7%","±2.3","7,018","±294","98.0%","±0.8","6,337","±299","95.2%","±1.6","3,565","±242","97.8%","±1.0","3,481","±245","86.4%","±2.7","5,235","±246","97.4%","±1.1","2,347","±225","100.0%","±1.4"
"                State of residence","2,469","±437","86.9%","±4.9","4,328","±455","85.4%","±6.6","2,443","±286","80.4%","±4.9","2,920","±231","85.2%","±3.8","4,867","±286","89.3%","±3.7","6,180","±413","85.7%","±4.3","2,562","±237","87.5%","±3.4","4,463","±301","88.7%","±3.6","2,380","±181","73.6%","±4.2","2,884","±199","76.5%","±4.5","6,222","±269","86.9%","±1.8","5,229","±329","78.5%","±3.5","3,020","±217","82.9%","±3.2","2,082","±234","51.7%","±4.8","4,033","±353","75.0%","±5.1","2,054","±218","87.5%","±4.6"
"                Different state","280","±109","9.9%","±4.2","592","±316","11.7%","±6.2","463","±153","15.2%","±4.7","438","±144","12.8%","±4.0","511","±186","9.4%","±3.4","949","±296","13.2%","±4.1","276","±94","9.4%","±3.1","430","±140","8.5%","±2.8","702","±109","21.7%","±3.3","685","±137","18.2%","±3.6","796","±126","11.1%","±1.6","1,108","±218","16.6%","±3.2","545","±122","15.0%","±3.0","1,399","±176","34.7%","±3.8","1,202","±255","22.4%","±4.8","293","±113","12.5%","±4.6"
"            Born in Puerto Rico, U.S. Island areas, or born abroad to American parent(s)","64","±56","2.3%","±1.9","32","±52","0.6%","±1.0","9","±15","0.3%","±0.5","25","±23","0.7%","±0.7","0","±17","0.0%","±0.6","15","±22","0.2%","±0.3","0","±12","0.0%","±1.1","40","±43","0.8%","±0.9","29","±33","0.9%","±1.0","84","±52","2.2%","±1.4","38","±25","0.5%","±0.4","71","±45","1.1%","±0.7","20","±10","0.5%","±0.3","71","±49","1.8%","±1.2","36","±32","0.7%","±0.6","0","±12","0.0%","±1.4"
"        Foreign born","28","±28","1.0%","±1.0","117","±110","2.3%","±2.2","123","±82","4.0%","±2.7","43","±38","1.3%","±1.1","73","±65","1.3%","±1.2","65","±55","0.9%","±0.8","90","±78","3.1%","±2.6","97","±91","1.9%","±1.8","121","±66","3.7%","±2.1","116","±67","3.1%","±1.8","102","±50","1.4%","±0.7","249","±110","3.7%","±1.6","59","±36","1.6%","±1.0","478","±124","11.9%","±3.0","105","±49","2.0%","±0.9","0","±12","0.0%","±1.4"
"U.S. CITIZENSHIP STATUS","","","","","","","","","","","","","","","","","","","","","","","","","","","","","","","","","","","","","","","","","","","","","","","","","","","","","","","","","","","","","","","",""
"    Foreign-born population","28","±28","28","(X)","117","±110","117","(X)","123","±82","123","(X)","43","±38","43","(X)","73","±65","73","(X)","65","±55","65","(X)","90","±78","90","(X)","97","±91","97","(X)","121","±66","121","(X)","116","±67","116","(X)","102","±50","102","(X)","249","±110","249","(X)","59","±36","59","(X)","478","±124","478","(X)","105","±49","105","(X)","0","±12","0","(X)"
"        Naturalized U.S. citizen","23","±26","82.1%","±32.1","117","±110","100.0%","±23.9","92","±76","74.8%","±30.7","41","±38","95.3%","±9.9","73","±65","100.0%","±34.1","60","±51","92.3%","±13.5","42","±52","46.7%","±45.4","26","±22","26.8%","±37.6","89","±61","73.6%","±18.7","47","±29","40.5%","±27.8","56","±26","54.9%","±19.0","83","±50","33.3%","±18.0","50","±35","84.7%","±13.8","146","±67","30.5%","±11.8","88","±45","83.8%","±18.3","0","±12","-","**"
"        Not a U.S. citizen","5","±8","17.9%","±32.1","0","±17","0.0%","±23.9","31","±39","25.2%","±30.7","2","±3","4.7%","±9.9","0","±17","0.0%","±34.1","5","±9","7.7%","±13.5","48","±59","53.3%","±45.4","71","±89","73.2%","±37.6","32","±22","26.4%","±18.7","69","±61","59.5%","±27.8","46","±35","45.1%","±19.0","166","±93","66.7%","±18.0","9","±7","15.3%","±13.8","332","±104","69.5%","±11.8","17","±21","16.2%","±18.3","0","±12","-","**"
"YEAR OF ENTRY","","","","","","","","","","","","","","","","","","","","","","","","","","","","","","","","","","","","","","","","","","","","","","","","","","","","","","","","","","","","","","","",""
"    Population born outside the United States","92","±58","92","(X)","149","±121","149","(X)","132","±84","132","(X)","68","±45","68","(X)","73","±65","73","(X)","80","±60","80","(X)","90","±78","90","(X)","137","±100","137","(X)","150","±76","150","(X)","200","±87","200","(X)","140","±58","140","(X)","320","±112","320","(X)","79","±37","79","(X)","549","±113","549","(X)","141","±59","141","(X)","0","±12","0","(X)"
"        Native","64","±56","64","(X)","32","±52","32","(X)","9","±15","9","(X)","25","±23","25","(X)","0","±17","0","(X)","15","±22","15","(X)","0","±12","0","(X)","40","±43","40","(X)","29","±33","29","(X)","84","±52","84","(X)","38","±25","38","(X)","71","±45","71","(X)","20","±10","20","(X)","71","±49","71","(X)","36","±32","36","(X)","0","±12","0","(X)"
"            Entered 2010 or later","0","±12","0.0%","±37.0","0","±17","0.0%","±52.4","0","±12","0.0%","±98.9","0","±12","0.0%","±59.3","0","±17","-","**","0","±17","0.0%","±76.6","0","±12","-","**","0","±17","0.0%","±46.9","5","±7","17.2%","±33.0","11","±18","13.1%","±19.8","0","±17","0.0%","±48.1","18","±21","25.4%","±24.0","0","±12","0.0%","±66.3","24","±33","33.8%","±31.4","0","±17","0.0%","±49.4","0","±12","-","**"
"            Entered before 2010","64","±56","100.0%","±37.0","32","±52","100.0%","±52.4","9","±15","100.0%","±98.9","25","±23","100.0%","±59.3","0","±17","-","**","15","±22","100.0%","±76.6","0","±12","-","**","40","±43","100.0%","±46.9","24","±32","82.8%","±33.0","73","±49","86.9%","±19.8","38","±25","100.0%","±48.1","53","±37","74.6%","±24.0","20","±10","100.0%","±66.3","47","±26","66.2%","±31.4","36","±32","100.0%","±49.4","0","±12","-","**"
"        Foreign born","28","±28","28","(X)","117","±110","117","(X)","123","±82","123","(X)","43","±38","43","(X)","73","±65","73","(X)","65","±55","65","(X)","90","±78","90","(X)","97","±91","97","(X)","121","±66","121","(X)","116","±67","116","(X)","102","±50","102","(X)","249","±110","249","(X)","59","±36","59","(X)","478","±124","478","(X)","105","±49","105","(X)","0","±12","0","(X)"
"            Entered 2010 or later","0","±12","0.0%","±56.0","0","±17","0.0%","±23.9","6","±10","4.9%","±8.8","0","±12","0.0%","±45.2","0","±17","0.0%","±34.1","0","±17","0.0%","±36.7","37","±56","41.1%","±48.4","60","±88","61.9%","±48.8","29","±21","24.0%","±17.5","29","±50","25.0%","±31.5","16","±21","15.7%","±16.0","133","±87","53.4%","±21.2","2","±3","3.4%","±6.3","293","±108","61.3%","±12.1","1","±4","1.0%","±3.6","0","±12","-","**"
"            Entered before 2010","28","±28","100.0%","±56.0","117","±110","100.0%","±23.9","117","±82","95.1%","±8.8","43","±38","100.0%","±45.2","73","±65","100.0%","±34.1","65","±55","100.0%","±36.7","53","±56","58.9%","±48.4","37","±26","38.1%","±48.8","92","±61","76.0%","±17.5","87","±41","75.0%","±31.5","86","±37","84.3%","±16.0","116","±64","46.6%","±21.2","57","±35","96.6%","±6.3","185","±62","38.7%","±12.1","104","±48","99.0%","±3.6","0","±12","-","**"
"WORLD REGION OF BIRTH OF FOREIGN BORN","","","","","","","","","","","","","","","","","","","","","","","","","","","","","","","","","","","","","","","","","","","","","","","","","","","","","","","","","","","","","","","",""
"    Foreign-born population, excluding population born at sea","28","±28","28","(X)","117","±110","117","(X)","123","±82","123","(X)","43","±38","43","(X)","73","±65","73","(X)","65","±55","65","(X)","90","±78","90","(X)","97","±91","97","(X)","121","±66","121","(X)","116","±67","116","(X)","102","±50","102","(X)","249","±110","249","(X)","59","±36","59","(X)","478","±124","478","(X)","105","±49","105","(X)","0","±12","0","(X)"
"        Europe","0","±12","0.0%","±56.0","0","±17","0.0%","±23.9","46","±40","37.4%","±31.4","18","±18","41.9%","±40.8","17","±27","23.3%","±38.2","47","±45","72.3%","±31.0","56","±60","62.2%","±47.4","15","±17","15.5%","±27.3","31","±25","25.6%","±19.0","23","±20","19.8%","±20.5","49","±32","48.0%","±23.5","75","±52","30.1%","±18.4","26","±13","44.1%","±27.0","97","±49","20.3%","±10.4","67","±46","63.8%","±28.8","0","±12","-","**"
"        Asia","14","±17","50.0%","±50.0","17","±27","14.5%","±29.4","52","±66","42.3%","±37.6","3","±6","7.0%","±18.6","56","±59","76.7%","±38.2","18","±23","27.7%","±31.0","34","±51","37.8%","±47.4","6","±9","6.2%","±12.0","20","±16","16.5%","±13.6","50","±59","43.1%","±33.4","13","±17","12.7%","±17.1","95","±49","38.2%","±17.9","5","±8","8.5%","±14.0","294","±110","61.5%","±12.2","12","±16","11.4%","±13.6","0","±12","-","**"
"        Africa","0","±12","0.0%","±56.0","0","±17","0.0%","±23.9","0","±12","0.0%","±22.9","0","±12","0.0%","±45.2","0","±17","0.0%","±34.1","0","±17","0.0%","±36.7","0","±12","0.0%","±29.4","0","±17","0.0%","±27.8","0","±12","0.0%","±23.3","0","±12","0.0%","±24.1","0","±17","0.0%","±26.7","64","±75","25.7%","±21.6","0","±12","0.0%","±38.6","11","±14","2.3%","±3.0","0","±17","0.0%","±26.1","0","±12","-","**"
"        Oceania","0","±12","0.0%","±56.0","0","±17","0.0%","±23.9","0","±12","0.0%","±22.9","0","±12","0.0%","±45.2","0","±17","0.0%","±34.1","0","±17","0.0%","±36.7","0","±12","0.0%","±29.4","0","±17","0.0%","±27.8","0","±12","0.0%","±23.3","10","±16","8.6%","±14.0","0","±17","0.0%","±26.7","0","±17","0.0%","±12.2","3","±4","5.1%","±7.0","0","±12","0.0%","±6.6","0","±17","0.0%","±26.1","0","±12","-","**"
"        Latin America","14","±22","50.0%","±50.0","83","±100","70.9%","±43.8","0","±12","0.0%","±22.9","0","±12","0.0%","±45.2","0","±17","0.0%","±34.1","0","±17","0.0%","±36.7","0","±12","0.0%","±29.4","0","±17","0.0%","±27.8","66","±52","54.5%","±23.3","0","±12","0.0%","±24.1","28","±31","27.5%","±22.5","15","±14","6.0%","±5.8","0","±12","0.0%","±38.6","55","±38","11.5%","±7.1","24","±26","22.9%","±25.3","0","±12","-","**"
"        Northern America","0","±12","0.0%","±56.0","17","±26","14.5%","±29.1","25","±39","20.3%","±30.4","22","±32","51.2%","±48.4","0","±17","0.0%","±34.1","0","±17","0.0%","±36.7","0","±12","0.0%","±29.4","76","±90","78.4%","±32.1","4","±6","3.3%","±5.5","33","±28","28.4%","±24.5","12","±11","11.8%","±11.8","0","±17","0.0%","±12.2","25","±31","42.4%","±34.6","21","±16","4.4%","±3.7","2","±5","1.9%","±4.4","0","±12","-","**"
"LANGUAGE SPOKEN AT HOME","","","","","","","","","","","","","","","","","","","","","","","","","","","","","","","","","","","","","","","","","","","","","","","","","","","","","","","","","","","","","","","",""
"    Population 5 years and over","2,644","±390","2,644","(X)","4,624","±402","4,624","(X)","2,910","±300","2,910","(X)","3,317","±244","3,317","(X)","5,080","±254","5,080","(X)","6,871","±307","6,871","(X)","2,760","±238","2,760","(X)","4,836","±299","4,836","(X)","3,168","±120","3,168","(X)","3,676","±144","3,676","(X)","6,829","±266","6,829","(X)","6,466","±292","6,466","(X)","3,443","±231","3,443","(X)","3,948","±256","3,948","(X)","5,024","±266","5,024","(X)","2,248","±221","2,248","(X)"
"        English only","2,568","±380","97.1%","±2.4","4,565","±400","98.7%","±1.3","2,753","±298","94.6%","±3.2","3,284","±243","99.0%","±0.8","5,012","±269","98.7%","±1.3","6,713","±309","97.7%","±1.6","2,626","±262","95.1%","±4.2","4,747","±322","98.2%","±1.3","3,001","±138","94.7%","±2.2","3,583","±141","97.5%","±1.9","6,507","±272","95.3%","±1.5","6,143","±308","95.0%","±1.3","3,109","±208","90.3%","±3.8","3,275","±243","83.0%","±3.0","4,842","±268","96.4%","±1.7","2,232","±217","99.3%","±0.5"
"        Language other than English","76","±65","2.9%","±2.4","59","±62","1.3%","±1.3","157","±95","5.4%","±3.2","33","±26","1.0%","±0.8","68","±65","1.3%","±1.3","158","±108","2.3%","±1.6","134","±115","4.9%","±4.2","89","±58","1.8%","±1.3","167","±69","5.3%","±2.2","93","±70","2.5%","±1.9","322","±100","4.7%","±1.5","323","±80","5.0%","±1.3","334","±138","9.7%","±3.8","673","±124","17.0%","±3.0","182","±87","3.6%","±1.7","16","±13","0.7%","±0.5"
"            Speak English less than ""very well""","3","±6","0.1%","±0.2","0","±17","0.0%","±0.7","41","±30","1.4%","±1.0","10","±16","0.3%","±0.5","46","±60","0.9%","±1.2","19","±30","0.3%","±0.4","67","±81","2.4%","±2.9","21","±20","0.4%","±0.4","11","±12","0.3%","±0.4","22","±38","0.6%","±1.0","118","±60","1.7%","±0.9","113","±52","1.7%","±0.8","92","±39","2.7%","±1.1","118","±50","3.0%","±1.3","47","±28","0.9%","±0.6","4","±7","0.2%","±0.3"
"        Spanish","46","±58","1.7%","±2.2","3","±6","0.1%","±0.1","50","±41","1.7%","±1.4","17","±20","0.5%","±0.6","0","±17","0.0%","±0.6","37","±58","0.5%","±0.8","0","±12","0.0%","±1.2","34","±33","0.7%","±0.7","60","±41","1.9%","±1.3","0","±12","0.0%","±0.9","72","±46","1.1%","±0.7","95","±54","1.5%","±0.8","23","±15","0.7%","±0.4","187","±58","4.7%","±1.5","78","±47","1.6%","±0.9","4","±7","0.2%","±0.3"
"            Speak English less than ""very well""","0","±12","0.0%","±1.2","0","±17","0.0%","±0.7","0","±12","0.0%","±1.1","10","±16","0.3%","±0.5","0","±17","0.0%","±0.6","0","±17","0.0%","±0.5","0","±12","0.0%","±1.2","9","±14","0.2%","±0.3","6","±9","0.2%","±0.3","0","±12","0.0%","±0.9","55","±44","0.8%","±0.6","26","±23","0.4%","±0.4","2","±4","0.1%","±0.1","12","±16","0.3%","±0.4","44","±29","0.9%","±0.6","4","±7","0.2%","±0.3"
"        Other Indo-European languages","13","±22","0.5%","±0.8","16","±27","0.3%","±0.6","17","±15","0.6%","±0.5","6","±10","0.2%","±0.3","12","±21","0.2%","±0.4","90","±79","1.3%","±1.2","134","±115","4.9%","±4.2","49","±45","1.0%","±1.0","54","±42","1.7%","±1.3","82","±64","2.2%","±1.7","221","±84","3.2%","±1.2","150","±61","2.3%","±1.0","306","±139","8.9%","±3.8","130","±73","3.3%","±1.9","85","±65","1.7%","±1.3","12","±10","0.5%","±0.4"
"            Speak English less than ""very well""","0","±12","0.0%","±1.2","0","±17","0.0%","±0.7","9","±9","0.3%","±0.3","0","±12","0.0%","±1.0","0","±17","0.0%","±0.6","1","±2","0.0%","±0.1","67","±81","2.4%","±2.9","6","±10","0.1%","±0.2","0","±12","0.0%","±1.0","22","±38","0.6%","±1.0","63","±38","0.9%","±0.6","51","±35","0.8%","±0.5","90","±37","2.6%","±1.1","11","±21","0.3%","±0.5","2","±4","0.0%","±0.1","0","±12","0.0%","±1.4"
"        Asian and Pacific Islander languages","17","±25","0.6%","±0.9","23","±36","0.5%","±0.8","10","±13","0.3%","±0.4","3","±6","0.1%","±0.2","0","±17","0.0%","±0.6","0","±17","0.0%","±0.5","0","±12","0.0%","±1.2","6","±9","0.1%","±0.2","44","±38","1.4%","±1.2","0","±12","0.0%","±0.9","1","±2","0.0%","±0.1","72","±41","1.1%","±0.6","1","±2","0.0%","±0.1","309","±104","7.8%","±2.5","1","±4","0.0%","±0.1","0","±12","0.0%","±1.4"
"            Speak English less than ""very well""","3","±6","0.1%","±0.2","0","±17","0.0%","±0.7","6","±9","0.2%","±0.3","0","±12","0.0%","±1.0","0","±17","0.0%","±0.6","0","±17","0.0%","±0.5","0","±12","0.0%","±1.2","6","±9","0.1%","±0.2","0","±12","0.0%","±1.0","0","±12","0.0%","±0.9","0","±17","0.0%","±0.5","36","±30","0.6%","±0.5","0","±12","0.0%","±0.9","61","±37","1.5%","±0.9","1","±4","0.0%","±0.1","0","±12","0.0%","±1.4"
"        Other languages","0","±12","0.0%","±1.2","17","±27","0.4%","±0.6","80","±85","2.7%","±2.9","7","±10","0.2%","±0.3","56","±59","1.1%","±1.2","31","±37","0.5%","±0.5","0","±12","0.0%","±1.2","0","±17","0.0%","±0.7","9","±11","0.3%","±0.3","11","±18","0.3%","±0.5","28","±27","0.4%","±0.4","6","±11","0.1%","±0.2","4","±5","0.1%","±0.1","47","±35","1.2%","±0.9","18","±28","0.4%","±0.6","0","±12","0.0%","±1.4"
"            Speak English less than ""very well""","0","±12","0.0%","±1.2","0","±17","0.0%","±0.7","26","±29","0.9%","±1.0","0","±12","0.0%","±1.0","46","±60","0.9%","±1.2","18","±30","0.3%","±0.4","0","±12","0.0%","±1.2","0","±17","0.0%","±0.7","5","±8","0.2%","±0.3","0","±12","0.0%","±0.9","0","±17","0.0%","±0.5","0","±17","0.0%","±0.5","0","±12","0.0%","±0.9","34","±26","0.9%","±0.6","0","±17","0.0%","±0.6","0","±12","0.0%","±1.4"
"ANCESTRY","","","","","","","","","","","","","","","","","","","","","","","","","","","","","","","","","","","","","","","","","","","","","","","","","","","","","","","","","","","","","","","",""
"    Total population","2,841","±426","2,841","(X)","5,069","±371","5,069","(X)","3,038","±321","3,038","(X)","3,426","±244","3,426","(X)","5,451","±236","5,451","(X)","7,209","±320","7,209","(X)","2,928","±250","2,928","(X)","5,030","±285","5,030","(X)","3,232","±137","3,232","(X)","3,769","±137","3,769","(X)","7,158","±284","7,158","(X)","6,657","±308","6,657","(X)","3,644","±242","3,644","(X)","4,030","±251","4,030","(X)","5,376","±250","5,376","(X)","2,347","±225","2,347","(X)"
"        American","1,054","±354","37.1%","±10.0","817","±532","16.1%","±10.5","611","±204","20.1%","±6.3","1,099","±325","32.1%","±8.9","1,624","±509","29.8%","±9.6","1,346","±383","18.7%","±5.5","373","±198","12.7%","±6.8","1,601","±522","31.8%","±9.2","478","±130","14.8%","±4.0","517","±252","13.7%","±6.7","2,070","±283","28.9%","±3.6","1,916","±424","28.8%","±6.2","1,138","±223","31.2%","±5.5","709","±215","17.6%","±5.2","1,200","±276","22.3%","±5.3","670","±244","28.5%","±9.4"
"        Arab","30","±48","1.1%","±1.7","17","±27","0.3%","±0.5","48","±77","1.6%","±2.5","0","±12","0.0%","±0.9","121","±148","2.2%","±2.7","13","±21","0.2%","±0.3","0","±12","0.0%","±1.1","23","±35","0.5%","±0.7","17","±13","0.5%","±0.4","83","±80","2.2%","±2.1","20","±20","0.3%","±0.3","5","±11","0.1%","±0.2","0","±12","0.0%","±0.9","37","±35","0.9%","±0.9","66","±83","1.2%","±1.6","0","±12","0.0%","±1.4"
"        Czech","0","±12","0.0%","±1.1","0","±17","0.0%","±0.6","0","±12","0.0%","±1.1","0","±12","0.0%","±0.9","0","±17","0.0%","±0.6","0","±17","0.0%","±0.4","14","±20","0.5%","±0.7","7","±12","0.1%","±0.2","2","±4","0.1%","±0.1","29","±34","0.8%","±0.9","9","±10","0.1%","±0.1","67","±96","1.0%","±1.4","10","±10","0.3%","±0.3","0","±12","0.0%","±0.8","4","±7","0.1%","±0.1","17","±13","0.7%","±0.6"
"        Danish","0","±12","0.0%","±1.1","30","±51","0.6%","±1.0","0","±12","0.0%","±1.1","2","±3","0.1%","±0.1","0","±17","0.0%","±0.6","12","±20","0.2%","±0.3","0","±12","0.0%","±1.1","32","±49","0.6%","±1.0","3","±5","0.1%","±0.2","25","±39","0.7%","±1.0","38","±26","0.5%","±0.4","0","±17","0.0%","±0.5","10","±11","0.3%","±0.3","23","±23","0.6%","±0.6","18","±19","0.3%","±0.4","0","±12","0.0%","±1.4"
"        Dutch","7","±12","0.2%","±0.4","74","±60","1.5%","±1.2","66","±60","2.2%","±1.9","51","±31","1.5%","±0.9","130","±116","2.4%","±2.1","138","±94","1.9%","±1.3","71","±41","2.4%","±1.4","196","±121","3.9%","±2.4","52","±41","1.6%","±1.3","133","±96","3.5%","±2.5","151","±67","2.1%","±0.9","68","±46","1.0%","±0.7","92","±31","2.5%","±0.8","95","±47","2.4%","±1.2","86","±65","1.6%","±1.2","69","±44","2.9%","±1.9"
"        English","243","±108","8.6%","±3.7","593","±277","11.7%","±5.4","432","±154","14.2%","±5.1","340","±122","9.9%","±3.6","410","±174","7.5%","±3.1","1,071","±281","14.9%","±3.8","459","±138","15.7%","±4.5","447","±136","8.9%","±2.9","528","±144","16.3%","±4.2","693","±164","18.4%","±4.4","764","±125","10.7%","±1.8","611","±141","9.2%","±2.1","444","±85","12.2%","±2.4","390","±109","9.7%","±2.8","930","±240","17.3%","±4.2","317","±83","13.5%","±3.7"
"        French (except Basque)","41","±42","1.4%","±1.5","195","±126","3.8%","±2.6","181","±84","6.0%","±2.7","216","±98","6.3%","±2.8","114","±76","2.1%","±1.4","577","±334","8.0%","±4.7","139","±104","4.7%","±3.5","100","±60","2.0%","±1.2","76","±42","2.4%","±1.3","119","±87","3.2%","±2.3","301","±90","4.2%","±1.2","135","±58","2.0%","±0.9","120","±37","3.3%","±1.0","107","±67","2.7%","±1.7","98","±52","1.8%","±1.0","61","±24","2.6%","±1.0"
"        French Canadian","15","±20","0.5%","±0.7","168","±127","3.3%","±2.5","79","±60","2.6%","±1.9","73","±41","2.1%","±1.2","17","±29","0.3%","±0.5","65","±50","0.9%","±0.7","19","±21","0.6%","±0.7","91","±58","1.8%","±1.1","61","±45","1.9%","±1.4","17","±21","0.5%","±0.5","104","±52","1.5%","±0.7","198","±152","3.0%","±2.3","30","±18","0.8%","±0.5","73","±71","1.8%","±1.7","42","±32","0.8%","±0.6","27","±31","1.2%","±1.3"
"        German","336","±159","11.8%","±5.2","768","±306","15.2%","±6.1","430","±124","14.2%","±4.1","459","±127","13.4%","±3.8","887","±355","16.3%","±6.4","1,377","±343","19.1%","±4.7","587","±162","20.0%","±5.1","682","±211","13.6%","±4.4","587","±140","18.2%","±4.2","761","±168","20.2%","±4.4","1,020","±114","14.2%","±1.6","696","±142","10.5%","±2.0","494","±125","13.6%","±3.3","531","±139","13.2%","±3.5","779","±262","14.5%","±4.6","265","±62","11.3%","±2.6"
"        Greek","22","±34","0.8%","±1.2","0","±17","0.0%","±0.6","0","±12","0.0%","±1.1","9","±13","0.3%","±0.4","0","±17","0.0%","±0.6","0","±17","0.0%","±0.4","0","±12","0.0%","±1.1","10","±15","0.2%","±0.3","8","±10","0.2%","±0.3","13","±18","0.3%","±0.5","17","±16","0.2%","±0.2","0","±17","0.0%","±0.5","6","±6","0.2%","±0.2","32","±27","0.8%","±0.7","0","±17","0.0%","±0.6","10","±14","0.4%","±0.6"
"        Hungarian","10","±17","0.4%","±0.6","17","±26","0.3%","±0.5","56","±65","1.8%","±2.1","0","±12","0.0%","±0.9","0","±17","0.0%","±0.6","31","±36","0.4%","±0.5","0","±12","0.0%","±1.1","9","±14","0.2%","±0.3","21","±19","0.6%","±0.6","32","±52","0.8%","±1.4","9","±9","0.1%","±0.1","11","±14","0.2%","±0.2","3","±4","0.1%","±0.1","8","±12","0.2%","±0.3","45","±38","0.8%","±0.7","19","±17","0.8%","±0.7"
"        Irish","410","±160","14.4%","±5.8","1,060","±302","20.9%","±5.9","643","±169","21.2%","±5.2","400","±144","11.7%","±4.3","802","±261","14.7%","±4.7","1,396","±404","19.4%","±5.5","697","±178","23.8%","±5.9","724","±199","14.4%","±4.0","839","±184","26.0%","±5.5","718","±191","19.1%","±5.1","961","±144","13.4%","±1.9","937","±171","14.1%","±2.3","254","±47","7.0%","±1.3","776","±165","19.3%","±3.9","780","±213","14.5%","±3.8","267","±86","11.4%","±3.7"
"        Italian","267","±152","9.4%","±5.2","519","±224","10.2%","±4.4","341","±109","11.2%","±3.6","230","±80","6.7%","±2.2","518","±188","9.5%","±3.4","707","±235","9.8%","±3.3","245","±108","8.4%","±3.7","577","±206","11.5%","±4.2","354","±104","11.0%","±3.2","322","±136","8.5%","±3.6","537","±107","7.5%","±1.5","468","±114","7.0%","±1.6","137","±45","3.8%","±1.2","373","±97","9.3%","±2.2","646","±260","12.0%","±4.8","85","±36","3.6%","±1.5"
"        Lithuanian","0","±12","0.0%","±1.1","0","±17","0.0%","±0.6","10","±15","0.3%","±0.5","0","±12","0.0%","±0.9","0","±17","0.0%","±0.6","0","±17","0.0%","±0.4","0","±12","0.0%","±1.1","13","±15","0.3%","±0.3","13","±13","0.4%","±0.4","22","±26","0.6%","±0.7","19","±16","0.3%","±0.2","17","±28","0.3%","±0.4","10","±10","0.3%","±0.3","0","±12","0.0%","±0.8","42","±43","0.8%","±0.8","23","±24","1.0%","±1.0"
"        Norwegian","9","±15","0.3%","±0.5","152","±178","3.0%","±3.5","6","±11","0.2%","±0.4","0","±12","0.0%","±0.9","13","±21","0.2%","±0.4","0","±17","0.0%","±0.4","0","±12","0.0%","±1.1","30","±30","0.6%","±0.6","43","±34","1.3%","±1.1","68","±60","1.8%","±1.6","8","±9","0.1%","±0.1","8","±11","0.1%","±0.2","34","±22","0.9%","±0.6","38","±27","0.9%","±0.7","0","±17","0.0%","±0.6","11","±10","0.5%","±0.4"
"        Polish","168","±111","5.9%","±3.8","221","±116","4.4%","±2.3","107","±63","3.5%","±2.0","149","±82","4.3%","±2.3","127","±70","2.3%","±1.3","517","±220","7.2%","±3.0","194","±100","6.6%","±3.3","259","±117","5.1%","±2.4","166","±85","5.1%","±2.6","177","±89","4.7%","±2.4","241","±58","3.4%","±0.8","266","±115","4.0%","±1.7","97","±27","2.7%","±0.7","122","±52","3.0%","±1.3","339","±127","6.3%","±2.3","85","±32","3.6%","±1.3"
"        Portuguese","0","±12","0.0%","±1.1","0","±17","0.0%","±0.6","8","±13","0.3%","±0.4","21","±22","0.6%","±0.6","0","±17","0.0%","±0.6","36","±58","0.5%","±0.8","0","±12","0.0%","±1.1","0","±17","0.0%","±0.6","2","±5","0.1%","±0.1","12","±15","0.3%","±0.4","4","±5","0.1%","±0.1","18","±27","0.3%","±0.4","3","±4","0.1%","±0.1","0","±12","0.0%","±0.8","14","±20","0.3%","±0.4","0","±12","0.0%","±1.4"
"        Russian","0","±12","0.0%","±1.1","17","±27","0.3%","±0.5","17","±19","0.6%","±0.6","0","±12","0.0%","±0.9","35","±56","0.6%","±1.0","126","±122","1.7%","±1.7","13","±20","0.4%","±0.7","11","±15","0.2%","±0.3","20","±18","0.6%","±0.6","86","±83","2.3%","±2.2","27","±20","0.4%","±0.3","28","±26","0.4%","±0.4","5","±6","0.1%","±0.2","77","±45","1.9%","±1.1","32","±27","0.6%","±0.5","9","±10","0.4%","±0.4"
"        Scotch-Irish","0","±12","0.0%","±1.1","0","±17","0.0%","±0.6","19","±22","0.6%","±0.7","24","±22","0.7%","±0.6","0","±17","0.0%","±0.6","69","±91","1.0%","±1.3","79","±91","2.7%","±3.1","35","±33","0.7%","±0.7","24","±25","0.7%","±0.8","41","±35","1.1%","±0.9","43","±19","0.6%","±0.3","29","±23","0.4%","±0.3","19","±17","0.5%","±0.5","39","±35","1.0%","±0.9","25","±22","0.5%","±0.4","0","±12","0.0%","±1.4"
"        Scottish","31","±31","1.1%","±1.1","205","±234","4.0%","±4.6","31","±28","1.0%","±0.9","44","±44","1.3%","±1.3","59","±74","1.1%","±1.4","114","±68","1.6%","±0.9","75","±48","2.6%","±1.6","49","±39","1.0%","±0.8","142","±76","4.4%","±2.4","68","±40","1.8%","±1.1","85","±26","1.2%","±0.4","114","±58","1.7%","±0.9","56","±21","1.5%","±0.6","95","±56","2.4%","±1.4","60","±43","1.1%","±0.8","31","±25","1.3%","±1.1"
"        Slovak","0","±12","0.0%","±1.1","0","±17","0.0%","±0.6","13","±19","0.4%","±0.6","0","±12","0.0%","±0.9","0","±17","0.0%","±0.6","0","±17","0.0%","±0.4","0","±12","0.0%","±1.1","0","±17","0.0%","±0.6","12","±17","0.4%","±0.5","37","±63","1.0%","±1.7","23","±21","0.3%","±0.3","0","±17","0.0%","±0.5","3","±4","0.1%","±0.1","5","±9","0.1%","±0.2","30","±31","0.6%","±0.6","0","±12","0.0%","±1.4"
"        Subsaharan African","0","±12","0.0%","±1.1","0","±17","0.0%","±0.6","0","±12","0.0%","±1.1","0","±12","0.0%","±0.9","0","±17","0.0%","±0.6","0","±17","0.0%","±0.4","0","±12","0.0%","±1.1","0","±17","0.0%","±0.6","6","±9","0.2%","±0.3","0","±12","0.0%","±0.9","11","±11","0.2%","±0.2","104","±90","1.6%","±1.3","0","±12","0.0%","±0.9","36","±33","0.9%","±0.8","0","±17","0.0%","±0.6","0","±12","0.0%","±1.4"
"        Swedish","0","±12","0.0%","±1.1","59","±55","1.2%","±1.1","17","±19","0.6%","±0.6","0","±12","0.0%","±0.9","28","±32","0.5%","±0.6","12","±18","0.2%","±0.3","29","±27","1.0%","±0.9","0","±17","0.0%","±0.6","54","±48","1.7%","±1.5","63","±65","1.7%","±1.7","36","±25","0.5%","±0.4","26","±24","0.4%","±0.4","25","±13","0.7%","±0.3","27","±24","0.7%","±0.6","46","±45","0.9%","±0.8","38","±26","1.6%","±1.1"
"        Swiss","16","±21","0.6%","±0.8","18","±27","0.4%","±0.5","8","±14","0.3%","±0.4","0","±12","0.0%","±0.9","31","±37","0.6%","±0.7","12","±19","0.2%","±0.3","72","±72","2.5%","±2.5","0","±17","0.0%","±0.6","16","±14","0.5%","±0.4","71","±73","1.9%","±1.9","46","±24","0.6%","±0.3","0","±17","0.0%","±0.5","9","±11","0.2%","±0.3","19","±20","0.5%","±0.5","19","±25","0.4%","±0.5","0","±12","0.0%","±1.4"
"        Ukrainian","0","±12","0.0%","±1.1","24","±37","0.5%","±0.7","6","±9","0.2%","±0.3","0","±12","0.0%","±0.9","50","±62","0.9%","±1.1","11","±17","0.2%","±0.2","32","±50","1.1%","±1.7","8","±12","0.2%","±0.2","17","±20","0.5%","±0.6","11","±13","0.3%","±0.3","31","±23","0.4%","±0.3","30","±33","0.5%","±0.5","0","±12","0.0%","±0.9","6","±9","0.1%","±0.2","2","±4","0.0%","±0.1","16","±22","0.7%","±0.9"
"        Welsh","25","±26","0.9%","±0.9","97","±88","1.9%","±1.8","179","±102","5.9%","±3.2","98","±87","2.9%","±2.6","66","±56","1.2%","±1.0","151","±96","2.1%","±1.3","14","±17","0.5%","±0.6","54","±37","1.1%","±0.7","18","±12","0.6%","±0.4","136","±104","3.6%","±2.7","161","±41","2.2%","±0.6","167","±73","2.5%","±1.1","49","±18","1.3%","±0.5","84","±43","2.1%","±1.1","81","±54","1.5%","±1.0","128","±48","5.5%","±2.1"
"        West Indian (excluding Hispanic origin groups)","14","±22","0.5%","±0.8","0","±17","0.0%","±0.6","0","±12","0.0%","±1.1","0","±12","0.0%","±0.9","0","±17","0.0%","±0.6","0","±17","0.0%","±0.4","0","±12","0.0%","±1.1","0","±17","0.0%","±0.6","54","±48","1.7%","±1.5","0","±12","0.0%","±0.9","32","±32","0.4%","±0.4","72","±50","1.1%","±0.8","5","±7","0.1%","±0.2","33","±28","0.8%","±0.7","33","±41","0.6%","±0.8","0","±12","0.0%","±1.4"
"COMPUTERS AND INTERNET USE","","","","","","","","","","","","","","","","","","","","","","","","","","","","","","","","","","","","","","","","","","","","","","","","","","","","","","","","","","","","","","","",""
"    Total households","1,044","±111","1,044","(X)","2,231","±191","2,231","(X)","1,229","±134","1,229","(X)","1,301","±117","1,301","(X)","2,028","±225","2,028","(X)","2,749","±173","2,749","(X)","1,148","±121","1,148","(X)","1,791","±156","1,791","(X)","1,054","±121","1,054","(X)","1,317","±92","1,317","(X)","2,583","±130","2,583","(X)","2,098","±204","2,098","(X)","1,280","±75","1,280","(X)","864","±120","864","(X)","2,274","±173","2,274","(X)","886","±76","886","(X)"
"        With a computer","833","±143","79.8%","±10.0","2,049","±195","91.8%","±3.7","1,177","±141","95.8%","±3.1","1,052","±105","80.9%","±5.6","1,707","±217","84.2%","±7.1","2,589","±185","94.2%","±3.4","1,077","±119","93.8%","±3.7","1,674","±153","93.5%","±3.4","895","±107","84.9%","±4.7","1,226","±90","93.1%","±4.2","2,291","±112","88.7%","±2.4","1,837","±176","87.6%","±4.2","1,025","±80","80.1%","±3.7","718","±90","83.1%","±5.6","1,962","±140","86.3%","±4.2","708","±82","79.9%","±6.1"
"        With a broadband Internet subscription","814","±147","78.0%","±10.1","1,944","±207","87.1%","±5.5","1,107","±138","90.1%","±5.1","1,002","±112","77.0%","±6.0","1,640","±212","80.9%","±6.9","2,347","±195","85.4%","±4.7","962","±112","83.8%","±6.3","1,530","±117","85.4%","±6.0","821","±95","77.9%","±5.3","1,150","±94","87.3%","±5.8","2,011","±121","77.9%","±3.8","1,690","±199","80.6%","±6.0","894","±78","69.8%","±4.4","670","±84","77.5%","±5.9","1,934","±141","85.0%","±4.6","622","±77","70.2%","±6.5"