"Label","Census Tract 702, Montgomery County, New York!!Estimate","Census Tract 702, Montgomery County, New York!!Margin of Error","Census Tract 702, Montgomery County, New York!!Percent","Census Tract 702, Montgomery County, New York!!Percent Margin of Error","Census Tract 703, Montgomery County, New York!!Estimate","Census Tract 703, Montgomery County, New York!!Margin of Error","Census Tract 703, Montgomery County, New York!!Percent","Census Tract 703, Montgomery County, New York!!Percent Margin of Error","Census Tract 704, Montgomery County, New York!!Estimate","Census Tract 704, Montgomery County, New York!!Margin of Error","Census Tract 704, Montgomery County, New York!!Percent","Census Tract 704, Montgomery County, New York!!Percent Margin of Error","Census Tract 705, Montgomery County, New York!!Estimate","Census Tract 705, Montgomery County, New York!!Margin of Error","Census Tract 705, Montgomery County, New York!!Percent","Census Tract 705, Montgomery County, New York!!Percent Margin of Error","Census Tract 706, Montgomery County, New York!!Estimate","Census Tract 706, Montgomery County, New York!!Margin of Error","Census Tract 706, Montgomery County, New York!!Percent","Census Tract 706, Montgomery County, New York!!Percent Margin of Error","Census Tract 707, Montgomery County, New York!!Estimate","Census Tract 707, Montgomery County, New York!!Margin of Error","Census Tract 707, Montgomery County, New York!!Percent","Census Tract 707, Montgomery County, New York!!Percent Margin of Error","Census Tract 708, Montgomery County, New York!!Estimate","Census Tract 708, Montgomery County, New York!!Margin of Error","Census Tract 708, Montgomery County, New York!!Percent","Census Tract 708, Montgomery County, New York!!Percent Margin of Error","Census Tract 709, Montgomery County, New York!!Estimate","Census Tract 709, Montgomery County, New York!!Margin of Error","Census Tract 709, Montgomery County, New York!!Percent","Census Tract 709, Montgomery County, New York!!Percent Margin of Error","Census Tract 721, Montgomery County, New York!!Estimate","Census Tract 721, Montgomery County, New York!!Margin of Error","Census Tract 721, Montgomery County, New York!!Percent","Census Tract 721, Montgomery County, New York!!Percent Margin of Error","Census Tract 722, Montgomery County, New York!!Estimate","Census Tract 722, Montgomery County, New York!!Margin of Error","Census Tract 722, Montgomery County, New York!!Percent","Census Tract 722, Montgomery County, New York!!Percent Margin of Error","Census Tract 723, Montgomery County, New York!!Estimate","Census Tract 723, Montgomery County, New York!!Margin of Error","Census Tract 723, Montgomery County, New York!!Percent","Census Tract 723, Montgomery County, New York!!Percent Margin of Error","Census Tract 724, Montgomery County, New York!!Estimate","Census Tract 724, Montgomery County, New York!!Margin of Error","Census Tract 724, Montgomery County, New York!!Percent","Census Tract 724, Montgomery County, New York!!Percent Margin of Error","Census Tract 725, Montgomery County, New York!!Estimate","Census Tract 725, Montgomery County, New York!!Margin of Error","Census Tract 725, Montgomery County, New York!!Percent","Census Tract 725, Montgomery County, New York!!Percent Margin of Error","Census Tract 726, Montgomery County, New York!!Estimate","Census Tract 726, Montgomery County, New York!!Margin of Error","Census Tract 726, Montgomery County, New York!!Percent","Census Tract 726, Montgomery County, New York!!Percent Margin of Error","Census Tract 727, Montgomery County, New York!!Estimate","Census Tract 727, Montgomery County, New York!!Margin of Error","Census Tract 727, Montgomery County, New York!!Percent","Census Tract 727, Montgomery County, New York!!Percent Margin of Error","Census Tract 728, Montgomery County, New York!!Estimate","Census Tract 728, Montgomery County, New York!!Margin of Error","Census Tract 728, Montgomery County, New York!!Percent","Census Tract 728, Montgomery County, New York!!Percent Margin of Error"
"HOUSEHOLDS BY TYPE","","","","","","","","","","","","","","","","","","","","","","","","","","","","","","","","","","","","","","","","","","","","","","","","","","","","","","","","","","","","","","","",""
"    Total households","1,007","±107","1,007","(X)","769","±94","769","(X)","812","±86","812","(X)","1,041","±94","1,041","(X)","826","±89","826","(X)","1,112","±102","1,112","(X)","1,124","±116","1,124","(X)","676","±82","676","(X)","2,797","±144","2,797","(X)","1,477","±121","1,477","(X)","1,140","±111","1,140","(X)","958","±59","958","(X)","1,392","±92","1,392","(X)","1,464","±112","1,464","(X)","1,387","±107","1,387","(X)","1,678","±140","1,678","(X)"
"        Married-couple family","227","±70","22.5%","±7.1","339","±82","44.1%","±10.9","376","±72","46.3%","±8.5","361","±89","34.7%","±8.0","218","±70","26.4%","±7.8","362","±103","32.6%","±9.0","359","±96","31.9%","±8.9","116","±51","17.2%","±7.3","1,413","±153","50.5%","±5.2","719","±101","48.7%","±7.4","650","±61","57.0%","±6.4","388","±47","40.5%","±5.2","702","±94","50.4%","±7.1","721","±88","49.2%","±5.6","763","±67","55.0%","±4.4","848","±102","50.5%","±4.9"
"            With own children of the householder under 18 years","41","±39","4.1%","±3.8","141","±57","18.3%","±7.3","87","±46","10.7%","±5.9","137","±56","13.2%","±5.1","98","±55","11.9%","±6.4","75","±59","6.7%","±5.2","139","±68","12.4%","±6.0","24","±18","3.6%","±2.7","368","±80","13.2%","±3.2","225","±55","15.2%","±4.3","232","±52","20.4%","±5.7","121","±42","12.6%","±4.5","277","±62","19.9%","±4.7","243","±56","16.6%","±4.0","323","±50","23.3%","±3.9","313","±65","18.7%","±4.2"
"        Cohabiting couple household","105","±55","10.4%","±5.6","82","±49","10.7%","±6.1","80","±57","9.9%","±6.8","100","±79","9.6%","±7.6","119","±64","14.4%","±7.2","101","±65","9.1%","±5.6","230","±111","20.5%","±9.4","97","±57","14.3%","±8.8","126","±64","4.5%","±2.3","138","±66","9.3%","±4.3","107","±54","9.4%","±4.5","114","±35","11.9%","±3.5","126","±49","9.1%","±3.4","128","±57","8.7%","±4.0","123","±32","8.9%","±2.2","151","±54","9.0%","±3.1"
"            With own children of the householder under 18 years","13","±12","1.3%","±1.2","11","±24","1.4%","±3.1","56","±55","6.9%","±6.7","67","±77","6.4%","±7.3","82","±61","9.9%","±7.0","41","±44","3.7%","±3.9","162","±96","14.4%","±8.2","49","±44","7.2%","±6.7","44","±40","1.6%","±1.4","54","±37","3.7%","±2.5","39","±27","3.4%","±2.4","53","±31","5.5%","±3.2","72","±43","5.2%","±3.0","46","±39","3.1%","±2.7","43","±22","3.1%","±1.6","45","±37","2.7%","±2.2"
"        Male householder, no spouse/partner present","237","±89","23.5%","±8.3","112","±75","14.6%","±9.0","136","±57","16.7%","±6.5","125","±67","12.0%","±6.2","190","±63","23.0%","±7.5","138","±62","12.4%","±5.3","146","±74","13.0%","±6.4","174","±65","25.7%","±8.7","507","±122","18.1%","±4.2","273","±90","18.5%","±5.5","184","±70","16.1%","±5.3","164","±41","17.1%","±3.8","196","±84","14.1%","±5.7","324","±91","22.1%","±5.5","221","±54","15.9%","±3.5","361","±76","21.5%","±3.8"
"            With own children of the householder under 18 years","0","±12","0.0%","±3.2","0","±12","0.0%","±4.1","0","±12","0.0%","±3.9","0","±12","0.0%","±3.1","0","±12","0.0%","±3.9","21","±25","1.9%","±2.3","11","±19","1.0%","±1.7","0","±12","0.0%","±4.7","15","±14","0.5%","±0.5","18","±25","1.2%","±1.7","11","±11","1.0%","±1.0","10","±8","1.0%","±0.9","9","±10","0.6%","±0.7","13","±15","0.9%","±1.0","21","±17","1.5%","±1.2","7","±11","0.4%","±0.7"
"            Householder living alone","199","±85","19.8%","±7.8","85","±67","11.1%","±8.3","62","±32","7.6%","±3.9","101","±63","9.7%","±5.9","124","±56","15.0%","±6.4","81","±49","7.3%","±4.3","97","±67","8.6%","±5.9","153","±64","22.6%","±8.6","479","±121","17.1%","±4.2","213","±93","14.4%","±5.8","146","±65","12.8%","±5.0","133","±37","13.9%","±3.5","106","±58","7.6%","±4.0","258","±87","17.6%","±5.1","160","±48","11.5%","±3.1","269","±75","16.0%","±3.7"
"                65 years and over","114","±76","11.3%","±7.1","17","±26","2.2%","±3.4","19","±15","2.3%","±1.9","18","±19","1.7%","±1.8","42","±28","5.1%","±3.4","12","±18","1.1%","±1.6","68","±60","6.0%","±5.3","19","±17","2.8%","±2.7","173","±102","6.2%","±3.7","87","±67","5.9%","±4.4","91","±54","8.0%","±4.4","69","±26","7.2%","±2.6","27","±24","1.9%","±1.7","43","±29","2.9%","±2.0","76","±40","5.5%","±2.9","77","±38","4.6%","±2.2"
"        Female householder, no spouse/partner present","438","±109","43.5%","±8.9","236","±83","30.7%","±9.8","220","±65","27.1%","±7.5","455","±105","43.7%","±9.5","299","±74","36.2%","±8.7","511","±129","46.0%","±11.1","389","±114","34.6%","±9.4","289","±77","42.8%","±9.7","751","±160","26.9%","±5.4","347","±96","23.5%","±5.9","199","±59","17.5%","±4.4","292","±51","30.5%","±4.7","368","±85","26.4%","±5.6","291","±79","19.9%","±4.8","280","±59","20.2%","±3.6","318","±80","19.0%","±4.5"
"            With own children of the householder under 18 years","126","±67","12.5%","±6.4","56","±47","7.3%","±5.9","36","±29","4.4%","±3.4","65","±42","6.2%","±3.9","112","±62","13.6%","±7.2","148","±90","13.3%","±7.9","114","±49","10.1%","±4.2","99","±52","14.6%","±7.4","14","±15","0.5%","±0.5","33","±27","2.2%","±1.8","35","±32","3.1%","±2.7","69","±32","7.2%","±3.4","69","±42","5.0%","±3.1","48","±30","3.3%","±2.0","62","±26","4.5%","±1.8","26","±20","1.5%","±1.2"
"            Householder living alone","241","±86","23.9%","±7.9","71","±33","9.2%","±4.5","120","±54","14.8%","±6.4","274","±88","26.3%","±8.3","131","±57","15.9%","±6.9","289","±80","26.0%","±7.3","177","±76","15.7%","±6.3","148","±59","21.9%","±8.4","556","±149","19.9%","±4.9","193","±78","13.1%","±4.9","124","±44","10.9%","±3.3","152","±38","15.9%","±3.5","208","±61","14.9%","±4.1","207","±65","14.1%","±4.1","172","±51","12.4%","±3.3","188","±62","11.2%","±3.5"
"                65 years and over","171","±75","17.0%","±7.1","35","±29","4.6%","±3.8","53","±26","6.5%","±3.3","168","±58","16.1%","±5.7","42","±22","5.1%","±2.6","157","±73","14.1%","±6.7","57","±36","5.1%","±3.2","98","±56","14.5%","±8.2","303","±104","10.8%","±3.5","80","±41","5.4%","±2.7","100","±31","8.8%","±2.3","77","±26","8.0%","±2.5","107","±50","7.7%","±3.5","124","±45","8.5%","±3.0","89","±34","6.4%","±2.3","136","±53","8.1%","±3.0"
"        Households with one or more people under 18 years","211","±78","21.0%","±7.3","254","±70","33.0%","±8.3","204","±59","25.1%","±6.8","303","±98","29.1%","±8.6","302","±86","36.6%","±8.3","301","±93","27.1%","±7.7","455","±98","40.5%","±7.2","206","±55","30.5%","±7.7","474","±89","16.9%","±3.5","374","±55","25.3%","±4.8","344","±59","30.2%","±6.7","288","±39","30.1%","±4.6","479","±57","34.4%","±4.4","417","±63","28.5%","±5.2","474","±47","34.2%","±3.6","411","±63","24.5%","±4.6"
"        Households with one or more people 65 years and over","435","±94","43.2%","±7.6","158","±60","20.5%","±7.5","266","±57","32.8%","±6.8","357","±59","34.3%","±6.1","190","±43","23.0%","±5.0","344","±88","30.9%","±7.7","310","±80","27.6%","±6.7","177","±55","26.2%","±8.0","1,105","±130","39.5%","±4.4","455","±82","30.8%","±4.8","430","±93","37.7%","±5.8","337","±46","35.2%","±3.8","388","±59","27.9%","±3.9","420","±66","28.7%","±3.8","425","±58","30.6%","±3.2","541","±79","32.2%","±3.4"
"        Average household size","2.06","±0.17","(X)","(X)","2.61","±0.28","(X)","(X)","2.62","±0.25","(X)","(X)","2.30","±0.26","(X)","(X)","2.59","±0.36","(X)","(X)","2.20","±0.20","(X)","(X)","2.49","±0.23","(X)","(X)","2.29","±0.31","(X)","(X)","2.04","±0.09","(X)","(X)","2.51","±0.20","(X)","(X)","2.77","±0.26","(X)","(X)","2.54","±0.16","(X)","(X)","2.98","±0.19","(X)","(X)","2.42","±0.18","(X)","(X)","2.86","±0.25","(X)","(X)","2.42","±0.15","(X)","(X)"
"        Average family size","2.98","±0.30","(X)","(X)","3.11","±0.33","(X)","(X)","3.04","±0.31","(X)","(X)","2.95","±0.27","(X)","(X)","3.32","±0.55","(X)","(X)","2.76","±0.22","(X)","(X)","2.78","±0.23","(X)","(X)","3.01","±0.38","(X)","(X)","2.59","±0.14","(X)","(X)","2.98","±0.21","(X)","(X)","3.34","±0.28","(X)","(X)","3.08","±0.24","(X)","(X)","3.48","±0.25","(X)","(X)","2.97","±0.21","(X)","(X)","3.46","±0.33","(X)","(X)","2.93","±0.21","(X)","(X)"
"RELATIONSHIP","","","","","","","","","","","","","","","","","","","","","","","","","","","","","","","","","","","","","","","","","","","","","","","","","","","","","","","","","","","","","","","",""
"    Population in households","2,075","±220","2,075","(X)","2,005","±245","2,005","(X)","2,126","±250","2,126","(X)","2,392","±326","2,392","(X)","2,137","±310","2,137","(X)","2,446","±292","2,446","(X)","2,801","±356","2,801","(X)","1,551","±239","1,551","(X)","5,704","±134","5,704","(X)","3,700","±80","3,700","(X)","3,153","±38","3,153","(X)","2,430","±60","2,430","(X)","4,154","±20","4,154","(X)","3,537","±30","3,537","(X)","3,965","±208","3,965","(X)","4,061","±203","4,061","(X)"
"        Householder","1,007","±107","48.5%","±4.1","769","±94","38.4%","±4.2","812","±86","38.2%","±3.7","1,041","±94","43.5%","±5.0","826","±89","38.7%","±5.2","1,112","±102","45.5%","±4.1","1,124","±116","40.1%","±3.7","676","±82","43.6%","±5.9","2,797","±144","49.0%","±2.3","1,477","±121","39.9%","±3.1","1,140","±111","36.2%","±3.5","958","±59","39.4%","±2.6","1,392","±92","33.5%","±2.2","1,464","±112","41.4%","±3.2","1,387","±107","35.0%","±3.1","1,678","±140","41.3%","±2.5"
"        Spouse","214","±62","10.3%","±2.9","329","±83","16.4%","±4.0","350","±71","16.5%","±3.0","371","±88","15.5%","±3.5","240","±82","11.2%","±3.7","354","±99","14.5%","±4.1","352","±94","12.6%","±3.5","131","±54","8.4%","±3.4","1,400","±155","24.5%","±2.6","723","±101","19.5%","±2.7","658","±62","20.9%","±2.0","394","±59","16.2%","±2.3","738","±106","17.8%","±2.6","718","±84","20.3%","±2.4","781","±70","19.7%","±1.9","843","±97","20.8%","±1.9"
"        Unmarried partner","113","±59","5.4%","±2.9","93","±54","4.6%","±2.6","59","±42","2.8%","±1.9","101","±76","4.2%","±2.8","101","±51","4.7%","±2.0","78","±47","3.2%","±1.9","215","±101","7.7%","±3.1","99","±53","6.4%","±3.5","131","±66","2.3%","±1.1","149","±68","4.0%","±1.8","105","±50","3.3%","±1.6","118","±38","4.9%","±1.6","130","±52","3.1%","±1.3","128","±59","3.6%","±1.7","119","±30","3.0%","±0.8","152","±56","3.7%","±1.4"
"        Child","621","±139","29.9%","±4.8","506","±141","25.2%","±5.7","660","±160","31.0%","±5.2","745","±211","31.1%","±5.5","747","±196","35.0%","±5.4","769","±225","31.4%","±7.0","819","±174","29.2%","±4.2","461","±144","29.7%","±6.3","1,168","±177","20.5%","±3.1","1,038","±143","28.1%","±3.8","1,056","±160","33.5%","±5.0","768","±91","31.6%","±3.6","1,418","±152","34.1%","±3.7","867","±142","24.5%","±4.0","1,465","±248","36.9%","±5.1","1,073","±141","26.4%","±3.3"
"        Other relatives","87","±64","4.2%","±3.1","206","±138","10.3%","±6.5","204","±71","9.6%","±3.1","119","±64","5.0%","±2.8","114","±80","5.3%","±3.4","57","±46","2.3%","±1.8","196","±120","7.0%","±4.0","80","±68","5.2%","±4.4","118","±84","2.1%","±1.5","166","±126","4.5%","±3.4","151","±49","4.8%","±1.6","113","±46","4.7%","±1.9","279","±114","6.7%","±2.7","152","±81","4.3%","±2.3","105","±41","2.6%","±1.0","178","±139","4.4%","±3.5"
"        Other nonrelatives","33","±34","1.6%","±1.6","102","±58","5.1%","±2.8","41","±31","1.9%","±1.4","15","±19","0.6%","±0.8","109","±59","5.1%","±2.7","76","±70","3.1%","±2.9","95","±64","3.4%","±2.2","104","±85","6.7%","±4.9","90","±71","1.6%","±1.2","147","±91","4.0%","±2.5","43","±31","1.4%","±1.0","79","±49","3.3%","±2.0","197","±74","4.7%","±1.8","208","±161","5.9%","±4.5","108","±66","2.7%","±1.7","137","±101","3.4%","±2.5"
"MARITAL STATUS","","","","","","","","","","","","","","","","","","","","","","","","","","","","","","","","","","","","","","","","","","","","","","","","","","","","","","","","","","","","","","","",""
"    Males 15 years and over","742","±125","742","(X)","762","±130","762","(X)","971","±146","971","(X)","832","±164","832","(X)","818","±139","818","(X)","887","±168","887","(X)","1,021","±156","1,021","(X)","582","±121","582","(X)","2,756","±163","2,756","(X)","1,688","±125","1,688","(X)","1,232","±114","1,232","(X)","981","±77","981","(X)","1,483","±127","1,483","(X)","1,431","±107","1,431","(X)","1,613","±117","1,613","(X)","1,771","±175","1,771","(X)"
"        Never married","307","±114","41.4%","±12.8","290","±141","38.1%","±14.3","436","±116","44.9%","±7.6","317","±160","38.1%","±14.3","396","±133","48.4%","±11.2","377","±118","42.5%","±9.5","471","±159","46.1%","±11.3","332","±108","57.0%","±12.9","747","±188","27.1%","±6.2","633","±157","37.5%","±7.8","345","±72","28.0%","±4.9","350","±61","35.7%","±5.4","486","±123","32.8%","±6.7","441","±114","30.8%","±6.5","513","±81","31.8%","±4.0","558","±133","31.5%","±6.1"
"        Now married, except separated","266","±80","35.8%","±10.6","373","±96","49.0%","±13.2","406","±80","41.8%","±8.4","408","±94","49.0%","±12.0","271","±79","33.1%","±9.4","389","±110","43.9%","±11.2","365","±95","35.7%","±10.5","153","±58","26.3%","±9.6","1,477","±158","53.6%","±6.2","743","±96","44.0%","±6.2","698","±59","56.7%","±6.0","415","±52","42.3%","±5.0","779","±106","52.5%","±8.2","793","±88","55.4%","±5.5","841","±68","52.1%","±3.8","896","±97","50.6%","±5.3"
"        Separated","12","±18","1.6%","±2.4","5","±8","0.7%","±1.1","9","±12","0.9%","±1.3","11","±18","1.3%","±2.1","24","±30","2.9%","±3.5","23","±27","2.6%","±3.0","11","±19","1.1%","±1.9","16","±16","2.7%","±2.8","128","±79","4.6%","±2.9","30","±33","1.8%","±1.9","30","±23","2.4%","±1.8","17","±20","1.7%","±2.0","70","±47","4.7%","±3.2","10","±11","0.7%","±0.8","39","±25","2.4%","±1.6","55","±32","3.1%","±1.8"
"        Widowed","65","±57","8.8%","±7.2","0","±12","0.0%","±4.2","30","±19","3.1%","±1.9","0","±12","0.0%","±3.8","51","±41","6.2%","±5.1","19","±18","2.1%","±2.0","0","±12","0.0%","±3.1","14","±18","2.4%","±3.2","98","±51","3.6%","±1.8","132","±81","7.8%","±4.7","93","±66","7.5%","±5.0","58","±33","5.9%","±3.2","44","±27","3.0%","±1.8","22","±15","1.5%","±1.1","66","±37","4.1%","±2.3","32","±16","1.8%","±1.0"
"        Divorced","92","±64","12.4%","±8.5","94","±51","12.3%","±6.7","90","±46","9.3%","±4.5","96","±48","11.5%","±6.4","76","±41","9.3%","±5.2","79","±55","8.9%","±5.6","174","±90","17.0%","±8.3","67","±58","11.5%","±9.4","306","±116","11.1%","±4.1","150","±65","8.9%","±4.0","66","±37","5.4%","±2.8","141","±39","14.4%","±3.9","104","±60","7.0%","±3.9","165","±70","11.5%","±5.2","154","±42","9.5%","±2.5","230","±67","13.0%","±3.3"
"    Females 15 years and over","980","±142","980","(X)","832","±127","832","(X)","880","±113","880","(X)","1,164","±147","1,164","(X)","912","±154","912","(X)","1,153","±155","1,153","(X)","1,169","±201","1,169","(X)","655","±101","655","(X)","2,648","±142","2,648","(X)","1,561","±121","1,561","(X)","1,244","±103","1,244","(X)","1,081","±71","1,081","(X)","1,542","±113","1,542","(X)","1,458","±94","1,458","(X)","1,588","±101","1,588","(X)","1,596","±128","1,596","(X)"
"        Never married","326","±100","33.3%","±9.1","318","±118","38.2%","±10.8","301","±82","34.2%","±6.6","396","±135","34.0%","±8.8","399","±119","43.8%","±8.0","435","±150","37.7%","±10.4","501","±203","42.9%","±11.8","246","±80","37.6%","±10.0","522","±131","19.7%","±4.5","446","±100","28.6%","±5.7","234","±56","18.8%","±4.0","311","±59","28.8%","±4.6","388","±108","25.2%","±6.3","330","±74","22.6%","±4.9","437","±90","27.5%","±5.1","398","±89","24.9%","±5.0"
"        Now married, except separated","257","±76","26.2%","±8.0","370","±94","44.5%","±10.7","373","±74","42.4%","±8.8","393","±95","33.8%","±8.0","258","±79","28.3%","±7.7","367","±102","31.8%","±9.8","353","±97","30.2%","±9.3","129","±53","19.7%","±7.7","1,376","±150","52.0%","±6.3","742","±91","47.5%","±6.8","690","±63","55.5%","±5.4","390","±50","36.1%","±5.4","764","±100","49.5%","±7.2","789","±88","54.1%","±5.3","794","±69","50.0%","±4.3","872","±103","54.6%","±5.6"
"        Separated","11","±17","1.1%","±1.8","30","±34","3.6%","±4.1","26","±27","3.0%","±3.0","0","±12","0.0%","±2.8","40","±32","4.4%","±3.2","53","±60","4.6%","±5.1","72","±52","6.2%","±4.8","67","±57","10.2%","±8.4","17","±19","0.6%","±0.7","40","±36","2.6%","±2.3","56","±41","4.5%","±3.2","50","±34","4.6%","±3.1","62","±38","4.0%","±2.4","18","±20","1.2%","±1.4","57","±30","3.6%","±1.9","62","±38","3.9%","±2.3"
"        Widowed","216","±93","22.0%","±8.5","71","±36","8.5%","±4.4","59","±31","6.7%","±3.3","178","±60","15.3%","±5.5","59","±24","6.5%","±2.8","194","±75","16.8%","±6.4","109","±60","9.3%","±5.2","128","±58","19.5%","±8.8","494","±127","18.7%","±4.7","179","±95","11.5%","±5.6","138","±44","11.1%","±3.2","160","±45","14.8%","±3.9","133","±52","8.6%","±3.1","176","±56","12.1%","±3.6","142","±41","8.9%","±2.4","117","±51","7.3%","±3.0"
"        Divorced","170","±76","17.3%","±6.9","43","±31","5.2%","±3.8","121","±47","13.8%","±4.9","197","±85","16.9%","±7.3","156","±55","17.1%","±6.1","104","±74","9.0%","±6.4","134","±62","11.5%","±5.1","85","±56","13.0%","±8.5","239","±99","9.0%","±3.5","154","±61","9.9%","±3.8","126","±57","10.1%","±4.4","170","±46","15.7%","±4.1","195","±66","12.6%","±4.1","145","±58","9.9%","±4.0","158","±46","9.9%","±2.8","147","±49","9.2%","±3.1"
"FERTILITY","","","","","","","","","","","","","","","","","","","","","","","","","","","","","","","","","","","","","","","","","","","","","","","","","","","","","","","","","","","","","","","",""
"    Number of women 15 to 50 years old who had a birth in the past 12 months","6","±10","6","(X)","30","±34","30","(X)","16","±17","16","(X)","26","±23","26","(X)","9","±14","9","(X)","64","±50","64","(X)","44","±44","44","(X)","0","±12","0","(X)","19","±19","19","(X)","58","±41","58","(X)","78","±49","78","(X)","25","±17","25","(X)","50","±34","50","(X)","58","±49","58","(X)","42","±33","42","(X)","96","±46","96","(X)"
"        Unmarried women (widowed, divorced, and never married)","6","±10","100.0%","±100.0","0","±12","0.0%","±54.1","8","±11","50.0%","±50.0","0","±12","0.0%","±58.2","0","±12","0.0%","±98.9","0","±12","0.0%","±37.0","37","±43","84.1%","±35.9","0","±12","-","**","0","±17","0.0%","±68.0","8","±10","13.8%","±18.5","8","±13","10.3%","±15.3","18","±16","72.0%","±25.2","36","±30","72.0%","±34.9","52","±47","89.7%","±14.2","6","±6","14.3%","±19.0","37","±34","38.5%","±29.4"
"            Per 1,000 unmarried women","20","±34","(X)","(X)","0","±115","(X)","(X)","25","±35","(X)","(X)","0","±73","(X)","(X)","0","±70","(X)","(X)","0","±74","(X)","(X)","79","±104","(X)","(X)","0","±116","(X)","(X)","0","±68","(X)","(X)","18","±22","(X)","(X)","29","±47","(X)","(X)","53","±46","(X)","(X)","84","±66","(X)","(X)","139","±117","(X)","(X)","13","±13","(X)","(X)","96","±89","(X)","(X)"
"        Per 1,000 women 15 to 50 years old","15","±26","(X)","(X)","55","±61","(X)","(X)","35","±37","(X)","(X)","45","±40","(X)","(X)","15","±22","(X)","(X)","112","±93","(X)","(X)","63","±68","(X)","(X)","0","±80","(X)","(X)","20","±21","(X)","(X)","72","±52","(X)","(X)","117","±77","(X)","(X)","47","±33","(X)","(X)","58","±39","(X)","(X)","73","±61","(X)","(X)","43","±32","(X)","(X)","116","±57","(X)","(X)"
"        Per 1,000 women 15 to 19 years old","0","±404","(X)","(X)","0","±318","(X)","(X)","0","±338","(X)","(X)","0","±360","(X)","(X)","0","±244","(X)","(X)","0","±324","(X)","(X)","92","±174","(X)","(X)","0","±463","(X)","(X)","0","±310","(X)","(X)","0","±233","(X)","(X)","0","±313","(X)","(X)","0","±313","(X)","(X)","0","±265","(X)","(X)","0","±452","(X)","(X)","13","±19","(X)","(X)","0","±376","(X)","(X)"
"        Per 1,000 women 20 to 34 years old","0","±131","(X)","(X)","195","±201","(X)","(X)","78","±80","(X)","(X)","77","±82","(X)","(X)","0","±104","(X)","(X)","223","±159","(X)","(X)","96","±103","(X)","(X)","0","±161","(X)","(X)","51","±55","(X)","(X)","176","±150","(X)","(X)","218","±148","(X)","(X)","94","±66","(X)","(X)","118","±83","(X)","(X)","151","±128","(X)","(X)","45","±61","(X)","(X)","166","±107","(X)","(X)"
"        Per 1,000 women 35 to 50 years old","55","±101","(X)","(X)","0","±98","(X)","(X)","0","±169","(X)","(X)","27","±43","(X)","(X)","45","±67","(X)","(X)","0","±148","(X)","(X)","0","±129","(X)","(X)","0","±179","(X)","(X)","0","±63","(X)","(X)","45","±51","(X)","(X)","40","±59","(X)","(X)","14","±26","(X)","(X)","18","±32","(X)","(X)","0","±84","(X)","(X)","57","±60","(X)","(X)","89","±61","(X)","(X)"
"GRANDPARENTS","","","","","","","","","","","","","","","","","","","","","","","","","","","","","","","","","","","","","","","","","","","","","","","","","","","","","","","","","","","","","","","",""
"    Number of grandparents living with own grandchildren under 18 years","48","±60","48","(X)","77","±59","77","(X)","31","±26","31","(X)","34","±29","34","(X)","35","±36","35","(X)","24","±29","24","(X)","45","±52","45","(X)","17","±24","17","(X)","86","±75","86","(X)","57","±48","57","(X)","75","±45","75","(X)","59","±27","59","(X)","84","±50","84","(X)","81","±55","81","(X)","22","±17","22","(X)","21","±25","21","(X)"
"        Grandparents responsible for grandchildren","14","±21","29.2%","±44.8","21","±33","27.3%","±37.0","0","±12","0.0%","±53.3","21","±23","61.8%","±39.9","0","±12","0.0%","±50.1","7","±13","29.2%","±31.7","17","±23","37.8%","±52.5","0","±12","0.0%","±71.9","27","±35","31.4%","±40.4","26","±39","45.6%","±50.4","25","±27","33.3%","±26.5","23","±15","39.0%","±21.1","8","±10","9.5%","±11.8","26","±26","32.1%","±21.8","10","±11","45.5%","±37.7","15","±23","71.4%","±38.6"
"        Years responsible for grandchildren","","","","","","","","","","","","","","","","","","","","","","","","","","","","","","","","","","","","","","","","","","","","","","","","","","","","","","","","","","","","","","","",""
"            Less than 1 year","0","±12","0.0%","±42.8","0","±12","0.0%","±32.9","0","±12","0.0%","±53.3","8","±15","23.5%","±39.1","0","±12","0.0%","±50.1","0","±12","0.0%","±60.5","3","±15","6.7%","±33.7","0","±12","0.0%","±71.9","0","±17","0.0%","±30.5","0","±12","0.0%","±39.3","0","±12","0.0%","±33.5","5","±7","8.5%","±11.6","0","±12","0.0%","±31.0","14","±21","17.3%","±19.7","0","±12","0.0%","±63.2","15","±23","71.4%","±38.6"
"            1 or 2 years","0","±12","0.0%","±42.8","0","±12","0.0%","±32.9","0","±12","0.0%","±53.3","0","±12","0.0%","±50.9","0","±12","0.0%","±50.1","0","±12","0.0%","±60.5","0","±12","0.0%","±44.2","0","±12","0.0%","±71.9","23","±34","26.7%","±38.7","0","±12","0.0%","±39.3","0","±12","0.0%","±33.5","4","±6","6.8%","±9.5","3","±6","3.6%","±8.4","3","±5","3.7%","±7.4","10","±11","45.5%","±37.7","0","±12","0.0%","±64.7"
"            3 or 4 years","0","±12","0.0%","±42.8","0","±12","0.0%","±32.9","0","±12","0.0%","±53.3","0","±12","0.0%","±50.9","0","±12","0.0%","±50.1","7","±13","29.2%","±31.7","0","±12","0.0%","±44.2","0","±12","0.0%","±71.9","0","±17","0.0%","±30.5","0","±12","0.0%","±39.3","0","±12","0.0%","±33.5","5","±8","8.5%","±12.3","0","±12","0.0%","±31.0","0","±12","0.0%","±31.8","0","±12","0.0%","±63.2","0","±12","0.0%","±64.7"
"            5 or more years","14","±21","29.2%","±44.8","21","±33","27.3%","±37.0","0","±12","0.0%","±53.3","13","±20","38.2%","±45.8","0","±12","0.0%","±50.1","0","±12","0.0%","±60.5","14","±22","31.1%","±60.0","0","±12","0.0%","±71.9","4","±6","4.7%","±8.9","26","±39","45.6%","±50.4","25","±27","33.3%","±26.5","9","±10","15.3%","±16.1","5","±8","6.0%","±9.0","9","±15","11.1%","±18.7","0","±12","0.0%","±63.2","0","±12","0.0%","±64.7"
"    Number of grandparents responsible for own grandchildren under 18 years","14","±21","14","(X)","21","±33","21","(X)","0","±12","0","(X)","21","±23","21","(X)","0","±12","0","(X)","7","±13","7","(X)","17","±23","17","(X)","0","±12","0","(X)","27","±35","27","(X)","26","±39","26","(X)","25","±27","25","(X)","23","±15","23","(X)","8","±10","8","(X)","26","±26","26","(X)","10","±11","10","(X)","15","±23","15","(X)"
"        Who are female","14","±21","100.0%","±79.3","21","±33","100.0%","±64.7","0","±12","-","**","8","±15","38.1%","±58.1","0","±12","-","**","7","±13","100.0%","±100.0","17","±23","100.0%","±71.9","0","±12","-","**","23","±34","85.2%","±34.9","14","±21","53.8%","±7.9","15","±15","60.0%","±25.8","17","±11","73.9%","±20.2","3","±6","37.5%","±62.5","7","±10","26.9%","±36.1","6","±7","60.0%","±30.0","15","±23","100.0%","±76.6"
"        Who are married","0","±12","0.0%","±79.3","21","±33","100.0%","±64.7","0","±12","-","**","0","±12","0.0%","±64.7","0","±12","-","**","7","±13","100.0%","±100.0","0","±12","0.0%","±71.9","0","±12","-","**","4","±6","14.8%","±34.9","26","±39","100.0%","±58.2","19","±26","76.0%","±44.6","11","±12","47.8%","±38.0","5","±8","62.5%","±62.5","23","±26","88.5%","±25.0","7","±9","70.0%","±47.2","1","±3","6.7%","±27.5"
"SCHOOL ENROLLMENT","","","","","","","","","","","","","","","","","","","","","","","","","","","","","","","","","","","","","","","","","","","","","","","","","","","","","","","","","","","","","","","",""
"    Population 3 years and over enrolled in school","610","±136","610","(X)","566","±164","566","(X)","553","±137","553","(X)","566","±177","566","(X)","480","±127","480","(X)","580","±231","580","(X)","697","±185","697","(X)","434","±162","434","(X)","1,040","±170","1,040","(X)","763","±160","763","(X)","645","±125","645","(X)","464","±83","464","(X)","1,014","±136","1,014","(X)","705","±119","705","(X)","937","±123","937","(X)","711","±131","711","(X)"
"        Nursery school, preschool","118","±63","19.3%","±10.0","59","±36","10.4%","±6.6","28","±27","5.1%","±4.8","28","±41","4.9%","±7.3","18","±20","3.8%","±4.5","35","±49","6.0%","±7.5","28","±31","4.0%","±4.7","0","±12","0.0%","±7.2","17","±18","1.6%","±1.8","51","±40","6.7%","±5.1","33","±23","5.1%","±3.3","3","±5","0.6%","±1.1","73","±49","7.2%","±5.1","19","±19","2.7%","±2.7","29","±17","3.1%","±1.8","31","±35","4.4%","±5.0"
"        Kindergarten","0","±12","0.0%","±5.2","0","±12","0.0%","±5.6","40","±27","7.2%","±4.8","19","±21","3.4%","±4.0","51","±41","10.6%","±8.4","24","±32","4.1%","±5.1","46","±42","6.6%","±6.9","47","±30","10.8%","±4.6","44","±47","4.2%","±4.3","19","±21","2.5%","±2.6","46","±45","7.1%","±6.9","20","±14","4.3%","±3.0","93","±72","9.2%","±6.8","56","±46","7.9%","±6.4","53","±29","5.7%","±2.9","56","±46","7.9%","±6.1"
"        Elementary school (grades 1-8)","328","±102","53.8%","±11.3","278","±102","49.1%","±11.1","134","±56","24.2%","±9.3","239","±95","42.2%","±10.2","218","±91","45.4%","±12.2","198","±116","34.1%","±12.6","383","±110","54.9%","±12.1","254","±140","58.5%","±16.1","391","±106","37.6%","±10.4","206","±74","27.0%","±7.2","273","±71","42.3%","±9.6","233","±57","50.2%","±8.7","459","±110","45.3%","±9.5","421","±122","59.7%","±11.2","490","±106","52.3%","±8.8","327","±78","46.0%","±7.4"
"        High school (grades 9-12)","93","±72","15.2%","±10.9","139","±70","24.6%","±10.7","113","±62","20.4%","±9.2","206","±111","36.4%","±12.3","141","±58","29.4%","±8.6","192","±106","33.1%","±13.8","188","±136","27.0%","±14.6","90","±48","20.7%","±12.2","247","±91","23.8%","±8.0","309","±88","40.5%","±9.3","178","±82","27.6%","±10.2","131","±47","28.2%","±8.6","206","±71","20.3%","±6.0","121","±51","17.2%","±7.1","220","±70","23.5%","±7.0","162","±56","22.8%","±7.4"
"        College or graduate school","71","±52","11.6%","±8.0","90","±63","15.9%","±9.2","238","±86","43.0%","±10.8","74","±49","13.1%","±9.6","52","±32","10.8%","±6.2","131","±61","22.6%","±13.1","52","±45","7.5%","±6.4","43","±31","9.9%","±8.2","341","±121","32.8%","±8.3","178","±83","23.3%","±9.5","115","±46","17.8%","±6.6","77","±30","16.6%","±5.6","183","±74","18.0%","±6.7","88","±40","12.5%","±6.2","145","±52","15.5%","±5.4","135","±66","19.0%","±8.0"
"EDUCATIONAL ATTAINMENT","","","","","","","","","","","","","","","","","","","","","","","","","","","","","","","","","","","","","","","","","","","","","","","","","","","","","","","","","","","","","","","",""
"    Population 25 years and over","1,592","±160","1,592","(X)","1,351","±164","1,351","(X)","1,444","±167","1,444","(X)","1,696","±174","1,696","(X)","1,315","±169","1,315","(X)","1,607","±178","1,607","(X)","1,809","±182","1,809","(X)","1,103","±144","1,103","(X)","4,883","±176","4,883","(X)","2,654","±148","2,654","(X)","2,114","±174","2,114","(X)","1,766","±97","1,766","(X)","2,616","±143","2,616","(X)","2,580","±163","2,580","(X)","2,646","±181","2,646","(X)","3,023","±248","3,023","(X)"
"        Less than 9th grade","124","±66","7.8%","±4.1","129","±84","9.5%","±5.9","145","±83","10.0%","±5.6","33","±30","1.9%","±1.8","85","±44","6.5%","±3.4","48","±29","3.0%","±1.8","120","±74","6.6%","±3.9","83","±49","7.5%","±4.0","120","±85","2.5%","±1.8","63","±64","2.4%","±2.4","136","±82","6.4%","±4.2","53","±28","3.0%","±1.6","128","±72","4.9%","±2.7","65","±36","2.5%","±1.4","218","±82","8.2%","±3.3","86","±51","2.8%","±1.6"
"        9th to 12th grade, no diploma","97","±69","6.1%","±4.2","224","±72","16.6%","±5.1","115","±58","8.0%","±3.6","64","±46","3.8%","±2.7","77","±38","5.9%","±2.7","101","±70","6.3%","±4.4","281","±148","15.5%","±7.8","180","±59","16.3%","±4.8","255","±103","5.2%","±2.2","188","±106","7.1%","±3.9","172","±66","8.1%","±2.9","178","±56","10.1%","±3.1","335","±112","12.8%","±4.4","221","±74","8.6%","±3.0","222","±49","8.4%","±1.6","157","±63","5.2%","±2.1"
"        High school graduate (includes equivalency)","583","±145","36.6%","±7.7","523","±127","38.7%","±8.4","316","±88","21.9%","±5.5","560","±124","33.0%","±6.9","444","±115","33.8%","±6.7","493","±127","30.7%","±6.5","557","±121","30.8%","±6.1","496","±105","45.0%","±7.0","1,526","±217","31.3%","±4.2","814","±143","30.7%","±5.1","878","±140","41.5%","±5.2","670","±87","37.9%","±4.5","963","±161","36.8%","±5.8","1,109","±216","43.0%","±7.0","985","±123","37.2%","±3.6","1,189","±153","39.3%","±4.2"
"        Some college, no degree","299","±108","18.8%","±6.6","206","±79","15.2%","±5.7","239","±62","16.6%","±4.2","394","±117","23.2%","±6.4","349","±101","26.5%","±7.7","444","±145","27.6%","±8.4","416","±123","23.0%","±7.0","218","±67","19.8%","±6.1","957","±213","19.6%","±4.1","612","±113","23.1%","±4.2","379","±89","17.9%","±3.8","396","±65","22.4%","±3.4","504","±125","19.3%","±4.6","382","±94","14.8%","±3.6","423","±64","16.0%","±2.1","578","±119","19.1%","±3.3"
"        Associate's degree","161","±65","10.1%","±4.0","88","±50","6.5%","±3.5","244","±73","16.9%","±4.9","288","±89","17.0%","±4.9","164","±74","12.5%","±5.0","335","±100","20.8%","±5.8","181","±78","10.0%","±4.2","57","±38","5.2%","±3.5","809","±179","16.6%","±3.7","429","±104","16.2%","±3.8","196","±60","9.3%","±2.7","289","±66","16.4%","±3.8","365","±93","14.0%","±3.3","331","±88","12.8%","±3.4","353","±78","13.3%","±2.7","420","±71","13.9%","±2.1"
"        Bachelor's degree","196","±69","12.3%","±4.3","133","±84","9.8%","±6.2","158","±50","10.9%","±3.1","245","±88","14.4%","±4.9","124","±56","9.4%","±4.1","105","±52","6.5%","±3.2","145","±73","8.0%","±3.9","58","±41","5.3%","±3.8","641","±145","13.1%","±2.9","289","±104","10.9%","±4.0","177","±54","8.4%","±2.4","127","±39","7.2%","±2.2","215","±55","8.2%","±2.1","283","±89","11.0%","±3.5","296","±57","11.2%","±2.0","329","±103","10.9%","±3.3"
"        Graduate or professional degree","132","±61","8.3%","±3.8","48","±33","3.6%","±2.3","227","±93","15.7%","±6.2","112","±48","6.6%","±2.8","72","±44","5.5%","±3.3","81","±56","5.0%","±3.5","109","±54","6.0%","±2.9","11","±10","1.0%","±0.9","575","±176","11.8%","±3.6","259","±77","9.8%","±2.8","176","±63","8.3%","±2.8","53","±24","3.0%","±1.4","106","±41","4.1%","±1.6","189","±63","7.3%","±2.5","149","±43","5.6%","±1.5","264","±77","8.7%","±2.5"
"        High school graduate or higher","1,371","±161","86.1%","±5.7","998","±165","73.9%","±8.7","1,184","±153","82.0%","±6.5","1,599","±174","94.3%","±3.2","1,153","±164","87.7%","±4.0","1,458","±188","90.7%","±4.5","1,408","±173","77.8%","±7.8","840","±114","76.2%","±6.5","4,508","±224","92.3%","±2.4","2,403","±157","90.5%","±4.5","1,806","±212","85.4%","±5.0","1,535","±91","86.9%","±3.7","2,153","±175","82.3%","±4.2","2,294","±187","88.9%","±3.5","2,206","±197","83.4%","±3.2","2,780","±242","92.0%","±2.8"
"        Bachelor's degree or higher","328","±82","20.6%","±5.0","181","±85","13.4%","±6.1","385","±105","26.7%","±6.5","357","±91","21.0%","±4.8","196","±72","14.9%","±5.2","186","±72","11.6%","±4.4","254","±104","14.0%","±5.5","69","±41","6.3%","±3.8","1,216","±208","24.9%","±4.3","548","±123","20.6%","±4.7","353","±96","16.7%","±4.1","180","±45","10.2%","±2.6","321","±74","12.3%","±2.8","472","±108","18.3%","±4.3","445","±80","16.8%","±2.7","593","±123","19.6%","±3.8"
"VETERAN STATUS","","","","","","","","","","","","","","","","","","","","","","","","","","","","","","","","","","","","","","","","","","","","","","","","","","","","","","","","","","","","","","","",""
"    Civilian population 18 years and over","1,689","±170","1,689","(X)","1,506","±167","1,506","(X)","1,756","±185","1,756","(X)","1,828","±189","1,828","(X)","1,591","±203","1,591","(X)","1,889","±215","1,889","(X)","2,102","±247","2,102","(X)","1,181","±150","1,181","(X)","5,175","±131","5,175","(X)","3,053","±129","3,053","(X)","2,361","±171","2,361","(X)","1,958","±82","1,958","(X)","2,887","±147","2,887","(X)","2,798","±143","2,798","(X)","2,958","±168","2,958","(X)","3,238","±220","3,238","(X)"
"        Civilian veterans","187","±78","11.1%","±4.3","41","±30","2.7%","±2.0","151","±74","8.6%","±3.8","75","±58","4.1%","±3.1","60","±34","3.8%","±2.0","109","±63","5.8%","±3.3","144","±89","6.9%","±4.5","92","±54","7.8%","±4.5","439","±131","8.5%","±2.5","222","±73","7.3%","±2.4","205","±66","8.7%","±2.6","177","±48","9.0%","±2.4","214","±73","7.4%","±2.6","221","±65","7.9%","±2.4","219","±51","7.4%","±1.7","249","±65","7.7%","±1.9"
"DISABILITY STATUS OF THE CIVILIAN NONINSTITUTIONALIZED POPULATION","","","","","","","","","","","","","","","","","","","","","","","","","","","","","","","","","","","","","","","","","","","","","","","","","","","","","","","","","","","","","","","",""
"    Total Civilian Noninstitutionalized Population","2,084","±219","2,084","(X)","2,014","±244","2,014","(X)","2,152","±252","2,152","(X)","2,412","±327","2,412","(X)","2,151","±313","2,151","(X)","2,452","±292","2,452","(X)","2,806","±356","2,806","(X)","1,566","±239","1,566","(X)","5,733","±142","5,733","(X)","3,762","±25","3,762","(X)","3,162","±37","3,162","(X)","2,430","±60","2,430","(X)","4,165","±19","4,165","(X)","3,595","±20","3,595","(X)","3,984","±208","3,984","(X)","4,060","±203","4,060","(X)"
"        With a disability","462","±129","22.2%","±5.4","505","±138","25.1%","±6.6","389","±115","18.1%","±4.8","387","±128","16.0%","±4.8","395","±107","18.4%","±4.1","375","±142","15.3%","±5.8","686","±118","24.4%","±4.2","417","±127","26.6%","±8.2","742","±164","12.9%","±2.8","641","±203","17.0%","±5.4","426","±96","13.5%","±3.0","403","±75","16.6%","±3.1","586","±131","14.1%","±3.2","528","±109","14.7%","±3.0","484","±90","12.1%","±2.4","560","±106","13.8%","±2.5"
"    Under 18 years","506","±118","506","(X)","508","±133","508","(X)","396","±120","396","(X)","584","±197","584","(X)","562","±175","562","(X)","567","±219","567","(X)","704","±162","704","(X)","447","±164","447","(X)","809","±125","809","(X)","709","±126","709","(X)","867","±169","867","(X)","581","±72","581","(X)","1,278","±143","1,278","(X)","797","±144","797","(X)","1,160","±211","1,160","(X)","822","±142","822","(X)"
"        With a disability","49","±73","9.7%","±13.6","117","±61","23.0%","±11.6","39","±31","9.8%","±6.9","20","±23","3.4%","±4.1","68","±66","12.1%","±9.9","24","±32","4.2%","±5.2","145","±91","20.6%","±11.8","129","±65","28.9%","±12.7","37","±43","4.6%","±5.2","47","±41","6.6%","±5.9","14","±15","1.6%","±1.8","5","±6","0.9%","±1.1","69","±54","5.4%","±4.3","46","±29","5.8%","±3.8","73","±41","6.3%","±3.9","21","±24","2.6%","±2.7"
"    18 to 64 years","1,066","±147","1,066","(X)","1,330","±172","1,330","(X)","1,353","±159","1,353","(X)","1,367","±200","1,367","(X)","1,334","±187","1,334","(X)","1,406","±215","1,406","(X)","1,683","±252","1,683","(X)","911","±161","911","(X)","3,483","±160","3,483","(X)","2,392","±127","2,392","(X)","1,724","±99","1,724","(X)","1,388","±78","1,388","(X)","2,340","±140","2,340","(X)","2,189","±107","2,189","(X)","2,251","±137","2,251","(X)","2,524","±170","2,524","(X)"
"        With a disability","146","±72","13.7%","±6.2","305","±104","22.9%","±7.0","208","±92","15.4%","±6.4","242","±110","17.7%","±7.5","208","±77","15.6%","±5.3","240","±121","17.1%","±8.0","328","±124","19.5%","±6.6","210","±73","23.1%","±7.9","289","±114","8.3%","±3.3","398","±151","16.6%","±6.1","178","±60","10.3%","±3.5","236","±65","17.0%","±4.6","320","±91","13.7%","±3.8","270","±82","12.3%","±3.6","236","±65","10.5%","±2.8","272","±81","10.8%","±3.1"
"    65 years and over","512","±99","512","(X)","176","±65","176","(X)","403","±95","403","(X)","461","±68","461","(X)","255","±69","255","(X)","479","±130","479","(X)","419","±99","419","(X)","208","±66","208","(X)","1,441","±149","1,441","(X)","661","±105","661","(X)","571","±109","571","(X)","461","±64","461","(X)","547","±82","547","(X)","609","±90","609","(X)","573","±74","573","(X)","714","±94","714","(X)"
"        With a disability","267","±96","52.1%","±13.8","83","±49","47.2%","±19.5","142","±46","35.2%","±9.2","125","±54","27.1%","±10.4","119","±43","46.7%","±15.7","111","±66","23.2%","±14.5","213","±84","50.8%","±17.5","78","±50","37.5%","±19.0","416","±96","28.9%","±7.4","196","±72","29.7%","±10.3","234","±69","41.0%","±8.3","162","±42","35.1%","±6.9","197","±80","36.0%","±12.6","212","±63","34.8%","±8.5","175","±52","30.5%","±8.0","267","±57","37.4%","±6.3"
"RESIDENCE 1 YEAR AGO","","","","","","","","","","","","","","","","","","","","","","","","","","","","","","","","","","","","","","","","","","","","","","","","","","","","","","","","","","","","","","","",""
"    Population 1 year and over","2,195","±212","2,195","(X)","2,003","±241","2,003","(X)","2,140","±252","2,140","(X)","2,393","±322","2,393","(X)","2,157","±314","2,157","(X)","2,400","±291","2,400","(X)","2,767","±344","2,767","(X)","1,612","±237","1,612","(X)","5,966","±35","5,966","(X)","3,700","±47","3,700","(X)","3,154","±50","3,154","(X)","2,517","±47","2,517","(X)","4,105","±42","4,105","(X)","3,573","±38","3,573","(X)","4,072","±194","4,072","(X)","3,967","±218","3,967","(X)"
"        Same house","1,801","±253","82.1%","±9.8","1,788","±229","89.3%","±6.3","1,803","±269","84.3%","±6.4","2,155","±346","90.1%","±6.3","1,460","±323","67.7%","±13.7","1,963","±344","81.8%","±8.4","2,440","±369","88.2%","±6.8","1,049","±245","65.1%","±9.1","5,640","±143","94.5%","±2.4","3,376","±130","91.2%","±3.7","2,987","±76","94.7%","±2.0","2,192","±115","87.1%","±4.1","3,488","±260","85.0%","±6.2","3,339","±99","93.5%","±2.4","3,769","±224","92.6%","±2.7","3,536","±294","89.1%","±4.9"
"        Different house in the U.S.","394","±223","17.9%","±9.8","215","±133","10.7%","±6.3","337","±136","15.7%","±6.4","223","±145","9.3%","±6.1","486","±252","22.5%","±11.3","437","±197","18.2%","±8.4","327","±189","11.8%","±6.8","514","±144","31.9%","±8.7","323","±141","5.4%","±2.4","324","±139","8.8%","±3.7","167","±65","5.3%","±2.0","325","±103","12.9%","±4.1","611","±256","14.9%","±6.3","197","±74","5.5%","±2.1","300","±109","7.4%","±2.7","421","±194","10.6%","±4.9"
"            Same county","250","±204","11.4%","±9.2","178","±115","8.9%","±5.5","144","±81","6.7%","±4.0","124","±102","5.2%","±4.3","245","±126","11.4%","±5.9","354","±183","14.8%","±7.5","205","±163","7.4%","±5.8","490","±147","30.4%","±9.0","162","±112","2.7%","±1.9","93","±70","2.5%","±1.9","120","±58","3.8%","±1.8","120","±84","4.8%","±3.3","260","±161","6.3%","±3.9","100","±53","2.8%","±1.5","167","±59","4.1%","±1.5","230","±174","5.8%","±4.4"
"            Different county","144","±123","6.6%","±5.5","37","±40","1.8%","±2.0","193","±104","9.0%","±4.6","99","±102","4.1%","±4.3","241","±199","11.2%","±8.9","83","±59","3.5%","±2.7","122","±88","4.4%","±3.3","24","±22","1.5%","±1.3","161","±95","2.7%","±1.6","231","±112","6.2%","±3.0","47","±23","1.5%","±0.7","205","±92","8.1%","±3.6","351","±267","8.6%","±6.5","97","±55","2.7%","±1.5","133","±80","3.3%","±2.0","191","±111","4.8%","±2.8"
"                Same state","23","±17","1.0%","±0.8","18","±29","0.9%","±1.5","155","±90","7.2%","±4.1","99","±102","4.1%","±4.3","235","±200","10.9%","±9.0","39","±44","1.6%","±2.0","122","±88","4.4%","±3.3","10","±13","0.6%","±0.8","161","±95","2.7%","±1.6","192","±95","5.2%","±2.6","28","±16","0.9%","±0.5","196","±91","7.8%","±3.6","57","±48","1.4%","±1.2","79","±57","2.2%","±1.6","115","±76","2.8%","±1.9","174","±107","4.4%","±2.7"
"                Different state","121","±126","5.5%","±5.6","19","±29","0.9%","±1.4","38","±38","1.8%","±1.7","0","±12","0.0%","±1.3","6","±10","0.3%","±0.4","44","±46","1.8%","±1.9","0","±12","0.0%","±1.2","14","±18","0.9%","±1.1","0","±17","0.0%","±0.5","39","±51","1.1%","±1.4","19","±18","0.6%","±0.6","9","±10","0.4%","±0.4","294","±274","7.2%","±6.7","18","±20","0.5%","±0.6","18","±16","0.4%","±0.4","17","±23","0.4%","±0.6"
"        Abroad","0","±12","0.0%","±1.5","0","±12","0.0%","±1.6","0","±12","0.0%","±1.5","15","±19","0.6%","±0.8","211","±245","9.8%","±10.8","0","±12","0.0%","±1.3","0","±12","0.0%","±1.2","49","±45","3.0%","±2.9","3","±5","0.1%","±0.1","0","±12","0.0%","±0.9","0","±12","0.0%","±1.0","0","±12","0.0%","±1.3","6","±9","0.1%","±0.2","37","±55","1.0%","±1.5","3","±5","0.1%","±0.1","10","±13","0.3%","±0.3"
"PLACE OF BIRTH","","","","","","","","","","","","","","","","","","","","","","","","","","","","","","","","","","","","","","","","","","","","","","","","","","","","","","","","","","","","","","","",""
"    Total population","2,195","±212","2,195","(X)","2,014","±244","2,014","(X)","2,152","±252","2,152","(X)","2,412","±327","2,412","(X)","2,157","±314","2,157","(X)","2,472","±293","2,472","(X)","2,806","±356","2,806","(X)","1,628","±239","1,628","(X)","5,990","±22","5,990","(X)","3,762","±25","3,762","(X)","3,228","±20","3,228","(X)","2,539","±41","2,539","(X)","4,165","±19","4,165","(X)","3,595","±20","3,595","(X)","4,118","±200","4,118","(X)","4,069","±203","4,069","(X)"
"        Native","2,132","±208","97.1%","±2.3","1,850","±234","91.9%","±3.6","1,933","±210","89.8%","±5.9","2,227","±322","92.3%","±3.2","2,086","±314","96.7%","±2.3","2,291","±295","92.7%","±5.4","2,694","±357","96.0%","±2.3","1,544","±236","94.8%","±3.1","5,890","±75","98.3%","±1.2","3,701","±66","98.4%","±1.6","3,144","±58","97.4%","±1.8","2,446","±71","96.3%","±2.3","4,105","±37","98.6%","±0.8","3,500","±48","97.4%","±1.2","3,990","±217","96.9%","±2.3","3,866","±228","95.0%","±2.9"
"            Born in United States","1,935","±221","88.2%","±4.4","1,668","±227","82.8%","±5.0","1,805","±235","83.9%","±7.8","2,194","±323","91.0%","±3.8","1,655","±320","76.7%","±11.4","2,155","±291","87.2%","±6.3","2,330","±360","83.0%","±6.4","1,252","±254","76.9%","±7.2","5,809","±97","97.0%","±1.6","3,683","±71","97.9%","±1.7","3,138","±58","97.2%","±1.8","2,420","±68","95.3%","±2.3","4,068","±58","97.7%","±1.3","3,450","±76","96.0%","±2.1","3,920","±227","95.2%","±2.8","3,813","±219","93.7%","±3.3"
"                State of residence","1,742","±217","79.4%","±6.7","1,581","±231","78.5%","±5.0","1,616","±225","75.1%","±8.6","2,114","±335","87.6%","±4.5","1,554","±305","72.0%","±11.6","1,990","±282","80.5%","±7.1","2,027","±372","72.2%","±7.2","1,107","±268","68.0%","±9.8","5,485","±136","91.6%","±2.3","3,286","±125","87.3%","±3.3","2,948","±72","91.3%","±2.3","2,140","±83","84.3%","±3.2","3,291","±286","79.0%","±6.8","2,891","±178","80.4%","±4.9","3,182","±227","77.3%","±6.0","3,501","±225","86.0%","±4.0"
"                Different state","193","±105","8.8%","±4.5","87","±54","4.3%","±2.7","189","±85","8.8%","±3.6","80","±66","3.3%","±2.9","101","±71","4.7%","±3.1","165","±81","6.7%","±3.2","303","±94","10.8%","±3.7","145","±66","8.9%","±4.1","324","±119","5.4%","±2.0","397","±103","10.6%","±2.7","190","±70","5.9%","±2.2","280","±64","11.0%","±2.5","777","±270","18.7%","±6.5","559","±161","15.5%","±4.5","738","±245","17.9%","±5.5","312","±89","7.7%","±2.1"
"            Born in Puerto Rico, U.S. Island areas, or born abroad to American parent(s)","197","±81","9.0%","±3.8","182","±74","9.0%","±3.6","128","±90","5.9%","±4.2","33","±43","1.4%","±1.8","431","±271","20.0%","±11.7","136","±105","5.5%","±4.2","364","±181","13.0%","±6.3","292","±104","17.9%","±6.9","81","±57","1.4%","±0.9","18","±21","0.5%","±0.6","6","±7","0.2%","±0.2","26","±20","1.0%","±0.8","37","±44","0.9%","±1.1","50","±57","1.4%","±1.6","70","±39","1.7%","±1.0","53","±48","1.3%","±1.2"
"        Foreign born","63","±51","2.9%","±2.3","164","±75","8.1%","±3.6","219","±138","10.2%","±5.9","185","±78","7.7%","±3.2","71","±49","3.3%","±2.3","181","±135","7.3%","±5.4","112","±64","4.0%","±2.3","84","±51","5.2%","±3.1","100","±73","1.7%","±1.2","61","±60","1.6%","±1.6","84","±57","2.6%","±1.8","93","±57","3.7%","±2.3","60","±33","1.4%","±0.8","95","±43","2.6%","±1.2","128","±94","3.1%","±2.3","203","±119","5.0%","±2.9"
"U.S. CITIZENSHIP STATUS","","","","","","","","","","","","","","","","","","","","","","","","","","","","","","","","","","","","","","","","","","","","","","","","","","","","","","","","","","","","","","","",""
"    Foreign-born population","63","±51","63","(X)","164","±75","164","(X)","219","±138","219","(X)","185","±78","185","(X)","71","±49","71","(X)","181","±135","181","(X)","112","±64","112","(X)","84","±51","84","(X)","100","±73","100","(X)","61","±60","61","(X)","84","±57","84","(X)","93","±57","93","(X)","60","±33","60","(X)","95","±43","95","(X)","128","±94","128","(X)","203","±119","203","(X)"
"        Naturalized U.S. citizen","21","±21","33.3%","±34.1","105","±50","64.0%","±26.1","118","±77","53.9%","±30.7","139","±67","75.1%","±16.7","36","±28","50.7%","±41.9","129","±115","71.3%","±25.2","63","±40","56.3%","±30.2","51","±43","60.7%","±27.9","82","±64","82.0%","±21.3","45","±41","73.8%","±27.6","37","±30","44.0%","±31.1","72","±55","77.4%","±23.4","28","±24","46.7%","±29.5","61","±36","64.2%","±21.3","28","±20","21.9%","±27.8","109","±67","53.7%","±32.6"
"        Not a U.S. citizen","42","±45","66.7%","±34.1","59","±59","36.0%","±26.1","101","±107","46.1%","±30.7","46","±34","24.9%","±16.7","35","±44","49.3%","±41.9","52","±48","28.7%","±25.2","49","±50","43.8%","±30.2","33","±29","39.3%","±27.9","18","±24","18.0%","±21.3","16","±26","26.2%","±27.6","47","±45","56.0%","±31.1","21","±20","22.6%","±23.4","32","±24","53.3%","±29.5","34","±22","35.8%","±21.3","100","±97","78.1%","±27.8","94","±99","46.3%","±32.6"
"YEAR OF ENTRY","","","","","","","","","","","","","","","","","","","","","","","","","","","","","","","","","","","","","","","","","","","","","","","","","","","","","","","","","","","","","","","",""
"    Population born outside the United States","260","±97","260","(X)","346","±107","346","(X)","347","±180","347","(X)","218","±93","218","(X)","502","±266","502","(X)","317","±162","317","(X)","476","±184","476","(X)","376","±108","376","(X)","181","±95","181","(X)","79","±65","79","(X)","90","±57","90","(X)","119","±58","119","(X)","97","±54","97","(X)","145","±74","145","(X)","198","±115","198","(X)","256","±135","256","(X)"
"        Native","197","±81","197","(X)","182","±74","182","(X)","128","±90","128","(X)","33","±43","33","(X)","431","±271","431","(X)","136","±105","136","(X)","364","±181","364","(X)","292","±104","292","(X)","81","±57","81","(X)","18","±21","18","(X)","6","±7","6","(X)","26","±20","26","(X)","37","±44","37","(X)","50","±57","50","(X)","70","±39","70","(X)","53","±48","53","(X)"
"            Entered 2010 or later","0","±12","0.0%","±15.2","22","±30","12.1%","±16.6","33","±40","25.8%","±19.0","0","±12","0.0%","±51.6","277","±270","64.3%","±29.7","24","±33","17.6%","±35.0","176","±156","48.4%","±31.2","77","±69","26.4%","±20.3","0","±17","0.0%","±31.8","0","±12","0.0%","±69.9","0","±12","0.0%","±100.0","5","±7","19.2%","±22.6","0","±12","0.0%","±48.8","7","±10","14.0%","±24.9","34","±37","48.6%","±35.0","0","±12","0.0%","±40.7"
"            Entered before 2010","197","±81","100.0%","±15.2","160","±70","87.9%","±16.6","95","±57","74.2%","±19.0","33","±43","100.0%","±51.6","154","±83","35.7%","±29.7","112","±109","82.4%","±35.0","188","±128","51.6%","±31.2","215","±82","73.6%","±20.3","81","±57","100.0%","±31.8","18","±21","100.0%","±69.9","6","±7","100.0%","±100.0","21","±16","80.8%","±22.6","37","±44","100.0%","±48.8","43","±55","86.0%","±24.9","36","±21","51.4%","±35.0","53","±48","100.0%","±40.7"
"        Foreign born","63","±51","63","(X)","164","±75","164","(X)","219","±138","219","(X)","185","±78","185","(X)","71","±49","71","(X)","181","±135","181","(X)","112","±64","112","(X)","84","±51","84","(X)","100","±73","100","(X)","61","±60","61","(X)","84","±57","84","(X)","93","±57","93","(X)","60","±33","60","(X)","95","±43","95","(X)","128","±94","128","(X)","203","±119","203","(X)"
"            Entered 2010 or later","0","±12","0.0%","±37.3","52","±58","31.7%","±26.2","86","±104","39.3%","±33.0","15","±19","8.1%","±11.5","19","±27","26.8%","±27.8","13","±21","7.2%","±10.7","34","±47","30.4%","±33.5","10","±15","11.9%","±16.4","0","±17","0.0%","±27.2","0","±12","0.0%","±38.0","10","±15","11.9%","±15.9","41","±45","44.1%","±25.9","29","±23","48.3%","±30.1","4","±7","4.2%","±7.8","87","±97","68.0%","±36.9","68","±74","33.5%","±24.9"
"            Entered before 2010","63","±51","100.0%","±37.3","112","±49","68.3%","±26.2","133","±79","60.7%","±33.0","170","±80","91.9%","±11.5","52","±33","73.2%","±27.8","168","±126","92.8%","±10.7","78","±43","69.6%","±33.5","74","±49","88.1%","±16.4","100","±73","100.0%","±27.2","61","±60","100.0%","±38.0","74","±50","88.1%","±15.9","52","±23","55.9%","±25.9","31","±25","51.7%","±30.1","91","±43","95.8%","±7.8","41","±25","32.0%","±36.9","135","±73","66.5%","±24.9"
"WORLD REGION OF BIRTH OF FOREIGN BORN","","","","","","","","","","","","","","","","","","","","","","","","","","","","","","","","","","","","","","","","","","","","","","","","","","","","","","","","","","","","","","","",""
"    Foreign-born population, excluding population born at sea","63","±51","63","(X)","164","±75","164","(X)","219","±138","219","(X)","185","±78","185","(X)","71","±49","71","(X)","181","±135","181","(X)","112","±64","112","(X)","84","±51","84","(X)","100","±73","100","(X)","61","±60","61","(X)","84","±57","84","(X)","93","±57","93","(X)","60","±33","60","(X)","95","±43","95","(X)","128","±94","128","(X)","203","±119","203","(X)"
"        Europe","39","±41","61.9%","±37.9","43","±36","26.2%","±22.1","32","±51","14.6%","±27.5","63","±50","34.1%","±22.5","48","±48","67.6%","±34.9","107","±110","59.1%","±30.1","44","±28","39.3%","±24.3","20","±22","23.8%","±22.5","28","±30","28.0%","±27.7","0","±12","0.0%","±38.0","30","±20","35.7%","±30.5","9","±8","9.7%","±11.7","45","±26","75.0%","±25.9","43","±30","45.3%","±25.6","16","±14","12.5%","±19.0","59","±45","29.1%","±22.3"
"        Asia","0","±12","0.0%","±37.3","63","±61","38.4%","±25.8","4","±7","1.8%","±3.9","32","±41","17.3%","±20.7","0","±12","0.0%","±34.8","23","±26","12.7%","±14.0","0","±12","0.0%","±24.8","19","±23","22.6%","±24.2","36","±55","36.0%","±42.4","16","±25","26.2%","±40.3","25","±36","29.8%","±37.0","38","±23","40.9%","±33.6","10","±16","16.7%","±25.0","29","±25","30.5%","±23.7","90","±96","70.3%","±34.8","35","±47","17.2%","±24.1"
"        Africa","0","±12","0.0%","±37.3","0","±12","0.0%","±17.9","0","±12","0.0%","±13.8","0","±12","0.0%","±16.1","0","±12","0.0%","±34.8","18","±25","9.9%","±14.2","0","±12","0.0%","±24.8","0","±12","0.0%","±31.0","13","±22","13.0%","±20.4","0","±12","0.0%","±38.0","0","±12","0.0%","±31.0","38","±56","40.9%","±42.7","0","±12","0.0%","±38.3","0","±12","0.0%","±28.3","0","±12","0.0%","±22.2","0","±12","0.0%","±14.8"
"        Oceania","0","±12","0.0%","±37.3","0","±12","0.0%","±17.9","0","±12","0.0%","±13.8","0","±12","0.0%","±16.1","0","±12","0.0%","±34.8","0","±12","0.0%","±16.4","0","±12","0.0%","±24.8","0","±12","0.0%","±31.0","0","±17","0.0%","±27.2","0","±12","0.0%","±38.0","0","±12","0.0%","±31.0","0","±12","0.0%","±28.7","0","±12","0.0%","±38.3","0","±12","0.0%","±28.3","0","±12","0.0%","±22.2","0","±12","0.0%","±14.8"
"        Latin America","9","±14","14.3%","±24.9","58","±44","35.4%","±26.7","183","±140","83.6%","±28.6","81","±48","43.8%","±23.4","23","±23","32.4%","±34.9","33","±40","18.2%","±23.0","62","±54","55.4%","±26.1","45","±38","53.6%","±25.1","5","±9","5.0%","±10.9","13","±23","21.3%","±39.4","29","±43","34.5%","±41.6","8","±9","8.6%","±11.0","5","±9","8.3%","±14.4","16","±18","16.8%","±16.3","6","±9","4.7%","±8.9","109","±98","53.7%","±29.9"
"        Northern America","15","±25","23.8%","±35.2","0","±12","0.0%","±17.9","0","±12","0.0%","±13.8","9","±14","4.9%","±7.7","0","±12","0.0%","±34.8","0","±12","0.0%","±16.4","6","±11","5.4%","±10.4","0","±12","0.0%","±31.0","18","±28","18.0%","±28.4","32","±51","52.5%","±52.5","0","±12","0.0%","±31.0","0","±12","0.0%","±28.7","0","±12","0.0%","±38.3","7","±10","7.4%","±10.4","16","±18","12.5%","±18.3","0","±12","0.0%","±14.8"
"LANGUAGE SPOKEN AT HOME","","","","","","","","","","","","","","","","","","","","","","","","","","","","","","","","","","","","","","","","","","","","","","","","","","","","","","","","","","","","","","","",""
"    Population 5 years and over","2,059","±206","2,059","(X)","1,904","±238","1,904","(X)","2,036","±229","2,036","(X)","2,284","±310","2,284","(X)","1,989","±265","1,989","(X)","2,294","±281","2,294","(X)","2,655","±324","2,655","(X)","1,541","±231","1,541","(X)","5,863","±90","5,863","(X)","3,569","±92","3,569","(X)","2,916","±129","2,916","(X)","2,342","±73","2,342","(X)","3,737","±95","3,737","(X)","3,420","±66","3,420","(X)","3,785","±180","3,785","(X)","3,801","±223","3,801","(X)"
"        English only","1,535","±225","74.6%","±7.7","1,271","±238","66.8%","±8.4","1,326","±162","65.1%","±6.9","1,934","±305","84.7%","±5.8","1,377","±263","69.2%","±11.3","1,704","±238","74.3%","±10.1","2,090","±319","78.7%","±7.3","967","±250","62.8%","±11.4","5,607","±169","95.6%","±2.3","3,502","±102","98.1%","±1.5","2,678","±202","91.8%","±3.5","2,180","±94","93.1%","±2.5","3,243","±240","86.8%","±5.3","3,154","±175","92.2%","±4.4","3,202","±313","84.6%","±8.2","3,573","±239","94.0%","±3.2"
"        Language other than English","524","±165","25.4%","±7.7","633","±169","33.2%","±8.4","710","±187","34.9%","±6.9","350","±135","15.3%","±5.8","612","±256","30.8%","±11.3","590","±267","25.7%","±10.1","565","±206","21.3%","±7.3","574","±173","37.2%","±11.4","256","±136","4.4%","±2.3","67","±53","1.9%","±1.5","238","±98","8.2%","±3.5","162","±59","6.9%","±2.5","494","±196","13.2%","±5.3","266","±150","7.8%","±4.4","583","±318","15.4%","±8.2","228","±123","6.0%","±3.2"
"            Speak English less than ""very well""","181","±93","8.8%","±4.4","167","±77","8.8%","±4.0","294","±177","14.4%","±7.9","108","±52","4.7%","±2.2","247","±184","12.4%","±8.6","90","±55","3.9%","±2.4","253","±122","9.5%","±4.4","141","±71","9.1%","±4.8","34","±37","0.6%","±0.6","13","±23","0.4%","±0.7","70","±44","2.4%","±1.5","50","±55","2.1%","±2.4","93","±107","2.5%","±2.9","35","±24","1.0%","±0.7","153","±105","4.0%","±2.7","115","±107","3.0%","±2.8"
"        Spanish","462","±159","22.4%","±7.5","539","±162","28.3%","±8.0","598","±162","29.4%","±6.4","228","±107","10.0%","±4.6","555","±258","27.9%","±11.6","473","±247","20.6%","±9.7","525","±195","19.8%","±6.8","518","±167","33.6%","±10.7","152","±106","2.6%","±1.8","34","±37","1.0%","±1.0","79","±55","2.7%","±1.9","36","±19","1.5%","±0.8","18","±19","0.5%","±0.5","66","±63","1.9%","±1.8","71","±50","1.9%","±1.3","174","±112","4.6%","±3.0"
"            Speak English less than ""very well""","159","±89","7.7%","±4.3","140","±70","7.4%","±3.6","192","±126","9.4%","±5.8","92","±49","4.0%","±2.1","213","±184","10.7%","±8.7","80","±55","3.5%","±2.4","237","±119","8.9%","±4.3","109","±66","7.1%","±4.3","23","±34","0.4%","±0.6","13","±23","0.4%","±0.7","3","±4","0.1%","±0.1","6","±8","0.3%","±0.3","0","±12","0.0%","±0.9","11","±12","0.3%","±0.4","15","±18","0.4%","±0.5","88","±98","2.3%","±2.6"
"        Other Indo-European languages","62","±55","3.0%","±2.6","28","±32","1.5%","±1.7","75","±112","3.7%","±5.4","90","±62","3.9%","±2.7","57","±43","2.9%","±2.1","85","±109","3.7%","±4.7","40","±45","1.5%","±1.7","27","±29","1.8%","±2.0","98","±73","1.7%","±1.3","33","±36","0.9%","±1.0","159","±95","5.5%","±3.3","71","±35","3.0%","±1.5","439","±205","11.7%","±5.5","160","±140","4.7%","±4.1","498","±323","13.2%","±8.4","54","±45","1.4%","±1.2"
"            Speak English less than ""very well""","22","±23","1.1%","±1.1","8","±13","0.4%","±0.7","71","±112","3.5%","±5.4","16","±20","0.7%","±0.9","34","±31","1.7%","±1.5","0","±12","0.0%","±1.4","16","±20","0.6%","±0.8","13","±20","0.8%","±1.3","5","±8","0.1%","±0.1","0","±12","0.0%","±0.9","67","±44","2.3%","±1.5","3","±5","0.1%","±0.2","83","±109","2.2%","±2.9","19","±21","0.6%","±0.6","133","±105","3.5%","±2.8","27","±36","0.7%","±0.9"
"        Asian and Pacific Islander languages","0","±12","0.0%","±1.6","26","±28","1.4%","±1.5","10","±17","0.5%","±0.8","32","±41","1.4%","±1.8","0","±12","0.0%","±1.6","19","±29","0.8%","±1.2","0","±12","0.0%","±1.2","29","±34","1.9%","±2.2","0","±17","0.0%","±0.6","0","±12","0.0%","±0.9","0","±12","0.0%","±1.1","17","±19","0.7%","±0.8","19","±16","0.5%","±0.4","31","±32","0.9%","±0.9","14","±14","0.4%","±0.4","0","±12","0.0%","±0.8"
"            Speak English less than ""very well""","0","±12","0.0%","±1.6","19","±23","1.0%","±1.2","4","±7","0.2%","±0.4","0","±12","0.0%","±1.4","0","±12","0.0%","±1.6","10","±14","0.4%","±0.6","0","±12","0.0%","±1.2","19","±23","1.2%","±1.5","0","±17","0.0%","±0.6","0","±12","0.0%","±0.9","0","±12","0.0%","±1.1","3","±4","0.1%","±0.2","10","±16","0.3%","±0.4","5","±10","0.1%","±0.3","5","±9","0.1%","±0.2","0","±12","0.0%","±0.8"
"        Other languages","0","±12","0.0%","±1.6","40","±51","2.1%","±2.7","27","±37","1.3%","±1.8","0","±12","0.0%","±1.4","0","±12","0.0%","±1.6","13","±21","0.6%","±0.9","0","±12","0.0%","±1.2","0","±12","0.0%","±2.1","6","±10","0.1%","±0.2","0","±12","0.0%","±0.9","0","±12","0.0%","±1.1","38","±56","1.6%","±2.4","18","±28","0.5%","±0.8","9","±14","0.3%","±0.4","0","±12","0.0%","±0.9","0","±12","0.0%","±0.8"
"            Speak English less than ""very well""","0","±12","0.0%","±1.6","0","±12","0.0%","±1.7","27","±37","1.3%","±1.8","0","±12","0.0%","±1.4","0","±12","0.0%","±1.6","0","±12","0.0%","±1.4","0","±12","0.0%","±1.2","0","±12","0.0%","±2.1","6","±10","0.1%","±0.2","0","±12","0.0%","±0.9","0","±12","0.0%","±1.1","38","±56","1.6%","±2.4","0","±12","0.0%","±0.9","0","±12","0.0%","±0.9","0","±12","0.0%","±0.9","0","±12","0.0%","±0.8"
"ANCESTRY","","","","","","","","","","","","","","","","","","","","","","","","","","","","","","","","","","","","","","","","","","","","","","","","","","","","","","","","","","","","","","","",""
"    Total population","2,195","±212","2,195","(X)","2,014","±244","2,014","(X)","2,152","±252","2,152","(X)","2,412","±327","2,412","(X)","2,157","±314","2,157","(X)","2,472","±293","2,472","(X)","2,806","±356","2,806","(X)","1,628","±239","1,628","(X)","5,990","±22","5,990","(X)","3,762","±25","3,762","(X)","3,228","±20","3,228","(X)","2,539","±41","2,539","(X)","4,165","±19","4,165","(X)","3,595","±20","3,595","(X)","4,118","±200","4,118","(X)","4,069","±203","4,069","(X)"
"        American","58","±60","2.6%","±2.7","113","±124","5.6%","±6.0","85","±55","3.9%","±2.6","230","±165","9.5%","±6.8","62","±52","2.9%","±2.3","166","±104","6.7%","±4.3","279","±191","9.9%","±6.3","22","±20","1.4%","±1.2","282","±106","4.7%","±1.8","325","±188","8.6%","±5.0","172","±89","5.3%","±2.7","264","±106","10.4%","±4.2","291","±115","7.0%","±2.8","227","±127","6.3%","±3.5","540","±342","13.1%","±8.0","232","±86","5.7%","±2.0"
"        Arab","0","±12","0.0%","±1.5","18","±25","0.9%","±1.3","48","±66","2.2%","±3.1","0","±12","0.0%","±1.3","0","±12","0.0%","±1.5","57","±85","2.3%","±3.4","26","±45","0.9%","±1.6","0","±12","0.0%","±2.0","0","±17","0.0%","±0.5","0","±12","0.0%","±0.9","4","±5","0.1%","±0.2","51","±69","2.0%","±2.7","0","±12","0.0%","±0.8","18","±19","0.5%","±0.5","2","±4","0.0%","±0.1","5","±7","0.1%","±0.2"
"        Czech","0","±12","0.0%","±1.5","0","±12","0.0%","±1.6","0","±12","0.0%","±1.5","0","±12","0.0%","±1.3","0","±12","0.0%","±1.5","0","±12","0.0%","±1.3","0","±12","0.0%","±1.1","0","±12","0.0%","±2.0","7","±11","0.1%","±0.2","9","±14","0.2%","±0.4","0","±12","0.0%","±1.0","8","±8","0.3%","±0.3","10","±14","0.2%","±0.3","9","±13","0.3%","±0.4","6","±6","0.1%","±0.2","9","±9","0.2%","±0.2"
"        Danish","0","±12","0.0%","±1.5","0","±12","0.0%","±1.6","0","±12","0.0%","±1.5","0","±12","0.0%","±1.3","5","±9","0.2%","±0.4","0","±12","0.0%","±1.3","0","±12","0.0%","±1.1","0","±12","0.0%","±2.0","9","±8","0.2%","±0.1","7","±11","0.2%","±0.3","3","±4","0.1%","±0.1","22","±17","0.9%","±0.7","0","±12","0.0%","±0.8","0","±12","0.0%","±0.9","4","±8","0.1%","±0.2","4","±6","0.1%","±0.2"
"        Dutch","82","±47","3.7%","±2.2","57","±42","2.8%","±2.0","44","±25","2.0%","±1.2","7","±12","0.3%","±0.5","33","±36","1.5%","±1.6","25","±22","1.0%","±0.9","100","±83","3.6%","±3.1","0","±12","0.0%","±2.0","292","±193","4.9%","±3.2","274","±108","7.3%","±2.9","562","±214","17.4%","±6.7","109","±43","4.3%","±1.7","252","±112","6.1%","±2.7","296","±139","8.2%","±3.9","252","±90","6.1%","±2.2","307","±153","7.5%","±3.6"
"        English","165","±90","7.5%","±4.0","68","±40","3.4%","±2.0","72","±34","3.3%","±1.6","120","±71","5.0%","±3.2","57","±40","2.6%","±1.8","148","±92","6.0%","±3.5","133","±97","4.7%","±3.7","30","±33","1.8%","±2.0","474","±198","7.9%","±3.3","286","±99","7.6%","±2.6","242","±86","7.5%","±2.7","173","±50","6.8%","±2.0","300","±95","7.2%","±2.3","283","±84","7.9%","±2.3","378","±98","9.2%","±2.5","239","±79","5.9%","±1.9"
"        French (except Basque)","33","±29","1.5%","±1.4","139","±90","6.9%","±4.5","26","±22","1.2%","±1.0","69","±57","2.9%","±2.4","60","±58","2.8%","±2.5","127","±106","5.1%","±4.3","74","±67","2.6%","±2.3","13","±20","0.8%","±1.2","308","±152","5.1%","±2.5","205","±115","5.4%","±3.1","139","±81","4.3%","±2.5","75","±37","3.0%","±1.5","107","±45","2.6%","±1.1","163","±66","4.5%","±1.8","197","±91","4.8%","±2.3","275","±108","6.8%","±2.7"
"        French Canadian","30","±28","1.4%","±1.3","60","±79","3.0%","±3.9","152","±111","7.1%","±5.2","48","±64","2.0%","±2.7","19","±29","0.9%","±1.3","18","±22","0.7%","±0.9","12","±17","0.4%","±0.6","7","±9","0.4%","±0.6","136","±110","2.3%","±1.8","142","±103","3.8%","±2.7","51","±36","1.6%","±1.1","11","±11","0.4%","±0.4","14","±13","0.3%","±0.3","17","±23","0.5%","±0.6","40","±32","1.0%","±0.8","106","±65","2.6%","±1.6"
"        German","228","±97","10.4%","±4.3","234","±122","11.6%","±5.5","149","±53","6.9%","±2.4","536","±260","22.2%","±9.5","222","±85","10.3%","±4.2","281","±160","11.4%","±6.4","294","±155","10.5%","±5.4","77","±54","4.7%","±3.3","917","±250","15.3%","±4.2","700","±188","18.6%","±5.0","805","±214","24.9%","±6.6","588","±123","23.2%","±4.8","1,016","±329","24.4%","±7.9","963","±179","26.8%","±5.0","706","±141","17.1%","±3.7","917","±206","22.5%","±5.0"
"        Greek","63","±58","2.9%","±2.6","15","±21","0.7%","±1.0","0","±12","0.0%","±1.5","17","±34","0.7%","±1.4","14","±15","0.6%","±0.7","64","±93","2.6%","±3.8","14","±22","0.5%","±0.8","0","±12","0.0%","±2.0","0","±17","0.0%","±0.5","15","±24","0.4%","±0.6","0","±12","0.0%","±1.0","21","±24","0.8%","±0.9","27","±35","0.6%","±0.8","10","±15","0.3%","±0.4","8","±10","0.2%","±0.2","8","±8","0.2%","±0.2"
"        Hungarian","0","±12","0.0%","±1.5","0","±12","0.0%","±1.6","0","±12","0.0%","±1.5","0","±12","0.0%","±1.3","0","±12","0.0%","±1.5","48","±59","1.9%","±2.4","0","±12","0.0%","±1.1","0","±12","0.0%","±2.0","22","±34","0.4%","±0.6","4","±6","0.1%","±0.2","10","±15","0.3%","±0.5","10","±11","0.4%","±0.5","5","±9","0.1%","±0.2","15","±16","0.4%","±0.5","19","±18","0.5%","±0.5","4","±6","0.1%","±0.1"
"        Irish","278","±157","12.7%","±6.8","244","±89","12.1%","±4.4","430","±160","20.0%","±7.4","340","±226","14.1%","±8.3","141","±63","6.5%","±3.1","173","±111","7.0%","±4.3","208","±139","7.4%","±5.4","233","±145","14.3%","±8.0","822","±207","13.7%","±3.5","710","±159","18.9%","±4.2","346","±109","10.7%","±3.4","364","±102","14.3%","±4.0","649","±196","15.6%","±4.7","691","±211","19.2%","±5.9","496","±112","12.0%","±2.7","883","±295","21.7%","±7.0"
"        Italian","572","±160","26.1%","±7.4","299","±142","14.8%","±6.4","316","±83","14.7%","±4.2","551","±159","22.8%","±7.1","273","±126","12.7%","±5.2","404","±153","16.3%","±6.4","313","±116","11.2%","±4.2","173","±102","10.6%","±5.5","1,371","±327","22.9%","±5.5","567","±171","15.1%","±4.6","344","±138","10.7%","±4.3","328","±89","12.9%","±3.5","370","±167","8.9%","±4.0","560","±146","15.6%","±4.1","389","±99","9.4%","±2.4","543","±150","13.3%","±3.7"
"        Lithuanian","16","±24","0.7%","±1.1","15","±25","0.7%","±1.3","5","±7","0.2%","±0.3","53","±48","2.2%","±2.0","0","±12","0.0%","±1.5","22","±25","0.9%","±1.0","17","±19","0.6%","±0.7","42","±44","2.6%","±2.7","216","±123","3.6%","±2.1","28","±26","0.7%","±0.7","21","±18","0.7%","±0.6","0","±12","0.0%","±1.3","0","±12","0.0%","±0.8","0","±12","0.0%","±0.9","10","±13","0.2%","±0.3","53","±33","1.3%","±0.8"
"        Norwegian","0","±12","0.0%","±1.5","5","±8","0.2%","±0.4","0","±12","0.0%","±1.5","0","±12","0.0%","±1.3","0","±12","0.0%","±1.5","50","±82","2.0%","±3.3","27","±32","1.0%","±1.1","0","±12","0.0%","±2.0","9","±10","0.2%","±0.2","11","±13","0.3%","±0.4","8","±9","0.2%","±0.3","0","±12","0.0%","±1.3","0","±12","0.0%","±0.8","6","±7","0.2%","±0.2","34","±36","0.8%","±0.9","18","±24","0.4%","±0.6"
"        Polish","119","±64","5.4%","±2.9","78","±41","3.9%","±2.0","76","±39","3.5%","±1.8","267","±100","11.1%","±4.3","261","±112","12.1%","±5.6","376","±152","15.2%","±5.9","369","±116","13.2%","±4.6","99","±66","6.1%","±4.1","1,199","±241","20.0%","±4.0","278","±156","7.4%","±4.2","208","±122","6.4%","±3.8","109","±53","4.3%","±2.1","208","±104","5.0%","±2.5","200","±110","5.6%","±3.1","253","±69","6.1%","±1.7","687","±170","16.9%","±4.1"
"        Portuguese","0","±12","0.0%","±1.5","0","±12","0.0%","±1.6","7","±13","0.3%","±0.6","0","±12","0.0%","±1.3","0","±12","0.0%","±1.5","0","±12","0.0%","±1.3","0","±12","0.0%","±1.1","0","±12","0.0%","±2.0","0","±17","0.0%","±0.5","0","±12","0.0%","±0.9","3","±4","0.1%","±0.1","8","±12","0.3%","±0.5","0","±12","0.0%","±0.8","0","±12","0.0%","±0.9","0","±12","0.0%","±0.8","17","±14","0.4%","±0.3"
"        Russian","0","±12","0.0%","±1.5","15","±25","0.7%","±1.3","12","±12","0.6%","±0.6","9","±15","0.4%","±0.6","0","±12","0.0%","±1.5","0","±12","0.0%","±1.3","0","±12","0.0%","±1.1","0","±12","0.0%","±2.0","31","±35","0.5%","±0.6","22","±25","0.6%","±0.7","11","±13","0.3%","±0.4","7","±8","0.3%","±0.3","0","±12","0.0%","±0.8","11","±12","0.3%","±0.3","5","±7","0.1%","±0.2","2","±3","0.0%","±0.1"
"        Scotch-Irish","4","±8","0.2%","±0.4","0","±12","0.0%","±1.6","0","±12","0.0%","±1.5","0","±12","0.0%","±1.3","0","±12","0.0%","±1.5","61","±66","2.5%","±2.7","0","±12","0.0%","±1.1","2","±4","0.1%","±0.2","15","±18","0.3%","±0.3","23","±31","0.6%","±0.8","6","±10","0.2%","±0.3","10","±10","0.4%","±0.4","14","±19","0.3%","±0.5","27","±31","0.8%","±0.9","47","±34","1.1%","±0.8","28","±32","0.7%","±0.8"
"        Scottish","0","±12","0.0%","±1.5","0","±12","0.0%","±1.6","24","±26","1.1%","±1.2","63","±60","2.6%","±2.6","0","±12","0.0%","±1.5","60","±90","2.4%","±3.6","107","±99","3.8%","±3.4","19","±17","1.2%","±1.1","202","±204","3.4%","±3.4","164","±100","4.4%","±2.7","24","±23","0.7%","±0.7","7","±8","0.3%","±0.3","113","±100","2.7%","±2.4","72","±44","2.0%","±1.2","75","±34","1.8%","±0.8","56","±35","1.4%","±0.9"
"        Slovak","0","±12","0.0%","±1.5","0","±12","0.0%","±1.6","0","±12","0.0%","±1.5","0","±12","0.0%","±1.3","0","±12","0.0%","±1.5","0","±12","0.0%","±1.3","0","±12","0.0%","±1.1","0","±12","0.0%","±2.0","0","±17","0.0%","±0.5","38","±31","1.0%","±0.8","0","±12","0.0%","±1.0","0","±12","0.0%","±1.3","0","±12","0.0%","±0.8","14","±16","0.4%","±0.4","21","±20","0.5%","±0.5","0","±12","0.0%","±0.8"
"        Subsaharan African","0","±12","0.0%","±1.5","34","±71","1.7%","±3.5","0","±12","0.0%","±1.5","0","±12","0.0%","±1.3","32","±40","1.5%","±1.8","18","±25","0.7%","±1.0","41","±65","1.5%","±2.3","15","±23","0.9%","±1.4","19","±25","0.3%","±0.4","19","±25","0.5%","±0.7","2","±4","0.1%","±0.1","0","±12","0.0%","±1.3","9","±16","0.2%","±0.4","16","±25","0.4%","±0.7","0","±12","0.0%","±0.8","0","±12","0.0%","±0.8"
"        Swedish","4","±9","0.2%","±0.4","0","±12","0.0%","±1.6","0","±12","0.0%","±1.5","0","±12","0.0%","±1.3","0","±12","0.0%","±1.5","0","±12","0.0%","±1.3","0","±12","0.0%","±1.1","9","±14","0.6%","±0.9","14","±14","0.2%","±0.2","53","±53","1.4%","±1.4","2","±4","0.1%","±0.1","6","±7","0.2%","±0.3","35","±29","0.8%","±0.7","24","±20","0.7%","±0.6","11","±12","0.3%","±0.3","49","±37","1.2%","±0.9"
"        Swiss","13","±17","0.6%","±0.8","0","±12","0.0%","±1.6","8","±12","0.4%","±0.6","0","±12","0.0%","±1.3","51","±75","2.4%","±3.3","14","±16","0.6%","±0.7","0","±12","0.0%","±1.1","0","±12","0.0%","±2.0","25","±24","0.4%","±0.4","32","±50","0.9%","±1.3","2","±5","0.1%","±0.1","0","±12","0.0%","±1.3","0","±12","0.0%","±0.8","0","±12","0.0%","±0.9","204","±244","5.0%","±5.9","13","±15","0.3%","±0.4"
"        Ukrainian","15","±22","0.7%","±1.0","12","±20","0.6%","±1.0","114","±118","5.3%","±5.4","0","±12","0.0%","±1.3","58","±47","2.7%","±2.2","0","±12","0.0%","±1.3","34","±53","1.2%","±1.9","0","±12","0.0%","±2.0","50","±49","0.8%","±0.8","46","±62","1.2%","±1.7","2","±3","0.1%","±0.1","24","±14","0.9%","±0.6","39","±32","0.9%","±0.8","14","±13","0.4%","±0.4","38","±25","0.9%","±0.6","114","±102","2.8%","±2.5"
"        Welsh","0","±12","0.0%","±1.5","5","±7","0.2%","±0.4","4","±7","0.2%","±0.3","33","±53","1.4%","±2.3","0","±12","0.0%","±1.5","11","±18","0.4%","±0.7","0","±12","0.0%","±1.1","0","±12","0.0%","±2.0","21","±31","0.4%","±0.5","16","±18","0.4%","±0.5","34","±62","1.1%","±1.9","4","±5","0.2%","±0.2","27","±30","0.6%","±0.7","68","±62","1.9%","±1.7","56","±52","1.4%","±1.3","7","±8","0.2%","±0.2"
"        West Indian (excluding Hispanic origin groups)","0","±12","0.0%","±1.5","10","±21","0.5%","±1.0","0","±12","0.0%","±1.5","0","±12","0.0%","±1.3","0","±12","0.0%","±1.5","0","±12","0.0%","±1.3","52","±52","1.9%","±1.9","41","±27","2.5%","±1.7","42","±44","0.7%","±0.7","0","±12","0.0%","±0.9","0","±12","0.0%","±1.0","0","±12","0.0%","±1.3","0","±12","0.0%","±0.8","6","±9","0.2%","±0.2","0","±12","0.0%","±0.8","0","±12","0.0%","±0.8"
"COMPUTERS AND INTERNET USE","","","","","","","","","","","","","","","","","","","","","","","","","","","","","","","","","","","","","","","","","","","","","","","","","","","","","","","","","","","","","","","",""
"    Total households","1,007","±107","1,007","(X)","769","±94","769","(X)","812","±86","812","(X)","1,041","±94","1,041","(X)","826","±89","826","(X)","1,112","±102","1,112","(X)","1,124","±116","1,124","(X)","676","±82","676","(X)","2,797","±144","2,797","(X)","1,477","±121","1,477","(X)","1,140","±111","1,140","(X)","958","±59","958","(X)","1,392","±92","1,392","(X)","1,464","±112","1,464","(X)","1,387","±107","1,387","(X)","1,678","±140","1,678","(X)"
"        With a computer","723","±110","71.8%","±9.3","669","±97","87.0%","±6.4","742","±82","91.4%","±4.2","933","±105","89.6%","±5.0","622","±93","75.3%","±8.8","891","±137","80.1%","±8.8","979","±117","87.1%","±6.3","545","±85","80.6%","±7.8","2,449","±171","87.6%","±3.9","1,279","±110","86.6%","±5.0","913","±107","80.1%","±5.0","802","±62","83.7%","±4.0","1,165","±93","83.7%","±3.7","1,280","±106","87.4%","±4.0","1,170","±111","84.4%","±3.1","1,414","±133","84.3%","±4.0"
"        With a broadband Internet subscription","615","±107","61.1%","±9.8","573","±111","74.5%","±8.3","690","±82","85.0%","±6.4","820","±115","78.8%","±7.7","581","±105","70.3%","±8.7","800","±133","71.9%","±9.2","912","±120","81.1%","±7.8","518","±91","76.6%","±8.9","2,274","±173","81.3%","±4.9","1,129","±100","76.4%","±6.6","802","±110","70.4%","±6.5","717","±69","74.8%","±5.3","1,053","±106","75.6%","±5.0","1,120","±127","76.5%","±6.1","1,065","±102","76.8%","±3.6","1,280","±129","76.3%","±4.3"