"Label","Census Tract 5901, Otsego County, New York!!Estimate","Census Tract 5901, Otsego County, New York!!Margin of Error","Census Tract 5901, Otsego County, New York!!Percent","Census Tract 5901, Otsego County, New York!!Percent Margin of Error","Census Tract 5902.01, Otsego County, New York!!Estimate","Census Tract 5902.01, Otsego County, New York!!Margin of Error","Census Tract 5902.01, Otsego County, New York!!Percent","Census Tract 5902.01, Otsego County, New York!!Percent Margin of Error","Census Tract 5902.02, Otsego County, New York!!Estimate","Census Tract 5902.02, Otsego County, New York!!Margin of Error","Census Tract 5902.02, Otsego County, New York!!Percent","Census Tract 5902.02, Otsego County, New York!!Percent Margin of Error","Census Tract 5903, Otsego County, New York!!Estimate","Census Tract 5903, Otsego County, New York!!Margin of Error","Census Tract 5903, Otsego County, New York!!Percent","Census Tract 5903, Otsego County, New York!!Percent Margin of Error","Census Tract 5904, Otsego County, New York!!Estimate","Census Tract 5904, Otsego County, New York!!Margin of Error","Census Tract 5904, Otsego County, New York!!Percent","Census Tract 5904, Otsego County, New York!!Percent Margin of Error","Census Tract 5905, Otsego County, New York!!Estimate","Census Tract 5905, Otsego County, New York!!Margin of Error","Census Tract 5905, Otsego County, New York!!Percent","Census Tract 5905, Otsego County, New York!!Percent Margin of Error","Census Tract 5906, Otsego County, New York!!Estimate","Census Tract 5906, Otsego County, New York!!Margin of Error","Census Tract 5906, Otsego County, New York!!Percent","Census Tract 5906, Otsego County, New York!!Percent Margin of Error","Census Tract 5907, Otsego County, New York!!Estimate","Census Tract 5907, Otsego County, New York!!Margin of Error","Census Tract 5907, Otsego County, New York!!Percent","Census Tract 5907, Otsego County, New York!!Percent Margin of Error","Census Tract 5908, Otsego County, New York!!Estimate","Census Tract 5908, Otsego County, New York!!Margin of Error","Census Tract 5908, Otsego County, New York!!Percent","Census Tract 5908, Otsego County, New York!!Percent Margin of Error","Census Tract 5909, Otsego County, New York!!Estimate","Census Tract 5909, Otsego County, New York!!Margin of Error","Census Tract 5909, Otsego County, New York!!Percent","Census Tract 5909, Otsego County, New York!!Percent Margin of Error","Census Tract 5910, Otsego County, New York!!Estimate","Census Tract 5910, Otsego County, New York!!Margin of Error","Census Tract 5910, Otsego County, New York!!Percent","Census Tract 5910, Otsego County, New York!!Percent Margin of Error","Census Tract 5911, Otsego County, New York!!Estimate","Census Tract 5911, Otsego County, New York!!Margin of Error","Census Tract 5911, Otsego County, New York!!Percent","Census Tract 5911, Otsego County, New York!!Percent Margin of Error","Census Tract 5912, Otsego County, New York!!Estimate","Census Tract 5912, Otsego County, New York!!Margin of Error","Census Tract 5912, Otsego County, New York!!Percent","Census Tract 5912, Otsego County, New York!!Percent Margin of Error","Census Tract 5913, Otsego County, New York!!Estimate","Census Tract 5913, Otsego County, New York!!Margin of Error","Census Tract 5913, Otsego County, New York!!Percent","Census Tract 5913, Otsego County, New York!!Percent Margin of Error","Census Tract 5914, Otsego County, New York!!Estimate","Census Tract 5914, Otsego County, New York!!Margin of Error","Census Tract 5914, Otsego County, New York!!Percent","Census Tract 5914, Otsego County, New York!!Percent Margin of Error","Census Tract 5915, Otsego County, New York!!Estimate","Census Tract 5915, Otsego County, New York!!Margin of Error","Census Tract 5915, Otsego County, New York!!Percent","Census Tract 5915, Otsego County, New York!!Percent Margin of Error","Census Tract 5916, Otsego County, New York!!Estimate","Census Tract 5916, Otsego County, New York!!Margin of Error","Census Tract 5916, Otsego County, New York!!Percent","Census Tract 5916, Otsego County, New York!!Percent Margin of Error"
"HOUSEHOLDS BY TYPE","","","","","","","","","","","","","","","","","","","","","","","","","","","","","","","","","","","","","","","","","","","","","","","","","","","","","","","","","","","","","","","","","","","",""
"    Total households","1,826","±106","1,826","(X)","865","±91","865","(X)","1,666","±129","1,666","(X)","1,661","±106","1,661","(X)","2,047","±96","2,047","(X)","1,199","±96","1,199","(X)","694","±48","694","(X)","1,611","±102","1,611","(X)","1,973","±218","1,973","(X)","1,156","±109","1,156","(X)","1,366","±149","1,366","(X)","1,466","±140","1,466","(X)","401","±44","401","(X)","9","±8","9","(X)","2,249","±155","2,249","(X)","1,440","±90","1,440","(X)","1,780","±111","1,780","(X)"
"        Married-couple family","1,076","±107","58.9%","±4.8","418","±60","48.3%","±7.5","782","±88","46.9%","±6.3","859","±97","51.7%","±5.2","1,141","±78","55.7%","±3.7","563","±76","47.0%","±7.6","399","±44","57.5%","±5.4","793","±86","49.2%","±5.0","884","±182","44.8%","±9.0","446","±81","38.6%","±7.2","434","±86","31.8%","±6.7","369","±94","25.2%","±6.7","173","±32","43.1%","±8.5","4","±5","44.4%","±55.6","1,211","±123","53.8%","±4.9","796","±72","55.3%","±5.0","854","±111","48.0%","±7.0"
"            With own children of the householder under 18 years","290","±60","15.9%","±3.1","143","±39","16.5%","±4.7","229","±36","13.7%","±2.4","259","±64","15.6%","±3.7","364","±53","17.8%","±2.6","199","±42","16.6%","±4.1","100","±21","14.4%","±3.1","245","±54","15.2%","±3.4","252","±100","12.8%","±4.8","198","±76","17.1%","±6.5","105","±48","7.7%","±3.4","138","±67","9.4%","±4.7","57","±18","14.2%","±4.5","0","±12","0.0%","±98.9","349","±81","15.5%","±3.8","185","±45","12.8%","±3.1","257","±67","14.4%","±4.0"
"        Cohabiting couple household","99","±44","5.4%","±2.4","64","±35","7.4%","±3.9","98","±60","5.9%","±3.6","107","±38","6.4%","±2.2","179","±50","8.7%","±2.4","145","±69","12.1%","±5.9","64","±23","9.2%","±3.4","165","±55","10.2%","±3.2","186","±106","9.4%","±5.3","51","±42","4.4%","±3.5","190","±105","13.9%","±7.4","75","±57","5.1%","±3.8","40","±23","10.0%","±5.5","0","±12","0.0%","±98.9","196","±72","8.7%","±3.2","91","±35","6.3%","±2.3","98","±48","5.5%","±2.7"
"            With own children of the householder under 18 years","24","±19","1.3%","±1.0","28","±23","3.2%","±2.6","4","±8","0.2%","±0.5","48","±20","2.9%","±1.2","52","±30","2.5%","±1.5","42","±41","3.5%","±3.5","26","±16","3.7%","±2.3","27","±23","1.7%","±1.4","88","±72","4.5%","±3.6","11","±19","1.0%","±1.7","0","±12","0.0%","±2.3","7","±12","0.5%","±0.8","22","±20","5.5%","±5.0","0","±12","0.0%","±98.9","28","±18","1.2%","±0.8","43","±22","3.0%","±1.5","13","±15","0.7%","±0.9"
"        Male householder, no spouse/partner present","301","±70","16.5%","±3.6","169","±75","19.5%","±7.7","285","±101","17.1%","±5.5","304","±67","18.3%","±3.6","297","±61","14.5%","±2.8","212","±81","17.7%","±6.1","124","±28","17.9%","±3.6","318","±73","19.7%","±4.2","296","±120","15.0%","±5.7","216","±86","18.7%","±7.0","371","±127","27.2%","±8.7","340","±97","23.2%","±5.8","63","±29","15.7%","±6.8","0","±12","0.0%","±98.9","307","±95","13.7%","±3.7","250","±57","17.4%","±3.7","383","±93","21.5%","±4.7"
"            With own children of the householder under 18 years","22","±16","1.2%","±0.9","19","±29","2.2%","±3.3","19","±17","1.1%","±1.0","0","±12","0.0%","±1.9","19","±15","0.9%","±0.7","0","±12","0.0%","±2.7","17","±12","2.4%","±1.8","19","±16","1.2%","±1.0","60","±77","3.0%","±4.0","18","±20","1.6%","±1.7","8","±13","0.6%","±1.0","27","±28","1.8%","±1.9","12","±11","3.0%","±2.8","0","±12","0.0%","±98.9","58","±45","2.6%","±2.0","23","±17","1.6%","±1.2","103","±62","5.8%","±3.4"
"            Householder living alone","233","±66","12.8%","±3.4","96","±56","11.1%","±6.0","234","±97","14.0%","±5.3","245","±68","14.8%","±3.8","240","±52","11.7%","±2.4","178","±82","14.8%","±6.3","91","±26","13.1%","±3.4","230","±63","14.3%","±3.6","200","±112","10.1%","±5.4","110","±48","9.5%","±4.1","200","±94","14.6%","±6.6","270","±89","18.4%","±5.4","44","±27","11.0%","±6.4","0","±12","0.0%","±98.9","163","±63","7.2%","±2.6","183","±48","12.7%","±3.2","241","±76","13.5%","±4.0"
"                65 years and over","109","±43","6.0%","±2.2","21","±19","2.4%","±2.2","93","±50","5.6%","±2.8","144","±47","8.7%","±2.7","92","±41","4.5%","±1.9","121","±76","10.1%","±5.9","37","±21","5.3%","±2.9","105","±43","6.5%","±2.6","51","±48","2.6%","±2.4","45","±31","3.9%","±2.6","31","±27","2.3%","±2.0","41","±32","2.8%","±2.2","19","±21","4.7%","±5.0","0","±12","0.0%","±98.9","67","±36","3.0%","±1.6","71","±33","4.9%","±2.3","55","±33","3.1%","±1.8"
"        Female householder, no spouse/partner present","350","±66","19.2%","±3.6","214","±57","24.7%","±6.0","501","±118","30.1%","±6.3","391","±68","23.5%","±3.9","430","±81","21.0%","±3.8","279","±91","23.3%","±6.5","107","±29","15.4%","±3.9","335","±68","20.8%","±4.0","607","±182","30.8%","±7.8","443","±109","38.3%","±8.5","371","±131","27.2%","±8.9","682","±127","46.5%","±7.3","125","±41","31.2%","±8.8","5","±6","55.6%","±55.6","535","±89","23.8%","±3.7","303","±74","21.0%","±4.7","445","±113","25.0%","±5.6"
"            With own children of the householder under 18 years","24","±15","1.3%","±0.9","46","±35","5.3%","±4.0","70","±41","4.2%","±2.5","49","±33","3.0%","±2.0","45","±28","2.2%","±1.4","10","±13","0.8%","±1.1","28","±17","4.0%","±2.5","30","±16","1.9%","±1.0","86","±95","4.4%","±4.9","49","±53","4.2%","±4.5","52","±39","3.8%","±2.8","81","±41","5.5%","±2.8","12","±12","3.0%","±3.1","0","±12","0.0%","±98.9","88","±45","3.9%","±2.0","44","±42","3.1%","±2.9","53","±43","3.0%","±2.4"
"            Householder living alone","227","±61","12.4%","±3.4","116","±47","13.4%","±5.0","365","±105","21.9%","±5.6","282","±63","17.0%","±3.6","298","±66","14.6%","±3.1","247","±91","20.6%","±6.6","58","±20","8.4%","±2.8","183","±57","11.4%","±3.4","467","±175","23.7%","±7.4","277","±87","24.0%","±7.1","190","±91","13.9%","±6.2","464","±116","31.7%","±7.0","94","±36","23.4%","±8.1","5","±6","55.6%","±55.6","309","±83","13.7%","±3.4","195","±53","13.5%","±3.4","306","±104","17.2%","±5.3"
"                65 years and over","153","±56","8.4%","±3.0","47","±24","5.4%","±2.7","170","±61","10.2%","±3.5","144","±41","8.7%","±2.4","147","±37","7.2%","±1.8","132","±67","11.0%","±5.2","36","±14","5.2%","±2.0","135","±51","8.4%","±3.1","291","±137","14.7%","±6.4","137","±62","11.9%","±5.2","75","±44","5.5%","±3.1","225","±64","15.3%","±4.4","29","±16","7.2%","±3.9","0","±12","0.0%","±98.9","158","±52","7.0%","±2.3","113","±34","7.8%","±2.3","163","±81","9.2%","±4.3"
"        Households with one or more people under 18 years","431","±71","23.6%","±3.5","277","±55","32.0%","±6.6","332","±42","19.9%","±3.2","397","±67","23.9%","±3.7","569","±61","27.8%","±3.0","272","±47","22.7%","±4.9","188","±25","27.1%","±3.4","368","±53","22.8%","±3.3","511","±133","25.9%","±6.6","292","±77","25.3%","±6.4","180","±59","13.2%","±4.2","277","±81","18.9%","±5.6","110","±24","27.4%","±5.6","0","±12","0.0%","±98.9","545","±82","24.2%","±3.9","362","±64","25.1%","±4.1","467","±65","26.2%","±3.9"
"        Households with one or more people 65 years and over","745","±83","40.8%","±4.1","252","±45","29.1%","±4.7","596","±92","35.8%","±4.7","589","±63","35.5%","±3.6","670","±60","32.7%","±2.4","552","±113","46.0%","±7.2","233","±23","33.6%","±3.2","709","±91","44.0%","±4.7","859","±135","43.5%","±5.6","403","±89","34.9%","±7.1","340","±63","24.9%","±4.5","385","±64","26.3%","±4.1","137","±24","34.2%","±5.8","4","±5","44.4%","±55.6","862","±123","38.3%","±4.7","533","±52","37.0%","±3.5","710","±99","39.9%","±4.7"
"        Average household size","2.33","±0.10","(X)","(X)","2.41","±0.17","(X)","(X)","2.08","±0.13","(X)","(X)","2.31","±0.13","(X)","(X)","2.59","±0.12","(X)","(X)","2.35","±0.18","(X)","(X)","2.56","±0.16","(X)","(X)","2.37","±0.12","(X)","(X)","2.36","±0.22","(X)","(X)","2.28","±0.20","(X)","(X)","2.23","±0.21","(X)","(X)","1.90","±0.20","(X)","(X)","2.17","±0.18","(X)","(X)","1.44","±0.64","(X)","(X)","2.41","±0.13","(X)","(X)","2.42","±0.14","(X)","(X)","2.33","±0.14","(X)","(X)"
"        Average family size","2.77","±0.12","(X)","(X)","2.83","±0.20","(X)","(X)","2.73","±0.15","(X)","(X)","2.88","±0.16","(X)","(X)","3.16","±0.16","(X)","(X)","3.02","±0.21","(X)","(X)","2.92","±0.19","(X)","(X)","2.90","±0.18","(X)","(X)","3.06","±0.30","(X)","(X)","2.91","±0.26","(X)","(X)","2.84","±0.33","(X)","(X)","2.60","±0.23","(X)","(X)","2.71","±0.20","(X)","(X)","2.00","±0.77","(X)","(X)","2.76","±0.15","(X)","(X)","2.86","±0.16","(X)","(X)","2.99","±0.19","(X)","(X)"
"RELATIONSHIP","","","","","","","","","","","","","","","","","","","","","","","","","","","","","","","","","","","","","","","","","","","","","","","","","","","","","","","","","","","","","","","","","","","",""
"    Population in households","4,252","±278","4,252","(X)","2,085","±166","2,085","(X)","3,465","±143","3,465","(X)","3,835","±273","3,835","(X)","5,311","±258","5,311","(X)","2,814","±35","2,814","(X)","1,777","±116","1,777","(X)","3,821","±241","3,821","(X)","4,660","±233","4,660","(X)","2,631","±305","2,631","(X)","3,046","±342","3,046","(X)","2,788","±309","2,788","(X)","872","±84","872","(X)","13","±13","13","(X)","5,416","±284","5,416","(X)","3,485","±217","3,485","(X)","4,154","±19","4,154","(X)"
"        Householder","1,826","±106","42.9%","±1.9","865","±91","41.5%","±2.9","1,666","±129","48.1%","±3.0","1,661","±106","43.3%","±2.6","2,047","±96","38.5%","±1.8","1,199","±96","42.6%","±3.4","694","±48","39.1%","±2.5","1,611","±102","42.2%","±2.1","1,973","±218","42.3%","±4.0","1,156","±109","43.9%","±3.9","1,366","±149","44.8%","±4.1","1,466","±140","52.6%","±5.6","401","±44","46.0%","±3.8","9","±8","69.2%","±29.7","2,249","±155","41.5%","±2.2","1,440","±90","41.3%","±2.4","1,780","±111","42.9%","±2.6"
"        Spouse","1,089","±111","25.6%","±2.1","418","±61","20.0%","±2.8","812","±93","23.4%","±2.5","863","±92","22.5%","±1.9","1,149","±92","21.6%","±1.6","581","±85","20.6%","±3.0","410","±46","23.1%","±2.5","810","±91","21.2%","±2.4","915","±183","19.6%","±3.7","433","±84","16.5%","±3.1","430","±79","14.1%","±2.7","337","±88","12.1%","±3.3","170","±32","19.5%","±3.7","4","±6","30.8%","±29.7","1,172","±125","21.6%","±2.1","812","±77","23.3%","±2.2","856","±117","20.6%","±2.8"
"        Unmarried partner","106","±42","2.5%","±1.0","62","±33","3.0%","±1.6","89","±53","2.6%","±1.5","109","±39","2.8%","±1.0","196","±58","3.7%","±1.1","150","±75","5.3%","±2.7","56","±22","3.2%","±1.2","149","±52","3.9%","±1.3","176","±96","3.8%","±2.0","44","±34","1.7%","±1.2","189","±104","6.2%","±3.3","83","±61","3.0%","±2.2","41","±24","4.7%","±2.6","0","±12","0.0%","±82.3","208","±73","3.8%","±1.3","86","±30","2.5%","±0.8","88","±44","2.1%","±1.1"
"        Child","978","±136","23.0%","±2.3","614","±103","29.4%","±3.8","739","±109","21.3%","±2.9","977","±175","25.5%","±3.5","1,576","±171","29.7%","±2.4","778","±125","27.6%","±4.4","489","±64","27.5%","±2.5","931","±150","24.4%","±3.3","1,474","±286","31.6%","±6.1","720","±193","27.4%","±5.7","641","±190","21.0%","±5.3","474","±119","17.0%","±4.0","226","±45","25.9%","±4.2","0","±12","0.0%","±82.3","1,462","±224","27.0%","±3.7","845","±130","24.2%","±3.0","1,149","±117","27.7%","±2.8"
"        Other relatives","188","±71","4.4%","±1.6","76","±43","3.6%","±2.0","91","±56","2.6%","±1.6","157","±58","4.1%","±1.5","222","±76","4.2%","±1.4","47","±37","1.7%","±1.3","63","±24","3.5%","±1.3","204","±81","5.3%","±2.1","100","±90","2.1%","±1.9","104","±54","4.0%","±2.0","72","±62","2.4%","±2.0","90","±68","3.2%","±2.4","17","±17","1.9%","±1.9","0","±12","0.0%","±82.3","201","±80","3.7%","±1.5","194","±91","5.6%","±2.5","220","±98","5.3%","±2.4"
"        Other nonrelatives","65","±29","1.5%","±0.7","50","±39","2.4%","±1.9","68","±50","2.0%","±1.5","68","±40","1.8%","±1.0","121","±51","2.3%","±0.9","59","±58","2.1%","±2.1","65","±27","3.7%","±1.4","116","±73","3.0%","±1.9","22","±35","0.5%","±0.8","174","±161","6.6%","±5.9","348","±193","11.4%","±5.9","338","±243","12.1%","±8.0","17","±19","1.9%","±2.2","0","±12","0.0%","±82.3","124","±67","2.3%","±1.2","108","±52","3.1%","±1.4","61","±53","1.5%","±1.3"
"MARITAL STATUS","","","","","","","","","","","","","","","","","","","","","","","","","","","","","","","","","","","","","","","","","","","","","","","","","","","","","","","","","","","","","","","","","","","",""
"    Males 15 years and over","1,938","±160","1,938","(X)","857","±138","857","(X)","1,506","±137","1,506","(X)","1,665","±147","1,665","(X)","2,277","±152","2,277","(X)","1,232","±114","1,232","(X)","820","±67","820","(X)","1,553","±138","1,553","(X)","2,054","±220","2,054","(X)","995","±154","995","(X)","1,573","±236","1,573","(X)","933","±151","933","(X)","709","±102","709","(X)","1,258","±174","1,258","(X)","2,215","±172","2,215","(X)","1,507","±135","1,507","(X)","1,774","±119","1,774","(X)"
"        Never married","494","±93","25.5%","±3.8","277","±100","32.3%","±8.1","368","±110","24.4%","±6.5","488","±107","29.3%","±4.9","740","±104","32.5%","±3.4","397","±131","32.2%","±8.6","257","±52","31.3%","±4.8","416","±100","26.8%","±5.0","789","±266","38.4%","±10.9","425","±146","42.7%","±9.9","906","±218","57.6%","±7.4","407","±115","43.6%","±9.2","442","±97","62.3%","±6.7","1,239","±175","98.5%","±1.5","638","±131","28.8%","±4.9","438","±94","29.1%","±4.7","419","±105","23.6%","±5.1"
"        Now married, except separated","1,162","±113","60.0%","±4.9","440","±66","51.3%","±9.8","882","±104","58.6%","±5.6","880","±100","52.9%","±5.1","1,209","±100","53.1%","±3.7","582","±86","47.2%","±7.7","422","±41","51.5%","±4.8","832","±88","53.6%","±5.7","918","±195","44.7%","±9.5","471","±86","47.3%","±10.2","550","±108","35.0%","±7.3","346","±92","37.1%","±9.3","213","±37","30.0%","±6.0","19","±19","1.5%","±1.5","1,240","±129","56.0%","±5.7","863","±81","57.3%","±5.1","918","±126","51.7%","±7.7"
"        Separated","15","±10","0.8%","±0.5","25","±29","2.9%","±3.3","36","±34","2.4%","±2.3","31","±22","1.9%","±1.3","41","±18","1.8%","±0.8","76","±54","6.2%","±4.5","11","±7","1.3%","±0.9","31","±22","2.0%","±1.4","24","±33","1.2%","±1.5","0","±12","0.0%","±3.2","12","±18","0.8%","±1.1","70","±50","7.5%","±5.2","13","±13","1.8%","±1.9","0","±12","0.0%","±2.5","25","±30","1.1%","±1.3","34","±23","2.3%","±1.4","75","±53","4.2%","±2.9"
"        Widowed","54","±31","2.8%","±1.6","32","±30","3.7%","±3.2","42","±40","2.8%","±2.7","86","±35","5.2%","±2.2","56","±30","2.5%","±1.3","42","±43","3.4%","±3.5","37","±17","4.5%","±2.0","71","±34","4.6%","±2.1","125","±75","6.1%","±3.6","17","±22","1.7%","±2.3","23","±27","1.5%","±1.8","10","±15","1.1%","±1.6","8","±7","1.1%","±1.0","0","±12","0.0%","±2.5","95","±47","4.3%","±2.1","38","±30","2.5%","±2.0","80","±36","4.5%","±2.0"
"        Divorced","213","±66","11.0%","±3.2","83","±37","9.7%","±3.8","178","±62","11.8%","±3.9","180","±57","10.8%","±3.3","231","±50","10.1%","±2.2","135","±66","11.0%","±5.2","93","±25","11.3%","±3.1","203","±66","13.1%","±3.9","198","±108","9.6%","±5.6","82","±42","8.2%","±4.0","82","±49","5.2%","±3.2","100","±62","10.7%","±6.3","33","±27","4.7%","±3.8","0","±12","0.0%","±2.5","217","±89","9.8%","±3.8","134","±36","8.9%","±2.2","282","±85","15.9%","±4.6"
"    Females 15 years and over","1,803","±118","1,803","(X)","859","±91","859","(X)","1,835","±141","1,835","(X)","1,631","±141","1,631","(X)","2,239","±145","2,239","(X)","1,210","±104","1,210","(X)","704","±52","704","(X)","1,723","±145","1,723","(X)","2,183","±173","2,183","(X)","1,344","±188","1,344","(X)","1,432","±242","1,432","(X)","1,528","±277","1,528","(X)","1,089","±173","1,089","(X)","1,784","±194","1,784","(X)","2,540","±172","2,540","(X)","1,566","±102","1,566","(X)","1,757","±117","1,757","(X)"
"        Never married","321","±69","17.8%","±3.5","221","±60","25.7%","±6.0","435","±125","23.7%","±5.9","366","±93","22.4%","±4.6","526","±109","23.5%","±3.9","318","±112","26.3%","±8.6","152","±31","21.6%","±3.5","429","±112","24.9%","±5.5","663","±199","30.4%","±8.2","469","±183","34.9%","±10.3","693","±213","48.4%","±8.4","657","±287","43.0%","±12.0","763","±155","70.1%","±5.5","1,769","±194","99.2%","±0.9","778","±197","30.6%","±6.7","366","±82","23.4%","±4.6","398","±101","22.7%","±5.1"
"        Now married, except separated","1,107","±106","61.4%","±4.9","433","±61","50.4%","±6.9","857","±106","46.7%","±7.0","893","±95","54.8%","±5.2","1,183","±99","52.8%","±4.5","593","±78","49.0%","±7.5","408","±38","58.0%","±5.8","830","±91","48.2%","±6.2","933","±190","42.7%","±9.4","444","±80","33.0%","±7.2","473","±78","33.0%","±6.8","429","±99","28.1%","±8.4","176","±35","16.2%","±4.2","15","±16","0.8%","±0.9","1,245","±131","49.0%","±5.5","851","±85","54.3%","±5.8","866","±113","49.3%","±6.4"
"        Separated","28","±18","1.6%","±1.0","71","±42","8.3%","±4.7","45","±32","2.5%","±1.7","55","±32","3.4%","±2.0","75","±41","3.3%","±1.8","1","±4","0.1%","±0.3","22","±14","3.1%","±1.9","59","±45","3.4%","±2.6","38","±44","1.7%","±2.0","20","±23","1.5%","±1.7","19","±23","1.3%","±1.6","47","±37","3.1%","±2.4","0","±12","0.0%","±2.9","0","±12","0.0%","±1.8","23","±16","0.9%","±0.6","40","±21","2.6%","±1.4","71","±50","4.0%","±2.8"
"        Widowed","199","±64","11.0%","±3.5","63","±30","7.3%","±3.4","284","±104","15.5%","±5.4","153","±50","9.4%","±3.1","194","±48","8.7%","±2.2","129","±75","10.7%","±5.9","39","±11","5.5%","±1.5","181","±58","10.5%","±3.1","320","±140","14.7%","±6.0","203","±76","15.1%","±5.9","133","±75","9.3%","±5.0","203","±70","13.3%","±5.0","60","±28","5.5%","±2.4","0","±12","0.0%","±1.8","252","±76","9.9%","±2.9","144","±42","9.2%","±2.7","265","±107","15.1%","±6.0"
"        Divorced","148","±55","8.2%","±2.9","71","±42","8.3%","±4.7","214","±78","11.7%","±4.1","164","±49","10.1%","±2.7","261","±61","11.7%","±2.6","169","±72","14.0%","±5.7","83","±26","11.8%","±3.4","224","±68","13.0%","±3.5","229","±101","10.5%","±4.6","208","±104","15.5%","±7.5","114","±57","8.0%","±4.0","192","±75","12.6%","±5.3","90","±37","8.3%","±3.1","0","±12","0.0%","±1.8","242","±76","9.5%","±3.0","165","±71","10.5%","±4.3","157","±60","8.9%","±3.4"
"FERTILITY","","","","","","","","","","","","","","","","","","","","","","","","","","","","","","","","","","","","","","","","","","","","","","","","","","","","","","","","","","","","","","","","","","","",""
"    Number of women 15 to 50 years old who had a birth in the past 12 months","48","±26","48","(X)","17","±19","17","(X)","31","±31","31","(X)","58","±34","58","(X)","94","±51","94","(X)","31","±44","31","(X)","22","±14","22","(X)","52","±26","52","(X)","23","±27","23","(X)","9","±15","9","(X)","31","±29","31","(X)","32","±43","32","(X)","0","±12","0","(X)","0","±12","0","(X)","62","±43","62","(X)","22","±23","22","(X)","48","±43","48","(X)"
"        Unmarried women (widowed, divorced, and never married)","8","±7","16.7%","±15.2","0","±12","0.0%","±71.9","10","±21","32.3%","±47.6","13","±13","22.4%","±22.4","51","±31","54.3%","±28.5","29","±44","93.5%","±23.9","15","±12","68.2%","±31.8","14","±15","26.9%","±24.0","3","±12","13.0%","±48.6","0","±12","0.0%","±98.9","0","±12","0.0%","±53.3","0","±12","0.0%","±52.4","0","±12","-","**","0","±12","-","**","28","±26","45.2%","±34.1","22","±23","100.0%","±63.2","13","±21","27.1%","±44.2"
"            Per 1,000 unmarried women","25","±21","(X)","(X)","0","±149","(X)","(X)","25","±51","(X)","(X)","35","±35","(X)","(X)","90","±54","(X)","(X)","86","±132","(X)","(X)","88","±71","(X)","(X)","35","±36","(X)","(X)","5","±21","(X)","(X)","0","±62","(X)","(X)","0","±48","(X)","(X)","0","±50","(X)","(X)","0","±42","(X)","(X)","0","±18","(X)","(X)","39","±37","(X)","(X)","51","±54","(X)","(X)","30","±50","(X)","(X)"
"        Per 1,000 women 15 to 50 years old","66","±35","(X)","(X)","41","±45","(X)","(X)","42","±42","(X)","(X)","74","±45","(X)","(X)","84","±43","(X)","(X)","54","±77","(X)","(X)","66","±45","(X)","(X)","67","±32","(X)","(X)","24","±29","(X)","(X)","12","±21","(X)","(X)","36","±33","(X)","(X)","36","±51","(X)","(X)","0","±39","(X)","(X)","0","±18","(X)","(X)","49","±34","(X)","(X)","28","±30","(X)","(X)","60","±56","(X)","(X)"
"        Per 1,000 women 15 to 19 years old","0","±313","(X)","(X)","0","±389","(X)","(X)","0","±250","(X)","(X)","0","±234","(X)","(X)","0","±236","(X)","(X)","0","±533","(X)","(X)","0","±389","(X)","(X)","0","±285","(X)","(X)","0","±143","(X)","(X)","0","±261","(X)","(X)","0","±182","(X)","(X)","0","±280","(X)","(X)","0","±75","(X)","(X)","0","±31","(X)","(X)","0","±257","(X)","(X)","89","±142","(X)","(X)","73","±123","(X)","(X)"
"        Per 1,000 women 20 to 34 years old","102","±64","(X)","(X)","92","±100","(X)","(X)","86","±82","(X)","(X)","178","±102","(X)","(X)","174","±97","(X)","(X)","170","±227","(X)","(X)","143","±109","(X)","(X)","116","±67","(X)","(X)","42","±68","(X)","(X)","23","±41","(X)","(X)","41","±48","(X)","(X)","55","±81","(X)","(X)","0","±102","(X)","(X)","0","±42","(X)","(X)","105","±76","(X)","(X)","31","±32","(X)","(X)","65","±95","(X)","(X)"
"        Per 1,000 women 35 to 50 years old","43","±41","(X)","(X)","0","±172","(X)","(X)","0","±114","(X)","(X)","11","±14","(X)","(X)","18","±28","(X)","(X)","0","±85","(X)","(X)","49","±56","(X)","(X)","41","±41","(X)","(X)","22","±40","(X)","(X)","0","±125","(X)","(X)","59","±91","(X)","(X)","0","±142","(X)","(X)","0","±261","(X)","(X)","-","**","(X)","(X)","0","±56","(X)","(X)","0","±97","(X)","(X)","55","±66","(X)","(X)"
"GRANDPARENTS","","","","","","","","","","","","","","","","","","","","","","","","","","","","","","","","","","","","","","","","","","","","","","","","","","","","","","","","","","","","","","","","","","","",""
"    Number of grandparents living with own grandchildren under 18 years","104","±45","104","(X)","56","±36","56","(X)","39","±43","39","(X)","66","±39","66","(X)","149","±58","149","(X)","45","±42","45","(X)","29","±21","29","(X)","92","±48","92","(X)","66","±79","66","(X)","25","±32","25","(X)","25","±31","25","(X)","37","±44","37","(X)","7","±10","7","(X)","0","±12","0","(X)","34","±37","34","(X)","94","±63","94","(X)","76","±39","76","(X)"
"        Grandparents responsible for grandchildren","52","±34","50.0%","±21.0","34","±26","60.7%","±26.7","0","±12","0.0%","±47.5","26","±26","39.4%","±27.6","29","±15","19.5%","±10.5","1","±4","2.2%","±10.2","5","±8","17.2%","±16.7","22","±23","23.9%","±20.2","20","±35","30.3%","±53.5","0","±12","0.0%","±59.3","0","±12","0.0%","±59.3","11","±17","29.7%","±52.0","7","±10","100.0%","±100.0","0","±12","-","**","5","±9","14.7%","±32.1","22","±22","23.4%","±21.8","8","±16","10.5%","±19.6"
"        Years responsible for grandchildren","","","","","","","","","","","","","","","","","","","","","","","","","","","","","","","","","","","","","","","","","","","","","","","","","","","","","","","","","","","","","","","","","","","",""
"            Less than 1 year","6","±10","5.8%","±10.2","0","±12","0.0%","±39.6","0","±12","0.0%","±47.5","3","±4","4.5%","±7.1","0","±17","0.0%","±19.5","0","±12","0.0%","±44.2","0","±12","0.0%","±55.1","15","±21","16.3%","±19.8","0","±17","0.0%","±36.3","0","±12","0.0%","±59.3","0","±12","0.0%","±59.3","0","±12","0.0%","±48.8","0","±12","0.0%","±100.0","0","±12","-","**","5","±9","14.7%","±32.1","5","±9","5.3%","±9.9","0","±12","0.0%","±33.2"
"            1 or 2 years","14","±16","13.5%","±14.9","18","±17","32.1%","±27.6","0","±12","0.0%","±47.5","9","±15","13.6%","±20.9","11","±11","7.4%","±7.6","0","±12","0.0%","±44.2","0","±12","0.0%","±55.1","0","±12","0.0%","±29.0","0","±17","0.0%","±36.3","0","±12","0.0%","±59.3","0","±12","0.0%","±59.3","0","±12","0.0%","±48.8","0","±12","0.0%","±100.0","0","±12","-","**","0","±17","0.0%","±50.9","0","±12","0.0%","±28.5","8","±16","10.5%","±19.6"
"            3 or 4 years","0","±12","0.0%","±26.3","0","±12","0.0%","±39.6","0","±12","0.0%","±47.5","14","±22","21.2%","±27.5","3","±4","2.0%","±2.7","0","±12","0.0%","±44.2","1","±3","3.4%","±8.3","0","±12","0.0%","±29.0","0","±17","0.0%","±36.3","0","±12","0.0%","±59.3","0","±12","0.0%","±59.3","0","±12","0.0%","±48.8","7","±10","100.0%","±100.0","0","±12","-","**","0","±17","0.0%","±50.9","0","±12","0.0%","±28.5","0","±12","0.0%","±33.2"
"            5 or more years","32","±28","30.8%","±20.3","16","±20","28.6%","±32.3","0","±12","0.0%","±47.5","0","±12","0.0%","±36.3","15","±12","10.1%","±8.4","1","±4","2.2%","±10.2","4","±6","13.8%","±14.6","7","±9","7.6%","±10.0","20","±35","30.3%","±53.5","0","±12","0.0%","±59.3","0","±12","0.0%","±59.3","11","±17","29.7%","±52.0","0","±12","0.0%","±100.0","0","±12","-","**","0","±17","0.0%","±50.9","17","±18","18.1%","±17.0","0","±12","0.0%","±33.2"
"    Number of grandparents responsible for own grandchildren under 18 years","52","±34","52","(X)","34","±26","34","(X)","0","±12","0","(X)","26","±26","26","(X)","29","±15","29","(X)","1","±4","1","(X)","5","±8","5","(X)","22","±23","22","(X)","20","±35","20","(X)","0","±12","0","(X)","0","±12","0","(X)","11","±17","11","(X)","7","±10","7","(X)","0","±12","0","(X)","5","±9","5","(X)","22","±22","22","(X)","8","±16","8","(X)"
"        Who are female","34","±23","65.4%","±20.3","19","±21","55.9%","±35.7","0","±12","-","**","12","±14","46.2%","±16.2","15","±8","51.7%","±16.0","1","±4","100.0%","±100.0","5","±8","100.0%","±100.0","12","±13","54.5%","±16.9","0","±17","0.0%","±66.3","0","±12","-","**","0","±12","-","**","11","±17","100.0%","±89.4","7","±10","100.0%","±100.0","0","±12","-","**","5","±9","100.0%","±100.0","20","±20","90.9%","±19.1","8","±16","100.0%","±100.0"
"        Who are married","31","±29","59.6%","±30.5","34","±26","100.0%","±50.9","0","±12","-","**","26","±26","100.0%","±58.2","26","±15","89.7%","±15.0","0","±12","0.0%","±100.0","4","±7","80.0%","±38.1","22","±23","100.0%","±63.2","0","±17","0.0%","±66.3","0","±12","-","**","0","±12","-","**","0","±12","0.0%","±89.4","0","±12","0.0%","±100.0","0","±12","-","**","0","±17","0.0%","±100.0","16","±21","72.7%","±39.2","8","±16","100.0%","±100.0"
"SCHOOL ENROLLMENT","","","","","","","","","","","","","","","","","","","","","","","","","","","","","","","","","","","","","","","","","","","","","","","","","","","","","","","","","","","","","","","","","","","",""
"    Population 3 years and over enrolled in school","728","±126","728","(X)","387","±71","387","(X)","703","±132","703","(X)","693","±123","693","(X)","1,041","±112","1,041","(X)","663","±130","663","(X)","341","±46","341","(X)","599","±119","599","(X)","1,165","±266","1,165","(X)","597","±211","597","(X)","1,353","±311","1,353","(X)","796","±280","796","(X)","1,157","±193","1,157","(X)","3,029","±282","3,029","(X)","924","±155","924","(X)","641","±113","641","(X)","834","±145","834","(X)"
"        Nursery school, preschool","78","±45","10.7%","±5.5","28","±18","7.2%","±4.6","67","±41","9.5%","±5.9","42","±21","6.1%","±3.3","43","±23","4.1%","±2.1","62","±45","9.4%","±7.2","14","±10","4.1%","±2.9","42","±36","7.0%","±6.0","17","±26","1.5%","±2.4","127","±115","21.3%","±18.7","34","±36","2.5%","±2.6","36","±19","4.5%","±2.9","18","±14","1.6%","±1.3","0","±12","0.0%","±1.1","77","±41","8.3%","±4.5","50","±32","7.8%","±4.5","25","±24","3.0%","±2.9"
"        Kindergarten","50","±24","6.9%","±3.2","47","±27","12.1%","±6.7","27","±27","3.8%","±3.8","44","±28","6.3%","±4.2","50","±27","4.8%","±2.5","19","±22","2.9%","±3.6","24","±16","7.0%","±4.6","35","±22","5.8%","±3.9","8","±11","0.7%","±1.0","46","±37","7.7%","±6.1","16","±19","1.2%","±1.4","11","±14","1.4%","±1.8","5","±7","0.4%","±0.6","0","±12","0.0%","±1.1","58","±34","6.3%","±3.8","14","±10","2.2%","±1.6","45","±29","5.4%","±3.5"
"        Elementary school (grades 1-8)","303","±72","41.6%","±7.9","182","±54","47.0%","±10.3","197","±68","28.0%","±8.9","295","±65","42.6%","±7.1","488","±93","46.9%","±6.6","306","±88","46.2%","±13.2","131","±23","38.4%","±6.2","309","±76","51.6%","±7.9","635","±188","54.5%","±14.1","117","±69","19.6%","±12.3","183","±86","13.5%","±5.9","206","±69","25.9%","±12.0","109","±31","9.4%","±3.0","0","±12","0.0%","±1.1","363","±100","39.3%","±7.9","226","±47","35.3%","±6.3","371","±85","44.5%","±9.6"
"        High school (grades 9-12)","146","±46","20.1%","±5.0","86","±35","22.2%","±8.4","170","±60","24.2%","±7.8","181","±82","26.1%","±9.2","249","±66","23.9%","±6.6","217","±136","32.7%","±16.4","113","±28","33.1%","±6.3","152","±68","25.4%","±8.6","391","±167","33.6%","±10.5","100","±80","16.8%","±15.1","174","±101","12.9%","±7.2","90","±52","11.3%","±8.2","28","±16","2.4%","±1.5","0","±12","0.0%","±1.1","188","±71","20.3%","±7.0","198","±73","30.9%","±9.2","201","±82","24.1%","±8.9"
"        College or graduate school","151","±62","20.7%","±7.7","44","±27","11.4%","±6.6","242","±93","34.4%","±9.7","131","±53","18.9%","±7.1","211","±58","20.3%","±4.8","59","±49","8.9%","±7.3","59","±23","17.3%","±5.9","61","±31","10.2%","±5.0","114","±107","9.8%","±8.5","207","±198","34.7%","±25.7","946","±270","69.9%","±9.7","453","±282","56.9%","±18.5","997","±192","86.2%","±3.2","3,029","±282","100.0%","±1.1","238","±84","25.8%","±7.0","153","±46","23.9%","±6.3","192","±90","23.0%","±8.9"
"EDUCATIONAL ATTAINMENT","","","","","","","","","","","","","","","","","","","","","","","","","","","","","","","","","","","","","","","","","","","","","","","","","","","","","","","","","","","","","","","","","","","",""
"    Population 25 years and over","3,342","±205","3,342","(X)","1,418","±137","1,418","(X)","2,919","±150","2,919","(X)","2,759","±170","2,759","(X)","3,787","±182","3,787","(X)","2,145","±127","2,145","(X)","1,267","±78","1,267","(X)","2,903","±171","2,903","(X)","3,392","±320","3,392","(X)","1,903","±195","1,903","(X)","1,843","±225","1,843","(X)","1,799","±184","1,799","(X)","756","±67","756","(X)","51","±29","51","(X)","3,954","±302","3,954","(X)","2,628","±137","2,628","(X)","3,073","±123","3,073","(X)"
"        Less than 9th grade","145","±56","4.3%","±1.6","51","±44","3.6%","±3.1","5","±22","0.2%","±0.8","97","±42","3.5%","±1.5","136","±63","3.6%","±1.7","45","±25","2.1%","±1.2","40","±23","3.2%","±1.8","66","±26","2.3%","±0.9","30","±56","0.9%","±1.7","37","±43","1.9%","±2.2","8","±19","0.4%","±1.0","35","±33","1.9%","±1.9","24","±23","3.2%","±3.0","0","±12","0.0%","±41.5","81","±44","2.0%","±1.1","21","±15","0.8%","±0.6","124","±83","4.0%","±2.7"
"        9th to 12th grade, no diploma","127","±41","3.8%","±1.2","61","±33","4.3%","±2.4","105","±61","3.6%","±2.0","194","±78","7.0%","±2.8","175","±53","4.6%","±1.4","122","±67","5.7%","±3.1","104","±26","8.2%","±1.9","237","±65","8.2%","±2.2","143","±81","4.2%","±2.6","77","±58","4.0%","±2.9","74","±68","4.0%","±3.5","169","±85","9.4%","±4.5","30","±28","4.0%","±3.6","0","±12","0.0%","±41.5","260","±89","6.6%","±2.2","193","±61","7.3%","±2.2","292","±86","9.5%","±2.7"
"        High school graduate (includes equivalency)","932","±138","27.9%","±3.6","368","±69","26.0%","±4.7","481","±121","16.5%","±4.0","1,186","±141","43.0%","±4.3","1,389","±143","36.7%","±3.0","819","±147","38.2%","±6.4","540","±62","42.6%","±3.8","1,015","±143","35.0%","±4.7","794","±201","23.4%","±5.4","344","±101","18.1%","±5.0","254","±86","13.8%","±4.7","615","±121","34.2%","±5.6","174","±52","23.0%","±6.4","8","±11","15.7%","±20.9","1,427","±191","36.1%","±3.9","897","±124","34.1%","±4.3","1,251","±161","40.7%","±5.2"
"        Some college, no degree","516","±84","15.4%","±2.4","309","±74","21.8%","±4.5","348","±81","11.9%","±2.7","397","±78","14.4%","±2.5","674","±93","17.8%","±2.4","368","±101","17.2%","±4.6","185","±40","14.6%","±3.0","476","±96","16.4%","±3.0","710","±255","20.9%","±6.9","470","±167","24.7%","±8.1","258","±90","14.0%","±4.7","406","±110","22.6%","±5.5","87","±30","11.5%","±4.0","18","±20","35.3%","±35.1","672","±142","17.0%","±3.6","498","±84","18.9%","±2.9","540","±112","17.6%","±3.5"
"        Associate's degree","471","±74","14.1%","±2.0","165","±54","11.6%","±3.5","341","±101","11.7%","±3.5","307","±65","11.1%","±2.4","603","±88","15.9%","±2.2","258","±75","12.0%","±3.3","139","±37","11.0%","±2.9","430","±102","14.8%","±3.4","434","±145","12.8%","±4.2","123","±53","6.5%","±2.9","262","±108","14.2%","±5.2","142","±64","7.9%","±3.6","80","±32","10.6%","±4.0","0","±12","0.0%","±41.5","367","±98","9.3%","±2.2","281","±59","10.7%","±2.1","400","±152","13.0%","±4.9"
"        Bachelor's degree","570","±111","17.1%","±3.2","217","±66","15.3%","±4.0","785","±155","26.9%","±5.1","391","±79","14.2%","±2.8","565","±86","14.9%","±2.4","331","±87","15.4%","±4.3","185","±39","14.6%","±3.1","433","±101","14.9%","±3.4","677","±213","20.0%","±5.8","485","±129","25.5%","±6.4","402","±126","21.8%","±6.2","227","±86","12.6%","±4.8","157","±47","20.8%","±5.7","0","±12","0.0%","±41.5","604","±125","15.3%","±3.0","457","±78","17.4%","±3.0","249","±74","8.1%","±2.3"
"        Graduate or professional degree","581","±94","17.4%","±2.8","247","±59","17.4%","±4.1","854","±146","29.3%","±5.0","187","±49","6.8%","±1.7","245","±60","6.5%","±1.6","202","±72","9.4%","±3.2","74","±18","5.8%","±1.4","246","±66","8.5%","±2.3","604","±175","17.8%","±5.2","367","±131","19.3%","±6.8","585","±123","31.7%","±6.9","205","±79","11.4%","±4.1","204","±43","27.0%","±5.7","25","±21","49.0%","±34.9","543","±148","13.7%","±3.5","281","±62","10.7%","±2.4","217","±77","7.1%","±2.6"
"        High school graduate or higher","3,070","±192","91.9%","±2.0","1,306","±141","92.1%","±3.9","2,809","±155","96.2%","±2.2","2,468","±170","89.5%","±3.1","3,476","±181","91.8%","±2.0","1,978","±132","92.2%","±3.4","1,123","±72","88.6%","±2.3","2,600","±161","89.6%","±2.5","3,219","±354","94.9%","±3.0","1,789","±177","94.0%","±3.5","1,761","±199","95.6%","±3.7","1,595","±176","88.7%","±4.7","702","±69","92.9%","±4.3","51","±29","100.0%","±41.5","3,613","±296","91.4%","±2.4","2,414","±133","91.9%","±2.1","2,657","±159","86.5%","±4.2"
"        Bachelor's degree or higher","1,151","±151","34.4%","±4.2","464","±90","32.7%","±5.3","1,639","±185","56.1%","±5.9","578","±98","20.9%","±3.4","810","±102","21.4%","±2.8","533","±109","24.8%","±5.1","259","±46","20.4%","±3.6","679","±123","23.4%","±4.2","1,281","±269","37.8%","±7.3","852","±169","44.8%","±8.1","987","±155","53.6%","±7.3","432","±113","24.0%","±6.0","361","±55","47.8%","±6.5","25","±21","49.0%","±34.9","1,147","±194","29.0%","±4.3","738","±105","28.1%","±4.0","466","±102","15.2%","±3.4"
"VETERAN STATUS","","","","","","","","","","","","","","","","","","","","","","","","","","","","","","","","","","","","","","","","","","","","","","","","","","","","","","","","","","","","","","","","","","","",""
"    Civilian population 18 years and over","3,605","±218","3,605","(X)","1,648","±154","1,648","(X)","3,202","±89","3,202","(X)","3,160","±221","3,160","(X)","4,328","±218","4,328","(X)","2,295","±106","2,295","(X)","1,445","±92","1,445","(X)","3,165","±203","3,165","(X)","4,085","±215","4,085","(X)","2,299","±248","2,299","(X)","2,957","±290","2,957","(X)","2,389","±287","2,389","(X)","1,757","±203","1,757","(X)","2,987","±272","2,987","(X)","4,593","±261","4,593","(X)","2,924","±169","2,924","(X)","3,406","±83","3,406","(X)"
"        Civilian veterans","294","±70","8.2%","±1.8","118","±40","7.2%","±2.4","240","±67","7.5%","±2.1","405","±77","12.8%","±2.3","323","±56","7.5%","±1.3","186","±67","8.1%","±2.9","122","±24","8.4%","±1.6","360","±78","11.4%","±2.3","333","±143","8.2%","±3.3","215","±75","9.4%","±3.3","92","±46","3.1%","±1.6","133","±56","5.6%","±2.4","68","±26","3.9%","±1.5","8","±11","0.3%","±0.4","486","±118","10.6%","±2.4","307","±58","10.5%","±1.9","346","±98","10.2%","±2.9"
"DISABILITY STATUS OF THE CIVILIAN NONINSTITUTIONALIZED POPULATION","","","","","","","","","","","","","","","","","","","","","","","","","","","","","","","","","","","","","","","","","","","","","","","","","","","","","","","","","","","","","","","","","","","",""
"    Total Civilian Noninstitutionalized Population","4,279","±282","4,279","(X)","2,090","±166","2,090","(X)","3,551","±119","3,551","(X)","3,860","±276","3,860","(X)","5,303","±260","5,303","(X)","2,833","±40","2,833","(X)","1,782","±115","1,782","(X)","3,842","±240","3,842","(X)","5,000","±26","5,000","(X)","2,669","±306","2,669","(X)","3,317","±354","3,317","(X)","2,801","±309","2,801","(X)","1,862","±196","1,862","(X)","3,042","±280","3,042","(X)","5,444","±284","5,444","(X)","3,477","±220","3,477","(X)","4,154","±19","4,154","(X)"
"        With a disability","589","±113","13.8%","±2.6","258","±91","12.3%","±4.2","364","±82","10.3%","±2.2","690","±116","17.9%","±3.0","647","±100","12.2%","±1.9","456","±137","16.1%","±4.8","300","±60","16.8%","±2.9","739","±122","19.2%","±2.8","1,002","±267","20.0%","±5.3","312","±87","11.7%","±3.4","292","±119","8.8%","±3.5","646","±149","23.1%","±5.5","213","±64","11.4%","±3.4","233","±79","7.7%","±2.6","683","±152","12.5%","±2.7","511","±86","14.7%","±2.5","810","±159","19.5%","±3.8"
"    Under 18 years","768","±134","768","(X)","442","±89","442","(X)","537","±87","537","(X)","700","±105","700","(X)","1,022","±125","1,022","(X)","571","±95","571","(X)","337","±53","337","(X)","677","±117","677","(X)","915","±213","915","(X)","492","±148","492","(X)","360","±140","360","(X)","412","±101","412","(X)","178","±35","178","(X)","55","±55","55","(X)","851","±138","851","(X)","553","±101","553","(X)","748","±82","748","(X)"
"        With a disability","24","±19","3.1%","±2.5","0","±12","0.0%","±7.1","5","±7","0.9%","±1.3","47","±38","6.7%","±5.3","33","±20","3.2%","±2.0","31","±24","5.4%","±4.3","34","±19","10.1%","±5.8","23","±18","3.4%","±2.6","113","±95","12.3%","±9.7","17","±20","3.5%","±3.7","23","±30","6.4%","±7.9","53","±46","12.9%","±10.2","17","±14","9.6%","±7.8","0","±12","0.0%","±40.0","37","±26","4.3%","±3.1","31","±21","5.6%","±3.8","17","±17","2.3%","±2.4"
"    18 to 64 years","2,460","±182","2,460","(X)","1,296","±140","1,296","(X)","2,173","±131","2,173","(X)","2,366","±208","2,366","(X)","3,314","±200","3,314","(X)","1,521","±150","1,521","(X)","1,096","±92","1,096","(X)","2,219","±173","2,219","(X)","2,810","±233","2,810","(X)","1,665","±251","1,665","(X)","2,446","±273","2,446","(X)","1,923","±296","1,923","(X)","1,496","±193","1,496","(X)","2,979","±273","2,979","(X)","3,313","±267","3,313","(X)","2,177","±167","2,177","(X)","2,437","±113","2,437","(X)"
"        With a disability","248","±81","10.1%","±3.2","157","±72","12.1%","±5.2","192","±61","8.8%","±2.8","359","±87","15.2%","±3.4","325","±69","9.8%","±2.1","151","±75","9.9%","±4.6","134","±49","12.2%","±3.9","352","±92","15.9%","±3.8","537","±243","19.1%","±7.9","124","±58","7.4%","±3.6","130","±54","5.3%","±2.3","381","±109","19.8%","±6.2","136","±53","9.1%","±3.6","233","±79","7.8%","±2.6","207","±75","6.2%","±2.3","222","±50","10.2%","±2.1","375","±108","15.4%","±4.5"
"    65 years and over","1,051","±119","1,051","(X)","352","±52","352","(X)","841","±109","841","(X)","794","±78","794","(X)","967","±83","967","(X)","741","±159","741","(X)","349","±35","349","(X)","946","±120","946","(X)","1,275","±173","1,275","(X)","512","±128","512","(X)","511","±102","511","(X)","466","±79","466","(X)","188","±23","188","(X)","8","±11","8","(X)","1,280","±199","1,280","(X)","747","±73","747","(X)","969","±122","969","(X)"
"        With a disability","317","±72","30.2%","±5.9","101","±42","28.7%","±10.5","167","±61","19.9%","±7.1","284","±68","35.8%","±7.2","289","±64","29.9%","±5.7","274","±120","37.0%","±13.3","132","±25","37.8%","±6.1","364","±87","38.5%","±6.6","352","±135","27.6%","±10.5","171","±65","33.4%","±13.1","139","±90","27.2%","±13.3","212","±78","45.5%","±13.6","60","±26","31.9%","±12.8","0","±12","0.0%","±100.0","439","±108","34.3%","±7.4","258","±62","34.5%","±7.8","418","±90","43.1%","±7.9"
"RESIDENCE 1 YEAR AGO","","","","","","","","","","","","","","","","","","","","","","","","","","","","","","","","","","","","","","","","","","","","","","","","","","","","","","","","","","","","","","","","","","","",""
"    Population 1 year and over","4,335","±289","4,335","(X)","2,073","±165","2,073","(X)","3,719","±28","3,719","(X)","3,816","±276","3,816","(X)","5,340","±262","5,340","(X)","2,869","±45","2,869","(X)","1,762","±114","1,762","(X)","3,793","±235","3,793","(X)","4,974","±40","4,974","(X)","2,780","±310","2,780","(X)","3,282","±340","3,282","(X)","2,788","±309","2,788","(X)","1,935","±207","1,935","(X)","3,042","±280","3,042","(X)","5,388","±284","5,388","(X)","3,475","±213","3,475","(X)","4,122","±37","4,122","(X)"
"        Same house","3,957","±290","91.3%","±2.4","1,795","±157","86.6%","±5.1","3,244","±157","87.2%","±4.1","3,412","±291","89.4%","±3.3","4,934","±236","92.4%","±1.8","2,573","±207","89.7%","±6.5","1,574","±113","89.3%","±4.2","3,336","±228","88.0%","±3.7","4,410","±281","88.7%","±5.5","2,176","±309","78.3%","±9.3","2,282","±293","69.5%","±7.4","2,011","±253","72.1%","±9.0","1,444","±161","74.6%","±5.5","1,934","±239","63.6%","±6.2","4,744","±347","88.0%","±4.3","3,181","±211","91.5%","±2.3","3,842","±134","93.2%","±3.1"
"        Different house in the U.S.","337","±100","7.8%","±2.2","278","±112","13.4%","±5.1","463","±150","12.4%","±4.1","394","±123","10.3%","±3.2","378","±97","7.1%","±1.7","296","±187","10.3%","±6.5","180","±76","10.2%","±4.1","457","±150","12.0%","±3.7","527","±270","10.6%","±5.4","604","±285","21.7%","±9.3","933","±266","28.4%","±6.9","777","±295","27.9%","±9.0","479","±135","24.8%","±5.7","1,078","±221","35.4%","±6.0","644","±233","12.0%","±4.3","294","±83","8.5%","±2.3","271","±127","6.6%","±3.1"
"            Same county","182","±95","4.2%","±2.2","158","±89","7.6%","±4.2","243","±124","6.5%","±3.3","277","±109","7.3%","±2.8","163","±45","3.1%","±0.8","223","±187","7.8%","±6.6","53","±34","3.0%","±1.9","214","±108","5.6%","±2.8","89","±72","1.8%","±1.4","370","±240","13.3%","±8.2","339","±165","10.3%","±4.7","540","±256","19.4%","±8.1","194","±101","10.0%","±5.1","217","±96","7.1%","±3.1","441","±223","8.2%","±4.1","175","±71","5.0%","±2.0","120","±88","2.9%","±2.1"
"            Different county","155","±60","3.6%","±1.4","120","±72","5.8%","±3.3","220","±87","5.9%","±2.4","117","±61","3.1%","±1.6","215","±81","4.0%","±1.4","73","±52","2.5%","±1.8","127","±65","7.2%","±3.6","243","±119","6.4%","±3.1","438","±265","8.8%","±5.3","234","±144","8.4%","±5.0","594","±218","18.1%","±6.2","237","±115","8.5%","±4.0","285","±104","14.7%","±4.6","861","±191","28.3%","±5.3","203","±101","3.8%","±1.8","119","±49","3.4%","±1.4","151","±78","3.7%","±1.9"
"                Same state","86","±34","2.0%","±0.8","44","±42","2.1%","±2.0","81","±36","2.2%","±1.0","52","±33","1.4%","±0.9","166","±77","3.1%","±1.4","70","±52","2.4%","±1.8","121","±64","6.9%","±3.6","222","±119","5.9%","±3.1","362","±230","7.3%","±4.6","125","±71","4.5%","±2.5","558","±214","17.0%","±6.1","201","±101","7.2%","±3.5","264","±90","13.6%","±4.0","836","±191","27.5%","±5.3","148","±98","2.7%","±1.8","72","±33","2.1%","±1.0","151","±78","3.7%","±1.9"
"                Different state","69","±45","1.6%","±1.0","76","±65","3.7%","±3.1","139","±78","3.7%","±2.1","65","±58","1.7%","±1.5","49","±31","0.9%","±0.6","3","±4","0.1%","±0.1","6","±6","0.3%","±0.3","21","±34","0.6%","±0.9","76","±69","1.5%","±1.4","109","±111","3.9%","±3.9","36","±44","1.1%","±1.3","36","±31","1.3%","±1.1","21","±23","1.1%","±1.1","25","±26","0.8%","±0.9","55","±32","1.0%","±0.6","47","±34","1.4%","±1.0","0","±12","0.0%","±0.8"
"        Abroad","41","±49","0.9%","±1.1","0","±12","0.0%","±1.6","12","±13","0.3%","±0.3","10","±15","0.3%","±0.4","28","±27","0.5%","±0.5","0","±12","0.0%","±1.1","8","±7","0.5%","±0.4","0","±12","0.0%","±0.9","37","±33","0.7%","±0.7","0","±12","0.0%","±1.2","67","±70","2.0%","±2.1","0","±12","0.0%","±1.2","12","±14","0.6%","±0.7","30","±29","1.0%","±1.0","0","±17","0.0%","±0.6","0","±12","0.0%","±0.9","9","±12","0.2%","±0.3"
"PLACE OF BIRTH","","","","","","","","","","","","","","","","","","","","","","","","","","","","","","","","","","","","","","","","","","","","","","","","","","","","","","","","","","","","","","","","","","","",""
"    Total population","4,373","±289","4,373","(X)","2,090","±166","2,090","(X)","3,739","±23","3,739","(X)","3,860","±276","3,860","(X)","5,408","±269","5,408","(X)","2,895","±31","2,895","(X)","1,782","±115","1,782","(X)","3,842","±240","3,842","(X)","5,000","±26","5,000","(X)","2,791","±307","2,791","(X)","3,317","±354","3,317","(X)","2,808","±309","2,808","(X)","1,935","±207","1,935","(X)","3,042","±280","3,042","(X)","5,444","±284","5,444","(X)","3,492","±216","3,492","(X)","4,154","±19","4,154","(X)"
"        Native","4,237","±281","96.9%","±1.5","2,058","±173","98.5%","±1.2","3,508","±89","93.8%","±2.2","3,763","±271","97.5%","±1.2","5,258","±285","97.2%","±1.1","2,865","±43","99.0%","±1.1","1,754","±115","98.4%","±0.6","3,778","±238","98.3%","±0.8","4,863","±72","97.3%","±1.3","2,661","±315","95.3%","±2.6","3,013","±337","90.8%","±4.1","2,627","±310","93.6%","±2.7","1,856","±213","95.9%","±2.6","2,925","±274","96.2%","±1.8","5,241","±277","96.3%","±1.8","3,396","±218","97.3%","±1.3","4,097","±64","98.6%","±1.5"
"            Born in United States","4,220","±273","96.5%","±1.6","2,058","±173","98.5%","±1.2","3,485","±91","93.2%","±2.3","3,755","±273","97.3%","±1.3","5,243","±284","96.9%","±1.2","2,842","±49","98.2%","±1.3","1,741","±116","97.7%","±1.0","3,720","±231","96.8%","±1.3","4,837","±90","96.7%","±1.7","2,638","±314","94.5%","±2.6","2,996","±339","90.3%","±4.1","2,617","±311","93.2%","±2.6","1,829","±198","94.5%","±2.7","2,865","±273","94.2%","±2.4","5,213","±274","95.8%","±1.9","3,389","±218","97.1%","±1.3","4,080","±67","98.2%","±1.5"
"                State of residence","3,236","±259","74.0%","±3.8","1,600","±152","76.6%","±5.4","2,443","±166","65.3%","±4.5","3,090","±281","80.1%","±3.8","4,336","±277","80.2%","±2.5","2,265","±137","78.2%","±4.7","1,470","±118","82.5%","±3.1","3,039","±237","79.1%","±3.1","3,700","±300","74.0%","±5.9","2,174","±305","77.9%","±5.0","2,353","±314","70.9%","±5.7","2,234","±314","79.6%","±5.3","1,403","±137","72.5%","±5.8","2,465","±278","81.0%","±4.3","4,529","±281","83.2%","±2.8","2,787","±217","79.8%","±3.6","3,384","±143","81.5%","±3.4"
"                Different state","984","±167","22.5%","±3.6","458","±132","21.9%","±5.7","1,042","±169","27.9%","±4.5","665","±138","17.2%","±3.6","907","±134","16.8%","±2.4","577","±122","19.9%","±4.2","271","±54","15.2%","±3.1","681","±121","17.7%","±3.2","1,137","±299","22.7%","±6.0","464","±135","16.6%","±4.8","643","±199","19.4%","±5.7","383","±125","13.6%","±4.4","426","±128","22.0%","±5.1","400","±104","13.1%","±3.5","684","±116","12.6%","±2.1","602","±122","17.2%","±3.3","696","±149","16.8%","±3.6"
"            Born in Puerto Rico, U.S. Island areas, or born abroad to American parent(s)","17","±17","0.4%","±0.4","0","±12","0.0%","±1.5","23","±19","0.6%","±0.5","8","±13","0.2%","±0.3","15","±16","0.3%","±0.3","23","±21","0.8%","±0.7","13","±9","0.7%","±0.5","58","±40","1.5%","±1.0","26","±31","0.5%","±0.6","23","±34","0.8%","±1.2","17","±17","0.5%","±0.5","10","±17","0.4%","±0.6","27","±28","1.4%","±1.4","60","±45","2.0%","±1.5","28","±29","0.5%","±0.5","7","±6","0.2%","±0.2","17","±20","0.4%","±0.5"
"        Foreign born","136","±67","3.1%","±1.5","32","±25","1.5%","±1.2","231","±84","6.2%","±2.2","97","±47","2.5%","±1.2","150","±58","2.8%","±1.1","30","±31","1.0%","±1.1","28","±11","1.6%","±0.6","64","±32","1.7%","±0.8","137","±66","2.7%","±1.3","130","±70","4.7%","±2.6","304","±142","9.2%","±4.1","181","±74","6.4%","±2.7","79","±49","4.1%","±2.6","117","±57","3.8%","±1.8","203","±102","3.7%","±1.8","96","±46","2.7%","±1.3","57","±61","1.4%","±1.5"
"U.S. CITIZENSHIP STATUS","","","","","","","","","","","","","","","","","","","","","","","","","","","","","","","","","","","","","","","","","","","","","","","","","","","","","","","","","","","","","","","","","","","",""
"    Foreign-born population","136","±67","136","(X)","32","±25","32","(X)","231","±84","231","(X)","97","±47","97","(X)","150","±58","150","(X)","30","±31","30","(X)","28","±11","28","(X)","64","±32","64","(X)","137","±66","137","(X)","130","±70","130","(X)","304","±142","304","(X)","181","±74","181","(X)","79","±49","79","(X)","117","±57","117","(X)","203","±102","203","(X)","96","±46","96","(X)","57","±61","57","(X)"
"        Naturalized U.S. citizen","82","±54","60.3%","±19.2","28","±24","87.5%","±23.2","124","±53","53.7%","±20.2","30","±18","30.9%","±14.8","124","±51","82.7%","±15.4","27","±30","90.0%","±18.5","23","±9","82.1%","±23.2","37","±23","57.8%","±22.0","89","±56","65.0%","±23.3","102","±56","78.5%","±16.9","178","±126","58.6%","±26.2","87","±51","48.1%","±20.4","45","±36","57.0%","±29.7","46","±31","39.3%","±18.2","88","±48","43.3%","±28.0","51","±25","53.1%","±22.8","57","±61","100.0%","±39.3"
"        Not a U.S. citizen","54","±30","39.7%","±19.2","4","±6","12.5%","±23.2","107","±68","46.3%","±20.2","67","±38","69.1%","±14.8","26","±26","17.3%","±15.4","3","±4","10.0%","±18.5","5","±7","17.9%","±23.2","27","±19","42.2%","±22.0","48","±37","35.0%","±23.3","28","±26","21.5%","±16.9","126","±88","41.4%","±26.2","94","±52","51.9%","±20.4","34","±31","43.0%","±29.7","71","±40","60.7%","±18.2","115","±97","56.7%","±28.0","45","±34","46.9%","±22.8","0","±12","0.0%","±39.3"
"YEAR OF ENTRY","","","","","","","","","","","","","","","","","","","","","","","","","","","","","","","","","","","","","","","","","","","","","","","","","","","","","","","","","","","","","","","","","","","",""
"    Population born outside the United States","153","±72","153","(X)","32","±25","32","(X)","254","±86","254","(X)","105","±53","105","(X)","165","±61","165","(X)","53","±38","53","(X)","41","±17","41","(X)","122","±53","122","(X)","163","±85","163","(X)","153","±70","153","(X)","321","±144","321","(X)","191","±73","191","(X)","106","±53","106","(X)","177","±74","177","(X)","231","±105","231","(X)","103","±46","103","(X)","74","±64","74","(X)"
"        Native","17","±17","17","(X)","0","±12","0","(X)","23","±19","23","(X)","8","±13","8","(X)","15","±16","15","(X)","23","±21","23","(X)","13","±9","13","(X)","58","±40","58","(X)","26","±31","26","(X)","23","±34","23","(X)","17","±17","17","(X)","10","±17","10","(X)","27","±28","27","(X)","60","±45","60","(X)","28","±29","28","(X)","7","±6","7","(X)","17","±20","17","(X)"
"            Entered 2010 or later","0","±12","0.0%","±71.9","0","±12","-","**","0","±12","0.0%","±61.8","0","±12","0.0%","±100.0","0","±17","0.0%","±76.6","0","±12","0.0%","±61.8","1","±2","7.7%","±18.3","0","±12","0.0%","±38.9","10","±21","38.5%","±61.5","23","±34","100.0%","±61.8","4","±9","23.5%","±69.8","0","±12","0.0%","±93.8","0","±12","0.0%","±57.1","33","±32","55.0%","±33.9","0","±17","0.0%","±56.0","0","±12","0.0%","±100.0","0","±12","0.0%","±71.9"
"            Entered before 2010","17","±17","100.0%","±71.9","0","±12","-","**","23","±19","100.0%","±61.8","8","±13","100.0%","±100.0","15","±16","100.0%","±76.6","23","±21","100.0%","±61.8","12","±7","92.3%","±18.3","58","±40","100.0%","±38.9","16","±24","61.5%","±61.5","0","±12","0.0%","±61.8","13","±19","76.5%","±69.8","10","±17","100.0%","±93.8","27","±28","100.0%","±57.1","27","±27","45.0%","±33.9","28","±29","100.0%","±56.0","7","±6","100.0%","±100.0","17","±20","100.0%","±71.9"
"        Foreign born","136","±67","136","(X)","32","±25","32","(X)","231","±84","231","(X)","97","±47","97","(X)","150","±58","150","(X)","30","±31","30","(X)","28","±11","28","(X)","64","±32","64","(X)","137","±66","137","(X)","130","±70","130","(X)","304","±142","304","(X)","181","±74","181","(X)","79","±49","79","(X)","117","±57","117","(X)","203","±102","203","(X)","96","±46","96","(X)","57","±61","57","(X)"
"            Entered 2010 or later","36","±27","26.5%","±18.1","5","±9","15.6%","±26.2","80","±54","34.6%","±16.3","14","±20","14.4%","±18.3","34","±29","22.7%","±15.6","0","±12","0.0%","±54.1","1","±3","3.6%","±9.7","0","±12","0.0%","±37.0","34","±19","24.8%","±14.6","0","±12","0.0%","±21.9","77","±74","25.3%","±22.1","34","±28","18.8%","±15.3","34","±32","43.0%","±30.7","74","±44","63.2%","±25.7","0","±17","0.0%","±14.8","0","±12","0.0%","±28.0","0","±12","0.0%","±39.3"
"            Entered before 2010","100","±57","73.5%","±18.1","27","±23","84.4%","±26.2","151","±56","65.4%","±16.3","83","±42","85.6%","±18.3","116","±47","77.3%","±15.6","30","±31","100.0%","±54.1","27","±10","96.4%","±9.7","64","±32","100.0%","±37.0","103","±61","75.2%","±14.6","130","±70","100.0%","±21.9","227","±127","74.7%","±22.1","147","±69","81.2%","±15.3","45","±36","57.0%","±30.7","43","±36","36.8%","±25.7","203","±102","100.0%","±14.8","96","±46","100.0%","±28.0","57","±61","100.0%","±39.3"
"WORLD REGION OF BIRTH OF FOREIGN BORN","","","","","","","","","","","","","","","","","","","","","","","","","","","","","","","","","","","","","","","","","","","","","","","","","","","","","","","","","","","","","","","","","","","",""
"    Foreign-born population, excluding population born at sea","136","±67","136","(X)","32","±25","32","(X)","231","±84","231","(X)","97","±47","97","(X)","150","±58","150","(X)","30","±31","30","(X)","28","±11","28","(X)","64","±32","64","(X)","137","±66","137","(X)","130","±70","130","(X)","304","±142","304","(X)","181","±74","181","(X)","79","±49","79","(X)","117","±57","117","(X)","203","±102","203","(X)","96","±46","96","(X)","57","±61","57","(X)"
"        Europe","67","±49","49.3%","±23.5","8","±9","25.0%","±31.9","31","±23","13.4%","±9.8","51","±29","52.6%","±23.2","49","±35","32.7%","±20.1","12","±24","40.0%","±60.0","16","±11","57.1%","±25.6","44","±24","68.8%","±19.6","36","±38","26.3%","±25.3","52","±48","40.0%","±31.0","142","±131","46.7%","±31.0","22","±24","12.2%","±13.6","12","±23","15.2%","±26.6","17","±21","14.5%","±17.7","73","±45","36.0%","±23.5","68","±36","70.8%","±22.1","57","±61","100.0%","±39.3"
"        Asia","55","±37","40.4%","±22.9","11","±13","34.4%","±36.1","93","±54","40.3%","±18.2","28","±27","28.9%","±21.0","42","±34","28.0%","±19.3","5","±5","16.7%","±28.5","2","±5","7.1%","±19.7","0","±12","0.0%","±37.0","0","±17","0.0%","±20.9","43","±43","33.1%","±28.5","106","±82","34.9%","±26.3","51","±44","28.2%","±22.8","60","±40","75.9%","±29.1","81","±46","69.2%","±21.6","39","±31","19.2%","±19.0","28","±25","29.2%","±22.1","0","±12","0.0%","±39.3"
"        Africa","0","±12","0.0%","±21.1","0","±12","0.0%","±52.4","31","±33","13.4%","±12.6","16","±24","16.5%","±21.6","14","±15","9.3%","±10.1","0","±12","0.0%","±54.1","0","±12","0.0%","±56.0","0","±12","0.0%","±37.0","0","±17","0.0%","±20.9","7","±12","5.4%","±8.8","0","±12","0.0%","±10.1","28","±31","15.5%","±16.6","0","±12","0.0%","±32.4","0","±12","0.0%","±23.9","0","±17","0.0%","±14.8","0","±12","0.0%","±28.0","0","±12","0.0%","±39.3"
"        Oceania","3","±4","2.2%","±3.1","0","±12","0.0%","±52.4","0","±12","0.0%","±13.1","0","±12","0.0%","±27.8","3","±4","2.0%","±2.8","0","±12","0.0%","±54.1","2","±3","7.1%","±10.2","5","±7","7.8%","±10.8","0","±17","0.0%","±20.9","0","±12","0.0%","±21.9","0","±12","0.0%","±10.1","0","±12","0.0%","±16.4","0","±12","0.0%","±32.4","0","±12","0.0%","±23.9","0","±17","0.0%","±14.8","0","±12","0.0%","±28.0","0","±12","0.0%","±39.3"
"        Latin America","11","±14","8.1%","±9.9","13","±20","40.6%","±45.1","63","±49","27.3%","±18.2","2","±4","2.1%","±4.3","35","±29","23.3%","±18.1","1","±2","3.3%","±7.9","8","±5","28.6%","±20.0","9","±14","14.1%","±19.0","82","±51","59.9%","±28.7","8","±17","6.2%","±12.7","41","±39","13.5%","±13.8","65","±57","35.9%","±26.1","7","±14","8.9%","±18.1","19","±23","16.2%","±16.5","91","±96","44.8%","±33.0","0","±12","0.0%","±28.0","0","±12","0.0%","±39.3"
"        Northern America","0","±12","0.0%","±21.1","0","±12","0.0%","±52.4","13","±13","5.6%","±5.6","0","±12","0.0%","±27.8","7","±7","4.7%","±5.1","12","±17","40.0%","±50.9","0","±12","0.0%","±56.0","6","±8","9.4%","±12.3","19","±31","13.9%","±20.7","20","±21","15.4%","±17.4","15","±22","4.9%","±7.5","15","±24","8.3%","±12.7","0","±12","0.0%","±32.4","0","±12","0.0%","±23.9","0","±17","0.0%","±14.8","0","±12","0.0%","±28.0","0","±12","0.0%","±39.3"
"LANGUAGE SPOKEN AT HOME","","","","","","","","","","","","","","","","","","","","","","","","","","","","","","","","","","","","","","","","","","","","","","","","","","","","","","","","","","","","","","","","","","","",""
"    Population 5 years and over","4,145","±276","4,145","(X)","1,961","±161","1,961","(X)","3,580","±48","3,580","(X)","3,670","±273","3,670","(X)","5,108","±251","5,108","(X)","2,765","±74","2,765","(X)","1,698","±105","1,698","(X)","3,662","±239","3,662","(X)","4,906","±68","4,906","(X)","2,504","±283","2,504","(X)","3,226","±327","3,226","(X)","2,706","±306","2,706","(X)","1,915","±210","1,915","(X)","3,042","±280","3,042","(X)","5,212","±275","5,212","(X)","3,356","±200","3,356","(X)","3,977","±65","3,977","(X)"
"        English only","3,758","±260","90.7%","±3.8","1,898","±166","96.8%","±1.7","3,273","±92","91.4%","±2.6","3,525","±279","96.0%","±2.1","4,796","±264","93.9%","±2.3","2,732","±86","98.8%","±1.1","1,636","±106","96.3%","±1.5","3,572","±244","97.5%","±1.3","4,571","±180","93.2%","±3.3","2,362","±282","94.3%","±3.1","2,841","±296","88.1%","±4.1","2,421","±317","89.5%","±4.4","1,717","±182","89.7%","±3.6","2,594","±261","85.3%","±3.6","4,997","±285","95.9%","±2.3","3,301","±209","98.4%","±0.8","3,885","±93","97.7%","±1.7"
"        Language other than English","387","±166","9.3%","±3.8","63","±33","3.2%","±1.7","307","±95","8.6%","±2.6","145","±78","4.0%","±2.1","312","±120","6.1%","±2.3","33","±31","1.2%","±1.1","62","±25","3.7%","±1.5","90","±46","2.5%","±1.3","335","±161","6.8%","±3.3","142","±79","5.7%","±3.1","385","±144","11.9%","±4.1","285","±118","10.5%","±4.4","198","±77","10.3%","±3.6","448","±116","14.7%","±3.6","215","±120","4.1%","±2.3","55","±27","1.6%","±0.8","92","±67","2.3%","±1.7"
"            Speak English less than ""very well""","91","±64","2.2%","±1.5","6","±9","0.3%","±0.4","92","±58","2.6%","±1.6","50","±35","1.4%","±1.0","131","±60","2.6%","±1.2","19","±19","0.7%","±0.7","13","±11","0.8%","±0.7","15","±15","0.4%","±0.4","45","±49","0.9%","±1.0","79","±52","3.2%","±2.1","145","±92","4.5%","±2.8","65","±55","2.4%","±2.1","56","±31","2.9%","±1.6","99","±39","3.3%","±1.3","65","±42","1.2%","±0.8","4","±5","0.1%","±0.2","29","±34","0.7%","±0.9"
"        Spanish","26","±16","0.6%","±0.4","22","±23","1.1%","±1.2","126","±68","3.5%","±1.9","26","±23","0.7%","±0.6","71","±41","1.4%","±0.8","31","±32","1.1%","±1.1","15","±11","0.9%","±0.6","70","±41","1.9%","±1.1","161","±88","3.3%","±1.8","60","±75","2.4%","±3.0","171","±93","5.3%","±2.7","171","±103","6.3%","±3.8","41","±34","2.1%","±1.7","197","±77","6.5%","±2.4","78","±93","1.5%","±1.8","17","±16","0.5%","±0.5","27","±22","0.7%","±0.6"
"            Speak English less than ""very well""","0","±12","0.0%","±0.8","0","±12","0.0%","±1.6","52","±48","1.5%","±1.3","0","±12","0.0%","±0.9","41","±34","0.8%","±0.7","19","±19","0.7%","±0.7","8","±8","0.5%","±0.5","14","±14","0.4%","±0.4","6","±12","0.1%","±0.3","23","±34","0.9%","±1.4","13","±14","0.4%","±0.5","46","±46","1.7%","±1.7","7","±14","0.4%","±0.7","9","±15","0.3%","±0.5","19","±25","0.4%","±0.5","0","±12","0.0%","±1.0","8","±12","0.2%","±0.3"
"        Other Indo-European languages","303","±155","7.3%","±3.6","20","±14","1.0%","±0.7","125","±61","3.5%","±1.7","81","±60","2.2%","±1.6","209","±113","4.1%","±2.2","1","±3","0.0%","±0.1","44","±23","2.6%","±1.3","20","±22","0.5%","±0.6","103","±73","2.1%","±1.5","48","±44","1.9%","±1.8","149","±91","4.6%","±2.7","62","±58","2.3%","±2.2","54","±41","2.8%","±2.1","144","±59","4.7%","±1.8","85","±60","1.6%","±1.1","30","±17","0.9%","±0.5","65","±63","1.6%","±1.6"
"            Speak English less than ""very well""","63","±49","1.5%","±1.2","0","±12","0.0%","±1.6","22","±33","0.6%","±0.9","30","±23","0.8%","±0.6","67","±39","1.3%","±0.8","0","±12","0.0%","±1.2","4","±6","0.2%","±0.3","1","±5","0.0%","±0.1","34","±48","0.7%","±1.0","32","±43","1.3%","±1.7","80","±75","2.5%","±2.3","3","±8","0.1%","±0.3","6","±11","0.3%","±0.6","34","±26","1.1%","±0.9","16","±22","0.3%","±0.4","4","±5","0.1%","±0.2","21","±31","0.5%","±0.8"
"        Asian and Pacific Islander languages","58","±45","1.4%","±1.1","21","±22","1.1%","±1.2","25","±21","0.7%","±0.6","22","±28","0.6%","±0.8","20","±26","0.4%","±0.5","1","±3","0.0%","±0.1","2","±5","0.1%","±0.3","0","±12","0.0%","±0.9","0","±17","0.0%","±0.7","34","±40","1.4%","±1.6","65","±65","2.0%","±2.0","27","±29","1.0%","±1.1","72","±41","3.8%","±2.3","87","±38","2.9%","±1.2","12","±17","0.2%","±0.3","8","±10","0.2%","±0.3","0","±12","0.0%","±0.8"
"            Speak English less than ""very well""","28","±34","0.7%","±0.8","6","±9","0.3%","±0.4","18","±17","0.5%","±0.5","20","±26","0.5%","±0.7","20","±26","0.4%","±0.5","0","±12","0.0%","±1.2","0","±12","0.0%","±1.9","0","±12","0.0%","±0.9","0","±17","0.0%","±0.7","24","±37","1.0%","±1.5","52","±56","1.6%","±1.8","16","±23","0.6%","±0.9","36","±29","1.9%","±1.6","45","±23","1.5%","±0.8","10","±16","0.2%","±0.3","0","±12","0.0%","±1.0","0","±12","0.0%","±0.8"
"        Other languages","0","±12","0.0%","±0.8","0","±12","0.0%","±1.6","31","±32","0.9%","±0.9","16","±24","0.4%","±0.6","12","±11","0.2%","±0.2","0","±12","0.0%","±1.2","1","±3","0.1%","±0.2","0","±12","0.0%","±0.9","71","±107","1.4%","±2.2","0","±12","0.0%","±1.3","0","±12","0.0%","±1.0","25","±32","0.9%","±1.2","31","±24","1.6%","±1.2","20","±24","0.7%","±0.8","40","±54","0.8%","±1.0","0","±12","0.0%","±1.0","0","±12","0.0%","±0.8"
"            Speak English less than ""very well""","0","±12","0.0%","±0.8","0","±12","0.0%","±1.6","0","±12","0.0%","±0.9","0","±12","0.0%","±0.9","3","±4","0.1%","±0.1","0","±12","0.0%","±1.2","1","±3","0.1%","±0.2","0","±12","0.0%","±0.9","5","±12","0.1%","±0.2","0","±12","0.0%","±1.3","0","±12","0.0%","±1.0","0","±12","0.0%","±1.2","7","±9","0.4%","±0.5","11","±17","0.4%","±0.6","20","±26","0.4%","±0.5","0","±12","0.0%","±1.0","0","±12","0.0%","±0.8"
"ANCESTRY","","","","","","","","","","","","","","","","","","","","","","","","","","","","","","","","","","","","","","","","","","","","","","","","","","","","","","","","","","","","","","","","","","","",""
"    Total population","4,373","±289","4,373","(X)","2,090","±166","2,090","(X)","3,739","±23","3,739","(X)","3,860","±276","3,860","(X)","5,408","±269","5,408","(X)","2,895","±31","2,895","(X)","1,782","±115","1,782","(X)","3,842","±240","3,842","(X)","5,000","±26","5,000","(X)","2,791","±307","2,791","(X)","3,317","±354","3,317","(X)","2,808","±309","2,808","(X)","1,935","±207","1,935","(X)","3,042","±280","3,042","(X)","5,444","±284","5,444","(X)","3,492","±216","3,492","(X)","4,154","±19","4,154","(X)"
"        American","200","±79","4.6%","±1.8","134","±62","6.4%","±2.9","111","±58","3.0%","±1.5","229","±83","5.9%","±2.1","361","±77","6.7%","±1.4","141","±75","4.9%","±2.6","100","±45","5.6%","±2.5","143","±52","3.7%","±1.4","305","±146","6.1%","±2.9","39","±38","1.4%","±1.4","117","±74","3.5%","±2.3","78","±59","2.8%","±2.0","61","±41","3.2%","±2.1","49","±31","1.6%","±1.0","209","±76","3.8%","±1.3","271","±100","7.8%","±2.8","306","±113","7.4%","±2.7"
"        Arab","17","±20","0.4%","±0.5","0","±12","0.0%","±1.5","12","±12","0.3%","±0.3","34","±50","0.9%","±1.3","27","±23","0.5%","±0.4","10","±15","0.3%","±0.5","0","±12","0.0%","±1.8","0","±12","0.0%","±0.8","90","±113","1.8%","±2.3","0","±12","0.0%","±1.2","0","±12","0.0%","±1.0","20","±23","0.7%","±0.8","16","±24","0.8%","±1.2","15","±21","0.5%","±0.7","0","±17","0.0%","±0.6","6","±9","0.2%","±0.3","0","±12","0.0%","±0.8"
"        Czech","29","±30","0.7%","±0.7","22","±20","1.1%","±0.9","14","±16","0.4%","±0.4","4","±5","0.1%","±0.1","18","±19","0.3%","±0.3","47","±69","1.6%","±2.4","6","±7","0.3%","±0.4","9","±13","0.2%","±0.3","0","±17","0.0%","±0.6","0","±12","0.0%","±1.2","0","±12","0.0%","±1.0","0","±12","0.0%","±1.1","5","±7","0.3%","±0.4","6","±11","0.2%","±0.4","20","±21","0.4%","±0.4","12","±11","0.3%","±0.3","8","±14","0.2%","±0.3"
"        Danish","42","±22","1.0%","±0.5","9","±11","0.4%","±0.5","0","±12","0.0%","±0.9","2","±3","0.1%","±0.1","56","±35","1.0%","±0.6","4","±6","0.1%","±0.2","0","±12","0.0%","±1.8","14","±21","0.4%","±0.6","0","±17","0.0%","±0.6","18","±27","0.6%","±1.0","0","±12","0.0%","±1.0","0","±12","0.0%","±1.1","0","±12","0.0%","±1.7","11","±15","0.4%","±0.5","5","±8","0.1%","±0.1","16","±16","0.5%","±0.5","0","±12","0.0%","±0.8"
"        Dutch","234","±89","5.4%","±2.0","44","±29","2.1%","±1.4","88","±67","2.4%","±1.8","337","±207","8.7%","±5.0","221","±71","4.1%","±1.3","185","±113","6.4%","±3.9","108","±46","6.1%","±2.6","143","±49","3.7%","±1.3","212","±136","4.2%","±2.7","0","±12","0.0%","±1.2","25","±28","0.8%","±0.9","83","±67","3.0%","±2.4","124","±66","6.4%","±3.3","50","±30","1.6%","±1.0","194","±106","3.6%","±1.9","178","±76","5.1%","±2.1","111","±58","2.7%","±1.4"
"        English","869","±183","19.9%","±4.0","368","±103","17.6%","±5.0","566","±158","15.1%","±4.2","528","±86","13.7%","±2.2","944","±167","17.5%","±3.0","317","±111","10.9%","±3.8","277","±90","15.5%","±4.9","668","±182","17.4%","±4.4","528","±194","10.6%","±3.9","420","±124","15.0%","±4.6","365","±144","11.0%","±4.2","360","±110","12.8%","±4.1","117","±41","6.0%","±2.2","116","±54","3.8%","±1.7","1,062","±259","19.5%","±4.9","539","±100","15.4%","±2.9","716","±189","17.2%","±4.6"
"        French (except Basque)","220","±70","5.0%","±1.6","93","±48","4.4%","±2.3","122","±75","3.3%","±2.0","150","±60","3.9%","±1.5","306","±128","5.7%","±2.3","83","±56","2.9%","±1.9","59","±37","3.3%","±2.0","231","±85","6.0%","±2.3","158","±98","3.2%","±2.0","40","±32","1.4%","±1.2","153","±73","4.6%","±2.1","119","±73","4.2%","±2.5","69","±37","3.6%","±1.8","41","±32","1.3%","±1.0","188","±72","3.5%","±1.3","167","±56","4.8%","±1.6","160","±71","3.9%","±1.7"
"        French Canadian","29","±16","0.7%","±0.4","4","±6","0.2%","±0.3","24","±23","0.6%","±0.6","30","±20","0.8%","±0.5","47","±20","0.9%","±0.4","22","±20","0.8%","±0.7","9","±9","0.5%","±0.5","17","±15","0.4%","±0.4","0","±17","0.0%","±0.6","68","±44","2.4%","±1.6","0","±12","0.0%","±1.0","19","±21","0.7%","±0.8","13","±10","0.7%","±0.5","11","±16","0.4%","±0.5","73","±45","1.3%","±0.8","18","±16","0.5%","±0.5","56","±58","1.3%","±1.4"
"        German","842","±153","19.3%","±3.0","389","±97","18.6%","±4.4","726","±144","19.4%","±3.8","592","±119","15.3%","±3.0","955","±173","17.7%","±3.1","606","±131","20.9%","±4.5","325","±65","18.2%","±3.6","765","±163","19.9%","±4.1","701","±283","14.0%","±5.7","471","±158","16.9%","±5.8","548","±150","16.5%","±4.5","488","±203","17.4%","±7.0","265","±77","13.7%","±4.3","407","±95","13.4%","±2.9","1,149","±261","21.1%","±4.7","643","±127","18.4%","±3.5","854","±227","20.6%","±5.5"
"        Greek","4","±6","0.1%","±0.1","0","±12","0.0%","±1.5","9","±14","0.2%","±0.4","12","±18","0.3%","±0.5","6","±7","0.1%","±0.1","104","±108","3.6%","±3.7","6","±4","0.3%","±0.2","17","±23","0.4%","±0.6","17","±25","0.3%","±0.5","23","±23","0.8%","±0.8","13","±20","0.4%","±0.6","0","±12","0.0%","±1.1","6","±8","0.3%","±0.4","29","±25","1.0%","±0.8","24","±28","0.4%","±0.5","25","±21","0.7%","±0.6","108","±160","2.6%","±3.8"
"        Hungarian","63","±57","1.4%","±1.3","0","±12","0.0%","±1.5","66","±58","1.8%","±1.5","24","±31","0.6%","±0.8","51","±57","0.9%","±1.1","14","±15","0.5%","±0.5","7","±6","0.4%","±0.3","31","±23","0.8%","±0.6","5","±12","0.1%","±0.2","38","±43","1.4%","±1.5","91","±97","2.7%","±2.9","0","±12","0.0%","±1.1","11","±12","0.6%","±0.6","32","±25","1.1%","±0.8","12","±17","0.2%","±0.3","4","±6","0.1%","±0.2","0","±12","0.0%","±0.8"
"        Irish","607","±132","13.9%","±2.8","615","±176","29.4%","±7.6","717","±158","19.2%","±4.2","687","±218","17.8%","±5.1","821","±132","15.2%","±2.4","628","±175","21.7%","±6.0","295","±62","16.6%","±3.4","859","±204","22.4%","±5.0","811","±305","16.2%","±6.1","846","±287","30.3%","±11.1","619","±167","18.7%","±5.1","416","±173","14.8%","±6.0","328","±91","17.0%","±4.5","731","±147","24.0%","±4.3","1,105","±200","20.3%","±3.4","651","±133","18.6%","±3.7","869","±238","20.9%","±5.7"
"        Italian","375","±113","8.6%","±2.6","286","±121","13.7%","±5.6","440","±169","11.8%","±4.5","295","±74","7.6%","±2.0","579","±134","10.7%","±2.4","467","±136","16.1%","±4.7","156","±49","8.8%","±2.7","560","±159","14.6%","±3.9","756","±336","15.1%","±6.7","496","±285","17.8%","±9.1","657","±209","19.8%","±5.9","602","±217","21.4%","±6.6","404","±99","20.9%","±5.1","833","±149","27.4%","±4.2","850","±230","15.6%","±4.1","402","±97","11.5%","±2.8","459","±198","11.0%","±4.8"
"        Lithuanian","0","±12","0.0%","±0.7","20","±15","1.0%","±0.7","0","±12","0.0%","±0.9","52","±69","1.3%","±1.8","0","±17","0.0%","±0.6","33","±30","1.1%","±1.0","0","±12","0.0%","±1.8","31","±33","0.8%","±0.9","0","±17","0.0%","±0.6","4","±10","0.1%","±0.4","0","±12","0.0%","±1.0","2","±3","0.1%","±0.1","0","±12","0.0%","±1.7","0","±12","0.0%","±1.1","3","±4","0.1%","±0.1","8","±13","0.2%","±0.4","19","±25","0.5%","±0.6"
"        Norwegian","86","±48","2.0%","±1.1","5","±7","0.2%","±0.3","37","±27","1.0%","±0.7","12","±15","0.3%","±0.4","120","±70","2.2%","±1.3","105","±88","3.6%","±3.0","15","±10","0.8%","±0.5","23","±20","0.6%","±0.5","145","±107","2.9%","±2.1","28","±31","1.0%","±1.1","57","±44","1.7%","±1.3","32","±35","1.1%","±1.2","20","±19","1.0%","±1.0","17","±19","0.6%","±0.6","103","±82","1.9%","±1.5","16","±13","0.5%","±0.4","11","±17","0.3%","±0.4"
"        Polish","131","±50","3.0%","±1.2","126","±69","6.0%","±3.2","137","±60","3.7%","±1.6","218","±63","5.6%","±1.6","223","±60","4.1%","±1.1","122","±119","4.2%","±4.1","46","±16","2.6%","±1.0","215","±107","5.6%","±2.7","115","±96","2.3%","±1.9","112","±68","4.0%","±2.3","200","±103","6.0%","±3.1","123","±69","4.4%","±2.3","106","±50","5.5%","±2.6","172","±85","5.7%","±2.7","181","±93","3.3%","±1.7","105","±38","3.0%","±1.1","79","±50","1.9%","±1.2"
"        Portuguese","0","±12","0.0%","±0.7","6","±10","0.3%","±0.5","0","±12","0.0%","±0.9","4","±5","0.1%","±0.1","10","±10","0.2%","±0.2","0","±12","0.0%","±1.1","4","±4","0.2%","±0.2","31","±30","0.8%","±0.8","0","±17","0.0%","±0.6","0","±12","0.0%","±1.2","0","±12","0.0%","±1.0","0","±12","0.0%","±1.1","20","±23","1.0%","±1.1","10","±15","0.3%","±0.5","4","±7","0.1%","±0.1","1","±2","0.0%","±0.1","0","±12","0.0%","±0.8"
"        Russian","70","±31","1.6%","±0.7","67","±49","3.2%","±2.3","34","±27","0.9%","±0.7","72","±71","1.9%","±1.8","22","±13","0.4%","±0.2","30","±37","1.0%","±1.3","23","±14","1.3%","±0.8","97","±91","2.5%","±2.4","17","±27","0.3%","±0.5","89","±65","3.2%","±2.3","14","±18","0.4%","±0.6","11","±19","0.4%","±0.7","27","±25","1.4%","±1.3","73","±39","2.4%","±1.2","55","±40","1.0%","±0.7","32","±21","0.9%","±0.6","0","±12","0.0%","±0.8"
"        Scotch-Irish","97","±80","2.2%","±1.8","58","±54","2.8%","±2.6","64","±56","1.7%","±1.5","22","±17","0.6%","±0.4","30","±13","0.6%","±0.2","49","±39","1.7%","±1.3","9","±8","0.5%","±0.4","19","±18","0.5%","±0.5","62","±79","1.2%","±1.6","125","±116","4.5%","±4.1","12","±19","0.4%","±0.5","10","±16","0.4%","±0.6","5","±9","0.3%","±0.5","5","±9","0.2%","±0.3","46","±32","0.8%","±0.6","39","±22","1.1%","±0.6","65","±43","1.6%","±1.0"
"        Scottish","133","±50","3.0%","±1.2","49","±31","2.3%","±1.5","222","±95","5.9%","±2.5","90","±63","2.3%","±1.6","192","±83","3.6%","±1.5","79","±62","2.7%","±2.1","83","±47","4.7%","±2.6","59","±34","1.5%","±0.9","102","±57","2.0%","±1.1","104","±82","3.7%","±2.8","122","±86","3.7%","±2.6","55","±42","2.0%","±1.5","37","±24","1.9%","±1.2","11","±16","0.4%","±0.5","188","±80","3.5%","±1.4","104","±39","3.0%","±1.2","143","±88","3.4%","±2.1"
"        Slovak","3","±5","0.1%","±0.1","22","±31","1.1%","±1.5","0","±12","0.0%","±0.9","8","±7","0.2%","±0.2","15","±11","0.3%","±0.2","2","±5","0.1%","±0.2","1","±3","0.1%","±0.1","22","±21","0.6%","±0.5","33","±37","0.7%","±0.7","0","±12","0.0%","±1.2","0","±12","0.0%","±1.0","14","±21","0.5%","±0.7","5","±10","0.3%","±0.5","5","±11","0.2%","±0.4","9","±10","0.2%","±0.2","5","±6","0.1%","±0.2","7","±11","0.2%","±0.3"
"        Subsaharan African","4","±6","0.1%","±0.1","13","±18","0.6%","±0.9","48","±55","1.3%","±1.5","16","±24","0.4%","±0.6","0","±17","0.0%","±0.6","0","±12","0.0%","±1.1","1","±3","0.1%","±0.1","0","±12","0.0%","±0.8","0","±17","0.0%","±0.6","7","±12","0.3%","±0.4","4","±9","0.1%","±0.3","45","±59","1.6%","±2.1","20","±18","1.0%","±0.9","35","±32","1.2%","±1.0","7","±10","0.1%","±0.2","0","±12","0.0%","±0.9","0","±12","0.0%","±0.8"
"        Swedish","89","±54","2.0%","±1.2","16","±16","0.8%","±0.7","125","±80","3.3%","±2.2","10","±8","0.3%","±0.2","82","±63","1.5%","±1.2","157","±171","5.4%","±5.9","20","±10","1.1%","±0.5","135","±166","3.5%","±4.3","74","±69","1.5%","±1.4","25","±28","0.9%","±1.0","40","±47","1.2%","±1.4","0","±12","0.0%","±1.1","62","±46","3.2%","±2.4","19","±22","0.6%","±0.7","16","±13","0.3%","±0.2","46","±24","1.3%","±0.7","103","±103","2.5%","±2.5"
"        Swiss","59","±48","1.3%","±1.1","20","±23","1.0%","±1.1","19","±26","0.5%","±0.7","62","±83","1.6%","±2.2","72","±87","1.3%","±1.6","0","±12","0.0%","±1.1","3","±3","0.2%","±0.2","22","±32","0.6%","±0.8","13","±20","0.3%","±0.4","0","±12","0.0%","±1.2","0","±12","0.0%","±1.0","0","±12","0.0%","±1.1","2","±5","0.1%","±0.2","0","±12","0.0%","±1.1","6","±10","0.1%","±0.2","6","±9","0.2%","±0.3","8","±9","0.2%","±0.2"
"        Ukrainian","13","±12","0.3%","±0.3","36","±32","1.7%","±1.5","17","±17","0.5%","±0.5","21","±18","0.5%","±0.4","9","±14","0.2%","±0.3","0","±12","0.0%","±1.1","25","±16","1.4%","±0.9","0","±12","0.0%","±0.8","0","±17","0.0%","±0.6","18","±22","0.6%","±0.8","55","±70","1.7%","±2.1","15","±20","0.5%","±0.7","9","±9","0.5%","±0.4","0","±12","0.0%","±1.1","0","±17","0.0%","±0.6","6","±7","0.2%","±0.2","10","±15","0.2%","±0.4"
"        Welsh","87","±60","2.0%","±1.4","40","±25","1.9%","±1.2","87","±58","2.3%","±1.5","98","±44","2.5%","±1.1","52","±38","1.0%","±0.7","21","±22","0.7%","±0.8","24","±25","1.3%","±1.4","35","±32","0.9%","±0.8","73","±71","1.5%","±1.4","20","±22","0.7%","±0.8","56","±35","1.7%","±1.1","33","±30","1.2%","±1.1","22","±20","1.1%","±1.0","33","±26","1.1%","±0.9","49","±31","0.9%","±0.6","17","±15","0.5%","±0.4","50","±38","1.2%","±0.9"
"        West Indian (excluding Hispanic origin groups)","2","±4","0.0%","±0.1","0","±12","0.0%","±1.5","36","±37","1.0%","±1.0","12","±19","0.3%","±0.5","0","±17","0.0%","±0.6","0","±12","0.0%","±1.1","1","±2","0.1%","±0.1","13","±19","0.3%","±0.5","69","±63","1.4%","±1.3","21","±36","0.8%","±1.3","17","±20","0.5%","±0.6","48","±45","1.7%","±1.6","31","±30","1.6%","±1.5","69","±49","2.3%","±1.6","3","±9","0.1%","±0.2","2","±4","0.1%","±0.1","0","±12","0.0%","±0.8"
"COMPUTERS AND INTERNET USE","","","","","","","","","","","","","","","","","","","","","","","","","","","","","","","","","","","","","","","","","","","","","","","","","","","","","","","","","","","","","","","","","","","",""
"    Total households","1,826","±106","1,826","(X)","865","±91","865","(X)","1,666","±129","1,666","(X)","1,661","±106","1,661","(X)","2,047","±96","2,047","(X)","1,199","±96","1,199","(X)","694","±48","694","(X)","1,611","±102","1,611","(X)","1,973","±218","1,973","(X)","1,156","±109","1,156","(X)","1,366","±149","1,366","(X)","1,466","±140","1,466","(X)","401","±44","401","(X)","9","±8","9","(X)","2,249","±155","2,249","(X)","1,440","±90","1,440","(X)","1,780","±111","1,780","(X)"
"        With a computer","1,582","±110","86.6%","±3.0","759","±90","87.7%","±5.9","1,575","±126","94.5%","±2.3","1,408","±117","84.8%","±4.3","1,766","±95","86.3%","±2.4","1,059","±102","88.3%","±4.7","583","±53","84.0%","±3.9","1,378","±104","85.5%","±4.0","1,803","±206","91.4%","±5.7","1,003","±115","86.8%","±6.6","1,318","±145","96.5%","±2.8","1,175","±142","80.2%","±5.6","358","±46","89.3%","±7.2","9","±8","100.0%","±98.9","2,055","±156","91.4%","±2.7","1,212","±88","84.2%","±3.7","1,514","±117","85.1%","±4.9"
"        With a broadband Internet subscription","1,430","±108","78.3%","±3.5","651","±80","75.3%","±7.5","1,458","±132","87.5%","±4.0","1,250","±113","75.3%","±4.9","1,571","±103","76.7%","±3.6","971","±107","81.0%","±6.8","452","±46","65.1%","±5.1","1,219","±112","75.7%","±5.3","1,659","±215","84.1%","±7.2","962","±119","83.2%","±7.1","1,297","±141","94.9%","±2.8","1,051","±147","71.7%","±6.6","349","±47","87.0%","±7.0","9","±8","100.0%","±98.9","1,766","±179","78.5%","±5.7","1,044","±80","72.5%","±5.1","1,422","±115","79.9%","±5.3"