"Label","Census Tract 101, Putnam County, New York!!Estimate","Census Tract 101, Putnam County, New York!!Margin of Error","Census Tract 101, Putnam County, New York!!Percent","Census Tract 101, Putnam County, New York!!Percent Margin of Error","Census Tract 102, Putnam County, New York!!Estimate","Census Tract 102, Putnam County, New York!!Margin of Error","Census Tract 102, Putnam County, New York!!Percent","Census Tract 102, Putnam County, New York!!Percent Margin of Error","Census Tract 103, Putnam County, New York!!Estimate","Census Tract 103, Putnam County, New York!!Margin of Error","Census Tract 103, Putnam County, New York!!Percent","Census Tract 103, Putnam County, New York!!Percent Margin of Error","Census Tract 104, Putnam County, New York!!Estimate","Census Tract 104, Putnam County, New York!!Margin of Error","Census Tract 104, Putnam County, New York!!Percent","Census Tract 104, Putnam County, New York!!Percent Margin of Error","Census Tract 105, Putnam County, New York!!Estimate","Census Tract 105, Putnam County, New York!!Margin of Error","Census Tract 105, Putnam County, New York!!Percent","Census Tract 105, Putnam County, New York!!Percent Margin of Error","Census Tract 106, Putnam County, New York!!Estimate","Census Tract 106, Putnam County, New York!!Margin of Error","Census Tract 106, Putnam County, New York!!Percent","Census Tract 106, Putnam County, New York!!Percent Margin of Error","Census Tract 107, Putnam County, New York!!Estimate","Census Tract 107, Putnam County, New York!!Margin of Error","Census Tract 107, Putnam County, New York!!Percent","Census Tract 107, Putnam County, New York!!Percent Margin of Error","Census Tract 108, Putnam County, New York!!Estimate","Census Tract 108, Putnam County, New York!!Margin of Error","Census Tract 108, Putnam County, New York!!Percent","Census Tract 108, Putnam County, New York!!Percent Margin of Error","Census Tract 109, Putnam County, New York!!Estimate","Census Tract 109, Putnam County, New York!!Margin of Error","Census Tract 109, Putnam County, New York!!Percent","Census Tract 109, Putnam County, New York!!Percent Margin of Error","Census Tract 110, Putnam County, New York!!Estimate","Census Tract 110, Putnam County, New York!!Margin of Error","Census Tract 110, Putnam County, New York!!Percent","Census Tract 110, Putnam County, New York!!Percent Margin of Error","Census Tract 111, Putnam County, New York!!Estimate","Census Tract 111, Putnam County, New York!!Margin of Error","Census Tract 111, Putnam County, New York!!Percent","Census Tract 111, Putnam County, New York!!Percent Margin of Error","Census Tract 112, Putnam County, New York!!Estimate","Census Tract 112, Putnam County, New York!!Margin of Error","Census Tract 112, Putnam County, New York!!Percent","Census Tract 112, Putnam County, New York!!Percent Margin of Error","Census Tract 113, Putnam County, New York!!Estimate","Census Tract 113, Putnam County, New York!!Margin of Error","Census Tract 113, Putnam County, New York!!Percent","Census Tract 113, Putnam County, New York!!Percent Margin of Error","Census Tract 114, Putnam County, New York!!Estimate","Census Tract 114, Putnam County, New York!!Margin of Error","Census Tract 114, Putnam County, New York!!Percent","Census Tract 114, Putnam County, New York!!Percent Margin of Error","Census Tract 115, Putnam County, New York!!Estimate","Census Tract 115, Putnam County, New York!!Margin of Error","Census Tract 115, Putnam County, New York!!Percent","Census Tract 115, Putnam County, New York!!Percent Margin of Error","Census Tract 116, Putnam County, New York!!Estimate","Census Tract 116, Putnam County, New York!!Margin of Error","Census Tract 116, Putnam County, New York!!Percent","Census Tract 116, Putnam County, New York!!Percent Margin of Error","Census Tract 117, Putnam County, New York!!Estimate","Census Tract 117, Putnam County, New York!!Margin of Error","Census Tract 117, Putnam County, New York!!Percent","Census Tract 117, Putnam County, New York!!Percent Margin of Error","Census Tract 118, Putnam County, New York!!Estimate","Census Tract 118, Putnam County, New York!!Margin of Error","Census Tract 118, Putnam County, New York!!Percent","Census Tract 118, Putnam County, New York!!Percent Margin of Error","Census Tract 119, Putnam County, New York!!Estimate","Census Tract 119, Putnam County, New York!!Margin of Error","Census Tract 119, Putnam County, New York!!Percent","Census Tract 119, Putnam County, New York!!Percent Margin of Error"
"HOUSEHOLDS BY TYPE","","","","","","","","","","","","","","","","","","","","","","","","","","","","","","","","","","","","","","","","","","","","","","","","","","","","","","","","","","","","","","","","","","","","","","","","","","","",""
"    Total households","1,226","±119","1,226","(X)","2,504","±167","2,504","(X)","1,783","±127","1,783","(X)","1,259","±86","1,259","(X)","1,808","±129","1,808","(X)","1,374","±93","1,374","(X)","1,058","±85","1,058","(X)","1,111","±77","1,111","(X)","2,700","±185","2,700","(X)","1,458","±124","1,458","(X)","1,683","±99","1,683","(X)","2,522","±123","2,522","(X)","1,399","±86","1,399","(X)","1,964","±145","1,964","(X)","2,489","±155","2,489","(X)","2,045","±114","2,045","(X)","1,727","±116","1,727","(X)","2,942","±136","2,942","(X)","1,802","±108","1,802","(X)"
"        Married-couple family","758","±120","61.8%","±7.1","1,568","±164","62.6%","±6.1","1,131","±121","63.4%","±6.2","668","±94","53.1%","±8.0","1,043","±132","57.7%","±7.6","911","±106","66.3%","±6.6","479","±47","45.3%","±4.4","785","±71","70.7%","±6.3","1,586","±180","58.7%","±7.7","991","±101","68.0%","±7.7","1,166","±116","69.3%","±6.0","1,560","±221","61.9%","±8.8","890","±93","63.6%","±6.8","1,102","±149","56.1%","±7.4","1,356","±204","54.5%","±7.9","1,351","±162","66.1%","±7.9","1,100","±113","63.7%","±4.8","1,484","±200","50.4%","±6.9","1,156","±116","64.2%","±5.9"
"            With own children of the householder under 18 years","288","±75","23.5%","±5.4","797","±129","31.8%","±5.6","309","±77","17.3%","±4.3","305","±79","24.2%","±6.4","405","±103","22.4%","±5.7","313","±88","22.8%","±6.3","207","±34","19.6%","±3.1","304","±45","27.4%","±4.2","615","±144","22.8%","±5.6","295","±79","20.2%","±5.2","459","±95","27.3%","±5.6","718","±143","28.5%","±5.7","297","±91","21.2%","±6.7","514","±87","26.2%","±4.4","485","±124","19.5%","±5.0","531","±132","26.0%","±6.2","388","±68","22.5%","±3.6","651","±118","22.1%","±3.9","455","±100","25.2%","±5.4"
"        Cohabiting couple household","48","±28","3.9%","±2.4","101","±69","4.0%","±2.7","60","±51","3.4%","±2.8","38","±28","3.0%","±2.2","130","±84","7.2%","±4.7","75","±48","5.5%","±3.4","97","±42","9.2%","±3.7","41","±32","3.7%","±2.9","171","±119","6.3%","±4.3","76","±57","5.2%","±3.8","38","±35","2.3%","±2.1","42","±44","1.7%","±1.7","72","±69","5.1%","±4.9","131","±96","6.7%","±4.8","29","±46","1.2%","±1.8","102","±69","5.0%","±3.4","106","±57","6.1%","±3.3","109","±68","3.7%","±2.3","72","±58","4.0%","±3.2"
"            With own children of the householder under 18 years","20","±22","1.6%","±1.8","12","±24","0.5%","±1.0","8","±13","0.4%","±0.7","0","±12","0.0%","±2.5","38","±51","2.1%","±2.8","43","±41","3.1%","±3.0","10","±9","0.9%","±0.9","8","±12","0.7%","±1.0","34","±41","1.3%","±1.5","9","±14","0.6%","±1.0","0","±17","0.0%","±1.9","0","±17","0.0%","±1.3","67","±70","4.8%","±5.0","0","±17","0.0%","±1.6","0","±17","0.0%","±1.3","58","±64","2.8%","±3.1","35","±32","2.0%","±1.8","57","±43","1.9%","±1.5","0","±17","0.0%","±1.8"
"        Male householder, no spouse/partner present","170","±66","13.9%","±5.0","245","±110","9.8%","±4.1","265","±91","14.9%","±4.9","318","±108","25.3%","±8.3","347","±103","19.2%","±5.1","165","±60","12.0%","±4.1","161","±43","15.2%","±3.6","134","±58","12.1%","±5.0","381","±150","14.1%","±5.1","236","±122","16.2%","±7.9","174","±67","10.3%","±3.9","437","±181","17.3%","±7.1","251","±82","17.9%","±5.6","237","±93","12.1%","±4.6","289","±137","11.6%","±5.4","291","±159","14.2%","±7.6","175","±67","10.1%","±3.8","552","±161","18.8%","±5.2","191","±69","10.6%","±3.8"
"            With own children of the householder under 18 years","0","±12","0.0%","±2.6","13","±21","0.5%","±0.8","0","±12","0.0%","±1.8","0","±12","0.0%","±2.5","23","±27","1.3%","±1.5","12","±18","0.9%","±1.3","9","±10","0.9%","±0.9","0","±12","0.0%","±2.9","0","±17","0.0%","±1.2","0","±12","0.0%","±2.2","15","±24","0.9%","±1.4","0","±17","0.0%","±1.3","32","±48","2.3%","±3.4","32","±29","1.6%","±1.5","0","±17","0.0%","±1.3","0","±17","0.0%","±1.6","5","±11","0.3%","±0.6","49","±46","1.7%","±1.5","17","±24","0.9%","±1.3"
"            Householder living alone","142","±64","11.6%","±4.8","154","±74","6.2%","±2.9","212","±85","11.9%","±4.6","274","±101","21.8%","±7.9","231","±87","12.8%","±4.4","140","±57","10.2%","±4.0","146","±39","13.8%","±3.4","125","±57","11.3%","±4.8","314","±131","11.6%","±4.4","148","±88","10.2%","±5.8","114","±64","6.8%","±3.7","402","±181","15.9%","±7.1","137","±71","9.8%","±5.0","170","±79","8.7%","±3.9","173","±117","7.0%","±4.6","218","±164","10.7%","±7.9","142","±62","8.2%","±3.6","312","±139","10.6%","±4.6","165","±63","9.2%","±3.5"
"                65 years and over","33","±24","2.7%","±1.9","52","±35","2.1%","±1.4","57","±57","3.2%","±3.1","103","±59","8.2%","±4.7","106","±60","5.9%","±3.2","102","±53","7.4%","±3.8","47","±22","4.4%","±2.0","49","±30","4.4%","±2.7","122","±105","4.5%","±3.8","58","±61","4.0%","±4.1","10","±17","0.6%","±1.0","147","±103","5.8%","±4.0","60","±52","4.3%","±3.7","40","±30","2.0%","±1.5","97","±71","3.9%","±2.8","66","±89","3.2%","±4.3","32","±24","1.9%","±1.4","97","±71","3.3%","±2.3","45","±27","2.5%","±1.5"
"        Female householder, no spouse/partner present","250","±72","20.4%","±5.8","590","±164","23.6%","±6.3","327","±102","18.3%","±5.3","235","±114","18.7%","±8.6","288","±95","15.9%","±4.8","223","±71","16.2%","±5.2","321","±59","30.3%","±4.6","151","±61","13.6%","±5.2","562","±196","20.8%","±6.9","155","±77","10.6%","±5.0","305","±88","18.1%","±5.0","483","±158","19.2%","±6.0","186","±70","13.3%","±4.9","494","±131","25.2%","±6.3","815","±192","32.7%","±7.3","301","±122","14.7%","±5.8","346","±91","20.0%","±5.0","797","±174","27.1%","±5.6","383","±112","21.3%","±5.8"
"            With own children of the householder under 18 years","7","±11","0.6%","±0.9","100","±82","4.0%","±3.3","42","±33","2.4%","±1.8","0","±12","0.0%","±2.5","69","±55","3.8%","±3.0","12","±15","0.9%","±1.1","48","±19","4.5%","±1.7","0","±12","0.0%","±2.9","134","±96","5.0%","±3.6","60","±55","4.1%","±3.8","28","±30","1.7%","±1.8","11","±18","0.4%","±0.7","0","±12","0.0%","±2.3","69","±59","3.5%","±3.0","38","±45","1.5%","±1.8","35","±34","1.7%","±1.7","63","±57","3.6%","±3.3","143","±64","4.9%","±2.2","74","±49","4.1%","±2.6"
"            Householder living alone","139","±58","11.3%","±4.6","240","±120","9.6%","±4.7","159","±64","8.9%","±3.5","200","±111","15.9%","±8.4","173","±77","9.6%","±4.0","124","±60","9.0%","±4.3","246","±53","23.3%","±4.4","62","±31","5.6%","±2.7","234","±124","8.7%","±4.3","46","±36","3.2%","±2.4","120","±58","7.1%","±3.4","247","±124","9.8%","±4.8","139","±68","9.9%","±4.7","285","±110","14.5%","±5.3","674","±169","27.1%","±6.4","74","±54","3.6%","±2.7","233","±78","13.5%","±4.2","410","±133","13.9%","±4.4","262","±94","14.5%","±5.0"
"                65 years and over","53","±31","4.3%","±2.4","132","±107","5.3%","±4.2","87","±49","4.9%","±2.7","110","±88","8.7%","±6.8","107","±64","5.9%","±3.4","50","±30","3.6%","±2.2","147","±44","13.9%","±3.8","22","±19","2.0%","±1.7","72","±57","2.7%","±2.1","33","±29","2.3%","±1.9","60","±50","3.6%","±2.9","170","±104","6.7%","±4.0","26","±26","1.9%","±1.8","145","±65","7.4%","±3.2","434","±138","17.4%","±5.3","43","±41","2.1%","±2.0","139","±65","8.0%","±3.6","206","±91","7.0%","±3.0","157","±72","8.7%","±3.9"
"        Households with one or more people under 18 years","347","±73","28.3%","±5.4","1,023","±141","40.9%","±5.7","511","±103","28.7%","±5.7","342","±81","27.2%","±6.6","601","±108","33.2%","±6.0","397","±94","28.9%","±6.8","305","±44","28.8%","±3.7","329","±48","29.6%","±4.5","871","±176","32.3%","±6.9","398","±83","27.3%","±5.8","557","±92","33.1%","±5.4","840","±177","33.3%","±6.9","428","±126","30.6%","±9.1","676","±107","34.4%","±5.4","627","±131","25.2%","±5.3","698","±143","34.1%","±7.0","533","±89","30.9%","±4.8","935","±142","31.8%","±4.6","570","±88","31.6%","±4.5"
"        Households with one or more people 65 years and over","310","±65","25.3%","±4.6","817","±170","32.6%","±6.3","580","±83","32.5%","±4.1","508","±104","40.3%","±7.5","650","±87","36.0%","±4.1","607","±94","44.2%","±5.9","331","±51","31.3%","±4.0","434","±61","39.1%","±4.3","684","±158","25.3%","±5.3","547","±88","37.5%","±5.8","464","±62","27.6%","±3.6","986","±111","39.1%","±3.9","455","±85","32.5%","±5.7","498","±84","25.4%","±4.1","1,094","±115","44.0%","±4.4","587","±142","28.7%","±6.8","622","±74","36.0%","±4.2","772","±124","26.2%","±3.8","570","±70","31.6%","±3.6"
"        Average household size","2.77","±0.21","(X)","(X)","2.82","±0.16","(X)","(X)","2.69","±0.19","(X)","(X)","2.58","±0.27","(X)","(X)","2.77","±0.20","(X)","(X)","2.73","±0.18","(X)","(X)","2.29","±0.16","(X)","(X)","2.86","±0.20","(X)","(X)","2.79","±0.21","(X)","(X)","2.78","±0.22","(X)","(X)","3.06","±0.19","(X)","(X)","2.89","±0.24","(X)","(X)","2.90","±0.20","(X)","(X)","2.65","±0.18","(X)","(X)","2.46","±0.18","(X)","(X)","2.99","±0.30","(X)","(X)","2.82","±0.15","(X)","(X)","2.75","±0.19","(X)","(X)","2.72","±0.18","(X)","(X)"
"        Average family size","3.30","±0.25","(X)","(X)","3.22","±0.19","(X)","(X)","3.15","±0.22","(X)","(X)","3.59","±0.36","(X)","(X)","3.29","±0.23","(X)","(X)","3.11","±0.18","(X)","(X)","3.14","±0.19","(X)","(X)","3.25","±0.23","(X)","(X)","3.29","±0.22","(X)","(X)","3.14","±0.19","(X)","(X)","3.39","±0.21","(X)","(X)","3.41","±0.23","(X)","(X)","3.30","±0.18","(X)","(X)","3.17","±0.21","(X)","(X)","3.19","±0.22","(X)","(X)","3.27","±0.23","(X)","(X)","3.33","±0.20","(X)","(X)","3.21","±0.21","(X)","(X)","3.32","±0.23","(X)","(X)"
"RELATIONSHIP","","","","","","","","","","","","","","","","","","","","","","","","","","","","","","","","","","","","","","","","","","","","","","","","","","","","","","","","","","","","","","","","","","","","","","","","","","","",""
"    Population in households","3,395","±318","3,395","(X)","7,059","±358","7,059","(X)","4,804","±328","4,804","(X)","3,249","±323","3,249","(X)","5,000","±264","5,000","(X)","3,753","±285","3,753","(X)","2,424","±165","2,424","(X)","3,181","±225","3,181","(X)","7,522","±306","7,522","(X)","4,057","±305","4,057","(X)","5,144","±325","5,144","(X)","7,290","±567","7,290","(X)","4,059","±315","4,059","(X)","5,209","±433","5,209","(X)","6,115","±485","6,115","(X)","6,110","±591","6,110","(X)","4,873","±329","4,873","(X)","8,086","±421","8,086","(X)","4,910","±335","4,910","(X)"
"        Householder","1,226","±119","36.1%","±2.8","2,504","±167","35.5%","±2.0","1,783","±127","37.1%","±2.6","1,259","±86","38.8%","±4.1","1,808","±129","36.2%","±2.6","1,374","±93","36.6%","±2.4","1,058","±85","43.6%","±3.1","1,111","±77","34.9%","±2.5","2,700","±185","35.9%","±2.8","1,458","±124","35.9%","±2.9","1,683","±99","32.7%","±2.1","2,522","±123","34.6%","±2.9","1,399","±86","34.5%","±2.3","1,964","±145","37.7%","±2.6","2,489","±155","40.7%","±2.9","2,045","±114","33.5%","±3.4","1,727","±116","35.4%","±1.8","2,942","±136","36.4%","±2.6","1,802","±108","36.7%","±2.4"
"        Spouse","749","±114","22.1%","±2.3","1,572","±168","22.3%","±2.2","1,154","±131","24.0%","±2.3","698","±108","21.5%","±2.6","1,047","±144","20.9%","±3.0","914","±101","24.4%","±2.2","482","±49","19.9%","±1.8","770","±72","24.2%","±2.6","1,587","±187","21.1%","±2.5","983","±99","24.2%","±2.3","1,171","±115","22.8%","±2.1","1,582","±229","21.7%","±2.9","908","±97","22.4%","±2.6","1,073","±143","20.6%","±2.2","1,381","±214","22.6%","±2.9","1,365","±176","22.3%","±2.7","1,095","±104","22.5%","±2.0","1,475","±212","18.2%","±2.5","1,170","±112","23.8%","±1.7"
"        Unmarried partner","46","±28","1.4%","±0.8","98","±67","1.4%","±1.0","53","±45","1.1%","±1.0","40","±27","1.2%","±0.8","127","±80","2.5%","±1.6","79","±51","2.1%","±1.3","110","±47","4.5%","±1.9","43","±35","1.4%","±1.1","168","±116","2.2%","±1.6","64","±43","1.6%","±1.1","41","±38","0.8%","±0.7","48","±48","0.7%","±0.7","76","±71","1.9%","±1.7","136","±99","2.6%","±1.9","18","±29","0.3%","±0.5","100","±68","1.6%","±1.1","107","±55","2.2%","±1.1","86","±51","1.1%","±0.6","71","±56","1.4%","±1.1"
"        Child","1,217","±180","35.8%","±3.2","2,434","±271","34.5%","±3.3","1,362","±195","28.4%","±3.3","977","±181","30.1%","±3.5","1,497","±207","29.9%","±3.3","1,215","±182","32.4%","±3.3","668","±92","27.6%","±2.7","1,051","±175","33.0%","±4.0","2,287","±317","30.4%","±3.9","1,259","±204","31.0%","±3.6","1,730","±267","33.6%","±4.2","2,542","±382","34.9%","±4.2","1,500","±227","37.0%","±3.5","1,729","±266","33.2%","±3.5","1,927","±337","31.5%","±4.0","2,066","±373","33.8%","±4.0","1,491","±199","30.6%","±2.9","2,776","±400","34.3%","±4.1","1,685","±257","34.3%","±3.5"
"        Other relatives","113","±66","3.3%","±1.9","350","±180","5.0%","±2.5","383","±160","8.0%","±3.1","252","±125","7.8%","±3.4","428","±182","8.6%","±3.6","124","±79","3.3%","±2.1","82","±52","3.4%","±2.1","159","±83","5.0%","±2.5","625","±298","8.3%","±3.8","207","±133","5.1%","±3.2","465","±194","9.0%","±3.7","162","±114","2.2%","±1.6","167","±78","4.1%","±1.9","250","±104","4.8%","±1.9","282","±166","4.6%","±2.7","262","±205","4.3%","±3.2","360","±118","7.4%","±2.3","330","±158","4.1%","±1.9","127","±79","2.6%","±1.6"
"        Other nonrelatives","44","±40","1.3%","±1.2","101","±69","1.4%","±1.0","69","±46","1.4%","±0.9","23","±28","0.7%","±0.9","93","±83","1.9%","±1.6","47","±45","1.3%","±1.2","24","±22","1.0%","±0.9","47","±38","1.5%","±1.2","155","±99","2.1%","±1.3","86","±66","2.1%","±1.6","54","±45","1.0%","±0.9","434","±431","6.0%","±5.7","9","±16","0.2%","±0.4","57","±61","1.1%","±1.1","18","±30","0.3%","±0.5","272","±174","4.5%","±2.7","93","±69","1.9%","±1.4","477","±215","5.9%","±2.6","55","±50","1.1%","±1.0"
"MARITAL STATUS","","","","","","","","","","","","","","","","","","","","","","","","","","","","","","","","","","","","","","","","","","","","","","","","","","","","","","","","","","","","","","","","","","","","","","","","","","","",""
"    Males 15 years and over","1,516","±188","1,516","(X)","3,663","±320","3,663","(X)","1,980","±154","1,980","(X)","1,242","±153","1,242","(X)","2,192","±217","2,192","(X)","1,580","±139","1,580","(X)","920","±80","920","(X)","1,495","±202","1,495","(X)","3,261","±253","3,261","(X)","1,711","±176","1,711","(X)","2,183","±204","2,183","(X)","2,973","±299","2,973","(X)","1,773","±204","1,773","(X)","1,909","±212","1,909","(X)","2,484","±290","2,484","(X)","2,768","±315","2,768","(X)","2,015","±204","2,015","(X)","3,498","±335","3,498","(X)","2,104","±189","2,104","(X)"
"        Never married","581","±139","38.3%","±7.2","1,372","±262","37.5%","±5.1","681","±157","34.4%","±6.7","357","±118","28.7%","±6.9","613","±174","28.0%","±6.4","480","±110","30.4%","±5.4","285","±61","31.0%","±5.2","392","±115","26.2%","±5.4","1,020","±270","31.3%","±6.7","408","±145","23.8%","±6.7","773","±160","35.4%","±5.4","916","±267","30.8%","±7.2","564","±168","31.8%","±6.5","609","±170","31.9%","±7.0","773","±189","31.1%","±5.8","1,003","±244","36.2%","±6.3","740","±156","36.7%","±5.1","1,381","±316","39.5%","±6.6","693","±173","32.9%","±6.4"
"        Now married, except separated","802","±150","52.9%","±7.1","2,105","±200","57.5%","±5.4","1,165","±125","58.8%","±6.3","719","±89","57.9%","±7.5","1,191","±155","54.3%","±7.5","972","±98","61.5%","±6.4","510","±47","55.4%","±4.8","885","±86","59.2%","±8.0","1,806","±181","55.4%","±6.5","1,085","±107","63.4%","±7.9","1,238","±132","56.7%","±5.5","1,784","±245","60.0%","±7.9","1,032","±108","58.2%","±7.3","1,097","±156","57.5%","±7.4","1,425","±201","57.4%","±6.5","1,481","±202","53.5%","±5.9","1,173","±115","58.2%","±5.2","1,711","±206","48.9%","±6.9","1,213","±117","57.7%","±6.1"
"        Separated","17","±20","1.1%","±1.3","0","±17","0.0%","±0.9","10","±14","0.5%","±0.7","19","±27","1.5%","±2.2","19","±16","0.9%","±0.7","0","±12","0.0%","±2.0","31","±19","3.4%","±2.0","48","±48","3.2%","±3.1","79","±86","2.4%","±2.6","77","±67","4.5%","±3.9","17","±20","0.8%","±0.9","74","±68","2.5%","±2.3","24","±21","1.4%","±1.2","13","±20","0.7%","±1.1","55","±63","2.2%","±2.5","60","±92","2.2%","±3.3","18","±19","0.9%","±0.9","144","±92","4.1%","±2.5","1","±8","0.0%","±0.4"
"        Widowed","14","±16","0.9%","±1.0","65","±62","1.8%","±1.7","57","±58","2.9%","±2.9","51","±34","4.1%","±2.7","129","±67","5.9%","±3.1","27","±18","1.7%","±1.1","24","±15","2.6%","±1.6","24","±24","1.6%","±1.7","52","±47","1.6%","±1.5","34","±26","2.0%","±1.6","34","±35","1.6%","±1.6","52","±50","1.7%","±1.7","58","±48","3.3%","±2.7","49","±31","2.6%","±1.6","52","±49","2.1%","±2.0","29","±36","1.0%","±1.3","22","±20","1.1%","±1.0","47","±61","1.3%","±1.8","73","±51","3.5%","±2.5"
"        Divorced","102","±44","6.7%","±3.0","121","±78","3.3%","±2.1","67","±46","3.4%","±2.3","96","±69","7.7%","±5.6","240","±101","10.9%","±4.1","101","±62","6.4%","±3.7","70","±30","7.6%","±3.1","146","±91","9.8%","±5.4","304","±129","9.3%","±3.9","107","±72","6.3%","±4.0","121","±62","5.5%","±2.8","147","±116","4.9%","±3.9","95","±55","5.4%","±3.1","141","±79","7.4%","±4.1","179","±116","7.2%","±4.6","195","±132","7.0%","±5.0","62","±37","3.1%","±1.8","215","±115","6.1%","±3.3","124","±55","5.9%","±2.6"
"    Females 15 years and over","1,408","±158","1,408","(X)","3,587","±252","3,587","(X)","2,114","±247","2,114","(X)","1,484","±223","1,484","(X)","2,182","±207","2,182","(X)","1,604","±134","1,604","(X)","1,046","±82","1,046","(X)","1,462","±143","1,462","(X)","3,245","±220","3,245","(X)","1,691","±217","1,691","(X)","2,191","±237","2,191","(X)","3,025","±286","3,025","(X)","1,604","±173","1,604","(X)","2,358","±261","2,358","(X)","2,888","±240","2,888","(X)","2,494","±328","2,494","(X)","2,153","±195","2,153","(X)","3,185","±308","3,185","(X)","2,087","±183","2,087","(X)"
"        Never married","353","±94","25.1%","±5.9","929","±195","25.9%","±4.8","483","±183","22.8%","±6.9","399","±160","26.9%","±9.0","547","±127","25.1%","±4.8","380","±116","23.7%","±6.5","269","±68","25.7%","±5.5","372","±115","25.4%","±6.4","756","±164","23.3%","±4.6","399","±151","23.6%","±7.0","660","±197","30.1%","±6.5","803","±224","26.5%","±6.5","493","±184","30.7%","±9.0","616","±166","26.1%","±5.2","645","±195","22.3%","±5.9","550","±185","22.1%","±5.4","612","±142","28.4%","±5.0","960","±256","30.1%","±6.1","524","±140","25.1%","±5.3"
"        Now married, except separated","795","±148","56.5%","±7.9","1,981","±196","55.2%","±4.8","1,166","±131","55.2%","±7.1","723","±111","48.7%","±7.3","1,216","±184","55.7%","±7.2","955","±104","59.5%","±6.3","505","±51","48.3%","±5.2","858","±95","58.7%","±7.4","1,846","±216","56.9%","±6.2","1,052","±110","62.2%","±6.9","1,222","±116","55.8%","±6.4","1,682","±236","55.6%","±7.6","926","±105","57.7%","±8.1","1,128","±172","47.8%","±6.0","1,432","±210","49.6%","±6.6","1,531","±192","61.4%","±6.9","1,178","±122","54.7%","±5.4","1,467","±206","46.1%","±7.1","1,157","±108","55.4%","±5.8"
"        Separated","64","±38","4.5%","±2.7","56","±54","1.6%","±1.5","39","±55","1.8%","±2.5","70","±81","4.7%","±5.4","21","±24","1.0%","±1.1","9","±12","0.6%","±0.7","33","±20","3.2%","±1.9","13","±15","0.9%","±1.0","80","±71","2.5%","±2.2","18","±25","1.1%","±1.5","68","±48","3.1%","±2.1","0","±17","0.0%","±1.1","0","±12","0.0%","±2.0","88","±76","3.7%","±3.1","96","±74","3.3%","±2.5","24","±29","1.0%","±1.2","0","±12","0.0%","±1.5","23","±29","0.7%","±0.9","0","±17","0.0%","±1.5"
"        Widowed","85","±60","6.0%","±4.1","285","±133","7.9%","±3.7","210","±83","9.9%","±3.8","199","±118","13.4%","±7.2","121","±47","5.5%","±2.1","188","±79","11.7%","±4.7","81","±43","7.7%","±3.9","102","±66","7.0%","±4.2","210","±117","6.5%","±3.5","68","±40","4.0%","±2.5","140","±73","6.4%","±3.3","370","±153","12.2%","±4.7","96","±55","6.0%","±3.5","237","±93","10.1%","±4.0","477","±163","16.5%","±5.6","108","±67","4.3%","±2.6","160","±57","7.4%","±2.6","215","±94","6.8%","±3.0","146","±89","7.0%","±4.2"
"        Divorced","111","±60","7.9%","±4.4","336","±147","9.4%","±4.0","216","±100","10.2%","±4.7","93","±73","6.3%","±5.2","277","±120","12.7%","±5.4","72","±38","4.5%","±2.3","158","±37","15.1%","±3.4","117","±58","8.0%","±3.9","353","±150","10.9%","±4.7","154","±98","9.1%","±5.5","101","±58","4.6%","±2.6","170","±89","5.6%","±3.0","89","±52","5.5%","±3.2","289","±105","12.3%","±4.7","238","±120","8.2%","±4.1","281","±129","11.3%","±4.8","203","±75","9.4%","±3.4","520","±199","16.3%","±5.8","260","±88","12.5%","±4.1"
"FERTILITY","","","","","","","","","","","","","","","","","","","","","","","","","","","","","","","","","","","","","","","","","","","","","","","","","","","","","","","","","","","","","","","","","","","","","","","","","","","",""
"    Number of women 15 to 50 years old who had a birth in the past 12 months","46","±41","46","(X)","27","±42","27","(X)","7","±11","7","(X)","37","±28","37","(X)","52","±49","52","(X)","36","±30","36","(X)","11","±11","11","(X)","56","±35","56","(X)","0","±17","0","(X)","36","±36","36","(X)","28","±31","28","(X)","108","±92","108","(X)","10","±19","10","(X)","48","±50","48","(X)","0","±17","0","(X)","52","±49","52","(X)","19","±19","19","(X)","14","±18","14","(X)","83","±56","83","(X)"
"        Unmarried women (widowed, divorced, and never married)","38","±41","82.6%","±33.5","0","±17","0.0%","±57.1","7","±11","100.0%","±100.0","12","±20","32.4%","±41.3","36","±50","69.2%","±55.2","29","±29","80.6%","±36.2","0","±12","0.0%","±89.4","0","±12","0.0%","±39.6","0","±17","-","**","0","±12","0.0%","±49.4","0","±17","0.0%","±56.0","0","±17","0.0%","±25.5","0","±12","0.0%","±93.8","0","±17","0.0%","±42.8","0","±17","-","**","10","±17","19.2%","±34.5","0","±12","0.0%","±68.0","0","±17","0.0%","±79.3","16","±25","19.3%","±28.8"
"            Per 1,000 unmarried women","120","±123","(X)","(X)","0","±37","(X)","(X)","12","±20","(X)","(X)","29","±50","(X)","(X)","64","±82","(X)","(X)","82","±79","(X)","(X)","0","±124","(X)","(X)","0","±86","(X)","(X)","0","±38","(X)","(X)","0","±71","(X)","(X)","0","±52","(X)","(X)","0","±40","(X)","(X)","0","±60","(X)","(X)","0","±48","(X)","(X)","0","±46","(X)","(X)","16","±28","(X)","(X)","0","±58","(X)","(X)","0","±31","(X)","(X)","34","±54","(X)","(X)"
"        Per 1,000 women 15 to 50 years old","65","±57","(X)","(X)","14","±21","(X)","(X)","6","±9","(X)","(X)","51","±40","(X)","(X)","46","±43","(X)","(X)","55","±46","(X)","(X)","21","±22","(X)","(X)","78","±51","(X)","(X)","0","±18","(X)","(X)","44","±46","(X)","(X)","22","±25","(X)","(X)","65","±53","(X)","(X)","12","±21","(X)","(X)","35","±38","(X)","(X)","0","±27","(X)","(X)","39","±38","(X)","(X)","20","±20","(X)","(X)","8","±10","(X)","(X)","87","±62","(X)","(X)"
"        Per 1,000 women 15 to 19 years old","0","±276","(X)","(X)","0","±91","(X)","(X)","0","±329","(X)","(X)","0","±188","(X)","(X)","0","±185","(X)","(X)","0","±344","(X)","(X)","0","±437","(X)","(X)","0","±208","(X)","(X)","0","±170","(X)","(X)","0","±367","(X)","(X)","0","±128","(X)","(X)","0","±108","(X)","(X)","0","±186","(X)","(X)","0","±133","(X)","(X)","0","±146","(X)","(X)","0","±165","(X)","(X)","0","±185","(X)","(X)","0","±200","(X)","(X)","0","±186","(X)","(X)"
"        Per 1,000 women 20 to 34 years old","163","±133","(X)","(X)","0","±66","(X)","(X)","0","±63","(X)","(X)","44","±74","(X)","(X)","105","±105","(X)","(X)","137","±116","(X)","(X)","0","±250","(X)","(X)","101","±96","(X)","(X)","0","±49","(X)","(X)","87","±96","(X)","(X)","28","±43","(X)","(X)","113","±138","(X)","(X)","31","±56","(X)","(X)","87","±94","(X)","(X)","0","±88","(X)","(X)","0","±55","(X)","(X)","21","±34","(X)","(X)","6","±15","(X)","(X)","131","±137","(X)","(X)"
"        Per 1,000 women 35 to 50 years old","0","±96","(X)","(X)","23","±36","(X)","(X)","12","±18","(X)","(X)","83","±70","(X)","(X)","11","±18","(X)","(X)","0","±98","(X)","(X)","31","±31","(X)","(X)","94","±75","(X)","(X)","0","±34","(X)","(X)","0","±89","(X)","(X)","26","±42","(X)","(X)","54","±56","(X)","(X)","0","±81","(X)","(X)","0","±52","(X)","(X)","0","±49","(X)","(X)","88","±84","(X)","(X)","27","±33","(X)","(X)","11","±17","(X)","(X)","84","±77","(X)","(X)"
"GRANDPARENTS","","","","","","","","","","","","","","","","","","","","","","","","","","","","","","","","","","","","","","","","","","","","","","","","","","","","","","","","","","","","","","","","","","","","","","","","","","","",""
"    Number of grandparents living with own grandchildren under 18 years","66","±60","66","(X)","91","±71","91","(X)","186","±101","186","(X)","70","±56","70","(X)","185","±80","185","(X)","49","±52","49","(X)","36","±28","36","(X)","26","±25","26","(X)","173","±130","173","(X)","65","±51","65","(X)","92","±66","92","(X)","0","±17","0","(X)","54","±52","54","(X)","101","±96","101","(X)","143","±102","143","(X)","153","±166","153","(X)","194","±83","194","(X)","23","±35","23","(X)","79","±72","79","(X)"
"        Grandparents responsible for grandchildren","40","±52","60.6%","±46.9","0","±17","0.0%","±29.2","56","±34","30.1%","±26.1","10","±16","14.3%","±24.8","6","±12","3.2%","±6.7","4","±7","8.2%","±20.1","11","±16","30.6%","±31.6","0","±12","0.0%","±58.2","43","±58","24.9%","±32.8","9","±12","13.8%","±20.8","0","±17","0.0%","±29.0","0","±17","-","**","0","±12","0.0%","±40.4","0","±17","0.0%","±26.9","76","±72","53.1%","±33.9","143","±168","93.5%","±28.4","44","±38","22.7%","±19.8","0","±17","0.0%","±61.8","61","±66","77.2%","±35.2"
"        Years responsible for grandchildren","","","","","","","","","","","","","","","","","","","","","","","","","","","","","","","","","","","","","","","","","","","","","","","","","","","","","","","","","","","","","","","","","","","","","","","","","","","",""
"            Less than 1 year","0","±12","0.0%","±36.3","0","±17","0.0%","±29.2","13","±20","7.0%","±11.6","0","±12","0.0%","±35.1","0","±17","0.0%","±16.1","0","±12","0.0%","±42.4","0","±12","0.0%","±49.4","0","±12","0.0%","±58.2","0","±17","0.0%","±17.0","0","±12","0.0%","±36.7","0","±17","0.0%","±29.0","0","±17","-","**","0","±12","0.0%","±40.4","0","±17","0.0%","±26.9","41","±47","28.7%","±31.0","114","±159","74.5%","±49.7","0","±12","0.0%","±15.4","0","±17","0.0%","±61.8","0","±17","0.0%","±32.4"
"            1 or 2 years","23","±30","34.8%","±28.2","0","±17","0.0%","±29.2","0","±12","0.0%","±16.0","0","±12","0.0%","±35.1","0","±17","0.0%","±16.1","0","±12","0.0%","±42.4","1","±4","2.8%","±11.6","0","±12","0.0%","±58.2","0","±17","0.0%","±17.0","5","±9","7.7%","±15.6","0","±17","0.0%","±29.0","0","±17","-","**","0","±12","0.0%","±40.4","0","±17","0.0%","±26.9","0","±17","0.0%","±20.2","0","±17","0.0%","±19.0","21","±23","10.8%","±11.7","0","±17","0.0%","±61.8","0","±17","0.0%","±32.4"
"            3 or 4 years","0","±12","0.0%","±36.3","0","±17","0.0%","±29.2","8","±12","4.3%","±6.4","0","±12","0.0%","±35.1","0","±17","0.0%","±16.1","0","±12","0.0%","±42.4","0","±12","0.0%","±49.4","0","±12","0.0%","±58.2","16","±25","9.2%","±16.1","0","±12","0.0%","±36.7","0","±17","0.0%","±29.0","0","±17","-","**","0","±12","0.0%","±40.4","0","±17","0.0%","±26.9","0","±17","0.0%","±20.2","0","±17","0.0%","±19.0","0","±12","0.0%","±15.4","0","±17","0.0%","±61.8","14","±22","17.7%","±31.3"
"            5 or more years","17","±23","25.8%","±20.3","0","±17","0.0%","±29.2","35","±35","18.8%","±24.3","10","±16","14.3%","±24.8","6","±12","3.2%","±6.7","4","±7","8.2%","±20.1","10","±14","27.8%","±28.3","0","±12","0.0%","±58.2","27","±53","15.6%","±29.1","4","±7","6.2%","±13.0","0","±17","0.0%","±29.0","0","±17","-","**","0","±12","0.0%","±40.4","0","±17","0.0%","±26.9","35","±56","24.5%","±33.6","29","±48","19.0%","±36.0","23","±28","11.9%","±14.3","0","±17","0.0%","±61.8","47","±62","59.5%","±45.1"
"    Number of grandparents responsible for own grandchildren under 18 years","40","±52","40","(X)","0","±17","0","(X)","56","±34","56","(X)","10","±16","10","(X)","6","±12","6","(X)","4","±7","4","(X)","11","±16","11","(X)","0","±12","0","(X)","43","±58","43","(X)","9","±12","9","(X)","0","±17","0","(X)","0","±17","0","(X)","0","±12","0","(X)","0","±17","0","(X)","76","±72","76","(X)","143","±168","143","(X)","44","±38","44","(X)","0","±17","0","(X)","61","±66","61","(X)"
"        Who are female","17","±23","42.5%","±11.1","0","±17","-","**","41","±29","73.2%","±25.1","10","±16","100.0%","±93.8","0","±17","0.0%","±100.0","4","±7","100.0%","±100.0","11","±16","100.0%","±89.4","0","±12","-","**","43","±58","100.0%","±45.2","9","±12","100.0%","±98.9","0","±17","-","**","0","±17","-","**","0","±12","-","**","0","±17","-","**","17","±27","22.4%","±26.8","74","±84","51.7%","±6.0","27","±28","61.4%","±35.9","0","±17","-","**","38","±38","62.3%","±22.7"
"        Who are married","40","±52","100.0%","±46.9","0","±17","-","**","22","±26","39.3%","±39.2","0","±12","0.0%","±93.8","0","±17","0.0%","±100.0","0","±12","0.0%","±100.0","0","±12","0.0%","±89.4","0","±12","-","**","0","±17","0.0%","±45.2","0","±12","0.0%","±98.9","0","±17","-","**","0","±17","-","**","0","±12","-","**","0","±17","-","**","35","±56","46.1%","±53.9","143","±168","100.0%","±20.2","21","±23","47.7%","±40.7","0","±17","-","**","47","±62","77.0%","±43.7"
"SCHOOL ENROLLMENT","","","","","","","","","","","","","","","","","","","","","","","","","","","","","","","","","","","","","","","","","","","","","","","","","","","","","","","","","","","","","","","","","","","","","","","","","","","",""
"    Population 3 years and over enrolled in school","839","±132","839","(X)","1,933","±266","1,933","(X)","940","±145","940","(X)","725","±138","725","(X)","1,124","±158","1,124","(X)","817","±172","817","(X)","504","±75","504","(X)","730","±125","730","(X)","1,696","±342","1,696","(X)","987","±190","987","(X)","1,246","±245","1,246","(X)","1,770","±305","1,770","(X)","782","±264","782","(X)","1,362","±277","1,362","(X)","1,495","±301","1,495","(X)","1,332","±349","1,332","(X)","1,114","±178","1,114","(X)","2,096","±379","2,096","(X)","1,150","±246","1,150","(X)"
"        Nursery school, preschool","11","±17","1.3%","±1.9","58","±43","3.0%","±2.2","54","±47","5.7%","±4.8","42","±46","5.8%","±6.1","73","±51","6.5%","±4.4","75","±47","9.2%","±5.7","44","±20","8.7%","±3.9","71","±39","9.7%","±5.6","0","±17","0.0%","±1.9","93","±67","9.4%","±6.8","18","±32","1.4%","±2.6","113","±87","6.4%","±4.8","57","±46","7.3%","±6.2","48","±37","3.5%","±2.9","51","±50","3.4%","±3.5","81","±56","6.1%","±4.3","74","±48","6.6%","±4.1","70","±59","3.3%","±2.8","72","±50","6.3%","±4.3"
"        Kindergarten","37","±34","4.4%","±4.0","35","±55","1.8%","±3.0","18","±21","1.9%","±2.3","17","±24","2.3%","±3.4","59","±50","5.2%","±4.5","28","±41","3.4%","±4.9","45","±22","8.9%","±4.3","9","±11","1.2%","±1.6","58","±56","3.4%","±3.3","22","±21","2.2%","±2.1","61","±66","4.9%","±5.3","68","±68","3.8%","±3.8","38","±40","4.9%","±5.3","37","±47","2.7%","±3.4","21","±33","1.4%","±2.4","16","±20","1.2%","±1.5","29","±20","2.6%","±1.8","109","±72","5.2%","±3.4","12","±20","1.0%","±1.8"
"        Elementary school (grades 1-8)","342","±113","40.8%","±12.2","726","±208","37.6%","±9.5","444","±117","47.2%","±10.2","291","±94","40.1%","±13.7","452","±110","40.2%","±8.0","417","±159","51.0%","±13.3","260","±53","51.6%","±7.5","268","±71","36.7%","±8.1","810","±245","47.8%","±12.0","372","±111","37.7%","±9.0","394","±103","31.6%","±9.6","632","±260","35.7%","±12.0","257","±124","32.9%","±11.4","534","±169","39.2%","±8.6","694","±175","46.4%","±10.6","419","±145","31.5%","±9.3","478","±137","42.9%","±9.8","1,008","±209","48.1%","±10.0","424","±197","36.9%","±13.3"
"        High school (grades 9-12)","247","±82","29.4%","±8.5","465","±163","24.1%","±8.3","218","±79","23.2%","±7.5","259","±108","35.7%","±12.6","343","±106","30.5%","±8.4","174","±63","21.3%","±8.4","104","±36","20.6%","±6.1","210","±82","28.8%","±10.3","355","±126","20.9%","±7.6","184","±84","18.6%","±7.6","374","±134","30.0%","±8.5","628","±187","35.5%","±10.5","225","±133","28.8%","±11.6","336","±97","24.7%","±7.4","508","±231","34.0%","±11.9","376","±142","28.2%","±8.4","298","±110","26.8%","±9.4","283","±110","13.5%","±3.9","326","±101","28.3%","±8.0"
"        College or graduate school","202","±94","24.1%","±10.3","649","±230","33.6%","±10.0","206","±83","21.9%","±7.9","116","±79","16.0%","±9.8","197","±92","17.5%","±8.0","123","±70","15.1%","±8.6","51","±31","10.1%","±5.8","172","±72","23.6%","±7.6","473","±236","27.9%","±11.1","316","±139","32.0%","±12.2","399","±163","32.0%","±8.4","329","±168","18.6%","±8.8","205","±101","26.2%","±11.0","407","±165","29.9%","±9.0","221","±103","14.8%","±6.0","440","±207","33.0%","±9.7","235","±93","21.1%","±7.4","626","±279","29.9%","±10.2","316","±133","27.5%","±10.1"
"EDUCATIONAL ATTAINMENT","","","","","","","","","","","","","","","","","","","","","","","","","","","","","","","","","","","","","","","","","","","","","","","","","","","","","","","","","","","","","","","","","","","","","","","","","","","",""
"    Population 25 years and over","2,464","±282","2,464","(X)","6,070","±302","6,070","(X)","3,616","±254","3,616","(X)","2,383","±205","2,383","(X)","3,909","±245","3,909","(X)","2,728","±181","2,728","(X)","1,797","±117","1,797","(X)","2,549","±228","2,549","(X)","5,624","±316","5,624","(X)","2,926","±212","2,926","(X)","3,560","±243","3,560","(X)","4,971","±333","4,971","(X)","2,869","±208","2,869","(X)","3,578","±312","3,578","(X)","4,594","±298","4,594","(X)","4,258","±373","4,258","(X)","3,538","±213","3,538","(X)","5,557","±305","5,557","(X)","3,573","±203","3,573","(X)"
"        Less than 9th grade","100","±72","4.1%","±3.0","184","±117","3.0%","±1.9","131","±81","3.6%","±2.3","82","±51","3.4%","±2.1","106","±60","2.7%","±1.5","9","±13","0.3%","±0.5","27","±21","1.5%","±1.2","47","±40","1.8%","±1.5","88","±104","1.6%","±1.9","124","±76","4.2%","±2.6","49","±45","1.4%","±1.3","186","±136","3.7%","±2.7","174","±123","6.1%","±4.2","31","±30","0.9%","±0.8","162","±146","3.5%","±3.2","127","±125","3.0%","±2.8","86","±50","2.4%","±1.4","421","±153","7.6%","±2.7","249","±153","7.0%","±4.2"
"        9th to 12th grade, no diploma","185","±95","7.5%","±3.6","136","±78","2.2%","±1.3","212","±90","5.9%","±2.5","58","±38","2.4%","±1.6","115","±49","2.9%","±1.3","74","±60","2.7%","±2.2","34","±21","1.9%","±1.2","28","±30","1.1%","±1.1","91","±63","1.6%","±1.1","117","±61","4.0%","±2.1","109","±72","3.1%","±2.0","215","±147","4.3%","±3.0","74","±58","2.6%","±2.1","144","±81","4.0%","±2.1","231","±129","5.0%","±2.8","141","±102","3.3%","±2.5","130","±74","3.7%","±2.0","327","±131","5.9%","±2.3","126","±70","3.5%","±2.0"
"        High school graduate (includes equivalency)","752","±132","30.5%","±5.1","2,143","±405","35.3%","±5.8","1,287","±198","35.6%","±4.6","692","±127","29.0%","±5.7","1,167","±204","29.9%","±4.8","605","±166","22.2%","±5.8","292","±67","16.2%","±3.7","661","±156","25.9%","±5.5","1,603","±399","28.5%","±6.5","814","±182","27.8%","±5.6","1,208","±288","33.9%","±7.2","1,295","±398","26.1%","±7.1","640","±133","22.3%","±4.5","788","±176","22.0%","±4.3","1,250","±272","27.2%","±5.1","1,092","±299","25.6%","±6.2","613","±154","17.3%","±4.3","1,463","±294","26.3%","±5.1","774","±169","21.7%","±4.7"
"        Some college, no degree","534","±168","21.7%","±5.8","865","±208","14.3%","±3.4","632","±155","17.5%","±4.2","222","±77","9.3%","±3.3","737","±178","18.9%","±3.9","359","±84","13.2%","±3.0","278","±63","15.5%","±3.6","476","±112","18.7%","±3.5","808","±202","14.4%","±3.6","518","±136","17.7%","±4.2","622","±133","17.5%","±3.9","1,095","±258","22.0%","±5.6","561","±140","19.6%","±4.2","559","±119","15.6%","±3.1","703","±225","15.3%","±5.0","846","±228","19.9%","±5.7","712","±151","20.1%","±4.2","1,039","±267","18.7%","±4.8","568","±126","15.9%","±3.4"
"        Associate's degree","141","±70","5.7%","±2.8","512","±171","8.4%","±2.9","342","±127","9.5%","±3.4","250","±96","10.5%","±3.9","229","±86","5.9%","±2.1","260","±126","9.5%","±4.5","86","±34","4.8%","±1.8","169","±61","6.6%","±2.5","535","±164","9.5%","±2.9","123","±62","4.2%","±2.2","426","±141","12.0%","±3.9","591","±206","11.9%","±4.1","266","±95","9.3%","±3.2","425","±139","11.9%","±3.5","419","±122","9.1%","±2.6","587","±155","13.8%","±3.7","296","±86","8.4%","±2.4","418","±164","7.5%","±2.9","340","±100","9.5%","±2.7"
"        Bachelor's degree","510","±152","20.7%","±5.0","1,423","±276","23.4%","±4.5","565","±140","15.6%","±3.7","732","±166","30.7%","±6.8","821","±180","21.0%","±4.6","673","±138","24.7%","±4.9","565","±97","31.4%","±4.7","540","±132","21.2%","±4.5","1,525","±282","27.1%","±4.9","651","±132","22.2%","±4.6","749","±157","21.0%","±4.3","796","±181","16.0%","±3.6","777","±255","27.1%","±9.1","867","±196","24.2%","±5.0","1,046","±234","22.8%","±4.8","987","±259","23.2%","±4.9","908","±150","25.7%","±3.8","947","±166","17.0%","±2.6","820","±145","22.9%","±4.0"
"        Graduate or professional degree","242","±94","9.8%","±3.8","807","±211","13.3%","±3.6","447","±120","12.4%","±3.2","347","±173","14.6%","±6.7","734","±147","18.8%","±4.1","748","±151","27.4%","±5.3","515","±87","28.7%","±4.3","628","±114","24.6%","±5.0","974","±267","17.3%","±4.6","579","±134","19.8%","±4.4","397","±127","11.2%","±3.6","793","±220","16.0%","±4.4","377","±135","13.1%","±4.5","764","±174","21.4%","±5.3","783","±235","17.0%","±4.9","478","±164","11.2%","±3.9","793","±139","22.4%","±3.7","942","±196","17.0%","±3.4","696","±138","19.5%","±3.7"
"        High school graduate or higher","2,179","±278","88.4%","±4.1","5,750","±320","94.7%","±2.2","3,273","±286","90.5%","±3.1","2,243","±200","94.1%","±2.6","3,688","±231","94.3%","±1.9","2,645","±184","97.0%","±2.4","1,736","±120","96.6%","±1.5","2,474","±208","97.1%","±2.2","5,445","±360","96.8%","±2.1","2,685","±211","91.8%","±2.9","3,402","±247","95.6%","±2.4","4,570","±355","91.9%","±3.6","2,621","±204","91.4%","±3.7","3,403","±275","95.1%","±2.3","4,201","±371","91.4%","±4.1","3,990","±368","93.7%","±2.8","3,322","±199","93.9%","±2.5","4,809","±329","86.5%","±3.3","3,198","±226","89.5%","±4.5"
"        Bachelor's degree or higher","752","±183","30.5%","±6.0","2,230","±331","36.7%","±5.5","1,012","±186","28.0%","±4.7","1,079","±243","45.3%","±8.5","1,555","±220","39.8%","±6.1","1,421","±208","52.1%","±7.2","1,080","±122","60.1%","±4.7","1,168","±149","45.8%","±5.5","2,499","±337","44.4%","±5.6","1,230","±204","42.0%","±6.8","1,146","±215","32.2%","±6.0","1,589","±289","32.0%","±5.7","1,154","±243","40.2%","±8.5","1,631","±199","45.6%","±5.6","1,829","±327","39.8%","±6.4","1,465","±298","34.4%","±5.5","1,701","±200","48.1%","±4.8","1,889","±278","34.0%","±4.4","1,516","±191","42.4%","±5.0"
"VETERAN STATUS","","","","","","","","","","","","","","","","","","","","","","","","","","","","","","","","","","","","","","","","","","","","","","","","","","","","","","","","","","","","","","","","","","","","","","","","","","","",""
"    Civilian population 18 years and over","2,754","±272","2,754","(X)","6,922","±344","6,922","(X)","3,966","±267","3,966","(X)","2,559","±238","2,559","(X)","4,200","±276","4,200","(X)","3,054","±215","3,054","(X)","1,865","±123","1,865","(X)","2,825","±241","2,825","(X)","6,151","±247","6,151","(X)","3,329","±251","3,329","(X)","4,045","±263","4,045","(X)","5,616","±378","5,616","(X)","3,214","±218","3,214","(X)","3,998","±339","3,998","(X)","5,095","±359","5,095","(X)","4,961","±455","4,961","(X)","3,935","±251","3,935","(X)","6,465","±356","6,465","(X)","3,965","±237","3,965","(X)"
"        Civilian veterans","178","±63","6.5%","±2.2","340","±135","4.9%","±1.9","175","±79","4.4%","±2.0","238","±77","9.3%","±3.3","263","±84","6.3%","±1.9","170","±76","5.6%","±2.5","109","±34","5.8%","±1.9","119","±52","4.2%","±1.9","191","±132","3.1%","±2.1","141","±70","4.2%","±2.2","182","±63","4.5%","±1.6","329","±106","5.9%","±1.9","78","±48","2.4%","±1.5","125","±55","3.1%","±1.4","287","±104","5.6%","±2.0","169","±70","3.4%","±1.4","174","±64","4.4%","±1.6","248","±119","3.8%","±1.9","175","±64","4.4%","±1.7"
"DISABILITY STATUS OF THE CIVILIAN NONINSTITUTIONALIZED POPULATION","","","","","","","","","","","","","","","","","","","","","","","","","","","","","","","","","","","","","","","","","","","","","","","","","","","","","","","","","","","","","","","","","","","","","","","","","","","",""
"    Total Civilian Noninstitutionalized Population","3,411","±314","3,411","(X)","8,405","±310","8,405","(X)","4,804","±328","4,804","(X)","3,263","±323","3,263","(X)","5,061","±288","5,061","(X)","3,825","±281","3,825","(X)","2,433","±166","2,433","(X)","3,457","±253","3,457","(X)","7,531","±305","7,531","(X)","4,066","±305","4,066","(X)","5,152","±325","5,152","(X)","7,290","±567","7,290","(X)","4,069","±315","4,069","(X)","5,225","±434","5,225","(X)","6,183","±484","6,183","(X)","6,129","±591","6,129","(X)","4,930","±329","4,930","(X)","8,139","±417","8,139","(X)","4,947","±340","4,947","(X)"
"        With a disability","369","±116","10.8%","±3.4","806","±201","9.6%","±2.4","663","±181","13.8%","±3.7","227","±94","7.0%","±2.9","649","±219","12.8%","±4.0","365","±107","9.5%","±2.8","340","±58","14.0%","±2.3","265","±81","7.7%","±2.2","747","±170","9.9%","±2.4","431","±107","10.6%","±2.6","541","±186","10.5%","±3.5","747","±264","10.2%","±3.6","426","±149","10.5%","±3.8","366","±110","7.0%","±2.0","845","±213","13.7%","±3.5","459","±139","7.5%","±2.5","360","±124","7.3%","±2.4","774","±170","9.5%","±2.0","372","±99","7.5%","±2.1"
"    Under 18 years","657","±112","657","(X)","1,485","±227","1,485","(X)","838","±144","838","(X)","704","±133","704","(X)","979","±149","979","(X)","771","±170","771","(X)","568","±72","568","(X)","632","±86","632","(X)","1,380","±243","1,380","(X)","737","±177","737","(X)","1,107","±178","1,107","(X)","1,674","±317","1,674","(X)","855","±240","855","(X)","1,227","±210","1,227","(X)","1,241","±216","1,241","(X)","1,168","±251","1,168","(X)","995","±164","995","(X)","1,674","±308","1,674","(X)","1,119","±223","1,119","(X)"
"        With a disability","84","±81","12.8%","±12.7","36","±50","2.4%","±3.3","46","±34","5.5%","±4.4","21","±28","3.0%","±4.1","21","±23","2.1%","±2.4","0","±12","0.0%","±4.1","18","±16","3.2%","±2.8","0","±12","0.0%","±5.0","80","±60","5.8%","±4.1","42","±30","5.7%","±3.9","38","±33","3.4%","±3.1","0","±17","0.0%","±1.9","37","±39","4.3%","±4.8","16","±24","1.3%","±1.9","0","±17","0.0%","±2.6","31","±32","2.7%","±2.8","10","±15","1.0%","±1.5","49","±40","2.9%","±2.5","0","±17","0.0%","±2.9"
"    18 to 64 years","2,304","±257","2,304","(X)","5,734","±335","5,734","(X)","3,164","±246","3,164","(X)","1,838","±241","1,838","(X)","3,205","±270","3,205","(X)","2,195","±199","2,195","(X)","1,443","±118","1,443","(X)","2,133","±231","2,133","(X)","5,173","±293","5,173","(X)","2,514","±273","2,514","(X)","3,379","±256","3,379","(X)","4,293","±360","4,293","(X)","2,537","±193","2,537","(X)","3,287","±316","3,287","(X)","3,358","±369","3,358","(X)","4,059","±543","4,059","(X)","3,048","±232","3,048","(X)","5,486","±360","5,486","(X)","3,056","±222","3,056","(X)"
"        With a disability","122","±64","5.3%","±2.7","309","±130","5.4%","±2.3","348","±113","11.0%","±3.4","69","±46","3.8%","±2.3","411","±210","12.8%","±5.9","207","±93","9.4%","±4.1","211","±54","14.6%","±3.6","111","±63","5.2%","±2.8","385","±153","7.4%","±2.9","122","±67","4.9%","±2.6","276","±151","8.2%","±4.3","207","±131","4.8%","±3.2","234","±117","9.2%","±4.5","203","±82","6.2%","±2.4","473","±174","14.1%","±5.2","156","±86","3.8%","±2.3","182","±102","6.0%","±3.3","484","±155","8.8%","±2.8","137","±48","4.5%","±1.6"
"    65 years and over","450","±91","450","(X)","1,186","±221","1,186","(X)","802","±97","802","(X)","721","±146","721","(X)","877","±102","877","(X)","859","±122","859","(X)","422","±58","422","(X)","692","±89","692","(X)","978","±195","978","(X)","815","±125","815","(X)","666","±78","666","(X)","1,323","±152","1,323","(X)","677","±123","677","(X)","711","±116","711","(X)","1,584","±163","1,584","(X)","902","±205","902","(X)","887","±91","887","(X)","979","±129","979","(X)","772","±85","772","(X)"
"        With a disability","163","±85","36.2%","±16.2","461","±147","38.9%","±10.4","269","±105","33.5%","±10.6","137","±76","19.0%","±9.9","217","±72","24.7%","±7.4","158","±74","18.4%","±8.3","111","±30","26.3%","±7.1","154","±69","22.3%","±9.7","282","±117","28.8%","±11.4","267","±88","32.8%","±9.3","227","±108","34.1%","±16.0","540","±220","40.8%","±15.1","155","±68","22.9%","±9.0","147","±68","20.7%","±8.7","372","±155","23.5%","±9.7","272","±103","30.2%","±8.5","168","±66","18.9%","±7.4","241","±96","24.6%","±9.5","235","±91","30.4%","±11.9"
"RESIDENCE 1 YEAR AGO","","","","","","","","","","","","","","","","","","","","","","","","","","","","","","","","","","","","","","","","","","","","","","","","","","","","","","","","","","","","","","","","","","","","","","","","","","","",""
"    Population 1 year and over","3,424","±313","3,424","(X)","8,383","±318","8,383","(X)","4,794","±333","4,794","(X)","3,212","±322","3,212","(X)","5,112","±302","5,112","(X)","3,782","±285","3,782","(X)","2,418","±163","2,418","(X)","3,401","±251","3,401","(X)","7,531","±305","7,531","(X)","4,018","±300","4,018","(X)","5,101","±317","5,101","(X)","7,235","±546","7,235","(X)","4,021","±293","4,021","(X)","5,176","±432","5,176","(X)","6,345","±477","6,345","(X)","6,020","±577","6,020","(X)","4,876","±319","4,876","(X)","8,130","±419","8,130","(X)","4,986","±339","4,986","(X)"
"        Same house","3,084","±339","90.1%","±5.8","7,764","±359","92.6%","±2.8","4,525","±328","94.4%","±3.0","3,081","±342","95.9%","±2.7","4,842","±302","94.7%","±2.9","3,586","±301","94.8%","±2.8","2,091","±172","86.5%","±4.4","3,074","±231","90.4%","±6.1","6,980","±390","92.7%","±4.6","3,871","±302","96.3%","±2.3","4,971","±313","97.5%","±1.3","7,025","±587","97.1%","±2.2","3,873","±290","96.3%","±3.3","4,750","±466","91.8%","±4.4","5,893","±478","92.9%","±3.4","5,768","±603","95.8%","±2.5","4,533","±320","93.0%","±2.9","7,253","±552","89.2%","±5.1","4,697","±365","94.2%","±2.7"
"        Different house in the U.S.","340","±202","9.9%","±5.8","587","±241","7.0%","±2.8","259","±149","5.4%","±3.0","131","±83","4.1%","±2.7","270","±152","5.3%","±2.9","182","±102","4.8%","±2.7","309","±105","12.8%","±4.2","323","±223","9.5%","±6.2","535","±348","7.1%","±4.6","117","±84","2.9%","±2.1","130","±68","2.5%","±1.3","210","±158","2.9%","±2.2","148","±135","3.7%","±3.3","426","±229","8.2%","±4.4","452","±223","7.1%","±3.4","252","±150","4.2%","±2.5","327","±142","6.7%","±2.8","750","±407","9.2%","±5.0","289","±133","5.8%","±2.7"
"            Same county","47","±47","1.4%","±1.4","86","±78","1.0%","±0.9","130","±120","2.7%","±2.5","92","±72","2.9%","±2.3","146","±142","2.9%","±2.8","20","±30","0.5%","±0.8","174","±102","7.2%","±4.2","84","±61","2.5%","±1.7","233","±239","3.1%","±3.2","39","±44","1.0%","±1.1","0","±17","0.0%","±0.6","73","±72","1.0%","±1.0","111","±132","2.8%","±3.2","101","±122","2.0%","±2.3","242","±205","3.8%","±3.2","191","±144","3.2%","±2.4","149","±118","3.1%","±2.4","279","±145","3.4%","±1.8","25","±28","0.5%","±0.6"
"            Different county","293","±195","8.6%","±5.5","501","±222","6.0%","±2.6","129","±83","2.7%","±1.7","39","±45","1.2%","±1.4","124","±89","2.4%","±1.7","162","±97","4.3%","±2.6","135","±50","5.6%","±2.0","239","±171","7.0%","±4.7","302","±226","4.0%","±2.9","78","±70","1.9%","±1.7","130","±68","2.5%","±1.3","137","±136","1.9%","±1.9","37","±36","0.9%","±0.9","325","±194","6.3%","±3.7","210","±107","3.3%","±1.7","61","±55","1.0%","±0.9","178","±93","3.7%","±1.9","471","±352","5.8%","±4.3","264","±131","5.3%","±2.7"
"                Same state","293","±195","8.6%","±5.5","368","±143","4.4%","±1.7","92","±56","1.9%","±1.2","27","±41","0.8%","±1.3","104","±80","2.0%","±1.5","120","±83","3.2%","±2.2","99","±47","4.1%","±1.9","194","±164","5.7%","±4.6","259","±222","3.4%","±2.9","78","±70","1.9%","±1.7","99","±63","1.9%","±1.2","137","±136","1.9%","±1.9","37","±36","0.9%","±0.9","311","±194","6.0%","±3.7","210","±107","3.3%","±1.7","50","±49","0.8%","±0.8","140","±85","2.9%","±1.8","379","±348","4.7%","±4.3","247","±127","5.0%","±2.6"
"                Different state","0","±12","0.0%","±0.9","133","±141","1.6%","±1.7","37","±59","0.8%","±1.2","12","±20","0.4%","±0.6","20","±39","0.4%","±0.8","42","±47","1.1%","±1.2","36","±26","1.5%","±1.1","45","±40","1.3%","±1.2","43","±49","0.6%","±0.6","0","±12","0.0%","±0.8","31","±49","0.6%","±1.0","0","±17","0.0%","±0.4","0","±12","0.0%","±0.8","14","±18","0.3%","±0.4","0","±17","0.0%","±0.5","11","±18","0.2%","±0.3","38","±38","0.8%","±0.8","92","±65","1.1%","±0.8","17","±19","0.3%","±0.4"
"        Abroad","0","±12","0.0%","±0.9","32","±49","0.4%","±0.6","10","±18","0.2%","±0.4","0","±12","0.0%","±1.0","0","±17","0.0%","±0.6","14","±23","0.4%","±0.6","18","±30","0.7%","±1.2","4","±8","0.1%","±0.2","16","±26","0.2%","±0.3","30","±34","0.7%","±0.8","0","±17","0.0%","±0.6","0","±17","0.0%","±0.4","0","±12","0.0%","±0.8","0","±17","0.0%","±0.6","0","±17","0.0%","±0.5","0","±17","0.0%","±0.5","16","±25","0.3%","±0.5","127","±106","1.6%","±1.3","0","±17","0.0%","±0.6"
"PLACE OF BIRTH","","","","","","","","","","","","","","","","","","","","","","","","","","","","","","","","","","","","","","","","","","","","","","","","","","","","","","","","","","","","","","","","","","","","","","","","","","","",""
"    Total population","3,455","±313","3,455","(X)","8,411","±310","8,411","(X)","4,804","±328","4,804","(X)","3,263","±323","3,263","(X)","5,179","±294","5,179","(X)","3,825","±281","3,825","(X)","2,433","±166","2,433","(X)","3,457","±253","3,457","(X)","7,531","±305","7,531","(X)","4,066","±305","4,066","(X)","5,152","±325","5,152","(X)","7,290","±567","7,290","(X)","4,069","±315","4,069","(X)","5,225","±434","5,225","(X)","6,345","±477","6,345","(X)","6,129","±591","6,129","(X)","4,930","±329","4,930","(X)","8,139","±417","8,139","(X)","5,084","±341","5,084","(X)"
"        Native","2,885","±268","83.5%","±4.9","7,570","±389","90.0%","±3.7","4,069","±358","84.7%","±5.1","2,872","±324","88.0%","±3.9","4,459","±342","86.1%","±4.6","3,682","±286","96.3%","±1.5","2,210","±151","90.8%","±2.3","3,136","±253","90.7%","±2.7","6,372","±565","84.6%","±5.8","3,670","±327","90.3%","±3.4","4,441","±330","86.2%","±3.5","6,410","±553","87.9%","±5.3","3,698","±310","90.9%","±4.9","4,689","±500","89.7%","±4.6","5,780","±517","91.1%","±3.0","5,222","±616","85.2%","±6.4","4,284","±303","86.9%","±3.0","6,279","±488","77.1%","±4.3","4,319","±381","85.0%","±6.2"
"            Born in United States","2,796","±259","80.9%","±4.8","7,495","±387","89.1%","±3.8","3,897","±362","81.1%","±5.0","2,855","±323","87.5%","±3.9","4,406","±337","85.1%","±4.9","3,596","±258","94.0%","±2.3","2,169","±150","89.1%","±2.4","3,041","±258","88.0%","±3.1","6,260","±545","83.1%","±5.6","3,630","±316","89.3%","±3.4","4,380","±325","85.0%","±3.7","6,167","±559","84.6%","±6.4","3,698","±310","90.9%","±4.9","4,645","±502","88.9%","±4.7","5,662","±516","89.2%","±3.2","5,192","±607","84.7%","±6.4","4,240","±298","86.0%","±2.8","6,066","±486","74.5%","±4.2","4,277","±368","84.1%","±5.9"
"                State of residence","2,382","±246","68.9%","±4.2","5,295","±535","63.0%","±6.1","3,457","±363","72.0%","±5.5","2,538","±338","77.8%","±4.9","3,701","±362","71.5%","±6.4","2,872","±269","75.1%","±5.6","1,659","±145","68.2%","±3.9","2,395","±224","69.3%","±5.0","5,384","±515","71.5%","±5.9","3,193","±305","78.5%","±4.1","4,187","±357","81.3%","±4.6","5,549","±570","76.1%","±6.8","3,474","±344","85.4%","±5.9","4,212","±479","80.6%","±5.0","4,959","±509","78.2%","±4.4","4,886","±569","79.7%","±6.1","3,479","±333","70.6%","±5.0","5,314","±468","65.3%","±4.3","3,507","±361","69.0%","±7.0"
"                Different state","414","±116","12.0%","±3.5","2,200","±475","26.2%","±5.6","440","±133","9.2%","±2.7","317","±117","9.7%","±3.8","705","±186","13.6%","±3.4","724","±181","18.9%","±4.4","510","±84","21.0%","±3.2","646","±165","18.7%","±4.2","876","±240","11.6%","±3.0","437","±137","10.7%","±3.3","193","±126","3.7%","±2.5","618","±233","8.5%","±3.2","224","±136","5.5%","±3.4","433","±138","8.3%","±2.6","703","±242","11.1%","±3.7","306","±147","5.0%","±2.3","761","±195","15.4%","±3.8","752","±215","9.2%","±2.6","770","±276","15.1%","±5.2"
"            Born in Puerto Rico, U.S. Island areas, or born abroad to American parent(s)","89","±59","2.6%","±1.7","75","±65","0.9%","±0.8","172","±85","3.6%","±1.8","17","±22","0.5%","±0.7","53","±82","1.0%","±1.6","86","±79","2.2%","±2.0","41","±17","1.7%","±0.7","95","±53","2.7%","±1.5","112","±98","1.5%","±1.3","40","±46","1.0%","±1.1","61","±55","1.2%","±1.1","243","±164","3.3%","±2.2","0","±12","0.0%","±0.8","44","±41","0.8%","±0.8","118","±61","1.9%","±1.0","30","±30","0.5%","±0.5","44","±34","0.9%","±0.7","213","±152","2.6%","±1.9","42","±40","0.8%","±0.8"
"        Foreign born","570","±191","16.5%","±4.9","841","±317","10.0%","±3.7","735","±256","15.3%","±5.1","391","±127","12.0%","±3.9","720","±245","13.9%","±4.6","143","±55","3.7%","±1.5","223","±61","9.2%","±2.3","321","±95","9.3%","±2.7","1,159","±429","15.4%","±5.8","396","±137","9.7%","±3.4","711","±187","13.8%","±3.5","880","±404","12.1%","±5.3","371","±207","9.1%","±4.9","536","±237","10.3%","±4.6","565","±188","8.9%","±3.0","907","±408","14.8%","±6.4","646","±161","13.1%","±3.0","1,860","±362","22.9%","±4.3","765","±331","15.0%","±6.2"
"U.S. CITIZENSHIP STATUS","","","","","","","","","","","","","","","","","","","","","","","","","","","","","","","","","","","","","","","","","","","","","","","","","","","","","","","","","","","","","","","","","","","","","","","","","","","",""
"    Foreign-born population","570","±191","570","(X)","841","±317","841","(X)","735","±256","735","(X)","391","±127","391","(X)","720","±245","720","(X)","143","±55","143","(X)","223","±61","223","(X)","321","±95","321","(X)","1,159","±429","1,159","(X)","396","±137","396","(X)","711","±187","711","(X)","880","±404","880","(X)","371","±207","371","(X)","536","±237","536","(X)","565","±188","565","(X)","907","±408","907","(X)","646","±161","646","(X)","1,860","±362","1,860","(X)","765","±331","765","(X)"
"        Naturalized U.S. citizen","314","±151","55.1%","±13.6","482","±157","57.3%","±15.8","443","±152","60.3%","±15.5","315","±119","80.6%","±11.9","439","±169","61.0%","±11.9","112","±47","78.3%","±15.4","134","±44","60.1%","±13.6","203","±81","63.2%","±14.4","990","±427","85.4%","±9.7","258","±104","65.2%","±11.4","546","±174","76.8%","±12.6","463","±205","52.6%","±20.6","233","±131","62.8%","±31.7","270","±145","50.4%","±22.5","457","±179","80.9%","±17.0","724","±351","79.8%","±13.6","392","±112","60.7%","±11.3","595","±188","32.0%","±9.5","505","±255","66.0%","±14.8"
"        Not a U.S. citizen","256","±91","44.9%","±13.6","359","±223","42.7%","±15.8","292","±181","39.7%","±15.5","76","±48","19.4%","±11.9","281","±129","39.0%","±11.9","31","±26","21.7%","±15.4","89","±42","39.9%","±13.6","118","±56","36.8%","±14.4","169","±92","14.6%","±9.7","138","±62","34.8%","±11.4","165","±97","23.2%","±12.6","417","±319","47.4%","±20.6","138","±158","37.2%","±31.7","266","±183","49.6%","±22.5","108","±100","19.1%","±17.0","183","±149","20.2%","±13.6","254","±103","39.3%","±11.3","1,265","±334","68.0%","±9.5","260","±148","34.0%","±14.8"
"YEAR OF ENTRY","","","","","","","","","","","","","","","","","","","","","","","","","","","","","","","","","","","","","","","","","","","","","","","","","","","","","","","","","","","","","","","","","","","","","","","","","","","",""
"    Population born outside the United States","659","±191","659","(X)","916","±329","916","(X)","907","±247","907","(X)","408","±126","408","(X)","773","±260","773","(X)","229","±92","229","(X)","264","±65","264","(X)","416","±108","416","(X)","1,271","±414","1,271","(X)","436","±136","436","(X)","772","±199","772","(X)","1,123","±493","1,123","(X)","371","±207","371","(X)","580","±241","580","(X)","683","±197","683","(X)","937","±408","937","(X)","690","±153","690","(X)","2,073","±346","2,073","(X)","807","±315","807","(X)"
"        Native","89","±59","89","(X)","75","±65","75","(X)","172","±85","172","(X)","17","±22","17","(X)","53","±82","53","(X)","86","±79","86","(X)","41","±17","41","(X)","95","±53","95","(X)","112","±98","112","(X)","40","±46","40","(X)","61","±55","61","(X)","243","±164","243","(X)","0","±12","0","(X)","44","±41","44","(X)","118","±61","118","(X)","30","±30","30","(X)","44","±34","44","(X)","213","±152","213","(X)","42","±40","42","(X)"
"            Entered 2010 or later","0","±12","0.0%","±29.7","9","±20","12.0%","±26.9","54","±51","31.4%","±25.6","0","±12","0.0%","±71.9","11","±18","20.8%","±5.6","0","±12","0.0%","±30.5","6","±10","14.6%","±21.9","0","±12","0.0%","±28.3","0","±17","0.0%","±24.8","0","±12","0.0%","±46.9","0","±17","0.0%","±38.0","0","±17","0.0%","±12.5","0","±12","-","**","31","±39","70.5%","±41.9","0","±17","0.0%","±23.7","0","±17","0.0%","±54.1","0","±12","0.0%","±44.7","0","±17","0.0%","±14.1","0","±17","0.0%","±45.8"
"            Entered before 2010","89","±59","100.0%","±29.7","66","±61","88.0%","±26.9","118","±71","68.6%","±25.6","17","±22","100.0%","±71.9","42","±64","79.2%","±5.6","86","±79","100.0%","±30.5","35","±15","85.4%","±21.9","95","±53","100.0%","±28.3","112","±98","100.0%","±24.8","40","±46","100.0%","±46.9","61","±55","100.0%","±38.0","243","±164","100.0%","±12.5","0","±12","-","**","13","±17","29.5%","±41.9","118","±61","100.0%","±23.7","30","±30","100.0%","±54.1","44","±34","100.0%","±44.7","213","±152","100.0%","±14.1","42","±40","100.0%","±45.8"
"        Foreign born","570","±191","570","(X)","841","±317","841","(X)","735","±256","735","(X)","391","±127","391","(X)","720","±245","720","(X)","143","±55","143","(X)","223","±61","223","(X)","321","±95","321","(X)","1,159","±429","1,159","(X)","396","±137","396","(X)","711","±187","711","(X)","880","±404","880","(X)","371","±207","371","(X)","536","±237","536","(X)","565","±188","565","(X)","907","±408","907","(X)","646","±161","646","(X)","1,860","±362","1,860","(X)","765","±331","765","(X)"
"            Entered 2010 or later","47","±48","8.2%","±8.5","165","±135","19.6%","±11.6","24","±29","3.3%","±3.8","0","±12","0.0%","±8.0","51","±57","7.1%","±7.6","0","±12","0.0%","±20.2","30","±20","13.5%","±7.9","7","±12","2.2%","±3.8","297","±198","25.6%","±11.0","14","±23","3.5%","±5.7","38","±58","5.3%","±7.8","99","±134","11.3%","±14.9","0","±12","0.0%","±8.4","41","±49","7.6%","±10.0","0","±17","0.0%","±5.6","34","±60","3.7%","±6.1","11","±16","1.7%","±2.4","341","±146","18.3%","±6.7","86","±115","11.2%","±12.1"
"            Entered before 2010","523","±187","91.8%","±8.5","676","±217","80.4%","±11.6","711","±249","96.7%","±3.8","391","±127","100.0%","±8.0","669","±232","92.9%","±7.6","143","±55","100.0%","±20.2","193","±54","86.5%","±7.9","314","±95","97.8%","±3.8","862","±274","74.4%","±11.0","382","±137","96.5%","±5.7","673","±171","94.7%","±7.8","781","±374","88.8%","±14.9","371","±207","100.0%","±8.4","495","±235","92.4%","±10.0","565","±188","100.0%","±5.6","873","±390","96.3%","±6.1","635","±159","98.3%","±2.4","1,519","±311","81.7%","±6.7","679","±252","88.8%","±12.1"
"WORLD REGION OF BIRTH OF FOREIGN BORN","","","","","","","","","","","","","","","","","","","","","","","","","","","","","","","","","","","","","","","","","","","","","","","","","","","","","","","","","","","","","","","","","","","","","","","","","","","",""
"    Foreign-born population, excluding population born at sea","570","±191","570","(X)","841","±317","841","(X)","735","±256","735","(X)","391","±127","391","(X)","720","±245","720","(X)","143","±55","143","(X)","223","±61","223","(X)","321","±95","321","(X)","1,159","±429","1,159","(X)","396","±137","396","(X)","711","±187","711","(X)","880","±404","880","(X)","371","±207","371","(X)","536","±237","536","(X)","565","±188","565","(X)","907","±408","907","(X)","646","±161","646","(X)","1,860","±362","1,860","(X)","765","±331","765","(X)"
"        Europe","173","±110","30.4%","±15.1","187","±94","22.2%","±13.1","145","±84","19.7%","±11.8","120","±86","30.7%","±17.4","342","±124","47.5%","±19.1","110","±48","76.9%","±17.6","119","±41","53.4%","±12.0","163","±66","50.8%","±16.8","380","±190","32.8%","±16.5","160","±72","40.4%","±19.5","325","±126","45.7%","±12.5","402","±258","45.7%","±24.3","196","±119","52.8%","±32.8","341","±189","63.6%","±17.1","403","±153","71.3%","±16.7","376","±185","41.5%","±13.6","139","±64","21.5%","±9.1","136","±102","7.3%","±5.4","135","±75","17.6%","±10.7"
"        Asia","69","±55","12.1%","±9.3","118","±82","14.0%","±11.7","94","±104","12.8%","±13.3","46","±62","11.8%","±15.0","15","±18","2.1%","±2.7","14","±17","9.8%","±11.4","35","±22","15.7%","±8.8","48","±35","15.0%","±9.7","187","±162","16.1%","±13.5","25","±26","6.3%","±6.4","86","±64","12.1%","±8.7","159","±149","18.1%","±16.3","52","±70","14.0%","±18.5","9","±12","1.7%","±2.3","55","±85","9.7%","±14.6","88","±82","9.7%","±8.9","150","±79","23.2%","±11.4","286","±97","15.4%","±5.4","153","±95","20.0%","±14.1"
"        Africa","0","±12","0.0%","±5.5","4","±9","0.5%","±1.1","44","±60","6.0%","±8.0","0","±12","0.0%","±8.0","5","±7","0.7%","±1.0","0","±12","0.0%","±20.2","4","±6","1.8%","±2.8","0","±12","0.0%","±9.6","437","±357","37.7%","±23.4","14","±23","3.5%","±5.7","0","±17","0.0%","±4.5","0","±17","0.0%","±3.6","8","±14","2.2%","±4.2","0","±17","0.0%","±5.9","0","±17","0.0%","±5.6","13","±21","1.4%","±2.4","7","±33","1.1%","±5.1","0","±17","0.0%","±1.7","34","±33","4.4%","±4.6"
"        Oceania","0","±12","0.0%","±5.5","0","±17","0.0%","±3.8","0","±12","0.0%","±4.3","0","±12","0.0%","±8.0","10","±17","1.4%","±2.4","0","±12","0.0%","±20.2","9","±13","4.0%","±5.5","0","±12","0.0%","±9.6","0","±17","0.0%","±2.8","0","±12","0.0%","±7.9","38","±58","5.3%","±7.8","0","±17","0.0%","±3.6","0","±12","0.0%","±8.4","0","±17","0.0%","±5.9","0","±17","0.0%","±5.6","0","±17","0.0%","±3.5","0","±12","0.0%","±4.9","0","±17","0.0%","±1.7","0","±17","0.0%","±4.2"
"        Latin America","323","±135","56.7%","±15.9","437","±237","52.0%","±14.0","452","±219","61.5%","±17.3","206","±77","52.7%","±19.4","348","±225","48.3%","±19.5","9","±14","6.3%","±9.6","40","±28","17.9%","±10.7","87","±65","27.1%","±16.7","155","±84","13.4%","±9.9","192","±132","48.5%","±21.5","262","±111","36.8%","±13.6","319","±276","36.3%","±24.5","115","±167","31.0%","±36.7","157","±108","29.3%","±16.8","88","±72","15.6%","±11.9","430","±276","47.4%","±16.2","310","±122","48.0%","±12.4","1,407","±348","75.6%","±8.2","433","±291","56.6%","±19.3"
"        Northern America","5","±9","0.9%","±1.6","95","±102","11.3%","±9.9","0","±12","0.0%","±4.3","19","±24","4.9%","±6.1","0","±17","0.0%","±4.4","10","±16","7.0%","±10.1","16","±13","7.2%","±5.6","23","±27","7.2%","±8.4","0","±17","0.0%","±2.8","5","±8","1.3%","±2.0","0","±17","0.0%","±4.5","0","±17","0.0%","±3.6","0","±12","0.0%","±8.4","29","±31","5.4%","±6.3","19","±32","3.4%","±5.8","0","±17","0.0%","±3.5","40","±40","6.2%","±5.7","31","±35","1.7%","±1.9","10","±16","1.3%","±2.0"
"LANGUAGE SPOKEN AT HOME","","","","","","","","","","","","","","","","","","","","","","","","","","","","","","","","","","","","","","","","","","","","","","","","","","","","","","","","","","","","","","","","","","","","","","","","","","","",""
"    Population 5 years and over","3,324","±320","3,324","(X)","8,165","±332","8,165","(X)","4,645","±326","4,645","(X)","3,113","±307","3,113","(X)","4,968","±310","4,968","(X)","3,661","±280","3,661","(X)","2,286","±155","2,286","(X)","3,252","±250","3,252","(X)","7,374","±309","7,374","(X)","3,864","±289","3,864","(X)","4,856","±309","4,856","(X)","6,874","±535","6,874","(X)","3,711","±290","3,711","(X)","4,944","±416","4,944","(X)","6,225","±491","6,225","(X)","5,736","±539","5,736","(X)","4,764","±312","4,764","(X)","7,864","±412","7,864","(X)","4,768","±322","4,768","(X)"
"        English only","2,484","±376","74.7%","±6.2","6,828","±392","83.6%","±4.0","3,680","±362","79.2%","±5.9","2,335","±302","75.0%","±8.2","4,190","±398","84.3%","±6.9","3,500","±280","95.6%","±2.2","1,994","±170","87.2%","±4.2","2,770","±258","85.2%","±4.1","6,468","±409","87.7%","±3.4","3,384","±279","87.6%","±3.4","3,971","±336","81.8%","±5.6","5,030","±610","73.2%","±9.3","3,116","±329","84.0%","±8.1","4,160","±453","84.1%","±5.8","5,516","±542","88.6%","±3.5","4,632","±614","80.8%","±8.1","3,989","±280","83.7%","±3.6","5,350","±484","68.0%","±5.1","3,717","±395","78.0%","±6.2"
"        Language other than English","840","±187","25.3%","±6.2","1,337","±342","16.4%","±4.0","965","±286","20.8%","±5.9","778","±276","25.0%","±8.2","778","±353","15.7%","±6.9","161","±80","4.4%","±2.2","292","±98","12.8%","±4.2","482","±137","14.8%","±4.1","906","±248","12.3%","±3.4","480","±138","12.4%","±3.4","885","±287","18.2%","±5.6","1,844","±701","26.8%","±9.3","595","±317","16.0%","±8.1","784","±297","15.9%","±5.8","709","±211","11.4%","±3.5","1,104","±483","19.2%","±8.1","775","±190","16.3%","±3.6","2,514","±426","32.0%","±5.1","1,051","±302","22.0%","±6.2"
"            Speak English less than ""very well""","222","±98","6.7%","±2.9","247","±165","3.0%","±2.0","352","±152","7.6%","±3.2","185","±76","5.9%","±2.4","252","±145","5.1%","±2.9","15","±23","0.4%","±0.6","32","±20","1.4%","±0.9","149","±60","4.6%","±1.9","187","±99","2.5%","±1.3","141","±63","3.6%","±1.6","256","±126","5.3%","±2.6","414","±259","6.0%","±3.8","100","±70","2.7%","±1.9","171","±98","3.5%","±1.9","173","±123","2.8%","±2.0","302","±223","5.3%","±3.8","254","±106","5.3%","±2.1","1,055","±255","13.4%","±3.2","285","±153","6.0%","±3.2"
"        Spanish","682","±176","20.5%","±5.5","687","±252","8.4%","±3.0","690","±245","14.9%","±5.0","344","±85","11.1%","±2.8","445","±278","9.0%","±5.6","98","±64","2.7%","±1.7","135","±68","5.9%","±2.9","244","±109","7.5%","±3.3","341","±151","4.6%","±2.0","288","±118","7.5%","±3.0","223","±91","4.6%","±1.9","466","±335","6.8%","±4.6","213","±216","5.7%","±5.7","418","±215","8.5%","±4.2","248","±101","4.0%","±1.6","475","±242","8.3%","±4.3","504","±131","10.6%","±2.5","2,014","±438","25.6%","±5.1","639","±264","13.4%","±5.4"
"            Speak English less than ""very well""","162","±79","4.9%","±2.3","120","±147","1.5%","±1.8","243","±106","5.2%","±2.2","131","±64","4.2%","±2.1","110","±83","2.2%","±1.6","15","±23","0.4%","±0.6","13","±14","0.6%","±0.6","104","±52","3.2%","±1.6","95","±58","1.3%","±0.8","94","±64","2.4%","±1.6","124","±78","2.6%","±1.6","16","±22","0.2%","±0.3","0","±12","0.0%","±0.9","94","±82","1.9%","±1.6","35","±51","0.6%","±0.8","100","±105","1.7%","±1.7","183","±96","3.8%","±2.0","882","±233","11.2%","±2.9","230","±149","4.8%","±3.1"
"        Other Indo-European languages","98","±76","2.9%","±2.3","562","±257","6.9%","±3.1","130","±67","2.8%","±1.4","367","±273","11.8%","±8.5","210","±133","4.2%","±2.6","55","±43","1.5%","±1.2","115","±51","5.0%","±2.2","194","±111","6.0%","±3.4","377","±170","5.1%","±2.4","171","±91","4.4%","±2.3","585","±264","12.0%","±5.2","1,148","±472","16.7%","±6.4","343","±254","9.2%","±6.7","318","±182","6.4%","±3.6","406","±171","6.5%","±2.8","590","±370","10.3%","±6.2","178","±97","3.7%","±2.0","244","±151","3.1%","±1.9","303","±158","6.4%","±3.4"
"            Speak English less than ""very well""","17","±20","0.5%","±0.6","101","±76","1.2%","±0.9","21","±26","0.5%","±0.6","27","±31","0.9%","±1.0","113","±103","2.3%","±2.1","0","±12","0.0%","±0.9","14","±11","0.6%","±0.5","32","±33","1.0%","±1.0","55","±69","0.7%","±0.9","40","±36","1.0%","±0.9","120","±96","2.5%","±2.0","300","±254","4.4%","±3.7","77","±56","2.1%","±1.5","77","±65","1.6%","±1.3","83","±81","1.3%","±1.3","177","±172","3.1%","±3.0","54","±40","1.1%","±0.8","118","±89","1.5%","±1.1","34","±33","0.7%","±0.7"
"        Asian and Pacific Islander languages","60","±51","1.8%","±1.6","68","±50","0.8%","±0.6","116","±141","2.5%","±3.0","58","±84","1.9%","±2.7","0","±17","0.0%","±0.7","8","±13","0.2%","±0.4","32","±23","1.4%","±1.0","35","±34","1.1%","±1.0","125","±133","1.7%","±1.8","7","±11","0.2%","±0.3","14","±22","0.3%","±0.5","230","±189","3.3%","±2.8","39","±68","1.1%","±1.9","0","±17","0.0%","±0.7","0","±17","0.0%","±0.5","39","±51","0.7%","±0.9","74","±63","1.6%","±1.3","154","±132","2.0%","±1.7","71","±76","1.5%","±1.6"
"            Speak English less than ""very well""","43","±48","1.3%","±1.5","26","±41","0.3%","±0.5","78","±101","1.7%","±2.2","27","±40","0.9%","±1.3","0","±17","0.0%","±0.7","0","±12","0.0%","±0.9","5","±7","0.2%","±0.3","13","±22","0.4%","±0.7","37","±55","0.5%","±0.8","7","±11","0.2%","±0.3","0","±17","0.0%","±0.7","98","±86","1.4%","±1.3","23","±42","0.6%","±1.1","0","±17","0.0%","±0.7","0","±17","0.0%","±0.5","25","±30","0.4%","±0.5","17","±27","0.4%","±0.6","55","±79","0.7%","±1.0","21","±30","0.4%","±0.6"
"        Other languages","0","±12","0.0%","±1.0","20","±24","0.2%","±0.3","29","±33","0.6%","±0.7","9","±14","0.3%","±0.5","123","±184","2.5%","±3.7","0","±12","0.0%","±0.9","10","±14","0.4%","±0.6","9","±15","0.3%","±0.5","63","±77","0.9%","±1.0","14","±23","0.4%","±0.6","63","±62","1.3%","±1.3","0","±17","0.0%","±0.5","0","±12","0.0%","±0.9","48","±52","1.0%","±1.1","55","±85","0.9%","±1.4","0","±17","0.0%","±0.6","19","±35","0.4%","±0.7","102","±140","1.3%","±1.8","38","±43","0.8%","±0.9"
"            Speak English less than ""very well""","0","±12","0.0%","±1.0","0","±17","0.0%","±0.4","10","±15","0.2%","±0.3","0","±12","0.0%","±1.0","29","±38","0.6%","±0.8","0","±12","0.0%","±0.9","0","±12","0.0%","±1.4","0","±12","0.0%","±1.0","0","±17","0.0%","±0.4","0","±12","0.0%","±0.8","12","±18","0.2%","±0.4","0","±17","0.0%","±0.5","0","±12","0.0%","±0.9","0","±17","0.0%","±0.7","55","±85","0.9%","±1.4","0","±17","0.0%","±0.6","0","±12","0.0%","±0.7","0","±17","0.0%","±0.4","0","±17","0.0%","±0.7"
"ANCESTRY","","","","","","","","","","","","","","","","","","","","","","","","","","","","","","","","","","","","","","","","","","","","","","","","","","","","","","","","","","","","","","","","","","","","","","","","","","","",""
"    Total population","3,455","±313","3,455","(X)","8,411","±310","8,411","(X)","4,804","±328","4,804","(X)","3,263","±323","3,263","(X)","5,179","±294","5,179","(X)","3,825","±281","3,825","(X)","2,433","±166","2,433","(X)","3,457","±253","3,457","(X)","7,531","±305","7,531","(X)","4,066","±305","4,066","(X)","5,152","±325","5,152","(X)","7,290","±567","7,290","(X)","4,069","±315","4,069","(X)","5,225","±434","5,225","(X)","6,345","±477","6,345","(X)","6,129","±591","6,129","(X)","4,930","±329","4,930","(X)","8,139","±417","8,139","(X)","5,084","±341","5,084","(X)"
"        American","127","±73","3.7%","±2.1","412","±251","4.9%","±3.0","86","±57","1.8%","±1.2","264","±150","8.1%","±4.3","425","±193","8.2%","±3.6","79","±42","2.1%","±1.1","147","±62","6.0%","±2.5","153","±104","4.4%","±3.0","298","±212","4.0%","±2.8","241","±102","5.9%","±2.5","362","±249","7.0%","±4.9","396","±307","5.4%","±4.1","253","±106","6.2%","±2.6","144","±92","2.8%","±1.8","293","±143","4.6%","±2.2","385","±243","6.3%","±3.9","284","±138","5.8%","±2.8","504","±317","6.2%","±3.9","328","±165","6.5%","±3.3"
"        Arab","0","±12","0.0%","±0.9","19","±33","0.2%","±0.4","0","±12","0.0%","±0.7","10","±15","0.3%","±0.5","0","±17","0.0%","±0.6","6","±10","0.2%","±0.3","21","±16","0.9%","±0.7","0","±12","0.0%","±0.9","48","±73","0.6%","±1.0","37","±44","0.9%","±1.1","0","±17","0.0%","±0.6","0","±17","0.0%","±0.4","0","±12","0.0%","±0.8","32","±52","0.6%","±1.0","9","±16","0.1%","±0.2","0","±17","0.0%","±0.5","0","±12","0.0%","±0.7","102","±140","1.3%","±1.7","11","±15","0.2%","±0.3"
"        Czech","0","±12","0.0%","±0.9","204","±207","2.4%","±2.5","0","±12","0.0%","±0.7","8","±13","0.2%","±0.4","29","±25","0.6%","±0.5","31","±35","0.8%","±0.9","0","±12","0.0%","±1.3","20","±23","0.6%","±0.7","64","±59","0.8%","±0.8","20","±24","0.5%","±0.6","36","±34","0.7%","±0.7","26","±45","0.4%","±0.6","28","±44","0.7%","±1.1","131","±133","2.5%","±2.5","19","±31","0.3%","±0.5","12","±20","0.2%","±0.3","0","±12","0.0%","±0.7","0","±17","0.0%","±0.4","11","±16","0.2%","±0.3"
"        Danish","14","±18","0.4%","±0.5","0","±17","0.0%","±0.4","0","±12","0.0%","±0.7","0","±12","0.0%","±1.0","0","±17","0.0%","±0.6","0","±12","0.0%","±0.8","0","±12","0.0%","±1.3","4","±7","0.1%","±0.2","112","±156","1.5%","±2.1","10","±15","0.2%","±0.4","39","±46","0.8%","±0.9","20","±32","0.3%","±0.4","0","±12","0.0%","±0.8","0","±17","0.0%","±0.6","0","±17","0.0%","±0.5","0","±17","0.0%","±0.5","0","±12","0.0%","±0.7","0","±17","0.0%","±0.4","21","±32","0.4%","±0.6"
"        Dutch","18","±21","0.5%","±0.6","264","±274","3.1%","±3.3","21","±32","0.4%","±0.7","9","±17","0.3%","±0.5","11","±17","0.2%","±0.3","38","±33","1.0%","±0.9","68","±40","2.8%","±1.7","46","±34","1.3%","±1.0","138","±94","1.8%","±1.3","122","±121","3.0%","±2.9","11","±18","0.2%","±0.3","144","±150","2.0%","±2.0","0","±12","0.0%","±0.8","53","±57","1.0%","±1.1","45","±69","0.7%","±1.1","11","±19","0.2%","±0.3","44","±41","0.9%","±0.8","71","±69","0.9%","±0.9","10","±17","0.2%","±0.3"
"        English","138","±83","4.0%","±2.5","1,078","±395","12.8%","±4.7","234","±121","4.9%","±2.5","129","±77","4.0%","±2.4","463","±146","8.9%","±2.8","488","±240","12.8%","±5.9","320","±94","13.2%","±3.9","269","±184","7.8%","±5.2","355","±137","4.7%","±1.8","310","±121","7.6%","±3.0","121","±74","2.3%","±1.5","169","±157","2.3%","±2.1","178","±94","4.4%","±2.3","164","±97","3.1%","±1.9","350","±194","5.5%","±3.1","109","±81","1.8%","±1.3","258","±111","5.2%","±2.3","419","±145","5.1%","±1.8","370","±140","7.3%","±2.7"
"        French (except Basque)","41","±29","1.2%","±0.9","244","±155","2.9%","±1.9","86","±59","1.8%","±1.2","53","±54","1.6%","±1.6","140","±128","2.7%","±2.5","66","±55","1.7%","±1.5","48","±27","2.0%","±1.1","11","±16","0.3%","±0.5","95","±100","1.3%","±1.3","169","±125","4.2%","±3.1","89","±87","1.7%","±1.7","126","±125","1.7%","±1.7","10","±15","0.2%","±0.4","80","±63","1.5%","±1.2","118","±94","1.9%","±1.5","63","±49","1.0%","±0.8","131","±86","2.7%","±1.7","46","±41","0.6%","±0.5","102","±56","2.0%","±1.1"
"        French Canadian","8","±16","0.2%","±0.5","98","±80","1.2%","±1.0","23","±25","0.5%","±0.5","18","±21","0.6%","±0.7","38","±41","0.7%","±0.8","0","±12","0.0%","±0.8","12","±13","0.5%","±0.5","9","±14","0.3%","±0.4","0","±17","0.0%","±0.4","0","±12","0.0%","±0.8","14","±22","0.3%","±0.4","0","±17","0.0%","±0.4","14","±15","0.3%","±0.4","8","±14","0.2%","±0.3","10","±20","0.2%","±0.3","0","±17","0.0%","±0.5","53","±56","1.1%","±1.1","63","±77","0.8%","±0.9","12","±18","0.2%","±0.4"
"        German","331","±114","9.6%","±3.4","1,218","±316","14.5%","±3.8","601","±194","12.5%","±4.0","385","±169","11.8%","±5.4","575","±175","11.1%","±3.4","731","±310","19.1%","±7.5","324","±92","13.3%","±3.6","462","±170","13.4%","±4.9","1,376","±423","18.3%","±5.7","427","±139","10.5%","±3.3","592","±229","11.5%","±4.4","874","±393","12.0%","±5.5","438","±192","10.8%","±4.6","563","±206","10.8%","±3.8","820","±290","12.9%","±4.4","648","±248","10.6%","±4.3","611","±178","12.4%","±3.5","716","±237","8.8%","±2.9","570","±186","11.2%","±3.5"
"        Greek","23","±22","0.7%","±0.6","35","±46","0.4%","±0.5","0","±12","0.0%","±0.7","71","±97","2.2%","±2.9","82","±89","1.6%","±1.7","11","±17","0.3%","±0.4","17","±15","0.7%","±0.6","60","±69","1.7%","±2.0","39","±45","0.5%","±0.6","19","±30","0.5%","±0.7","5","±10","0.1%","±0.2","0","±17","0.0%","±0.4","31","±35","0.8%","±0.9","72","±58","1.4%","±1.1","415","±367","6.5%","±5.7","78","±71","1.3%","±1.2","15","±18","0.3%","±0.4","114","±119","1.4%","±1.5","25","±39","0.5%","±0.8"
"        Hungarian","0","±12","0.0%","±0.9","15","±22","0.2%","±0.3","18","±21","0.4%","±0.4","9","±13","0.3%","±0.4","67","±30","1.3%","±0.6","30","±27","0.8%","±0.7","56","±37","2.3%","±1.5","26","±26","0.8%","±0.8","79","±130","1.0%","±1.7","0","±12","0.0%","±0.8","128","±133","2.5%","±2.6","7","±12","0.1%","±0.2","67","±59","1.6%","±1.4","13","±22","0.2%","±0.4","100","±64","1.6%","±1.0","145","±153","2.4%","±2.4","57","±46","1.2%","±0.9","53","±49","0.7%","±0.6","32","±28","0.6%","±0.6"
"        Irish","516","±155","14.9%","±4.5","1,145","±324","13.6%","±3.8","1,074","±325","22.4%","±6.4","669","±226","20.5%","±7.1","1,099","±289","21.2%","±5.7","681","±194","17.8%","±5.1","513","±103","21.1%","±4.1","1,096","±314","31.7%","±8.0","1,455","±389","19.3%","±5.2","862","±233","21.2%","±5.5","1,087","±294","21.1%","±5.5","1,313","±477","18.0%","±6.3","1,095","±373","26.9%","±9.1","1,344","±337","25.7%","±6.1","1,401","±364","22.1%","±5.2","1,601","±439","26.1%","±6.4","1,089","±215","22.1%","±4.3","1,340","±267","16.5%","±3.3","1,028","±213","20.2%","±4.4"
"        Italian","732","±284","21.2%","±7.4","1,631","±436","19.4%","±5.2","1,301","±317","27.1%","±6.0","965","±330","29.6%","±9.6","1,369","±345","26.4%","±6.7","978","±266","25.6%","±6.8","507","±106","20.8%","±4.2","577","±177","16.7%","±5.0","1,395","±503","18.5%","±6.8","1,214","±272","29.9%","±6.4","1,221","±315","23.7%","±6.2","2,513","±551","34.5%","±7.4","1,467","±365","36.1%","±9.2","1,488","±322","28.5%","±5.9","1,811","±445","28.5%","±6.3","2,395","±626","39.1%","±8.3","1,355","±258","27.5%","±5.2","1,678","±437","20.6%","±5.2","1,437","±322","28.3%","±6.5"
"        Lithuanian","15","±17","0.4%","±0.5","0","±17","0.0%","±0.4","0","±12","0.0%","±0.7","0","±12","0.0%","±1.0","10","±16","0.2%","±0.3","0","±12","0.0%","±0.8","14","±13","0.6%","±0.5","0","±12","0.0%","±0.9","2","±4","0.0%","±0.1","8","±13","0.2%","±0.3","10","±17","0.2%","±0.3","0","±17","0.0%","±0.4","0","±12","0.0%","±0.8","68","±76","1.3%","±1.4","0","±17","0.0%","±0.5","0","±17","0.0%","±0.5","7","±12","0.1%","±0.2","0","±17","0.0%","±0.4","0","±17","0.0%","±0.6"
"        Norwegian","84","±114","2.4%","±3.3","136","±110","1.6%","±1.3","19","±22","0.4%","±0.5","13","±21","0.4%","±0.6","7","±11","0.1%","±0.2","86","±91","2.2%","±2.3","36","±23","1.5%","±0.9","35","±39","1.0%","±1.1","56","±60","0.7%","±0.8","22","±22","0.5%","±0.5","0","±17","0.0%","±0.6","0","±17","0.0%","±0.4","11","±17","0.3%","±0.4","76","±100","1.5%","±1.9","52","±63","0.8%","±1.0","28","±24","0.5%","±0.4","46","±39","0.9%","±0.8","35","±35","0.4%","±0.4","40","±47","0.8%","±0.9"
"        Polish","219","±206","6.3%","±5.7","429","±164","5.1%","±2.0","317","±159","6.6%","±3.3","214","±171","6.6%","±5.4","146","±93","2.8%","±1.8","106","±64","2.8%","±1.7","110","±51","4.5%","±2.1","221","±126","6.4%","±3.5","232","±113","3.1%","±1.5","130","±66","3.2%","±1.7","93","±67","1.8%","±1.3","260","±257","3.6%","±3.6","115","±68","2.8%","±1.7","448","±195","8.6%","±3.6","164","±130","2.6%","±2.1","166","±168","2.7%","±2.7","264","±161","5.4%","±3.2","163","±112","2.0%","±1.4","263","±157","5.2%","±3.0"
"        Portuguese","0","±12","0.0%","±0.9","58","±98","0.7%","±1.2","23","±36","0.5%","±0.7","14","±21","0.4%","±0.6","7","±12","0.1%","±0.2","8","±13","0.2%","±0.3","10","±13","0.4%","±0.5","55","±41","1.6%","±1.2","5","±8","0.1%","±0.1","9","±13","0.2%","±0.3","165","±139","3.2%","±2.7","170","±165","2.3%","±2.2","0","±12","0.0%","±0.8","107","±86","2.0%","±1.6","48","±83","0.8%","±1.3","23","±35","0.4%","±0.6","14","±22","0.3%","±0.5","66","±65","0.8%","±0.8","40","±50","0.8%","±1.0"
"        Russian","31","±56","0.9%","±1.6","75","±56","0.9%","±0.7","56","±54","1.2%","±1.1","22","±24","0.7%","±0.8","203","±118","3.9%","±2.3","42","±37","1.1%","±1.0","49","±28","2.0%","±1.1","41","±37","1.2%","±1.1","75","±72","1.0%","±0.9","98","±54","2.4%","±1.4","23","±25","0.4%","±0.5","17","±26","0.2%","±0.4","46","±32","1.1%","±0.8","79","±59","1.5%","±1.1","132","±97","2.1%","±1.5","35","±50","0.6%","±0.8","138","±65","2.8%","±1.3","88","±65","1.1%","±0.8","55","±35","1.1%","±0.7"
"        Scotch-Irish","14","±18","0.4%","±0.5","0","±17","0.0%","±0.4","29","±27","0.6%","±0.6","9","±13","0.3%","±0.4","22","±23","0.4%","±0.4","36","±28","0.9%","±0.7","59","±26","2.4%","±1.1","43","±30","1.2%","±0.9","101","±117","1.3%","±1.5","14","±17","0.3%","±0.4","14","±22","0.3%","±0.4","0","±17","0.0%","±0.4","0","±12","0.0%","±0.8","14","±22","0.3%","±0.4","23","±37","0.4%","±0.6","0","±17","0.0%","±0.5","28","±27","0.6%","±0.5","10","±17","0.1%","±0.2","14","±21","0.3%","±0.4"
"        Scottish","41","±36","1.2%","±1.0","179","±116","2.1%","±1.4","18","±21","0.4%","±0.4","47","±35","1.4%","±1.1","154","±96","3.0%","±1.9","94","±92","2.5%","±2.4","54","±25","2.2%","±1.0","85","±44","2.5%","±1.3","32","±39","0.4%","±0.5","69","±70","1.7%","±1.7","19","±21","0.4%","±0.4","61","±69","0.8%","±1.0","116","±136","2.9%","±3.3","62","±48","1.2%","±0.9","111","±77","1.7%","±1.2","27","±25","0.4%","±0.4","83","±51","1.7%","±1.0","60","±51","0.7%","±0.6","18","±21","0.4%","±0.4"
"        Slovak","0","±12","0.0%","±0.9","56","±50","0.7%","±0.6","0","±12","0.0%","±0.7","0","±12","0.0%","±1.0","79","±92","1.5%","±1.8","0","±12","0.0%","±0.8","7","±9","0.3%","±0.4","10","±12","0.3%","±0.3","44","±54","0.6%","±0.7","0","±12","0.0%","±0.8","40","±50","0.8%","±1.0","25","±34","0.3%","±0.5","58","±64","1.4%","±1.6","13","±21","0.2%","±0.4","59","±72","0.9%","±1.1","48","±76","0.8%","±1.2","20","±20","0.4%","±0.4","40","±63","0.5%","±0.8","33","±38","0.6%","±0.7"
"        Subsaharan African","0","±12","0.0%","±0.9","94","±113","1.1%","±1.4","54","±61","1.1%","±1.3","0","±12","0.0%","±1.0","18","±22","0.3%","±0.4","0","±12","0.0%","±0.8","0","±12","0.0%","±1.3","12","±19","0.3%","±0.6","209","±192","2.8%","±2.6","9","±15","0.2%","±0.4","0","±17","0.0%","±0.6","0","±17","0.0%","±0.4","0","±12","0.0%","±0.8","39","±68","0.7%","±1.3","0","±17","0.0%","±0.5","0","±17","0.0%","±0.5","7","±33","0.1%","±0.7","23","±31","0.3%","±0.4","15","±24","0.3%","±0.5"
"        Swedish","69","±56","2.0%","±1.7","184","±98","2.2%","±1.2","29","±46","0.6%","±1.0","48","±62","1.5%","±1.9","6","±11","0.1%","±0.2","85","±69","2.2%","±1.8","54","±31","2.2%","±1.3","41","±33","1.2%","±0.9","34","±39","0.5%","±0.5","17","±20","0.4%","±0.5","64","±69","1.2%","±1.3","19","±30","0.3%","±0.4","0","±12","0.0%","±0.8","12","±19","0.2%","±0.4","30","±37","0.5%","±0.6","39","±37","0.6%","±0.6","40","±33","0.8%","±0.7","67","±58","0.8%","±0.7","36","±33","0.7%","±0.6"
"        Swiss","0","±12","0.0%","±0.9","75","±85","0.9%","±1.0","26","±29","0.5%","±0.6","9","±15","0.3%","±0.5","0","±17","0.0%","±0.6","0","±12","0.0%","±0.8","8","±10","0.3%","±0.4","17","±24","0.5%","±0.7","63","±75","0.8%","±1.0","0","±12","0.0%","±0.8","20","±32","0.4%","±0.6","0","±17","0.0%","±0.4","0","±12","0.0%","±0.8","9","±13","0.2%","±0.3","0","±17","0.0%","±0.5","0","±17","0.0%","±0.5","11","±17","0.2%","±0.3","14","±17","0.2%","±0.2","69","±84","1.4%","±1.6"
"        Ukrainian","2","±4","0.1%","±0.1","49","±54","0.6%","±0.6","55","±49","1.1%","±1.0","8","±12","0.2%","±0.4","0","±17","0.0%","±0.6","0","±12","0.0%","±0.8","10","±15","0.4%","±0.6","4","±8","0.1%","±0.2","34","±42","0.5%","±0.6","25","±39","0.6%","±1.0","28","±25","0.5%","±0.5","68","±92","0.9%","±1.3","22","±36","0.5%","±0.9","54","±75","1.0%","±1.4","56","±73","0.9%","±1.1","98","±90","1.6%","±1.5","13","±19","0.3%","±0.4","5","±8","0.1%","±0.1","20","±22","0.4%","±0.4"
"        Welsh","0","±12","0.0%","±0.9","0","±17","0.0%","±0.4","9","±14","0.2%","±0.3","0","±12","0.0%","±1.0","10","±32","0.2%","±0.6","44","±44","1.2%","±1.1","38","±30","1.6%","±1.2","10","±16","0.3%","±0.5","49","±51","0.7%","±0.7","26","±31","0.6%","±0.8","10","±16","0.2%","±0.3","164","±203","2.2%","±2.8","0","±12","0.0%","±0.8","11","±27","0.2%","±0.5","63","±53","1.0%","±0.9","11","±18","0.2%","±0.3","98","±96","2.0%","±2.0","0","±17","0.0%","±0.4","37","±52","0.7%","±1.0"
"        West Indian (excluding Hispanic origin groups)","0","±12","0.0%","±0.9","323","±374","3.8%","±4.4","0","±12","0.0%","±0.7","20","±31","0.6%","±1.0","22","±34","0.4%","±0.6","0","±12","0.0%","±0.8","0","±12","0.0%","±1.3","44","±60","1.3%","±1.7","54","±79","0.7%","±1.0","30","±43","0.7%","±1.1","37","±47","0.7%","±0.9","0","±17","0.0%","±0.4","11","±20","0.3%","±0.5","0","±17","0.0%","±0.6","47","±47","0.7%","±0.7","0","±17","0.0%","±0.5","12","±19","0.2%","±0.4","0","±17","0.0%","±0.4","20","±35","0.4%","±0.7"
"COMPUTERS AND INTERNET USE","","","","","","","","","","","","","","","","","","","","","","","","","","","","","","","","","","","","","","","","","","","","","","","","","","","","","","","","","","","","","","","","","","","","","","","","","","","",""
"    Total households","1,226","±119","1,226","(X)","2,504","±167","2,504","(X)","1,783","±127","1,783","(X)","1,259","±86","1,259","(X)","1,808","±129","1,808","(X)","1,374","±93","1,374","(X)","1,058","±85","1,058","(X)","1,111","±77","1,111","(X)","2,700","±185","2,700","(X)","1,458","±124","1,458","(X)","1,683","±99","1,683","(X)","2,522","±123","2,522","(X)","1,399","±86","1,399","(X)","1,964","±145","1,964","(X)","2,489","±155","2,489","(X)","2,045","±114","2,045","(X)","1,727","±116","1,727","(X)","2,942","±136","2,942","(X)","1,802","±108","1,802","(X)"
"        With a computer","1,155","±110","94.2%","±3.8","2,402","±173","95.9%","±3.5","1,586","±143","89.0%","±4.6","1,171","±108","93.0%","±5.4","1,745","±125","96.5%","±2.3","1,305","±95","95.0%","±3.7","981","±80","92.7%","±2.4","1,106","±78","99.5%","±0.8","2,655","±183","98.3%","±1.6","1,382","±120","94.8%","±2.9","1,573","±108","93.5%","±3.3","2,322","±142","92.1%","±4.7","1,364","±87","97.5%","±2.7","1,904","±147","96.9%","±1.9","2,227","±202","89.5%","±5.0","2,011","±122","98.3%","±2.1","1,610","±123","93.2%","±3.2","2,829","±142","96.2%","±2.1","1,692","±122","93.9%","±3.3"
"        With a broadband Internet subscription","1,099","±111","89.6%","±4.4","2,380","±174","95.0%","±3.5","1,550","±144","86.9%","±4.6","1,086","±114","86.3%","±6.4","1,672","±127","92.5%","±3.8","1,276","±104","92.9%","±4.1","942","±86","89.0%","±3.4","1,087","±75","97.8%","±2.0","2,559","±176","94.8%","±3.4","1,375","±126","94.3%","±3.1","1,551","±113","92.2%","±3.6","2,244","±157","89.0%","±5.4","1,340","±98","95.8%","±3.7","1,836","±157","93.5%","±3.8","2,114","±209","84.9%","±6.2","1,979","±129","96.8%","±2.7","1,552","±121","89.9%","±4.4","2,694","±171","91.6%","±3.5","1,674","±119","92.9%","±3.4"