"Label","Census Tract 201, Tioga County, New York!!Estimate","Census Tract 201, Tioga County, New York!!Margin of Error","Census Tract 201, Tioga County, New York!!Percent","Census Tract 201, Tioga County, New York!!Percent Margin of Error","Census Tract 202, Tioga County, New York!!Estimate","Census Tract 202, Tioga County, New York!!Margin of Error","Census Tract 202, Tioga County, New York!!Percent","Census Tract 202, Tioga County, New York!!Percent Margin of Error","Census Tract 203, Tioga County, New York!!Estimate","Census Tract 203, Tioga County, New York!!Margin of Error","Census Tract 203, Tioga County, New York!!Percent","Census Tract 203, Tioga County, New York!!Percent Margin of Error","Census Tract 204.01, Tioga County, New York!!Estimate","Census Tract 204.01, Tioga County, New York!!Margin of Error","Census Tract 204.01, Tioga County, New York!!Percent","Census Tract 204.01, Tioga County, New York!!Percent Margin of Error","Census Tract 204.02, Tioga County, New York!!Estimate","Census Tract 204.02, Tioga County, New York!!Margin of Error","Census Tract 204.02, Tioga County, New York!!Percent","Census Tract 204.02, Tioga County, New York!!Percent Margin of Error","Census Tract 205, Tioga County, New York!!Estimate","Census Tract 205, Tioga County, New York!!Margin of Error","Census Tract 205, Tioga County, New York!!Percent","Census Tract 205, Tioga County, New York!!Percent Margin of Error","Census Tract 206, Tioga County, New York!!Estimate","Census Tract 206, Tioga County, New York!!Margin of Error","Census Tract 206, Tioga County, New York!!Percent","Census Tract 206, Tioga County, New York!!Percent Margin of Error","Census Tract 207.01, Tioga County, New York!!Estimate","Census Tract 207.01, Tioga County, New York!!Margin of Error","Census Tract 207.01, Tioga County, New York!!Percent","Census Tract 207.01, Tioga County, New York!!Percent Margin of Error","Census Tract 207.02, Tioga County, New York!!Estimate","Census Tract 207.02, Tioga County, New York!!Margin of Error","Census Tract 207.02, Tioga County, New York!!Percent","Census Tract 207.02, Tioga County, New York!!Percent Margin of Error","Census Tract 207.03, Tioga County, New York!!Estimate","Census Tract 207.03, Tioga County, New York!!Margin of Error","Census Tract 207.03, Tioga County, New York!!Percent","Census Tract 207.03, Tioga County, New York!!Percent Margin of Error"
"HOUSEHOLDS BY TYPE","","","","","","","","","","","","","","","","","","","","","","","","","","","","","","","","","","","","","","","",""
"    Total households","2,361","±144","2,361","(X)","1,958","±140","1,958","(X)","2,744","±156","2,744","(X)","1,998","±138","1,998","(X)","1,445","±77","1,445","(X)","1,774","±120","1,774","(X)","3,148","±209","3,148","(X)","1,256","±94","1,256","(X)","1,582","±91","1,582","(X)","1,764","±140","1,764","(X)"
"        Married-couple family","1,355","±119","57.4%","±5.1","1,104","±144","56.4%","±6.3","1,613","±151","58.8%","±6.6","1,166","±112","58.4%","±6.7","969","±92","67.1%","±6.8","602","±100","33.9%","±5.8","1,700","±193","54.0%","±7.1","610","±78","48.6%","±6.8","1,001","±98","63.3%","±6.6","617","±84","35.0%","±5.1"
"            With own children of the householder under 18 years","377","±65","16.0%","±2.9","385","±74","19.7%","±3.7","465","±115","16.9%","±4.5","350","±75","17.5%","±3.7","398","±59","27.5%","±4.3","222","±68","12.5%","±3.9","446","±142","14.2%","±5.0","182","±47","14.5%","±4.1","334","±90","21.1%","±6.0","247","±73","14.0%","±4.1"
"        Cohabiting couple household","142","±48","6.0%","±2.0","214","±99","10.9%","±5.3","170","±95","6.2%","±3.5","149","±87","7.5%","±4.3","40","±31","2.8%","±2.1","173","±77","9.8%","±4.4","178","±105","5.7%","±3.3","51","±32","4.1%","±2.5","136","±68","8.6%","±4.2","119","±73","6.7%","±4.2"
"            With own children of the householder under 18 years","70","±34","3.0%","±1.4","138","±110","7.0%","±5.8","43","±46","1.6%","±1.7","46","±47","2.3%","±2.4","10","±14","0.7%","±1.0","99","±57","5.6%","±3.3","41","±35","1.3%","±1.1","15","±16","1.2%","±1.3","55","±33","3.5%","±2.1","64","±44","3.6%","±2.5"
"        Male householder, no spouse/partner present","360","±110","15.2%","±4.4","365","±111","18.6%","±4.9","405","±139","14.8%","±4.6","288","±131","14.4%","±6.2","114","±58","7.9%","±3.9","248","±87","14.0%","±4.6","467","±158","14.8%","±4.7","275","±79","21.9%","±5.7","197","±87","12.5%","±5.1","363","±110","20.6%","±5.5"
"            With own children of the householder under 18 years","29","±18","1.2%","±0.8","0","±17","0.0%","±1.6","0","±17","0.0%","±1.2","46","±47","2.3%","±2.4","0","±12","0.0%","±2.2","27","±27","1.5%","±1.5","25","±31","0.8%","±1.0","12","±13","1.0%","±1.1","28","±40","1.8%","±2.5","24","±24","1.4%","±1.3"
"            Householder living alone","201","±73","8.5%","±2.9","302","±111","15.4%","±5.0","383","±137","14.0%","±4.5","232","±132","11.6%","±6.3","114","±58","7.9%","±3.9","169","±85","9.5%","±4.7","383","±150","12.2%","±4.5","179","±60","14.3%","±4.4","110","±47","7.0%","±2.7","316","±103","17.9%","±5.3"
"                65 years and over","92","±54","3.9%","±2.3","108","±64","5.5%","±3.1","161","±94","5.9%","±3.3","38","±34","1.9%","±1.7","53","±40","3.7%","±2.7","50","±35","2.8%","±2.0","124","±72","3.9%","±2.2","66","±32","5.3%","±2.5","34","±26","2.1%","±1.6","67","±40","3.8%","±2.3"
"        Female householder, no spouse/partner present","504","±100","21.3%","±3.8","275","±98","14.0%","±4.7","556","±150","20.3%","±5.1","395","±119","19.8%","±5.6","322","±87","22.3%","±5.5","751","±130","42.3%","±6.3","803","±241","25.5%","±6.7","320","±84","25.5%","±5.8","248","±77","15.7%","±4.8","665","±121","37.7%","±6.0"
"            With own children of the householder under 18 years","70","±31","3.0%","±1.3","34","±30","1.7%","±1.5","14","±23","0.5%","±0.8","21","±29","1.1%","±1.5","19","±22","1.3%","±1.5","139","±76","7.8%","±4.3","172","±103","5.5%","±3.3","89","±41","7.1%","±3.3","38","±40","2.4%","±2.5","125","±61","7.1%","±3.5"
"            Householder living alone","270","±69","11.4%","±2.8","173","±78","8.8%","±3.8","414","±142","15.1%","±4.9","291","±107","14.6%","±5.1","203","±77","14.0%","±5.0","530","±125","29.9%","±6.1","451","±205","14.3%","±5.9","144","±57","11.5%","±4.2","104","±50","6.6%","±3.1","396","±96","22.4%","±4.8"
"                65 years and over","163","±55","6.9%","±2.3","74","±45","3.8%","±2.2","289","±95","10.5%","±3.3","219","±95","11.0%","±4.6","130","±60","9.0%","±4.1","221","±67","12.5%","±3.7","268","±109","8.5%","±3.3","74","±34","5.9%","±2.5","75","±42","4.7%","±2.7","244","±71","13.8%","±3.9"
"        Households with one or more people under 18 years","684","±71","29.0%","±2.9","596","±88","30.4%","±5.6","608","±108","22.2%","±4.4","509","±80","25.5%","±4.0","453","±66","31.3%","±4.7","538","±81","30.3%","±4.9","771","±134","24.5%","±5.3","333","±48","26.5%","±4.8","515","±75","32.6%","±4.8","525","±78","29.8%","±4.3"
"        Households with one or more people 65 years and over","827","±98","35.0%","±3.4","620","±111","31.7%","±4.5","1,157","±125","42.2%","±3.7","726","±89","36.3%","±4.4","462","±64","32.0%","±4.3","501","±94","28.2%","±5.2","1,125","±156","35.7%","±4.4","375","±65","29.9%","±4.9","513","±53","32.4%","±3.0","495","±83","28.1%","±4.3"
"        Average household size","2.55","±0.12","(X)","(X)","2.58","±0.18","(X)","(X)","2.26","±0.15","(X)","(X)","2.46","±0.16","(X)","(X)","2.56","±0.17","(X)","(X)","2.10","±0.13","(X)","(X)","2.35","±0.16","(X)","(X)","2.31","±0.17","(X)","(X)","2.72","±0.15","(X)","(X)","2.23","±0.13","(X)","(X)"
"        Average family size","2.90","±0.15","(X)","(X)","3.03","±0.18","(X)","(X)","2.77","±0.14","(X)","(X)","2.92","±0.14","(X)","(X)","3.03","±0.21","(X)","(X)","2.76","±0.21","(X)","(X)","2.83","±0.15","(X)","(X)","2.79","±0.18","(X)","(X)","2.95","±0.19","(X)","(X)","3.06","±0.19","(X)","(X)"
"RELATIONSHIP","","","","","","","","","","","","","","","","","","","","","","","","","","","","","","","","","","","","","","","",""
"    Population in households","6,015","±214","6,015","(X)","5,057","±21","5,057","(X)","6,201","±276","6,201","(X)","4,921","±313","4,921","(X)","3,701","±245","3,701","(X)","3,726","±108","3,726","(X)","7,388","±212","7,388","(X)","2,898","±33","2,898","(X)","4,303","±130","4,303","(X)","3,939","±194","3,939","(X)"
"        Householder","2,361","±144","39.3%","±1.9","1,958","±140","38.7%","±2.8","2,744","±156","44.3%","±2.8","1,998","±138","40.6%","±2.7","1,445","±77","39.0%","±2.6","1,774","±120","47.6%","±2.9","3,148","±209","42.6%","±3.0","1,256","±94","43.3%","±3.2","1,582","±91","36.8%","±2.1","1,764","±140","44.8%","±2.5"
"        Spouse","1,343","±116","22.3%","±1.7","1,107","±132","21.9%","±2.6","1,591","±154","25.7%","±2.2","1,167","±106","23.7%","±2.1","970","±107","26.2%","±2.9","605","±95","16.2%","±2.5","1,707","±186","23.1%","±2.4","621","±78","21.4%","±2.6","1,005","±96","23.4%","±2.2","619","±82","15.7%","±2.1"
"        Unmarried partner","136","±45","2.3%","±0.7","207","±88","4.1%","±1.7","162","±89","2.6%","±1.4","145","±90","2.9%","±1.7","40","±31","1.1%","±0.8","176","±76","4.7%","±2.0","171","±93","2.3%","±1.3","46","±26","1.6%","±0.9","137","±66","3.2%","±1.5","143","±94","3.6%","±2.4"
"        Child","1,670","±143","27.8%","±2.3","1,571","±210","31.1%","±4.1","1,377","±256","22.2%","±3.7","1,337","±199","27.2%","±3.0","1,111","±184","30.0%","±3.6","903","±126","24.2%","±3.4","1,879","±270","25.4%","±3.4","749","±113","25.8%","±3.9","1,211","±162","28.1%","±3.5","1,214","±154","30.8%","±3.6"
"        Other relatives","397","±108","6.6%","±1.8","167","±87","3.3%","±1.7","200","±118","3.2%","±1.9","172","±79","3.5%","±1.6","119","±72","3.2%","±1.9","176","±91","4.7%","±2.4","354","±124","4.8%","±1.7","139","±63","4.8%","±2.2","235","±94","5.5%","±2.2","183","±90","4.6%","±2.3"
"        Other nonrelatives","108","±52","1.8%","±0.9","47","±41","0.9%","±0.8","127","±102","2.0%","±1.6","102","±85","2.1%","±1.8","16","±24","0.4%","±0.7","92","±58","2.5%","±1.5","129","±77","1.7%","±1.0","87","±58","3.0%","±2.0","133","±92","3.1%","±2.1","16","±18","0.4%","±0.5"
"MARITAL STATUS","","","","","","","","","","","","","","","","","","","","","","","","","","","","","","","","","","","","","","","",""
"    Males 15 years and over","2,542","±159","2,542","(X)","2,158","±158","2,158","(X)","2,757","±170","2,757","(X)","2,139","±185","2,139","(X)","1,502","±140","1,502","(X)","1,307","±121","1,307","(X)","3,056","±208","3,056","(X)","1,226","±104","1,226","(X)","1,714","±128","1,714","(X)","1,488","±149","1,488","(X)"
"        Never married","743","±133","29.2%","±4.2","663","±145","30.7%","±6.3","779","±179","28.3%","±5.8","594","±190","27.8%","±7.1","444","±135","29.6%","±7.2","418","±120","32.0%","±7.4","833","±231","27.3%","±6.8","393","±92","32.1%","±6.2","390","±114","22.8%","±5.8","625","±168","42.0%","±8.6"
"        Now married, except separated","1,446","±128","56.9%","±5.6","1,232","±137","57.1%","±5.9","1,667","±170","60.5%","±5.6","1,272","±119","59.5%","±7.2","1,002","±95","66.7%","±7.5","651","±98","49.8%","±7.4","1,805","±195","59.1%","±6.4","638","±75","52.0%","±6.4","1,043","±104","60.9%","±6.7","667","±96","44.8%","±7.4"
"        Separated","26","±15","1.0%","±0.6","57","±45","2.6%","±2.1","48","±75","1.7%","±2.7","19","±22","0.9%","±1.0","0","±12","0.0%","±2.1","30","±37","2.3%","±2.8","64","±55","2.1%","±1.8","3","±4","0.2%","±0.3","38","±32","2.2%","±1.9","25","±33","1.7%","±2.3"
"        Widowed","162","±80","6.4%","±3.0","52","±43","2.4%","±2.0","71","±57","2.6%","±2.1","54","±35","2.5%","±1.7","10","±16","0.7%","±1.0","23","±22","1.8%","±1.7","127","±78","4.2%","±2.5","46","±32","3.8%","±2.6","42","±35","2.5%","±2.0","22","±24","1.5%","±1.6"
"        Divorced","165","±55","6.5%","±2.2","154","±68","7.1%","±3.0","192","±92","7.0%","±3.4","200","±83","9.4%","±3.8","46","±39","3.1%","±2.5","185","±65","14.2%","±5.1","227","±85","7.4%","±2.8","146","±52","11.9%","±4.1","201","±81","11.7%","±4.5","149","±59","10.0%","±3.8"
"    Females 15 years and over","2,404","±161","2,404","(X)","1,938","±156","1,938","(X)","2,705","±151","2,705","(X)","2,112","±166","2,112","(X)","1,521","±113","1,521","(X)","1,839","±117","1,839","(X)","3,174","±214","3,174","(X)","1,251","±97","1,251","(X)","1,712","±114","1,712","(X)","1,836","±120","1,836","(X)"
"        Never married","518","±100","21.5%","±3.6","445","±121","23.0%","±6.4","593","±165","21.9%","±5.5","353","±102","16.7%","±4.2","250","±88","16.4%","±5.2","631","±116","34.3%","±5.4","571","±151","18.0%","±4.4","331","±90","26.5%","±6.4","360","±93","21.0%","±4.8","480","±127","26.1%","±6.2"
"        Now married, except separated","1,406","±111","58.5%","±4.5","1,164","±142","60.1%","±5.0","1,666","±165","61.6%","±6.5","1,230","±124","58.2%","±6.3","970","±102","63.8%","±6.5","612","±92","33.3%","±5.9","1,720","±191","54.2%","±6.8","623","±86","49.8%","±7.6","1,018","±97","59.5%","±6.4","658","±96","35.8%","±6.0"
"        Separated","72","±50","3.0%","±2.1","39","±28","2.0%","±1.4","38","±61","1.4%","±2.2","70","±41","3.3%","±1.9","11","±16","0.7%","±1.1","63","±46","3.4%","±2.5","56","±47","1.8%","±1.5","33","±28","2.6%","±2.2","43","±24","2.5%","±1.4","78","±50","4.2%","±2.8"
"        Widowed","189","±57","7.9%","±2.2","138","±79","7.1%","±3.9","296","±119","10.9%","±4.4","238","±91","11.3%","±4.1","94","±47","6.2%","±3.1","208","±92","11.3%","±4.7","265","±99","8.3%","±3.0","101","±39","8.1%","±2.9","124","±55","7.2%","±3.2","348","±100","19.0%","±5.3"
"        Divorced","219","±67","9.1%","±2.6","152","±71","7.8%","±3.7","112","±60","4.1%","±2.2","221","±71","10.5%","±3.2","196","±75","12.9%","±4.7","325","±89","17.7%","±4.7","562","±216","17.7%","±6.2","163","±52","13.0%","±3.9","167","±92","9.8%","±5.1","272","±91","14.8%","±4.6"
"FERTILITY","","","","","","","","","","","","","","","","","","","","","","","","","","","","","","","","","","","","","","","",""
"    Number of women 15 to 50 years old who had a birth in the past 12 months","25","±15","25","(X)","207","±98","207","(X)","101","±69","101","(X)","35","±28","35","(X)","63","±42","63","(X)","93","±60","93","(X)","43","±44","43","(X)","54","±41","54","(X)","103","±61","103","(X)","77","±72","77","(X)"
"        Unmarried women (widowed, divorced, and never married)","7","±8","28.0%","±26.5","133","±112","64.3%","±35.0","47","±51","46.5%","±37.7","10","±14","28.6%","±44.5","10","±14","15.9%","±25.8","62","±52","66.7%","±35.0","6","±9","14.0%","±24.3","30","±34","55.6%","±39.7","0","±12","0.0%","±26.5","19","±28","24.7%","±45.7"
"            Per 1,000 unmarried women","12","±13","(X)","(X)","298","±225","(X)","(X)","83","±92","(X)","(X)","25","±36","(X)","(X)","34","±50","(X)","(X)","95","±78","(X)","(X)","8","±13","(X)","(X)","85","±91","(X)","(X)","0","±71","(X)","(X)","35","±50","(X)","(X)"
"        Per 1,000 women 15 to 50 years old","22","±13","(X)","(X)","217","±104","(X)","(X)","91","±69","(X)","(X)","36","±29","(X)","(X)","89","±59","(X)","(X)","100","±63","(X)","(X)","31","±32","(X)","(X)","73","±54","(X)","(X)","112","±65","(X)","(X)","83","±79","(X)","(X)"
"        Per 1,000 women 15 to 19 years old","0","±196","(X)","(X)","164","±188","(X)","(X)","0","±133","(X)","(X)","0","±150","(X)","(X)","0","±327","(X)","(X)","0","±241","(X)","(X)","0","±155","(X)","(X)","143","±193","(X)","(X)","0","±244","(X)","(X)","0","±244","(X)","(X)"
"        Per 1,000 women 20 to 34 years old","36","±30","(X)","(X)","414","±204","(X)","(X)","239","±163","(X)","(X)","57","±86","(X)","(X)","144","±122","(X)","(X)","179","±133","(X)","(X)","76","±78","(X)","(X)","99","±94","(X)","(X)","130","±107","(X)","(X)","182","±172","(X)","(X)"
"        Per 1,000 women 35 to 50 years old","17","±14","(X)","(X)","47","±52","(X)","(X)","22","±35","(X)","(X)","40","±34","(X)","(X)","64","±66","(X)","(X)","50","±72","(X)","(X)","0","±49","(X)","(X)","28","±37","(X)","(X)","126","±108","(X)","(X)","0","±79","(X)","(X)"
"GRANDPARENTS","","","","","","","","","","","","","","","","","","","","","","","","","","","","","","","","","","","","","","","",""
"    Number of grandparents living with own grandchildren under 18 years","223","±86","223","(X)","66","±57","66","(X)","71","±69","71","(X)","60","±47","60","(X)","45","±39","45","(X)","36","±36","36","(X)","125","±68","125","(X)","75","±47","75","(X)","85","±59","85","(X)","84","±54","84","(X)"
"        Grandparents responsible for grandchildren","135","±68","60.5%","±19.7","37","±33","56.1%","±20.2","21","±33","29.6%","±44.9","21","±22","35.0%","±29.5","30","±36","66.7%","±42.4","29","±34","80.6%","±34.8","52","±42","41.6%","±21.1","5","±5","6.7%","±8.4","20","±26","23.5%","±26.7","39","±36","46.4%","±34.8"
"        Years responsible for grandchildren","","","","","","","","","","","","","","","","","","","","","","","","","","","","","","","","","","","","","","","",""
"            Less than 1 year","7","±7","3.1%","±3.2","8","±15","12.1%","±19.5","0","±17","0.0%","±34.8","0","±12","0.0%","±38.3","0","±12","0.0%","±44.2","10","±16","27.8%","±48.0","19","±26","15.2%","±19.6","0","±12","0.0%","±33.5","0","±12","0.0%","±30.7","11","±18","13.1%","±21.7"
"            1 or 2 years","41","±47","18.4%","±18.7","16","±20","24.2%","±32.4","0","±17","0.0%","±34.8","11","±16","18.3%","±21.3","0","±12","0.0%","±44.2","0","±12","0.0%","±49.4","27","±30","21.6%","±16.6","0","±12","0.0%","±33.5","0","±12","0.0%","±30.7","11","±16","13.1%","±19.5"
"            3 or 4 years","46","±41","20.6%","±17.4","0","±17","0.0%","±36.3","0","±17","0.0%","±34.8","0","±12","0.0%","±38.3","0","±12","0.0%","±44.2","19","±29","52.8%","±50.4","4","±8","3.2%","±6.6","0","±12","0.0%","±33.5","13","±19","15.3%","±20.9","17","±27","20.2%","±30.2"
"            5 or more years","41","±31","18.4%","±13.5","13","±20","19.7%","±23.0","21","±33","29.6%","±44.9","10","±16","16.7%","±28.6","30","±36","66.7%","±42.4","0","±12","0.0%","±49.4","2","±4","1.6%","±3.1","5","±5","6.7%","±8.4","7","±11","8.2%","±11.2","0","±12","0.0%","±31.0"
"    Number of grandparents responsible for own grandchildren under 18 years","135","±68","135","(X)","37","±33","37","(X)","21","±33","21","(X)","21","±22","21","(X)","30","±36","30","(X)","29","±34","29","(X)","52","±42","52","(X)","5","±5","5","(X)","20","±26","20","(X)","39","±36","39","(X)"
"        Who are female","83","±40","61.5%","±10.0","16","±17","43.2%","±35.8","11","±17","52.4%","±8.8","5","±8","23.8%","±27.3","18","±20","60.0%","±29.6","29","±34","100.0%","±55.1","34","±30","65.4%","±19.8","5","±5","100.0%","±100.0","13","±18","65.0%","±24.7","24","±22","61.5%","±22.0"
"        Who are married","129","±67","95.6%","±4.7","37","±33","100.0%","±48.8","21","±33","100.0%","±64.7","21","±22","100.0%","±64.7","30","±36","100.0%","±54.1","0","±12","0.0%","±55.1","50","±42","96.2%","±8.0","0","±12","0.0%","±100.0","20","±26","100.0%","±66.3","39","±36","100.0%","±47.5"
"SCHOOL ENROLLMENT","","","","","","","","","","","","","","","","","","","","","","","","","","","","","","","","","","","","","","","",""
"    Population 3 years and over enrolled in school","1,295","±141","1,295","(X)","1,093","±179","1,093","(X)","1,274","±255","1,274","(X)","1,017","±167","1,017","(X)","896","±207","896","(X)","838","±162","838","(X)","1,492","±237","1,492","(X)","573","±114","573","(X)","985","±149","985","(X)","875","±165","875","(X)"
"        Nursery school, preschool","62","±41","4.8%","±3.2","97","±58","8.9%","±5.9","81","±70","6.4%","±5.4","28","±24","2.8%","±2.4","42","±30","4.7%","±3.6","53","±53","6.3%","±6.2","66","±41","4.4%","±2.8","9","±12","1.6%","±2.1","57","±38","5.8%","±4.0","30","±26","3.4%","±2.8"
"        Kindergarten","72","±38","5.6%","±3.1","38","±38","3.5%","±3.3","63","±60","4.9%","±5.0","48","±41","4.7%","±3.8","57","±39","6.4%","±3.9","15","±23","1.8%","±2.7","141","±71","9.5%","±4.9","32","±27","5.6%","±4.7","52","±33","5.3%","±3.3","23","±27","2.6%","±3.2"
"        Elementary school (grades 1-8)","684","±115","52.8%","±6.0","468","±148","42.8%","±10.0","545","±159","42.8%","±12.0","387","±113","38.1%","±9.6","328","±100","36.6%","±7.3","324","±86","38.7%","±9.4","756","±210","50.7%","±9.3","304","±97","53.1%","±11.0","516","±131","52.4%","±9.5","476","±114","54.4%","±10.0"
"        High school (grades 9-12)","329","±78","25.4%","±5.0","284","±105","26.0%","±8.9","259","±140","20.3%","±8.9","383","±106","37.7%","±8.9","211","±83","23.5%","±8.3","204","±83","24.3%","±8.7","322","±121","21.6%","±7.6","130","±52","22.7%","±9.0","213","±73","21.6%","±7.0","211","±79","24.1%","±7.0"
"        College or graduate school","148","±56","11.4%","±4.0","206","±84","18.8%","±6.5","326","±134","25.6%","±8.6","171","±75","16.8%","±6.4","258","±107","28.8%","±8.6","242","±113","28.9%","±10.4","207","±85","13.9%","±5.7","98","±54","17.1%","±8.6","147","±59","14.9%","±5.7","135","±69","15.4%","±6.8"
"EDUCATIONAL ATTAINMENT","","","","","","","","","","","","","","","","","","","","","","","","","","","","","","","","","","","","","","","",""
"    Population 25 years and over","4,190","±197","4,190","(X)","3,482","±204","3,482","(X)","4,836","±249","4,836","(X)","3,610","±214","3,610","(X)","2,599","±139","2,599","(X)","2,614","±151","2,614","(X)","5,420","±267","5,420","(X)","2,077","±114","2,077","(X)","2,986","±170","2,986","(X)","2,882","±144","2,882","(X)"
"        Less than 9th grade","63","±27","1.5%","±0.7","8","±9","0.2%","±0.3","17","±22","0.4%","±0.5","57","±60","1.6%","±1.7","12","±16","0.5%","±0.6","59","±39","2.3%","±1.5","148","±91","2.7%","±1.7","64","±42","3.1%","±2.0","58","±52","1.9%","±1.7","105","±70","3.6%","±2.4"
"        9th to 12th grade, no diploma","347","±100","8.3%","±2.3","142","±70","4.1%","±2.0","236","±107","4.9%","±2.1","135","±70","3.7%","±2.0","68","±50","2.6%","±2.0","227","±98","8.7%","±3.9","738","±197","13.6%","±3.6","115","±58","5.5%","±2.8","282","±83","9.4%","±2.7","183","±70","6.3%","±2.4"
"        High school graduate (includes equivalency)","1,740","±193","41.5%","±3.8","1,536","±286","44.1%","±6.6","1,253","±219","25.9%","±4.1","1,359","±233","37.6%","±5.3","567","±114","21.8%","±4.3","869","±181","33.2%","±6.2","1,920","±256","35.4%","±4.2","652","±126","31.4%","±6.1","1,158","±168","38.8%","±4.7","1,418","±171","49.2%","±5.5"
"        Some college, no degree","670","±124","16.0%","±3.0","629","±133","18.1%","±3.9","753","±180","15.6%","±3.6","545","±141","15.1%","±3.9","449","±111","17.3%","±4.1","426","±113","16.3%","±4.3","1,027","±192","18.9%","±3.4","435","±85","20.9%","±3.9","700","±132","23.4%","±4.3","520","±125","18.0%","±4.1"
"        Associate's degree","467","±92","11.1%","±2.1","465","±155","13.4%","±4.3","575","±167","11.9%","±3.3","448","±119","12.4%","±3.3","415","±102","16.0%","±3.7","376","±114","14.4%","±4.3","537","±141","9.9%","±2.6","173","±65","8.3%","±3.1","285","±86","9.5%","±2.8","243","±77","8.4%","±2.6"
"        Bachelor's degree","502","±107","12.0%","±2.5","469","±147","13.5%","±4.7","1,256","±249","26.0%","±5.3","692","±141","19.2%","±3.9","573","±106","22.0%","±4.0","349","±107","13.4%","±4.1","727","±178","13.4%","±3.2","424","±109","20.4%","±4.9","273","±84","9.1%","±2.8","276","±84","9.6%","±2.9"
"        Graduate or professional degree","401","±98","9.6%","±2.4","233","±103","6.7%","±3.0","746","±196","15.4%","±4.1","374","±105","10.4%","±2.9","515","±104","19.8%","±3.7","308","±88","11.8%","±3.2","323","±117","6.0%","±2.1","214","±80","10.3%","±3.9","230","±74","7.7%","±2.5","137","±61","4.8%","±2.2"
"        High school graduate or higher","3,780","±187","90.2%","±2.3","3,332","±206","95.7%","±2.0","4,583","±239","94.8%","±2.1","3,418","±228","94.7%","±2.6","2,519","±153","96.9%","±1.9","2,328","±198","89.1%","±4.3","4,534","±328","83.7%","±3.9","1,898","±121","91.4%","±3.4","2,646","±179","88.6%","±2.8","2,594","±165","90.0%","±3.4"
"        Bachelor's degree or higher","903","±134","21.6%","±3.3","702","±178","20.2%","±5.6","2,002","±296","41.4%","±6.3","1,066","±188","29.5%","±5.1","1,088","±145","41.9%","±5.1","657","±149","25.1%","±5.5","1,050","±202","19.4%","±3.5","638","±149","30.7%","±6.9","503","±108","16.8%","±3.5","413","±102","14.3%","±3.6"
"VETERAN STATUS","","","","","","","","","","","","","","","","","","","","","","","","","","","","","","","","","","","","","","","",""
"    Civilian population 18 years and over","4,675","±194","4,675","(X)","3,877","±203","3,877","(X)","5,222","±214","5,222","(X)","4,030","±240","4,030","(X)","2,851","±167","2,851","(X)","3,003","±98","3,003","(X)","5,986","±248","5,986","(X)","2,363","±98","2,363","(X)","3,242","±159","3,242","(X)","3,153","±138","3,153","(X)"
"        Civilian veterans","515","±111","11.0%","±2.3","399","±125","10.3%","±3.0","625","±166","12.0%","±3.2","269","±75","6.7%","±1.9","227","±71","8.0%","±2.5","160","±57","5.3%","±1.9","626","±169","10.5%","±2.7","149","±49","6.3%","±2.0","316","±68","9.7%","±2.0","275","±89","8.7%","±2.8"
"DISABILITY STATUS OF THE CIVILIAN NONINSTITUTIONALIZED POPULATION","","","","","","","","","","","","","","","","","","","","","","","","","","","","","","","","","","","","","","","",""
"    Total Civilian Noninstitutionalized Population","6,013","±214","6,013","(X)","5,057","±21","5,057","(X)","6,238","±285","6,238","(X)","4,927","±310","4,927","(X)","3,716","±245","3,716","(X)","3,761","±77","3,761","(X)","7,388","±212","7,388","(X)","2,920","±29","2,920","(X)","4,308","±130","4,308","(X)","3,979","±182","3,979","(X)"
"        With a disability","895","±191","14.9%","±3.1","804","±193","15.9%","±3.8","893","±209","14.3%","±3.3","727","±179","14.8%","±3.5","300","±78","8.1%","±2.2","640","±160","17.0%","±4.2","1,391","±264","18.8%","±3.5","379","±78","13.0%","±2.7","547","±130","12.7%","±3.0","790","±152","19.9%","±3.8"
"    Under 18 years","1,338","±115","1,338","(X)","1,180","±205","1,180","(X)","1,122","±192","1,122","(X)","897","±149","897","(X)","865","±152","865","(X)","826","±99","826","(X)","1,402","±233","1,402","(X)","568","±94","568","(X)","1,066","±142","1,066","(X)","994","±124","994","(X)"
"        With a disability","25","±17","1.9%","±1.3","88","±74","7.5%","±6.4","0","±17","0.0%","±2.9","13","±17","1.4%","±1.9","21","±23","2.4%","±2.8","51","±38","6.2%","±4.7","185","±121","13.2%","±7.8","36","±44","6.3%","±7.6","64","±55","6.0%","±4.7","106","±57","10.7%","±5.9"
"    18 to 64 years","3,535","±167","3,535","(X)","3,031","±147","3,031","(X)","3,477","±225","3,477","(X)","3,038","±248","3,038","(X)","2,193","±163","2,193","(X)","2,324","±117","2,324","(X)","4,329","±251","4,329","(X)","1,850","±99","1,850","(X)","2,531","±148","2,531","(X)","2,363","±173","2,363","(X)"
"        With a disability","392","±119","11.1%","±3.3","440","±117","14.5%","±3.7","388","±136","11.2%","±3.8","468","±163","15.4%","±5.1","103","±44","4.7%","±2.0","291","±100","12.5%","±4.4","662","±211","15.3%","±4.6","175","±61","9.5%","±3.2","254","±83","10.0%","±3.1","414","±124","17.5%","±5.0"
"    65 years and over","1,140","±133","1,140","(X)","846","±144","846","(X)","1,639","±161","1,639","(X)","992","±95","992","(X)","658","±84","658","(X)","611","±112","611","(X)","1,657","±235","1,657","(X)","502","±89","502","(X)","711","±72","711","(X)","622","±104","622","(X)"
"        With a disability","478","±146","41.9%","±10.1","276","±94","32.6%","±9.7","505","±155","30.8%","±8.6","246","±94","24.8%","±9.1","176","±60","26.7%","±9.0","298","±101","48.8%","±14.1","544","±165","32.8%","±9.9","168","±51","33.5%","±8.7","229","±72","32.2%","±9.8","270","±79","43.4%","±10.2"
"RESIDENCE 1 YEAR AGO","","","","","","","","","","","","","","","","","","","","","","","","","","","","","","","","","","","","","","","",""
"    Population 1 year and over","5,994","±215","5,994","(X)","4,902","±80","4,902","(X)","6,286","±283","6,286","(X)","4,904","±306","4,904","(X)","3,682","±248","3,682","(X)","3,762","±45","3,762","(X)","7,358","±217","7,358","(X)","2,914","±32","2,914","(X)","4,216","±131","4,216","(X)","4,095","±136","4,095","(X)"
"        Same house","5,576","±227","93.0%","±2.1","4,458","±259","90.9%","±4.8","5,643","±322","89.8%","±3.7","4,438","±357","90.5%","±4.1","3,484","±254","94.6%","±3.0","2,980","±260","79.2%","±6.7","6,613","±433","89.9%","±5.7","2,568","±148","88.1%","±4.9","3,699","±240","87.7%","±4.9","3,564","±231","87.0%","±5.1"
"        Different house in the U.S.","416","±128","6.9%","±2.1","444","±232","9.1%","±4.8","628","±240","10.0%","±3.7","457","±198","9.3%","±4.1","198","±113","5.4%","±3.0","782","±250","20.8%","±6.7","745","±423","10.1%","±5.7","342","±142","11.7%","±4.9","496","±208","11.8%","±4.9","531","±212","13.0%","±5.1"
"            Same county","186","±98","3.1%","±1.7","233","±203","4.8%","±4.2","194","±144","3.1%","±2.3","169","±111","3.4%","±2.3","109","±98","3.0%","±2.6","468","±196","12.4%","±5.2","481","±403","6.5%","±5.4","180","±96","6.2%","±3.3","84","±61","2.0%","±1.4","420","±208","10.3%","±5.1"
"            Different county","230","±115","3.8%","±1.9","211","±132","4.3%","±2.7","434","±178","6.9%","±2.7","288","±163","5.9%","±3.4","89","±69","2.4%","±1.9","314","±187","8.3%","±5.0","264","±147","3.6%","±2.0","162","±82","5.6%","±2.8","412","±200","9.8%","±4.7","111","±61","2.7%","±1.5"
"                Same state","201","±112","3.4%","±1.8","131","±90","2.7%","±1.9","339","±163","5.4%","±2.5","231","±160","4.7%","±3.3","28","±31","0.8%","±0.8","238","±159","6.3%","±4.2","57","±46","0.8%","±0.6","104","±64","3.6%","±2.2","195","±194","4.6%","±4.6","41","±38","1.0%","±0.9"
"                Different state","29","±33","0.5%","±0.6","80","±92","1.6%","±1.9","95","±104","1.5%","±1.7","57","±47","1.2%","±1.0","61","±65","1.7%","±1.8","76","±69","2.0%","±1.8","207","±138","2.8%","±1.9","58","±48","2.0%","±1.7","217","±126","5.1%","±3.0","70","±46","1.7%","±1.1"
"        Abroad","2","±3","0.0%","±0.1","0","±17","0.0%","±0.7","15","±23","0.2%","±0.4","9","±14","0.2%","±0.3","0","±12","0.0%","±0.9","0","±12","0.0%","±0.9","0","±17","0.0%","±0.4","4","±7","0.1%","±0.2","21","±23","0.5%","±0.5","0","±12","0.0%","±0.8"
"PLACE OF BIRTH","","","","","","","","","","","","","","","","","","","","","","","","","","","","","","","","","","","","","","","",""
"    Total population","6,015","±214","6,015","(X)","5,057","±21","5,057","(X)","6,344","±283","6,344","(X)","4,938","±311","4,938","(X)","3,716","±245","3,716","(X)","3,829","±20","3,829","(X)","7,388","±212","7,388","(X)","2,944","±22","2,944","(X)","4,308","±130","4,308","(X)","4,147","±127","4,147","(X)"
"        Native","5,972","±218","99.3%","±0.4","5,053","±22","99.9%","±0.1","6,170","±284","97.3%","±1.3","4,809","±311","97.4%","±1.6","3,635","±250","97.8%","±1.4","3,726","±54","97.3%","±1.4","7,261","±256","98.3%","±1.4","2,805","±86","95.3%","±2.8","4,258","±131","98.8%","±0.6","4,025","±142","97.1%","±1.7"
"            Born in United States","5,926","±224","98.5%","±0.6","5,044","±23","99.7%","±0.2","6,158","±287","97.1%","±1.3","4,782","±307","96.8%","±1.8","3,602","±248","96.9%","±1.6","3,710","±58","96.9%","±1.5","7,232","±248","97.9%","±1.5","2,790","±89","94.8%","±2.9","4,229","±132","98.2%","±0.9","3,988","±146","96.2%","±1.9"
"                State of residence","4,662","±265","77.5%","±3.3","3,709","±262","73.3%","±5.1","4,520","±435","71.2%","±5.2","3,881","±300","78.6%","±4.3","2,817","±297","75.8%","±5.1","2,404","±193","62.8%","±5.1","4,377","±402","59.2%","±5.1","1,888","±163","64.1%","±5.5","2,084","±278","48.4%","±5.9","1,540","±250","37.1%","±6.2"
"                Different state","1,264","±191","21.0%","±3.1","1,335","±259","26.4%","±5.1","1,638","±314","25.8%","±5.2","901","±195","18.2%","±3.6","785","±167","21.1%","±4.6","1,306","±183","34.1%","±4.7","2,855","±374","38.6%","±4.9","902","±168","30.6%","±5.7","2,145","±251","49.8%","±6.0","2,448","±283","59.0%","±6.2"
"            Born in Puerto Rico, U.S. Island areas, or born abroad to American parent(s)","46","±26","0.8%","±0.4","9","±9","0.2%","±0.2","12","±20","0.2%","±0.3","27","±26","0.5%","±0.5","33","±26","0.9%","±0.7","16","±22","0.4%","±0.6","29","±31","0.4%","±0.4","15","±14","0.5%","±0.5","29","±28","0.7%","±0.6","37","±30","0.9%","±0.7"
"        Foreign born","43","±23","0.7%","±0.4","4","±5","0.1%","±0.1","174","±81","2.7%","±1.3","129","±79","2.6%","±1.6","81","±50","2.2%","±1.4","103","±54","2.7%","±1.4","127","±106","1.7%","±1.4","139","±82","4.7%","±2.8","50","±28","1.2%","±0.6","122","±69","2.9%","±1.7"
"U.S. CITIZENSHIP STATUS","","","","","","","","","","","","","","","","","","","","","","","","","","","","","","","","","","","","","","","",""
"    Foreign-born population","43","±23","43","(X)","4","±5","4","(X)","174","±81","174","(X)","129","±79","129","(X)","81","±50","81","(X)","103","±54","103","(X)","127","±106","127","(X)","139","±82","139","(X)","50","±28","50","(X)","122","±69","122","(X)"
"        Naturalized U.S. citizen","38","±21","88.4%","±13.7","4","±5","100.0%","±100.0","127","±62","73.0%","±21.0","59","±40","45.7%","±31.2","48","±38","59.3%","±31.2","85","±48","82.5%","±27.7","18","±18","14.2%","±21.3","76","±46","54.7%","±32.6","36","±22","72.0%","±26.3","69","±59","56.6%","±44.5"
"        Not a U.S. citizen","5","±6","11.6%","±13.7","0","±17","0.0%","±100.0","47","±46","27.0%","±21.0","70","±69","54.3%","±31.2","33","±32","40.7%","±31.2","18","±33","17.5%","±27.7","109","±105","85.8%","±21.3","63","±67","45.3%","±32.6","14","±15","28.0%","±26.3","53","±70","43.4%","±44.5"
"YEAR OF ENTRY","","","","","","","","","","","","","","","","","","","","","","","","","","","","","","","","","","","","","","","",""
"    Population born outside the United States","89","±35","89","(X)","13","±10","13","(X)","186","±85","186","(X)","156","±89","156","(X)","114","±59","114","(X)","119","±57","119","(X)","156","±107","156","(X)","154","±84","154","(X)","79","±38","79","(X)","159","±80","159","(X)"
"        Native","46","±26","46","(X)","9","±9","9","(X)","12","±20","12","(X)","27","±26","27","(X)","33","±26","33","(X)","16","±22","16","(X)","29","±31","29","(X)","15","±14","15","(X)","29","±28","29","(X)","37","±30","37","(X)"
"            Entered 2010 or later","0","±17","0.0%","±43.7","0","±17","0.0%","±98.9","0","±17","0.0%","±85.6","0","±12","0.0%","±57.1","0","±12","0.0%","±51.6","0","±12","0.0%","±74.1","8","±14","27.6%","±32.4","0","±12","0.0%","±76.6","9","±14","31.0%","±41.1","0","±12","0.0%","±48.8"
"            Entered before 2010","46","±26","100.0%","±43.7","9","±9","100.0%","±98.9","12","±20","100.0%","±85.6","27","±26","100.0%","±57.1","33","±26","100.0%","±51.6","16","±22","100.0%","±74.1","21","±21","72.4%","±32.4","15","±14","100.0%","±76.6","20","±22","69.0%","±41.1","37","±30","100.0%","±48.8"
"        Foreign born","43","±23","43","(X)","4","±5","4","(X)","174","±81","174","(X)","129","±79","129","(X)","81","±50","81","(X)","103","±54","103","(X)","127","±106","127","(X)","139","±82","139","(X)","50","±28","50","(X)","122","±69","122","(X)"
"            Entered 2010 or later","3","±5","7.0%","±9.8","0","±17","0.0%","±100.0","23","±39","13.2%","±20.0","59","±68","45.7%","±34.0","17","±17","21.0%","±18.7","8","±14","7.8%","±12.2","2","±5","1.6%","±5.2","10","±10","7.2%","±7.7","8","±12","16.0%","±21.6","0","±12","0.0%","±23.1"
"            Entered before 2010","40","±20","93.0%","±9.8","4","±5","100.0%","±100.0","151","±70","86.8%","±20.0","70","±41","54.3%","±34.0","64","±43","79.0%","±18.7","95","±49","92.2%","±12.2","125","±106","98.4%","±5.2","129","±78","92.8%","±7.7","42","±24","84.0%","±21.6","122","±69","100.0%","±23.1"
"WORLD REGION OF BIRTH OF FOREIGN BORN","","","","","","","","","","","","","","","","","","","","","","","","","","","","","","","","","","","","","","","",""
"    Foreign-born population, excluding population born at sea","43","±23","43","(X)","4","±5","4","(X)","174","±81","174","(X)","129","±79","129","(X)","81","±50","81","(X)","103","±54","103","(X)","127","±106","127","(X)","139","±82","139","(X)","50","±28","50","(X)","122","±69","122","(X)"
"        Europe","23","±16","53.5%","±35.7","0","±17","0.0%","±100.0","46","±42","26.4%","±22.5","48","±38","37.2%","±27.7","10","±16","12.3%","±18.4","37","±33","35.9%","±25.5","16","±15","12.6%","±19.8","48","±35","34.5%","±25.7","37","±27","74.0%","±27.9","63","±41","51.6%","±29.7"
"        Asia","15","±20","34.9%","±33.7","2","±4","50.0%","±50.0","41","±50","23.6%","±23.8","5","±8","3.9%","±6.2","59","±43","72.8%","±26.1","44","±44","42.7%","±30.2","107","±105","84.3%","±23.7","4","±7","2.9%","±6.0","6","±8","12.0%","±16.6","43","±50","35.2%","±38.3"
"        Africa","0","±17","0.0%","±45.2","0","±17","0.0%","±100.0","0","±17","0.0%","±17.0","0","±12","0.0%","±22.0","0","±12","0.0%","±31.8","0","±12","0.0%","±26.5","0","±17","0.0%","±22.3","0","±12","0.0%","±20.7","0","±12","0.0%","±41.9","0","±12","0.0%","±23.1"
"        Oceania","0","±17","0.0%","±45.2","0","±17","0.0%","±100.0","0","±17","0.0%","±17.0","0","±12","0.0%","±22.0","0","±12","0.0%","±31.8","0","±12","0.0%","±26.5","0","±17","0.0%","±22.3","1","±2","0.7%","±1.7","0","±12","0.0%","±41.9","0","±12","0.0%","±23.1"
"        Latin America","3","±5","7.0%","±11.0","0","±17","0.0%","±100.0","74","±53","42.5%","±24.5","50","±63","38.8%","±32.8","0","±12","0.0%","±31.8","11","±15","10.7%","±16.3","4","±7","3.1%","±6.1","86","±73","61.9%","±27.4","7","±10","14.0%","±21.6","16","±56","13.1%","±41.0"
"        Northern America","2","±4","4.7%","±9.0","2","±4","50.0%","±50.0","13","±20","7.5%","±11.7","26","±26","20.2%","±21.0","12","±18","14.8%","±22.2","11","±15","10.7%","±14.0","0","±17","0.0%","±22.3","0","±12","0.0%","±20.7","0","±12","0.0%","±41.9","0","±12","0.0%","±23.1"
"LANGUAGE SPOKEN AT HOME","","","","","","","","","","","","","","","","","","","","","","","","","","","","","","","","","","","","","","","",""
"    Population 5 years and over","5,766","±224","5,766","(X)","4,672","±152","4,672","(X)","6,120","±291","6,120","(X)","4,758","±299","4,758","(X)","3,469","±238","3,469","(X)","3,491","±106","3,491","(X)","7,187","±211","7,187","(X)","2,841","±49","2,841","(X)","4,033","±147","4,033","(X)","3,875","±150","3,875","(X)"
"        English only","5,672","±232","98.4%","±0.8","4,595","±181","98.4%","±1.5","5,953","±302","97.3%","±1.5","4,601","±294","96.7%","±2.1","3,414","±255","98.4%","±1.5","3,241","±156","92.8%","±3.7","7,057","±258","98.2%","±1.5","2,707","±99","95.3%","±2.6","3,991","±146","99.0%","±0.7","3,823","±146","98.7%","±0.9"
"        Language other than English","94","±47","1.6%","±0.8","77","±68","1.6%","±1.5","167","±89","2.7%","±1.5","157","±100","3.3%","±2.1","55","±51","1.6%","±1.5","250","±132","7.2%","±3.7","130","±110","1.8%","±1.5","134","±75","4.7%","±2.6","42","±27","1.0%","±0.7","52","±35","1.3%","±0.9"
"            Speak English less than ""very well""","19","±21","0.3%","±0.4","3","±4","0.1%","±0.1","9","±16","0.1%","±0.3","43","±42","0.9%","±0.9","9","±15","0.3%","±0.4","48","±46","1.4%","±1.3","65","±72","0.9%","±1.0","86","±70","3.0%","±2.5","9","±13","0.2%","±0.3","27","±22","0.7%","±0.6"
"        Spanish","31","±26","0.5%","±0.5","9","±12","0.2%","±0.3","92","±72","1.5%","±1.2","114","±89","2.4%","±1.9","13","±20","0.4%","±0.6","139","±107","4.0%","±3.1","28","±23","0.4%","±0.3","77","±60","2.7%","±2.1","2","±3","0.0%","±0.1","9","±13","0.2%","±0.3"
"            Speak English less than ""very well""","3","±5","0.1%","±0.1","3","±4","0.1%","±0.1","9","±16","0.1%","±0.3","38","±40","0.8%","±0.8","0","±12","0.0%","±0.9","18","±23","0.5%","±0.7","5","±8","0.1%","±0.1","48","±63","1.7%","±2.2","1","±2","0.0%","±0.1","9","±13","0.2%","±0.3"
"        Other Indo-European languages","57","±31","1.0%","±0.6","66","±69","1.4%","±1.5","75","±57","1.2%","±0.9","38","±37","0.8%","±0.8","11","±15","0.3%","±0.4","37","±31","1.1%","±0.9","11","±14","0.2%","±0.2","45","±34","1.6%","±1.2","31","±23","0.8%","±0.6","24","±24","0.6%","±0.6"
"            Speak English less than ""very well""","13","±18","0.2%","±0.3","0","±17","0.0%","±0.7","0","±17","0.0%","±0.5","0","±12","0.0%","±0.7","0","±12","0.0%","±0.9","0","±12","0.0%","±0.9","0","±17","0.0%","±0.5","37","±33","1.3%","±1.2","7","±12","0.2%","±0.3","6","±12","0.2%","±0.3"
"        Asian and Pacific Islander languages","0","±17","0.0%","±0.6","0","±17","0.0%","±0.7","0","±17","0.0%","±0.5","5","±8","0.1%","±0.2","31","±40","0.9%","±1.2","74","±62","2.1%","±1.8","91","±108","1.3%","±1.5","8","±9","0.3%","±0.3","9","±13","0.2%","±0.3","13","±19","0.3%","±0.5"
"            Speak English less than ""very well""","0","±17","0.0%","±0.6","0","±17","0.0%","±0.7","0","±17","0.0%","±0.5","5","±8","0.1%","±0.2","9","±15","0.3%","±0.4","30","±39","0.9%","±1.1","60","±72","0.8%","±1.0","0","±12","0.0%","±1.1","1","±2","0.0%","±0.1","6","±12","0.2%","±0.3"
"        Other languages","6","±8","0.1%","±0.1","2","±4","0.0%","±0.1","0","±17","0.0%","±0.5","0","±12","0.0%","±0.7","0","±12","0.0%","±0.9","0","±12","0.0%","±0.9","0","±17","0.0%","±0.5","4","±7","0.1%","±0.2","0","±12","0.0%","±0.8","6","±12","0.2%","±0.3"
"            Speak English less than ""very well""","3","±6","0.1%","±0.1","0","±17","0.0%","±0.7","0","±17","0.0%","±0.5","0","±12","0.0%","±0.7","0","±12","0.0%","±0.9","0","±12","0.0%","±0.9","0","±17","0.0%","±0.5","1","±4","0.0%","±0.1","0","±12","0.0%","±0.8","6","±12","0.2%","±0.3"
"ANCESTRY","","","","","","","","","","","","","","","","","","","","","","","","","","","","","","","","","","","","","","","",""
"    Total population","6,015","±214","6,015","(X)","5,057","±21","5,057","(X)","6,344","±283","6,344","(X)","4,938","±311","4,938","(X)","3,716","±245","3,716","(X)","3,829","±20","3,829","(X)","7,388","±212","7,388","(X)","2,944","±22","2,944","(X)","4,308","±130","4,308","(X)","4,147","±127","4,147","(X)"
"        American","672","±273","11.2%","±4.5","457","±245","9.0%","±4.8","346","±167","5.5%","±2.7","302","±144","6.1%","±3.0","253","±128","6.8%","±3.3","126","±85","3.3%","±2.2","486","±211","6.6%","±2.8","248","±93","8.4%","±3.2","268","±130","6.2%","±3.0","222","±82","5.4%","±2.0"
"        Arab","8","±11","0.1%","±0.2","4","±5","0.1%","±0.1","0","±17","0.0%","±0.5","0","±12","0.0%","±0.7","7","±10","0.2%","±0.3","0","±12","0.0%","±0.8","17","±26","0.2%","±0.3","0","±12","0.0%","±1.1","0","±12","0.0%","±0.8","17","±19","0.4%","±0.5"
"        Czech","6","±6","0.1%","±0.1","2","±3","0.0%","±0.1","74","±68","1.2%","±1.1","15","±18","0.3%","±0.4","16","±19","0.4%","±0.5","28","±42","0.7%","±1.1","36","±55","0.5%","±0.7","10","±16","0.3%","±0.6","25","±30","0.6%","±0.7","0","±12","0.0%","±0.8"
"        Danish","14","±11","0.2%","±0.2","0","±17","0.0%","±0.6","9","±17","0.1%","±0.3","14","±17","0.3%","±0.4","11","±16","0.3%","±0.4","0","±12","0.0%","±0.8","0","±17","0.0%","±0.4","5","±5","0.2%","±0.2","0","±12","0.0%","±0.8","7","±12","0.2%","±0.3"
"        Dutch","215","±108","3.6%","±1.8","260","±112","5.1%","±2.2","82","±84","1.3%","±1.3","170","±65","3.4%","±1.3","36","±31","1.0%","±0.8","171","±98","4.5%","±2.6","223","±99","3.0%","±1.3","127","±92","4.3%","±3.1","89","±43","2.1%","±1.0","69","±49","1.7%","±1.2"
"        English","1,126","±215","18.7%","±3.5","627","±188","12.4%","±3.7","878","±248","13.8%","±3.8","873","±287","17.7%","±5.6","447","±145","12.0%","±3.8","579","±178","15.1%","±4.6","1,357","±364","18.4%","±4.9","526","±148","17.9%","±5.0","498","±177","11.6%","±4.1","430","±159","10.4%","±3.9"
"        French (except Basque)","110","±48","1.8%","±0.8","106","±61","2.1%","±1.2","126","±104","2.0%","±1.6","72","±44","1.5%","±0.9","96","±47","2.6%","±1.3","24","±26","0.6%","±0.7","503","±333","6.8%","±4.5","106","±71","3.6%","±2.4","62","±61","1.4%","±1.4","144","±85","3.5%","±2.1"
"        French Canadian","42","±34","0.7%","±0.6","23","±34","0.5%","±0.7","16","±26","0.3%","±0.4","36","±45","0.7%","±0.9","12","±18","0.3%","±0.5","50","±38","1.3%","±1.0","49","±60","0.7%","±0.8","18","±19","0.6%","±0.6","25","±30","0.6%","±0.7","23","±37","0.6%","±0.9"
"        German","1,200","±229","20.0%","±3.7","664","±217","13.1%","±4.3","1,444","±364","22.8%","±5.5","624","±180","12.6%","±3.6","601","±174","16.2%","±4.9","731","±161","19.1%","±4.2","1,493","±328","20.2%","±4.2","473","±128","16.1%","±4.4","560","±190","13.0%","±4.4","751","±191","18.1%","±4.5"
"        Greek","18","±25","0.3%","±0.4","0","±17","0.0%","±0.6","15","±23","0.2%","±0.4","5","±10","0.1%","±0.2","9","±14","0.2%","±0.4","45","±69","1.2%","±1.8","45","±50","0.6%","±0.7","0","±12","0.0%","±1.1","18","±14","0.4%","±0.3","16","±25","0.4%","±0.6"
"        Hungarian","6","±8","0.1%","±0.1","76","±96","1.5%","±1.9","64","±57","1.0%","±0.9","41","±39","0.8%","±0.8","32","±35","0.9%","±0.9","0","±12","0.0%","±0.8","165","±199","2.2%","±2.7","33","±19","1.1%","±0.6","44","±68","1.0%","±1.6","0","±12","0.0%","±0.8"
"        Irish","824","±161","13.7%","±2.7","660","±249","13.1%","±4.9","1,049","±281","16.5%","±4.3","807","±207","16.3%","±4.1","695","±172","18.7%","±4.5","600","±178","15.7%","±4.6","1,067","±274","14.4%","±3.7","426","±101","14.5%","±3.4","557","±152","12.9%","±3.5","467","±132","11.3%","±3.2"
"        Italian","299","±99","5.0%","±1.6","337","±160","6.7%","±3.2","582","±211","9.2%","±3.3","562","±192","11.4%","±3.8","550","±198","14.8%","±5.0","251","±105","6.6%","±2.7","599","±213","8.1%","±2.8","205","±85","7.0%","±2.9","454","±165","10.5%","±3.8","531","±193","12.8%","±4.6"
"        Lithuanian","27","±25","0.4%","±0.4","0","±17","0.0%","±0.6","28","±31","0.4%","±0.5","0","±12","0.0%","±0.7","52","±33","1.4%","±0.9","55","±71","1.4%","±1.9","0","±17","0.0%","±0.4","6","±9","0.2%","±0.3","0","±12","0.0%","±0.8","0","±12","0.0%","±0.8"
"        Norwegian","106","±88","1.8%","±1.5","0","±17","0.0%","±0.6","44","±41","0.7%","±0.6","58","±41","1.2%","±0.8","11","±17","0.3%","±0.5","25","±39","0.7%","±1.0","16","±25","0.2%","±0.3","47","±65","1.6%","±2.2","9","±15","0.2%","±0.3","28","±45","0.7%","±1.1"
"        Polish","389","±147","6.5%","±2.5","351","±171","6.9%","±3.4","592","±222","9.3%","±3.6","464","±197","9.4%","±3.8","351","±141","9.4%","±3.8","198","±80","5.2%","±2.1","217","±81","2.9%","±1.1","112","±59","3.8%","±2.0","131","±59","3.0%","±1.4","141","±75","3.4%","±1.8"
"        Portuguese","3","±4","0.0%","±0.1","0","±17","0.0%","±0.6","0","±17","0.0%","±0.5","0","±12","0.0%","±0.7","0","±12","0.0%","±0.9","34","±49","0.9%","±1.3","21","±31","0.3%","±0.4","9","±13","0.3%","±0.4","0","±12","0.0%","±0.8","20","±33","0.5%","±0.8"
"        Russian","25","±21","0.4%","±0.3","111","±132","2.2%","±2.6","135","±109","2.1%","±1.7","70","±32","1.4%","±0.7","75","±56","2.0%","±1.5","40","±52","1.0%","±1.4","8","±13","0.1%","±0.2","60","±63","2.0%","±2.1","7","±10","0.2%","±0.2","0","±12","0.0%","±0.8"
"        Scotch-Irish","89","±111","1.5%","±1.8","95","±79","1.9%","±1.6","21","±33","0.3%","±0.5","49","±45","1.0%","±0.9","37","±33","1.0%","±0.9","21","±24","0.5%","±0.6","64","±69","0.9%","±0.9","27","±27","0.9%","±0.9","23","±26","0.5%","±0.6","62","±48","1.5%","±1.1"
"        Scottish","78","±40","1.3%","±0.7","100","±60","2.0%","±1.2","80","±57","1.3%","±0.9","123","±73","2.5%","±1.5","48","±36","1.3%","±1.0","81","±45","2.1%","±1.2","185","±103","2.5%","±1.4","50","±33","1.7%","±1.1","130","±89","3.0%","±2.0","74","±47","1.8%","±1.1"
"        Slovak","71","±50","1.2%","±0.8","13","±19","0.3%","±0.4","99","±71","1.6%","±1.1","110","±68","2.2%","±1.4","74","±63","2.0%","±1.7","32","±31","0.8%","±0.8","25","±27","0.3%","±0.4","2","±4","0.1%","±0.1","7","±11","0.2%","±0.3","81","±96","2.0%","±2.3"
"        Subsaharan African","0","±17","0.0%","±0.5","0","±17","0.0%","±0.6","0","±17","0.0%","±0.5","0","±12","0.0%","±0.7","0","±12","0.0%","±0.9","0","±12","0.0%","±0.8","8","±9","0.1%","±0.1","4","±6","0.1%","±0.2","0","±12","0.0%","±0.8","0","±12","0.0%","±0.8"
"        Swedish","16","±10","0.3%","±0.2","1","±3","0.0%","±0.1","136","±137","2.1%","±2.1","50","±39","1.0%","±0.8","36","±57","1.0%","±1.5","38","±34","1.0%","±0.9","364","±321","4.9%","±4.3","2","±3","0.1%","±0.1","20","±29","0.5%","±0.7","64","±76","1.5%","±1.9"
"        Swiss","11","±9","0.2%","±0.1","13","±20","0.3%","±0.4","16","±25","0.3%","±0.4","46","±57","0.9%","±1.2","10","±16","0.3%","±0.4","13","±20","0.3%","±0.5","16","±16","0.2%","±0.2","8","±9","0.3%","±0.3","0","±12","0.0%","±0.8","9","±15","0.2%","±0.4"
"        Ukrainian","32","±19","0.5%","±0.3","42","±47","0.8%","±0.9","111","±128","1.7%","±2.0","29","±30","0.6%","±0.6","62","±49","1.7%","±1.3","8","±13","0.2%","±0.3","82","±123","1.1%","±1.7","16","±20","0.5%","±0.7","32","±36","0.7%","±0.8","91","±95","2.2%","±2.3"
"        Welsh","107","±51","1.8%","±0.9","128","±83","2.5%","±1.6","118","±69","1.9%","±1.1","71","±53","1.4%","±1.1","45","±32","1.2%","±0.9","62","±46","1.6%","±1.2","265","±147","3.6%","±2.0","24","±19","0.8%","±0.7","97","±71","2.3%","±1.6","74","±67","1.8%","±1.6"
"        West Indian (excluding Hispanic origin groups)","0","±17","0.0%","±0.5","0","±17","0.0%","±0.6","9","±16","0.1%","±0.3","0","±12","0.0%","±0.7","0","±12","0.0%","±0.9","0","±12","0.0%","±0.8","0","±17","0.0%","±0.4","30","±31","1.0%","±1.1","0","±12","0.0%","±0.8","36","±62","0.9%","±1.5"
"COMPUTERS AND INTERNET USE","","","","","","","","","","","","","","","","","","","","","","","","","","","","","","","","","","","","","","","",""
"    Total households","2,361","±144","2,361","(X)","1,958","±140","1,958","(X)","2,744","±156","2,744","(X)","1,998","±138","1,998","(X)","1,445","±77","1,445","(X)","1,774","±120","1,774","(X)","3,148","±209","3,148","(X)","1,256","±94","1,256","(X)","1,582","±91","1,582","(X)","1,764","±140","1,764","(X)"
"        With a computer","2,004","±138","84.9%","±4.5","1,873","±132","95.7%","±2.6","2,392","±177","87.2%","±4.9","1,837","±143","91.9%","±3.3","1,350","±87","93.4%","±4.1","1,514","±136","85.3%","±4.9","2,687","±271","85.4%","±5.5","1,140","±84","90.8%","±4.0","1,481","±101","93.6%","±2.6","1,479","±150","83.8%","±4.8"
"        With a broadband Internet subscription","1,856","±122","78.6%","±4.8","1,797","±111","91.8%","±3.5","2,348","±183","85.6%","±4.9","1,710","±153","85.6%","±4.4","1,299","±90","89.9%","±4.6","1,404","±138","79.1%","±5.9","2,502","±273","79.5%","±5.7","1,069","±93","85.1%","±4.7","1,280","±119","80.9%","±6.0","1,420","±140","80.5%","±4.8"