"Label","Census Tract 701, Warren County, New York!!Estimate","Census Tract 701, Warren County, New York!!Margin of Error","Census Tract 701, Warren County, New York!!Percent","Census Tract 701, Warren County, New York!!Percent Margin of Error","Census Tract 702, Warren County, New York!!Estimate","Census Tract 702, Warren County, New York!!Margin of Error","Census Tract 702, Warren County, New York!!Percent","Census Tract 702, Warren County, New York!!Percent Margin of Error","Census Tract 703, Warren County, New York!!Estimate","Census Tract 703, Warren County, New York!!Margin of Error","Census Tract 703, Warren County, New York!!Percent","Census Tract 703, Warren County, New York!!Percent Margin of Error","Census Tract 704, Warren County, New York!!Estimate","Census Tract 704, Warren County, New York!!Margin of Error","Census Tract 704, Warren County, New York!!Percent","Census Tract 704, Warren County, New York!!Percent Margin of Error","Census Tract 705, Warren County, New York!!Estimate","Census Tract 705, Warren County, New York!!Margin of Error","Census Tract 705, Warren County, New York!!Percent","Census Tract 705, Warren County, New York!!Percent Margin of Error","Census Tract 706.01, Warren County, New York!!Estimate","Census Tract 706.01, Warren County, New York!!Margin of Error","Census Tract 706.01, Warren County, New York!!Percent","Census Tract 706.01, Warren County, New York!!Percent Margin of Error","Census Tract 706.02, Warren County, New York!!Estimate","Census Tract 706.02, Warren County, New York!!Margin of Error","Census Tract 706.02, Warren County, New York!!Percent","Census Tract 706.02, Warren County, New York!!Percent Margin of Error","Census Tract 707.01, Warren County, New York!!Estimate","Census Tract 707.01, Warren County, New York!!Margin of Error","Census Tract 707.01, Warren County, New York!!Percent","Census Tract 707.01, Warren County, New York!!Percent Margin of Error","Census Tract 707.02, Warren County, New York!!Estimate","Census Tract 707.02, Warren County, New York!!Margin of Error","Census Tract 707.02, Warren County, New York!!Percent","Census Tract 707.02, Warren County, New York!!Percent Margin of Error","Census Tract 708, Warren County, New York!!Estimate","Census Tract 708, Warren County, New York!!Margin of Error","Census Tract 708, Warren County, New York!!Percent","Census Tract 708, Warren County, New York!!Percent Margin of Error","Census Tract 709, Warren County, New York!!Estimate","Census Tract 709, Warren County, New York!!Margin of Error","Census Tract 709, Warren County, New York!!Percent","Census Tract 709, Warren County, New York!!Percent Margin of Error","Census Tract 710, Warren County, New York!!Estimate","Census Tract 710, Warren County, New York!!Margin of Error","Census Tract 710, Warren County, New York!!Percent","Census Tract 710, Warren County, New York!!Percent Margin of Error","Census Tract 720, Warren County, New York!!Estimate","Census Tract 720, Warren County, New York!!Margin of Error","Census Tract 720, Warren County, New York!!Percent","Census Tract 720, Warren County, New York!!Percent Margin of Error","Census Tract 730, Warren County, New York!!Estimate","Census Tract 730, Warren County, New York!!Margin of Error","Census Tract 730, Warren County, New York!!Percent","Census Tract 730, Warren County, New York!!Percent Margin of Error","Census Tract 735, Warren County, New York!!Estimate","Census Tract 735, Warren County, New York!!Margin of Error","Census Tract 735, Warren County, New York!!Percent","Census Tract 735, Warren County, New York!!Percent Margin of Error","Census Tract 740, Warren County, New York!!Estimate","Census Tract 740, Warren County, New York!!Margin of Error","Census Tract 740, Warren County, New York!!Percent","Census Tract 740, Warren County, New York!!Percent Margin of Error","Census Tract 750, Warren County, New York!!Estimate","Census Tract 750, Warren County, New York!!Margin of Error","Census Tract 750, Warren County, New York!!Percent","Census Tract 750, Warren County, New York!!Percent Margin of Error","Census Tract 760, Warren County, New York!!Estimate","Census Tract 760, Warren County, New York!!Margin of Error","Census Tract 760, Warren County, New York!!Percent","Census Tract 760, Warren County, New York!!Percent Margin of Error","Census Tract 780, Warren County, New York!!Estimate","Census Tract 780, Warren County, New York!!Margin of Error","Census Tract 780, Warren County, New York!!Percent","Census Tract 780, Warren County, New York!!Percent Margin of Error"
"HOUSEHOLDS BY TYPE","","","","","","","","","","","","","","","","","","","","","","","","","","","","","","","","","","","","","","","","","","","","","","","","","","","","","","","","","","","","","","","","","","","","","","","","","","","",""
"    Total households","1,122","±85","1,122","(X)","878","±67","878","(X)","1,556","±139","1,556","(X)","1,754","±96","1,754","(X)","1,106","±88","1,106","(X)","2,498","±147","2,498","(X)","645","±76","645","(X)","1,943","±159","1,943","(X)","1,980","±107","1,980","(X)","2,942","±181","2,942","(X)","1,605","±108","1,605","(X)","1,492","±142","1,492","(X)","1,453","±146","1,453","(X)","1,723","±118","1,723","(X)","747","±55","747","(X)","1,004","±95","1,004","(X)","1,480","±137","1,480","(X)","1,075","±92","1,075","(X)","1,012","±114","1,012","(X)"
"        Married-couple family","451","±94","40.2%","±8.8","216","±55","24.6%","±6.3","619","±92","39.8%","±6.4","703","±113","40.1%","±6.7","252","±60","22.8%","±5.7","1,131","±185","45.3%","±7.6","378","±71","58.6%","±9.8","733","±149","37.7%","±7.8","1,048","±109","52.9%","±5.0","1,315","±157","44.7%","±5.1","1,236","±113","77.0%","±5.7","707","±93","47.4%","±7.7","752","±82","51.8%","±7.0","632","±102","36.7%","±6.5","399","±51","53.4%","±5.6","499","±93","49.7%","±8.3","750","±135","50.7%","±8.9","587","±76","54.6%","±5.3","527","±94","52.1%","±8.3"
"            With own children of the householder under 18 years","163","±65","14.5%","±5.8","90","±46","10.3%","±5.3","239","±62","15.4%","±4.1","228","±84","13.0%","±4.9","98","±42","8.9%","±4.0","267","±93","10.7%","±3.6","54","±23","8.4%","±3.5","294","±100","15.1%","±5.2","363","±94","18.3%","±4.6","386","±130","13.1%","±4.2","402","±84","25.0%","±4.9","162","±57","10.9%","±4.1","196","±69","13.5%","±5.7","171","±83","9.9%","±4.9","78","±21","10.4%","±2.7","81","±37","8.1%","±3.6","193","±51","13.0%","±3.9","92","±28","8.6%","±2.7","68","±25","6.7%","±2.5"
"        Cohabiting couple household","153","±63","13.6%","±5.5","117","±50","13.3%","±5.7","86","±56","5.5%","±3.5","146","±72","8.3%","±4.1","168","±64","15.2%","±5.4","199","±99","8.0%","±3.8","33","±26","5.1%","±4.1","88","±43","4.5%","±2.2","157","±82","7.9%","±4.1","343","±155","11.7%","±5.2","48","±32","3.0%","±2.0","134","±71","9.0%","±4.7","81","±36","5.6%","±2.5","176","±76","10.2%","±4.4","67","±27","9.0%","±3.6","53","±45","5.3%","±4.5","63","±47","4.3%","±3.3","50","±24","4.7%","±2.3","25","±22","2.5%","±2.2"
"            With own children of the householder under 18 years","63","±36","5.6%","±3.2","19","±17","2.2%","±2.0","13","±20","0.8%","±1.3","59","±43","3.4%","±2.4","58","±36","5.2%","±3.1","0","±17","0.0%","±1.3","0","±12","0.0%","±4.9","18","±28","0.9%","±1.4","42","±39","2.1%","±2.0","154","±129","5.2%","±4.3","24","±27","1.5%","±1.7","40","±47","2.7%","±3.1","26","±21","1.8%","±1.5","87","±54","5.0%","±3.1","29","±21","3.9%","±2.8","17","±26","1.7%","±2.6","28","±38","1.9%","±2.7","17","±12","1.6%","±1.1","0","±12","0.0%","±3.2"
"        Male householder, no spouse/partner present","185","±75","16.5%","±6.5","163","±57","18.6%","±6.3","346","±102","22.2%","±5.9","400","±103","22.8%","±5.5","297","±83","26.9%","±7.4","525","±143","21.0%","±5.7","101","±57","15.7%","±7.8","444","±130","22.9%","±6.5","185","±75","9.3%","±3.7","540","±176","18.4%","±5.6","132","±56","8.2%","±3.4","311","±114","20.8%","±6.8","247","±82","17.0%","±4.8","439","±113","25.5%","±6.1","116","±36","15.5%","±4.3","225","±69","22.4%","±6.6","382","±118","25.8%","±7.0","225","±61","20.9%","±5.0","262","±97","25.9%","±8.2"
"            With own children of the householder under 18 years","0","±12","0.0%","±2.9","3","±5","0.3%","±0.5","0","±12","0.0%","±2.1","42","±50","2.4%","±2.8","32","±25","2.9%","±2.3","15","±22","0.6%","±0.9","0","±12","0.0%","±4.9","0","±12","0.0%","±1.7","9","±14","0.5%","±0.7","16","±26","0.5%","±0.9","24","±28","1.5%","±1.7","11","±18","0.7%","±1.2","0","±12","0.0%","±2.2","40","±32","2.3%","±1.9","3","±4","0.4%","±0.5","15","±17","1.5%","±1.7","0","±12","0.0%","±2.2","0","±12","0.0%","±3.0","8","±11","0.8%","±1.1"
"            Householder living alone","157","±63","14.0%","±5.4","125","±46","14.2%","±5.1","310","±100","19.9%","±5.7","301","±101","17.2%","±5.6","212","±85","19.2%","±7.5","343","±112","13.7%","±4.4","59","±34","9.1%","±5.0","394","±132","20.3%","±6.6","158","±72","8.0%","±3.5","459","±166","15.6%","±5.3","86","±44","5.4%","±2.8","239","±112","16.0%","±6.6","220","±79","15.1%","±4.8","298","±93","17.3%","±5.0","95","±36","12.7%","±4.3","166","±60","16.5%","±5.6","313","±121","21.1%","±6.9","173","±52","16.1%","±4.4","221","±88","21.8%","±7.7"
"                65 years and over","48","±31","4.3%","±2.8","54","±26","6.2%","±2.9","94","±66","6.0%","±4.1","78","±51","4.4%","±2.9","55","±36","5.0%","±3.3","205","±87","8.2%","±3.5","33","±27","5.1%","±4.1","109","±82","5.6%","±4.2","67","±50","3.4%","±2.5","109","±67","3.7%","±2.3","16","±18","1.0%","±1.1","54","±44","3.6%","±2.9","65","±35","4.5%","±2.3","82","±37","4.8%","±2.1","28","±16","3.7%","±2.2","74","±36","7.4%","±3.4","94","±63","6.4%","±4.1","85","±37","7.9%","±3.4","13","±13","1.3%","±1.2"
"        Female householder, no spouse/partner present","333","±105","29.7%","±8.6","382","±76","43.5%","±7.5","505","±126","32.5%","±7.0","505","±121","28.8%","±6.6","389","±100","35.2%","±8.2","643","±177","25.7%","±6.6","133","±46","20.6%","±7.0","678","±155","34.9%","±6.6","590","±86","29.8%","±4.2","744","±185","25.3%","±6.2","189","±67","11.8%","±4.0","340","±122","22.8%","±7.2","373","±115","25.7%","±6.2","476","±124","27.6%","±6.3","165","±40","22.1%","±5.1","227","±76","22.6%","±7.2","285","±101","19.3%","±6.1","213","±43","19.8%","±4.0","198","±78","19.6%","±7.7"
"            With own children of the householder under 18 years","66","±60","5.9%","±5.3","89","±50","10.1%","±5.6","55","±41","3.5%","±2.6","64","±38","3.6%","±2.1","43","±41","3.9%","±3.6","115","±80","4.6%","±3.2","32","±21","5.0%","±3.3","0","±12","0.0%","±1.7","130","±63","6.6%","±3.2","116","±111","3.9%","±3.8","79","±44","4.9%","±2.7","0","±12","0.0%","±2.2","77","±50","5.3%","±3.4","50","±48","2.9%","±2.7","20","±13","2.7%","±1.8","32","±25","3.2%","±2.5","13","±22","0.9%","±1.4","4","±5","0.4%","±0.5","0","±12","0.0%","±3.2"
"            Householder living alone","248","±93","22.1%","±7.8","222","±68","25.3%","±7.2","376","±113","24.2%","±6.3","293","±89","16.7%","±4.9","224","±60","20.3%","±5.4","437","±149","17.5%","±5.7","83","±42","12.9%","±6.3","620","±148","31.9%","±6.3","346","±92","17.5%","±4.7","389","±127","13.2%","±4.2","69","±36","4.3%","±2.3","245","±100","16.4%","±5.9","230","±92","15.8%","±5.3","300","±116","17.4%","±6.2","107","±32","14.3%","±4.0","128","±63","12.7%","±5.8","169","±90","11.4%","±5.5","164","±40","15.3%","±3.8","149","±63","14.7%","±6.2"
"                65 years and over","109","±54","9.7%","±4.7","90","±47","10.3%","±5.3","116","±54","7.5%","±3.4","78","±35","4.4%","±2.0","136","±53","12.3%","±4.8","352","±139","14.1%","±5.3","47","±24","7.3%","±3.7","384","±119","19.8%","±5.5","229","±75","11.6%","±3.8","280","±106","9.5%","±3.6","30","±28","1.9%","±1.8","97","±59","6.5%","±3.8","122","±64","8.4%","±4.1","144","±94","8.4%","±5.3","54","±21","7.2%","±2.7","29","±21","2.9%","±2.1","70","±48","4.7%","±3.0","100","±31","9.3%","±2.9","107","±58","10.6%","±5.7"
"        Households with one or more people under 18 years","301","±81","26.8%","±6.9","234","±54","26.7%","±6.3","332","±74","21.3%","±4.7","450","±93","25.7%","±5.3","231","±56","20.9%","±5.1","436","±86","17.5%","±3.3","91","±26","14.1%","±4.1","330","±101","17.0%","±5.2","599","±102","30.3%","±4.9","808","±183","27.5%","±5.6","554","±99","34.5%","±5.1","233","±68","15.6%","±5.1","318","±76","21.9%","±6.7","426","±67","24.7%","±4.2","157","±21","21.0%","±3.0","190","±49","18.9%","±5.0","273","±53","18.4%","±4.7","141","±28","13.1%","±2.8","84","±27","8.3%","±2.8"
"        Households with one or more people 65 years and over","272","±43","24.2%","±3.6","260","±56","29.6%","±6.1","430","±103","27.6%","±6.0","471","±61","26.9%","±3.4","287","±44","25.9%","±4.2","1,098","±123","44.0%","±4.7","345","±68","53.5%","±7.9","688","±148","35.4%","±6.4","766","±83","38.7%","±3.7","722","±111","24.5%","±3.9","491","±64","30.6%","±3.5","539","±98","36.1%","±6.3","552","±110","38.0%","±5.5","583","±106","33.8%","±6.0","336","±32","45.0%","±3.9","376","±78","37.5%","±6.5","548","±112","37.0%","±6.0","540","±77","50.2%","±4.6","403","±76","39.8%","±7.6"
"        Average household size","2.27","±0.15","(X)","(X)","2.19","±0.20","(X)","(X)","2.14","±0.16","(X)","(X)","2.27","±0.14","(X)","(X)","2.12","±0.15","(X)","(X)","2.16","±0.11","(X)","(X)","2.12","±0.17","(X)","(X)","1.98","±0.16","(X)","(X)","2.48","±0.12","(X)","(X)","2.41","±0.15","(X)","(X)","2.75","±0.14","(X)","(X)","2.18","±0.21","(X)","(X)","2.32","±0.23","(X)","(X)","2.30","±0.16","(X)","(X)","2.36","±0.14","(X)","(X)","2.24","±0.21","(X)","(X)","2.19","±0.20","(X)","(X)","2.14","±0.13","(X)","(X)","2.11","±0.18","(X)","(X)"
"        Average family size","2.85","±0.26","(X)","(X)","2.97","±0.32","(X)","(X)","3.10","±0.18","(X)","(X)","2.88","±0.17","(X)","(X)","2.99","±0.27","(X)","(X)","2.74","±0.15","(X)","(X)","2.40","±0.15","(X)","(X)","3.15","±0.25","(X)","(X)","2.89","±0.16","(X)","(X)","2.88","±0.20","(X)","(X)","2.92","±0.15","(X)","(X)","2.78","±0.22","(X)","(X)","2.95","±0.25","(X)","(X)","3.02","±0.25","(X)","(X)","2.82","±0.22","(X)","(X)","2.78","±0.23","(X)","(X)","2.78","±0.22","(X)","(X)","2.60","±0.17","(X)","(X)","2.75","±0.22","(X)","(X)"
"RELATIONSHIP","","","","","","","","","","","","","","","","","","","","","","","","","","","","","","","","","","","","","","","","","","","","","","","","","","","","","","","","","","","","","","","","","","","","","","","","","","","",""
"    Population in households","2,544","±196","2,544","(X)","1,922","±160","1,922","(X)","3,334","±261","3,334","(X)","3,982","±271","3,982","(X)","2,349","±216","2,349","(X)","5,392","±353","5,392","(X)","1,366","±183","1,366","(X)","3,842","±363","3,842","(X)","4,906","±313","4,906","(X)","7,090","±519","7,090","(X)","4,412","±347","4,412","(X)","3,255","±24","3,255","(X)","3,377","±30","3,377","(X)","3,960","±32","3,960","(X)","1,764","±113","1,764","(X)","2,250","±218","2,250","(X)","3,241","±22","3,241","(X)","2,298","±201","2,298","(X)","2,135","±219","2,135","(X)"
"        Householder","1,122","±85","44.1%","±3.0","878","±67","45.7%","±4.1","1,556","±139","46.7%","±3.5","1,754","±96","44.0%","±2.8","1,106","±88","47.1%","±3.3","2,498","±147","46.3%","±2.4","645","±76","47.2%","±3.7","1,943","±159","50.6%","±4.2","1,980","±107","40.4%","±1.9","2,942","±181","41.5%","±2.6","1,605","±108","36.4%","±1.8","1,492","±142","45.8%","±4.3","1,453","±146","43.0%","±4.3","1,723","±118","43.5%","±2.9","747","±55","42.3%","±2.5","1,004","±95","44.6%","±4.2","1,480","±137","45.7%","±4.2","1,075","±92","46.8%","±2.8","1,012","±114","47.4%","±4.0"
"        Spouse","455","±91","17.9%","±3.6","220","±54","11.4%","±2.7","629","±90","18.9%","±2.3","719","±110","18.1%","±2.5","251","±63","10.7%","±2.6","1,131","±188","21.0%","±3.3","377","±72","27.6%","±4.2","731","±151","19.0%","±3.0","1,069","±101","21.8%","±2.1","1,265","±162","17.8%","±2.4","1,248","±114","28.3%","±2.2","682","±85","21.0%","±2.6","776","±87","23.0%","±2.5","640","±102","16.2%","±2.6","403","±53","22.8%","±2.7","503","±88","22.4%","±3.4","729","±124","22.5%","±3.8","587","±71","25.5%","±2.2","530","±90","24.8%","±3.5"
"        Unmarried partner","159","±70","6.3%","±2.7","109","±50","5.7%","±2.6","78","±52","2.3%","±1.5","145","±76","3.6%","±1.9","177","±69","7.5%","±2.8","199","±95","3.7%","±1.7","36","±28","2.6%","±2.1","85","±44","2.2%","±1.2","168","±91","3.4%","±1.8","347","±158","4.9%","±2.1","46","±32","1.0%","±0.7","133","±75","4.1%","±2.3","83","±39","2.5%","±1.1","168","±72","4.2%","±1.8","71","±29","4.0%","±1.7","48","±41","2.1%","±1.8","61","±42","1.9%","±1.3","48","±22","2.1%","±1.0","25","±22","1.2%","±1.0"
"        Child","630","±124","24.8%","±4.1","478","±145","24.9%","±6.2","957","±147","28.7%","±3.6","922","±196","23.2%","±4.1","657","±132","28.0%","±4.2","1,241","±251","23.0%","±3.8","192","±70","14.1%","±4.3","916","±193","23.8%","±3.5","1,455","±196","29.7%","±3.0","1,915","±311","27.0%","±3.3","1,365","±214","30.9%","±3.1","685","±146","21.0%","±4.5","951","±186","28.2%","±5.5","1,013","±131","25.6%","±3.3","404","±59","22.9%","±2.7","452","±132","20.1%","±5.2","633","±131","19.5%","±4.0","364","±81","15.8%","±3.1","464","±122","21.7%","±5.0"
"        Other relatives","47","±42","1.8%","±1.6","110","±57","5.7%","±3.0","28","±29","0.8%","±0.9","300","±149","7.5%","±3.6","44","±27","1.9%","±1.1","212","±167","3.9%","±3.2","35","±34","2.6%","±2.5","106","±99","2.8%","±2.6","121","±79","2.5%","±1.6","321","±144","4.5%","±1.9","91","±61","2.1%","±1.4","183","±110","5.6%","±3.4","63","±33","1.9%","±1.0","295","±171","7.4%","±4.3","125","±63","7.1%","±3.4","217","±126","9.6%","±5.2","285","±180","8.8%","±5.6","128","±71","5.6%","±2.9","36","±53","1.7%","±2.5"
"        Other nonrelatives","131","±104","5.1%","±4.0","127","±58","6.6%","±3.0","86","±56","2.6%","±1.6","142","±88","3.6%","±2.2","114","±66","4.9%","±2.7","111","±113","2.1%","±2.1","81","±79","5.9%","±5.4","61","±50","1.6%","±1.3","113","±102","2.3%","±2.1","300","±201","4.2%","±2.8","57","±51","1.3%","±1.1","80","±78","2.5%","±2.4","51","±42","1.5%","±1.2","121","±84","3.1%","±2.1","14","±9","0.8%","±0.5","26","±24","1.2%","±1.1","53","±56","1.6%","±1.7","96","±47","4.2%","±1.9","68","±65","3.2%","±2.9"
"MARITAL STATUS","","","","","","","","","","","","","","","","","","","","","","","","","","","","","","","","","","","","","","","","","","","","","","","","","","","","","","","","","","","","","","","","","","","","","","","","","","","",""
"    Males 15 years and over","950","±155","950","(X)","730","±108","730","(X)","1,306","±162","1,306","(X)","1,711","±167","1,711","(X)","937","±116","937","(X)","2,516","±238","2,516","(X)","622","±129","622","(X)","1,571","±177","1,571","(X)","1,802","±179","1,802","(X)","2,912","±290","2,912","(X)","1,854","±171","1,854","(X)","1,415","±122","1,415","(X)","1,424","±134","1,424","(X)","1,667","±140","1,667","(X)","745","±69","745","(X)","965","±130","965","(X)","1,505","±125","1,505","(X)","1,013","±107","1,013","(X)","1,065","±151","1,065","(X)"
"        Never married","351","±143","36.9%","±11.6","392","±104","53.7%","±8.7","476","±140","36.4%","±8.0","686","±139","40.1%","±6.6","411","±98","43.9%","±9.6","847","±192","33.7%","±5.8","169","±113","27.2%","±14.2","533","±175","33.9%","±9.7","519","±139","28.8%","±5.9","1,005","±239","34.5%","±6.5","464","±122","25.0%","±5.1","372","±148","26.3%","±9.2","489","±105","34.3%","±5.7","522","±135","31.3%","±7.5","177","±47","23.8%","±5.0","235","±84","24.4%","±7.0","483","±151","32.1%","±9.4","243","±59","24.0%","±4.6","347","±118","32.6%","±8.7"
"        Now married, except separated","450","±92","47.4%","±10.0","231","±53","31.6%","±7.7","633","±96","48.5%","±7.6","779","±118","45.5%","±6.7","261","±60","27.9%","±6.8","1,202","±173","47.8%","±7.3","377","±71","60.6%","±13.2","803","±151","51.1%","±9.9","1,090","±115","60.5%","±5.8","1,351","±172","46.4%","±5.8","1,238","±115","66.8%","±5.7","684","±88","48.3%","±6.9","809","±93","56.8%","±6.4","732","±107","43.9%","±6.6","429","±52","57.6%","±5.8","535","±94","55.4%","±8.1","770","±126","51.2%","±7.9","603","±75","59.5%","±5.7","580","±100","54.5%","±8.8"
"        Separated","20","±21","2.1%","±2.2","24","±29","3.3%","±3.9","33","±25","2.5%","±1.9","30","±44","1.8%","±2.5","55","±60","5.9%","±6.2","14","±23","0.6%","±0.9","0","±12","0.0%","±5.1","9","±15","0.6%","±0.9","11","±18","0.6%","±1.0","23","±33","0.8%","±1.1","10","±16","0.5%","±0.9","9","±15","0.6%","±1.1","15","±21","1.1%","±1.5","105","±67","6.3%","±4.0","5","±5","0.7%","±0.7","12","±13","1.2%","±1.4","8","±13","0.5%","±0.8","9","±7","0.9%","±0.8","32","±34","3.0%","±3.1"
"        Widowed","19","±19","2.0%","±2.1","0","±12","0.0%","±4.4","44","±33","3.4%","±2.5","64","±50","3.7%","±2.9","27","±34","2.9%","±3.6","185","±98","7.4%","±3.6","40","±35","6.4%","±5.4","40","±37","2.5%","±2.3","36","±31","2.0%","±1.7","81","±60","2.8%","±2.1","29","±32","1.6%","±1.7","100","±71","7.1%","±5.0","26","±23","1.8%","±1.5","86","±59","5.2%","±3.4","32","±21","4.3%","±2.9","33","±22","3.4%","±2.3","77","±70","5.1%","±4.5","47","±29","4.6%","±2.8","36","±29","3.4%","±2.8"
"        Divorced","110","±70","11.6%","±7.2","83","±38","11.4%","±5.2","120","±62","9.2%","±4.5","152","±82","8.9%","±4.5","183","±82","19.5%","±7.9","268","±114","10.7%","±4.5","36","±22","5.8%","±3.7","186","±107","11.8%","±6.5","146","±77","8.1%","±4.3","452","±180","15.5%","±5.9","113","±52","6.1%","±2.8","250","±113","17.7%","±8.2","85","±39","6.0%","±2.6","222","±104","13.3%","±6.1","102","±30","13.7%","±3.8","150","±59","15.5%","±6.1","167","±81","11.1%","±5.4","111","±31","11.0%","±2.9","70","±54","6.6%","±5.0"
"    Females 15 years and over","1,203","±119","1,203","(X)","872","±82","872","(X)","1,421","±145","1,421","(X)","1,590","±151","1,590","(X)","1,077","±127","1,077","(X)","2,440","±223","2,440","(X)","651","±78","651","(X)","1,737","±218","1,737","(X)","2,247","±174","2,247","(X)","3,189","±300","3,189","(X)","1,866","±158","1,866","(X)","1,508","±141","1,508","(X)","1,482","±93","1,482","(X)","1,689","±140","1,689","(X)","772","±55","772","(X)","1,019","±118","1,019","(X)","1,346","±97","1,346","(X)","1,027","±104","1,027","(X)","902","±113","902","(X)"
"        Never married","422","±124","35.1%","±8.6","391","±77","44.8%","±8.2","326","±112","22.9%","±6.7","453","±125","28.5%","±6.8","379","±109","35.2%","±8.3","609","±220","25.0%","±7.6","107","±45","16.4%","±6.5","334","±120","19.2%","±5.8","529","±147","23.5%","±5.4","960","±226","30.1%","±5.3","324","±95","17.4%","±4.4","326","±110","21.6%","±6.6","349","±83","23.5%","±5.5","487","±138","28.8%","±7.2","133","±31","17.2%","±3.6","221","±80","21.7%","±7.2","259","±82","19.2%","±6.0","165","±56","16.1%","±4.8","162","±56","18.0%","±5.1"
"        Now married, except separated","465","±94","38.7%","±8.4","230","±56","26.4%","±6.3","638","±88","44.9%","±6.7","791","±135","49.7%","±8.3","290","±62","26.9%","±6.2","1,205","±183","49.4%","±8.6","381","±73","58.5%","±9.1","751","±152","43.2%","±7.0","1,131","±116","50.3%","±6.2","1,442","±174","45.2%","±5.8","1,287","±117","69.0%","±5.5","739","±95","49.0%","±7.5","800","±91","54.0%","±5.8","709","±100","42.0%","±5.9","446","±52","57.8%","±6.4","544","±99","53.4%","±8.5","763","±118","56.7%","±8.4","616","±80","60.0%","±5.5","543","±89","60.2%","±8.5"
"        Separated","8","±13","0.7%","±1.1","28","±30","3.2%","±3.4","36","±31","2.5%","±2.2","32","±29","2.0%","±1.8","66","±46","6.1%","±4.4","57","±58","2.3%","±2.4","4","±6","0.6%","±0.9","38","±43","2.2%","±2.5","0","±12","0.0%","±1.4","109","±70","3.4%","±2.2","0","±12","0.0%","±1.7","11","±18","0.7%","±1.2","38","±32","2.6%","±2.2","26","±30","1.5%","±1.7","13","±10","1.7%","±1.3","7","±11","0.7%","±1.1","61","±58","4.5%","±4.2","23","±20","2.2%","±2.0","0","±12","0.0%","±3.5"
"        Widowed","73","±40","6.1%","±3.2","20","±15","2.3%","±1.8","79","±43","5.6%","±3.0","60","±38","3.8%","±2.3","151","±75","14.0%","±6.4","289","±127","11.8%","±5.3","62","±40","9.5%","±6.0","279","±118","16.1%","±6.4","253","±70","11.3%","±2.9","364","±133","11.4%","±4.0","122","±68","6.5%","±3.4","167","±73","11.1%","±4.6","124","±62","8.4%","±4.0","220","±106","13.0%","±6.0","87","±29","11.3%","±3.7","68","±36","6.7%","±3.2","164","±61","12.2%","±4.3","158","±47","15.4%","±4.4","119","±65","13.2%","±6.7"
"        Divorced","235","±85","19.5%","±6.8","203","±72","23.3%","±7.6","342","±110","24.1%","±7.0","254","±89","16.0%","±5.4","191","±69","17.7%","±6.0","280","±120","11.5%","±4.7","97","±38","14.9%","±5.7","335","±110","19.3%","±6.7","334","±97","14.9%","±4.1","314","±135","9.8%","±4.0","133","±58","7.1%","±3.1","265","±105","17.6%","±6.2","171","±69","11.5%","±4.5","247","±78","14.6%","±4.7","93","±29","12.0%","±3.5","179","±64","17.6%","±6.0","99","±44","7.4%","±3.3","65","±28","6.3%","±2.7","78","±42","8.6%","±4.5"
"FERTILITY","","","","","","","","","","","","","","","","","","","","","","","","","","","","","","","","","","","","","","","","","","","","","","","","","","","","","","","","","","","","","","","","","","","","","","","","","","","",""
"    Number of women 15 to 50 years old who had a birth in the past 12 months","31","±36","31","(X)","23","±24","23","(X)","72","±53","72","(X)","34","±39","34","(X)","12","±14","12","(X)","52","±52","52","(X)","6","±8","6","(X)","42","±56","42","(X)","20","±22","20","(X)","19","±29","19","(X)","12","±18","12","(X)","40","±47","40","(X)","9","±12","9","(X)","53","±52","53","(X)","3","±5","3","(X)","24","±26","24","(X)","10","±15","10","(X)","6","±6","6","(X)","8","±11","8","(X)"
"        Unmarried women (widowed, divorced, and never married)","12","±20","38.7%","±55.7","23","±24","100.0%","±61.8","19","±24","26.4%","±29.2","13","±20","38.2%","±53.2","12","±14","100.0%","±85.6","0","±17","0.0%","±41.1","0","±12","0.0%","±100.0","18","±28","42.9%","±45.7","11","±17","55.0%","±55.0","0","±17","0.0%","±68.0","0","±12","0.0%","±85.6","27","±43","67.5%","±59.2","0","±12","0.0%","±98.9","39","±48","73.6%","±43.8","3","±5","100.0%","±100.0","16","±25","66.7%","±54.3","0","±12","0.0%","±93.8","0","±12","0.0%","±100.0","0","±12","0.0%","±100.0"
"            Per 1,000 unmarried women","27","±45","(X)","(X)","57","±58","(X)","(X)","47","±61","(X)","(X)","30","±46","(X)","(X)","32","±36","(X)","(X)","0","±50","(X)","(X)","0","±208","(X)","(X)","49","±76","(X)","(X)","16","±25","(X)","(X)","0","±35","(X)","(X)","0","±85","(X)","(X)","67","±106","(X)","(X)","0","±85","(X)","(X)","72","±87","(X)","(X)","21","±33","(X)","(X)","64","±96","(X)","(X)","0","±131","(X)","(X)","0","±181","(X)","(X)","0","±167","(X)","(X)"
"        Per 1,000 women 15 to 50 years old","46","±54","(X)","(X)","44","±45","(X)","(X)","100","±73","(X)","(X)","39","±43","(X)","(X)","23","±26","(X)","(X)","45","±45","(X)","(X)","28","±42","(X)","(X)","50","±65","(X)","(X)","18","±19","(X)","(X)","11","±18","(X)","(X)","15","±23","(X)","(X)","58","±69","(X)","(X)","15","±21","(X)","(X)","64","±62","(X)","(X)","10","±16","(X)","(X)","62","±67","(X)","(X)","18","±27","(X)","(X)","18","±18","(X)","(X)","27","±36","(X)","(X)"
"        Per 1,000 women 15 to 19 years old","0","±183","(X)","(X)","52","±78","(X)","(X)","0","±396","(X)","(X)","0","±647","(X)","(X)","0","±376","(X)","(X)","0","±155","(X)","(X)","0","±571","(X)","(X)","0","±593","(X)","(X)","0","±182","(X)","(X)","0","±229","(X)","(X)","0","±253","(X)","(X)","0","±341","(X)","(X)","0","±216","(X)","(X)","0","±179","(X)","(X)","0","±501","(X)","(X)","0","±437","(X)","(X)","0","±241","(X)","(X)","0","±541","(X)","(X)","0","±516","(X)","(X)"
"        Per 1,000 women 20 to 34 years old","112","±122","(X)","(X)","78","±95","(X)","(X)","192","±134","(X)","(X)","76","±85","(X)","(X)","23","±35","(X)","(X)","77","±100","(X)","(X)","92","±137","(X)","(X)","48","±72","(X)","(X)","30","±48","(X)","(X)","0","±40","(X)","(X)","0","±117","(X)","(X)","220","±237","(X)","(X)","12","±22","(X)","(X)","173","±167","(X)","(X)","28","±43","(X)","(X)","0","±204","(X)","(X)","0","±285","(X)","(X)","0","±183","(X)","(X)","0","±211","(X)","(X)"
"        Per 1,000 women 35 to 50 years old","0","±132","(X)","(X)","0","±148","(X)","(X)","0","±105","(X)","(X)","0","±78","(X)","(X)","33","±51","(X)","(X)","36","±57","(X)","(X)","0","±234","(X)","(X)","56","±88","(X)","(X)","15","±23","(X)","(X)","26","±40","(X)","(X)","28","±43","(X)","(X)","0","±71","(X)","(X)","27","±48","(X)","(X)","0","±87","(X)","(X)","0","±198","(X)","(X)","120","±131","(X)","(X)","30","±44","(X)","(X)","40","±44","(X)","(X)","61","±86","(X)","(X)"
"GRANDPARENTS","","","","","","","","","","","","","","","","","","","","","","","","","","","","","","","","","","","","","","","","","","","","","","","","","","","","","","","","","","","","","","","","","","","","","","","","","","","",""
"    Number of grandparents living with own grandchildren under 18 years","0","±12","0","(X)","19","±15","19","(X)","0","±12","0","(X)","41","±43","41","(X)","0","±12","0","(X)","33","±52","33","(X)","0","±12","0","(X)","18","±29","18","(X)","22","±35","22","(X)","160","±107","160","(X)","21","±32","21","(X)","34","±39","34","(X)","21","±27","21","(X)","98","±68","98","(X)","54","±28","54","(X)","54","±48","54","(X)","99","±69","99","(X)","15","±12","15","(X)","8","±12","8","(X)"
"        Grandparents responsible for grandchildren","0","±12","-","**","9","±10","47.4%","±43.0","0","±12","-","**","32","±36","78.0%","±32.0","0","±12","-","**","33","±52","100.0%","±51.6","0","±12","-","**","0","±12","0.0%","±69.9","0","±12","0.0%","±63.2","66","±65","41.3%","±31.9","0","±12","0.0%","±64.7","21","±28","61.8%","±29.9","0","±12","0.0%","±64.7","31","±39","31.6%","±35.6","6","±7","11.1%","±10.5","38","±44","70.4%","±35.5","31","±43","31.3%","±41.9","6","±7","40.0%","±36.2","0","±12","0.0%","±100.0"
"        Years responsible for grandchildren","","","","","","","","","","","","","","","","","","","","","","","","","","","","","","","","","","","","","","","","","","","","","","","","","","","","","","","","","","","","","","","","","","","","","","","","","","","",""
"            Less than 1 year","0","±12","-","**","3","±5","15.8%","±25.0","0","±12","-","**","12","±19","29.3%","±46.6","0","±12","-","**","0","±17","0.0%","±51.6","0","±12","-","**","0","±12","0.0%","±69.9","0","±12","0.0%","±63.2","35","±54","21.9%","±30.3","0","±12","0.0%","±64.7","9","±14","26.5%","±30.2","0","±12","0.0%","±64.7","0","±12","0.0%","±27.6","0","±12","0.0%","±40.4","0","±12","0.0%","±40.4","0","±12","0.0%","±27.4","2","±3","13.3%","±21.5","0","±12","0.0%","±100.0"
"            1 or 2 years","0","±12","-","**","0","±12","0.0%","±68.0","0","±12","-","**","0","±12","0.0%","±46.3","0","±12","-","**","0","±17","0.0%","±51.6","0","±12","-","**","0","±12","0.0%","±69.9","0","±12","0.0%","±63.2","0","±17","0.0%","±18.3","0","±12","0.0%","±64.7","0","±12","0.0%","±50.9","0","±12","0.0%","±64.7","0","±12","0.0%","±27.6","6","±7","11.1%","±10.5","0","±12","0.0%","±40.4","0","±12","0.0%","±27.4","0","±12","0.0%","±76.6","0","±12","0.0%","±100.0"
"            3 or 4 years","0","±12","-","**","6","±9","31.6%","±41.4","0","±12","-","**","0","±12","0.0%","±46.3","0","±12","-","**","0","±17","0.0%","±51.6","0","±12","-","**","0","±12","0.0%","±69.9","0","±12","0.0%","±63.2","13","±21","8.1%","±13.2","0","±12","0.0%","±64.7","12","±24","35.3%","±49.7","0","±12","0.0%","±64.7","0","±12","0.0%","±27.6","0","±12","0.0%","±40.4","19","±32","35.2%","±46.4","0","±12","0.0%","±27.4","0","±12","0.0%","±76.6","0","±12","0.0%","±100.0"
"            5 or more years","0","±12","-","**","0","±12","0.0%","±68.0","0","±12","-","**","20","±30","48.8%","±46.9","0","±12","-","**","33","±52","100.0%","±51.6","0","±12","-","**","0","±12","0.0%","±69.9","0","±12","0.0%","±63.2","18","±28","11.3%","±18.5","0","±12","0.0%","±64.7","0","±12","0.0%","±50.9","0","±12","0.0%","±64.7","31","±39","31.6%","±35.6","0","±12","0.0%","±40.4","19","±28","35.2%","±40.9","31","±43","31.3%","±41.9","4","±6","26.7%","±32.5","0","±12","0.0%","±100.0"
"    Number of grandparents responsible for own grandchildren under 18 years","0","±12","0","(X)","9","±10","9","(X)","0","±12","0","(X)","32","±36","32","(X)","0","±12","0","(X)","33","±52","33","(X)","0","±12","0","(X)","0","±12","0","(X)","0","±12","0","(X)","66","±65","66","(X)","0","±12","0","(X)","21","±28","21","(X)","0","±12","0","(X)","31","±39","31","(X)","6","±7","6","(X)","38","±44","38","(X)","31","±43","31","(X)","6","±7","6","(X)","0","±12","0","(X)"
"        Who are female","0","±12","-","**","6","±9","66.7%","±56.5","0","±12","-","**","23","±25","71.9%","±27.2","0","±12","-","**","16","±26","48.5%","±7.3","0","±12","-","**","0","±12","-","**","0","±12","-","**","49","±45","74.2%","±25.8","0","±12","-","**","15","±19","71.4%","±33.8","0","±12","-","**","31","±39","100.0%","±53.3","6","±7","100.0%","±100.0","19","±22","50.0%","±4.9","29","±42","93.5%","±21.4","0","±12","0.0%","±100.0","0","±12","-","**"
"        Who are married","0","±12","-","**","3","±5","33.3%","±56.5","0","±12","-","**","20","±30","62.5%","±56.3","0","±12","-","**","33","±52","100.0%","±51.6","0","±12","-","**","0","±12","-","**","0","±12","-","**","48","±58","72.7%","±44.9","0","±12","-","**","21","±28","100.0%","±64.7","0","±12","-","**","0","±12","0.0%","±53.3","6","±7","100.0%","±100.0","38","±44","100.0%","±48.1","4","±8","12.9%","±39.7","0","±12","0.0%","±100.0","0","±12","-","**"
"SCHOOL ENROLLMENT","","","","","","","","","","","","","","","","","","","","","","","","","","","","","","","","","","","","","","","","","","","","","","","","","","","","","","","","","","","","","","","","","","","","","","","","","","","",""
"    Population 3 years and over enrolled in school","549","±105","549","(X)","472","±117","472","(X)","699","±176","699","(X)","750","±142","750","(X)","437","±90","437","(X)","1,035","±194","1,035","(X)","211","±74","211","(X)","634","±204","634","(X)","1,099","±188","1,099","(X)","1,616","±376","1,616","(X)","1,168","±203","1,168","(X)","496","±170","496","(X)","731","±246","731","(X)","811","±102","811","(X)","264","±45","264","(X)","396","±122","396","(X)","715","±191","715","(X)","277","±71","277","(X)","317","±71","317","(X)"
"        Nursery school, preschool","52","±59","9.5%","±11.2","21","±25","4.4%","±5.2","50","±39","7.2%","±5.6","41","±38","5.5%","±5.0","18","±20","4.1%","±4.6","39","±48","3.8%","±4.4","2","±5","0.9%","±2.7","154","±110","24.3%","±15.5","29","±33","2.6%","±3.0","84","±76","5.2%","±4.3","27","±31","2.3%","±2.6","32","±31","6.5%","±6.0","57","±38","7.8%","±5.9","31","±26","3.8%","±3.3","8","±8","3.0%","±3.1","37","±42","9.3%","±9.3","0","±12","0.0%","±4.4","17","±11","6.1%","±4.3","20","±18","6.3%","±5.8"
"        Kindergarten","58","±47","10.6%","±8.3","7","±11","1.5%","±2.4","11","±17","1.6%","±2.4","99","±72","13.2%","±9.7","0","±12","0.0%","±7.2","73","±70","7.1%","±7.4","2","±6","0.9%","±2.6","74","±83","11.7%","±12.4","28","±27","2.5%","±2.4","82","±99","5.1%","±6.1","45","±34","3.9%","±3.2","12","±17","2.4%","±3.5","0","±12","0.0%","±4.3","81","±59","10.0%","±7.1","28","±13","10.6%","±4.7","6","±9","1.5%","±2.4","15","±26","2.1%","±4.0","11","±9","4.0%","±3.6","26","±27","8.2%","±8.5"
"        Elementary school (grades 1-8)","147","±75","26.8%","±13.0","238","±83","50.4%","±14.2","386","±127","55.2%","±11.8","345","±101","46.0%","±11.5","295","±83","67.5%","±10.8","346","±102","33.4%","±8.8","56","±37","26.5%","±15.9","93","±71","14.7%","±10.3","572","±130","52.0%","±7.4","646","±274","40.0%","±11.5","536","±148","45.9%","±7.9","159","±91","32.1%","±15.1","352","±166","48.2%","±11.7","348","±82","42.9%","±8.8","140","±35","53.0%","±8.8","218","±77","55.1%","±14.0","257","±102","35.9%","±10.4","132","±36","47.7%","±9.8","64","±26","20.2%","±6.9"
"        High school (grades 9-12)","142","±74","25.9%","±12.4","138","±90","29.2%","±15.5","114","±76","16.3%","±10.5","93","±59","12.4%","±7.7","67","±38","15.3%","±8.8","243","±107","23.5%","±9.2","78","±47","37.0%","±14.0","85","±51","13.4%","±9.6","296","±103","26.9%","±7.7","421","±143","26.1%","±9.4","320","±81","27.4%","±6.3","108","±71","21.8%","±14.0","200","±92","27.4%","±11.0","235","±86","29.0%","±9.4","50","±23","18.9%","±8.1","61","±42","15.4%","±9.1","306","±97","42.8%","±13.3","59","±29","21.3%","±7.3","74","±39","23.3%","±10.8"
"        College or graduate school","150","±76","27.3%","±12.5","68","±41","14.4%","±8.6","138","±77","19.7%","±9.7","172","±83","22.9%","±9.1","57","±37","13.0%","±8.1","334","±133","32.3%","±9.2","73","±37","34.6%","±14.4","228","±130","36.0%","±16.5","174","±61","15.8%","±5.5","383","±152","23.7%","±8.7","240","±89","20.5%","±6.5","185","±131","37.3%","±20.3","122","±68","16.7%","±7.2","116","±62","14.3%","±7.6","38","±16","14.4%","±5.2","74","±58","18.7%","±12.9","137","±89","19.2%","±8.9","58","±34","20.9%","±9.4","133","±45","42.0%","±10.7"
"EDUCATIONAL ATTAINMENT","","","","","","","","","","","","","","","","","","","","","","","","","","","","","","","","","","","","","","","","","","","","","","","","","","","","","","","","","","","","","","","","","","","","","","","","","","","",""
"    Population 25 years and over","1,828","±142","1,828","(X)","1,310","±119","1,310","(X)","2,380","±190","2,380","(X)","2,935","±183","2,935","(X)","1,811","±164","1,811","(X)","4,135","±246","4,135","(X)","1,104","±134","1,104","(X)","2,996","±259","2,996","(X)","3,407","±192","3,407","(X)","5,159","±354","5,159","(X)","3,187","±235","3,187","(X)","2,693","±166","2,693","(X)","2,594","±211","2,594","(X)","2,881","±147","2,881","(X)","1,418","±92","1,418","(X)","1,776","±157","1,776","(X)","2,536","±138","2,536","(X)","1,897","±170","1,897","(X)","1,786","±195","1,786","(X)"
"        Less than 9th grade","46","±39","2.5%","±2.1","49","±32","3.7%","±2.5","26","±32","1.1%","±1.4","94","±54","3.2%","±1.9","21","±21","1.2%","±1.1","75","±58","1.8%","±1.4","12","±17","1.1%","±1.6","84","±78","2.8%","±2.6","25","±27","0.7%","±0.8","66","±56","1.3%","±1.1","13","±12","0.4%","±0.4","129","±85","4.8%","±3.1","29","±26","1.1%","±1.0","145","±87","5.0%","±3.0","49","±18","3.5%","±1.3","159","±87","9.0%","±4.7","78","±57","3.1%","±2.2","37","±21","2.0%","±1.1","53","±47","3.0%","±2.7"
"        9th to 12th grade, no diploma","153","±84","8.4%","±4.7","234","±84","17.9%","±6.5","95","±62","4.0%","±2.6","137","±79","4.7%","±2.6","133","±52","7.3%","±2.9","71","±51","1.7%","±1.2","61","±37","5.5%","±3.1","29","±30","1.0%","±1.0","145","±58","4.3%","±1.7","297","±137","5.8%","±2.7","79","±47","2.5%","±1.4","312","±104","11.6%","±3.8","137","±75","5.3%","±2.8","254","±106","8.8%","±3.7","114","±38","8.0%","±2.6","47","±39","2.6%","±2.2","170","±108","6.7%","±4.3","126","±38","6.6%","±1.9","70","±42","3.9%","±2.3"
"        High school graduate (includes equivalency)","662","±166","36.2%","±7.6","371","±82","28.3%","±5.6","608","±158","25.5%","±6.2","1,004","±181","34.2%","±5.7","696","±137","38.4%","±6.0","1,472","±309","35.6%","±6.7","262","±62","23.7%","±5.5","898","±216","30.0%","±7.0","666","±150","19.5%","±4.2","1,912","±338","37.1%","±5.8","537","±141","16.8%","±4.1","850","±149","31.6%","±5.6","647","±119","24.9%","±4.1","987","±143","34.3%","±5.0","624","±77","44.0%","±4.2","588","±122","33.1%","±6.1","828","±155","32.6%","±6.1","568","±78","29.9%","±3.7","473","±110","26.5%","±5.6"
"        Some college, no degree","334","±115","18.3%","±6.5","217","±58","16.6%","±4.0","435","±106","18.3%","±4.4","561","±129","19.1%","±4.1","370","±105","20.4%","±5.6","747","±186","18.1%","±4.3","151","±53","13.7%","±4.2","534","±170","17.8%","±5.6","816","±133","24.0%","±3.8","1,031","±282","20.0%","±5.5","556","±128","17.4%","±4.0","370","±97","13.7%","±3.8","528","±112","20.4%","±4.1","676","±159","23.5%","±5.4","304","±55","21.4%","±3.8","372","±105","20.9%","±5.9","248","±87","9.8%","±3.2","326","±72","17.2%","±3.1","362","±80","20.3%","±4.4"
"        Associate's degree","270","±88","14.8%","±4.9","115","±45","8.8%","±3.4","244","±82","10.3%","±3.5","212","±70","7.2%","±2.3","184","±61","10.2%","±3.3","449","±124","10.9%","±2.9","111","±40","10.1%","±3.3","375","±134","12.5%","±4.1","469","±129","13.8%","±3.7","599","±215","11.6%","±4.1","393","±102","12.3%","±3.1","342","±86","12.7%","±3.2","359","±90","13.8%","±3.2","274","±95","9.5%","±3.2","148","±35","10.4%","±2.4","176","±66","9.9%","±3.7","281","±96","11.1%","±3.7","205","±48","10.8%","±2.2","189","±80","10.6%","±4.1"
"        Bachelor's degree","209","±96","11.4%","±5.2","211","±74","16.1%","±5.2","378","±112","15.9%","±4.3","588","±144","20.0%","±5.0","261","±97","14.4%","±5.2","736","±183","17.8%","±4.6","292","±77","26.4%","±6.5","545","±162","18.2%","±5.1","579","±129","17.0%","±3.8","498","±186","9.7%","±3.5","768","±149","24.1%","±4.3","385","±113","14.3%","±4.1","584","±146","22.5%","±5.2","327","±103","11.4%","±3.5","95","±26","6.7%","±1.7","272","±89","15.3%","±5.1","540","±144","21.3%","±6.0","320","±56","16.9%","±2.7","388","±115","21.7%","±5.6"
"        Graduate or professional degree","154","±83","8.4%","±4.4","113","±44","8.6%","±3.3","594","±144","25.0%","±5.6","339","±89","11.6%","±3.0","146","±56","8.1%","±3.0","585","±176","14.1%","±4.4","215","±62","19.5%","±4.8","531","±178","17.7%","±5.8","707","±146","20.8%","±4.0","756","±223","14.7%","±4.2","841","±167","26.4%","±4.9","305","±108","11.3%","±3.8","310","±82","12.0%","±3.2","218","±87","7.6%","±3.0","84","±25","5.9%","±1.8","162","±69","9.1%","±3.7","391","±163","15.4%","±6.0","315","±65","16.6%","±3.1","251","±74","14.1%","±4.0"
"        High school graduate or higher","1,629","±172","89.1%","±4.9","1,027","±147","78.4%","±7.3","2,259","±195","94.9%","±2.9","2,704","±183","92.1%","±3.1","1,657","±164","91.5%","±2.7","3,989","±235","96.5%","±1.8","1,031","±126","93.4%","±3.5","2,883","±258","96.2%","±3.0","3,237","±192","95.0%","±1.8","4,796","±373","93.0%","±3.1","3,095","±222","97.1%","±1.4","2,252","±154","83.6%","±4.4","2,428","±205","93.6%","±2.9","2,482","±177","86.2%","±4.4","1,255","±92","88.5%","±2.9","1,570","±147","88.4%","±4.9","2,288","±190","90.2%","±4.9","1,734","±160","91.4%","±2.1","1,663","±199","93.1%","±3.6"
"        Bachelor's degree or higher","363","±150","19.9%","±7.9","324","±95","24.7%","±6.5","972","±181","40.8%","±6.4","927","±177","31.6%","±6.1","407","±118","22.5%","±6.3","1,321","±229","31.9%","±5.9","507","±98","45.9%","±7.0","1,076","±243","35.9%","±7.4","1,286","±185","37.7%","±5.1","1,254","±296","24.3%","±5.4","1,609","±208","50.5%","±5.4","690","±159","25.6%","±5.3","894","±160","34.5%","±5.6","545","±150","18.9%","±5.1","179","±39","12.6%","±2.6","434","±113","24.4%","±6.1","931","±158","36.7%","±5.7","635","±89","33.5%","±3.9","639","±139","35.8%","±6.3"
"VETERAN STATUS","","","","","","","","","","","","","","","","","","","","","","","","","","","","","","","","","","","","","","","","","","","","","","","","","","","","","","","","","","","","","","","","","","","","","","","","","","","",""
"    Civilian population 18 years and over","2,011","±172","2,011","(X)","1,471","±101","1,471","(X)","2,649","±210","2,649","(X)","3,232","±190","3,232","(X)","1,961","±175","1,961","(X)","4,775","±299","4,775","(X)","1,225","±160","1,225","(X)","3,214","±278","3,214","(X)","3,795","±246","3,795","(X)","5,809","±402","5,809","(X)","3,493","±254","3,493","(X)","2,855","±136","2,855","(X)","2,766","±208","2,766","(X)","3,187","±108","3,187","(X)","1,464","±92","1,464","(X)","1,940","±181","1,940","(X)","2,619","±141","2,619","(X)","2,000","±181","2,000","(X)","1,933","±205","1,933","(X)"
"        Civilian veterans","153","±60","7.6%","±3.1","58","±29","3.9%","±1.9","280","±76","10.6%","±2.8","231","±81","7.1%","±2.5","142","±57","7.2%","±3.0","541","±137","11.3%","±2.8","138","±42","11.3%","±3.2","327","±91","10.2%","±2.9","346","±90","9.1%","±2.4","705","±228","12.1%","±4.0","204","±69","5.8%","±2.0","289","±92","10.1%","±3.2","259","±80","9.4%","±2.6","253","±116","7.9%","±3.6","181","±42","12.4%","±2.7","218","±69","11.2%","±3.4","247","±104","9.4%","±3.8","231","±60","11.6%","±2.6","124","±53","6.4%","±2.6"
"DISABILITY STATUS OF THE CIVILIAN NONINSTITUTIONALIZED POPULATION","","","","","","","","","","","","","","","","","","","","","","","","","","","","","","","","","","","","","","","","","","","","","","","","","","","","","","","","","","","","","","","","","","","","","","","","","","","",""
"    Total Civilian Noninstitutionalized Population","2,544","±196","2,544","(X)","1,933","±160","1,933","(X)","3,365","±259","3,365","(X)","3,998","±271","3,998","(X)","2,363","±213","2,363","(X)","5,401","±353","5,401","(X)","1,366","±183","1,366","(X)","3,865","±354","3,865","(X)","4,906","±313","4,906","(X)","7,083","±515","7,083","(X)","4,418","±347","4,418","(X)","3,266","±23","3,266","(X)","3,426","±16","3,426","(X)","3,985","±28","3,985","(X)","1,764","±113","1,764","(X)","2,256","±218","2,256","(X)","3,268","±16","3,268","(X)","2,297","±201","2,297","(X)","2,135","±219","2,135","(X)"
"        With a disability","358","±103","14.1%","±4.0","378","±106","19.6%","±5.9","412","±109","12.2%","±3.2","515","±156","12.9%","±3.9","419","±94","17.7%","±3.9","819","±162","15.2%","±3.0","154","±62","11.3%","±4.1","705","±173","18.2%","±4.4","644","±169","13.1%","±3.3","1,003","±279","14.2%","±3.9","229","±83","5.2%","±1.9","709","±184","21.7%","±5.6","417","±89","12.2%","±2.6","688","±169","17.3%","±4.2","290","±63","16.4%","±3.5","443","±124","19.6%","±4.9","495","±128","15.1%","±3.9","408","±82","17.8%","±3.0","311","±121","14.6%","±5.5"
"    Under 18 years","541","±108","541","(X)","484","±137","484","(X)","716","±146","716","(X)","766","±146","766","(X)","505","±119","505","(X)","773","±118","773","(X)","150","±61","150","(X)","651","±198","651","(X)","1,111","±166","1,111","(X)","1,379","±334","1,379","(X)","996","±176","996","(X)","411","±131","411","(X)","660","±206","660","(X)","798","±102","798","(X)","300","±44","300","(X)","393","±121","393","(X)","649","±139","649","(X)","297","±59","297","(X)","202","±80","202","(X)"
"        With a disability","0","±12","0.0%","±5.8","50","±48","10.3%","±9.4","0","±12","0.0%","±4.4","45","±57","5.9%","±7.5","40","±42","7.9%","±7.4","16","±27","2.1%","±3.5","0","±12","0.0%","±19.3","0","±12","0.0%","±4.9","55","±44","5.0%","±3.9","187","±166","13.6%","±10.2","0","±12","0.0%","±3.2","44","±33","10.7%","±8.4","0","±12","0.0%","±4.8","46","±39","5.8%","±4.7","9","±9","3.0%","±3.1","23","±23","5.9%","±5.8","165","±82","25.4%","±10.4","14","±11","4.7%","±3.5","0","±12","0.0%","±14.8"
"    18 to 64 years","1,655","±172","1,655","(X)","1,108","±124","1,108","(X)","2,112","±205","2,112","(X)","2,611","±187","2,611","(X)","1,526","±182","1,526","(X)","3,167","±305","3,167","(X)","654","±141","654","(X)","2,350","±243","2,350","(X)","2,691","±215","2,691","(X)","4,702","±402","4,702","(X)","2,618","±220","2,618","(X)","2,111","±152","2,111","(X)","1,944","±143","1,944","(X)","2,370","±152","2,370","(X)","974","±80","974","(X)","1,347","±153","1,347","(X)","1,845","±131","1,845","(X)","1,214","±132","1,214","(X)","1,335","±185","1,335","(X)"
"        With a disability","237","±99","14.3%","±5.7","184","±62","16.6%","±5.6","230","±98","10.9%","±4.4","347","±120","13.3%","±4.4","262","±79","17.2%","±4.9","329","±112","10.4%","±3.2","88","±53","13.5%","±6.0","280","±119","11.9%","±5.0","312","±127","11.6%","±4.3","568","±156","12.1%","±3.5","95","±49","3.6%","±1.9","461","±149","21.8%","±6.5","241","±75","12.4%","±4.0","289","±107","12.2%","±4.4","130","±35","13.3%","±3.4","186","±67","13.8%","±4.7","154","±79","8.3%","±4.3","200","±56","16.5%","±4.0","174","±72","13.0%","±5.1"
"    65 years and over","348","±45","348","(X)","341","±73","341","(X)","537","±110","537","(X)","621","±69","621","(X)","332","±43","332","(X)","1,461","±130","1,461","(X)","562","±123","562","(X)","864","±181","864","(X)","1,104","±101","1,104","(X)","1,002","±149","1,002","(X)","804","±110","804","(X)","744","±133","744","(X)","822","±146","822","(X)","817","±136","817","(X)","490","±47","490","(X)","516","±110","516","(X)","774","±164","774","(X)","786","±111","786","(X)","598","±110","598","(X)"
"        With a disability","121","±46","34.8%","±12.3","144","±61","42.2%","±13.3","182","±75","33.9%","±11.2","123","±60","19.8%","±8.9","117","±47","35.2%","±13.8","474","±131","32.4%","±8.5","66","±35","11.7%","±5.9","425","±141","49.2%","±11.3","277","±86","25.1%","±6.9","248","±114","24.8%","±10.2","134","±60","16.7%","±6.8","204","±69","27.4%","±7.9","176","±56","21.4%","±5.7","353","±132","43.2%","±13.5","151","±44","30.8%","±8.5","234","±99","45.3%","±14.2","176","±86","22.7%","±10.1","194","±44","24.7%","±4.9","137","±78","22.9%","±11.7"
"RESIDENCE 1 YEAR AGO","","","","","","","","","","","","","","","","","","","","","","","","","","","","","","","","","","","","","","","","","","","","","","","","","","","","","","","","","","","","","","","","","","","","","","","","","","","",""
"    Population 1 year and over","2,530","±195","2,530","(X)","1,927","±148","1,927","(X)","3,308","±244","3,308","(X)","3,941","±265","3,941","(X)","2,431","±199","2,431","(X)","5,514","±345","5,514","(X)","1,368","±183","1,368","(X)","3,892","±366","3,892","(X)","4,880","±305","4,880","(X)","7,195","±537","7,195","(X)","4,484","±371","4,484","(X)","3,232","±46","3,232","(X)","3,409","±24","3,409","(X)","3,935","±52","3,935","(X)","1,759","±114","1,759","(X)","2,329","±223","2,329","(X)","3,259","±22","3,259","(X)","2,290","±197","2,290","(X)","2,120","±214","2,120","(X)"
"        Same house","2,042","±236","80.7%","±7.3","1,577","±153","81.8%","±5.4","2,686","±292","81.2%","±6.5","3,363","±261","85.3%","±4.5","1,923","±264","79.1%","±7.9","4,653","±369","84.4%","±5.8","1,192","±129","87.1%","±6.7","3,336","±333","85.7%","±5.8","4,469","±329","91.6%","±3.9","6,168","±516","85.7%","±5.6","4,234","±381","94.4%","±3.0","2,978","±150","92.1%","±4.6","3,130","±128","91.8%","±3.5","3,570","±177","90.7%","±4.5","1,661","±103","94.4%","±2.8","2,092","±229","89.8%","±5.9","2,942","±202","90.3%","±6.2","2,065","±189","90.2%","±3.3","1,995","±212","94.1%","±4.5"
"        Different house in the U.S.","479","±189","18.9%","±7.3","350","±110","18.2%","±5.4","609","±219","18.4%","±6.5","578","±187","14.7%","±4.5","502","±196","20.6%","±8.0","840","±338","15.2%","±5.9","168","±106","12.3%","±6.7","556","±247","14.3%","±5.8","399","±192","8.2%","±3.9","987","±432","13.7%","±5.6","239","±134","5.3%","±3.0","254","±149","7.9%","±4.6","279","±118","8.2%","±3.5","365","±177","9.3%","±4.5","98","±51","5.6%","±2.8","237","±142","10.2%","±5.9","317","±202","9.7%","±6.2","221","±80","9.7%","±3.3","125","±96","5.9%","±4.5"
"            Same county","254","±148","10.0%","±5.9","142","±93","7.4%","±4.7","251","±165","7.6%","±5.0","284","±125","7.2%","±3.2","280","±165","11.5%","±6.9","260","±105","4.7%","±1.9","86","±85","6.3%","±5.7","196","±122","5.0%","±3.1","271","±139","5.6%","±2.9","762","±420","10.6%","±5.6","78","±73","1.7%","±1.6","139","±115","4.3%","±3.5","90","±59","2.6%","±1.7","321","±178","8.2%","±4.5","38","±43","2.2%","±2.4","135","±133","5.8%","±5.7","209","±167","6.4%","±5.1","54","±30","2.4%","±1.3","40","±33","1.9%","±1.5"
"            Different county","225","±183","8.9%","±7.1","208","±65","10.8%","±3.3","358","±149","10.8%","±4.4","294","±146","7.5%","±3.5","222","±113","9.1%","±4.5","580","±320","10.5%","±5.6","82","±60","6.0%","±4.2","360","±212","9.2%","±5.2","128","±115","2.6%","±2.3","225","±127","3.1%","±1.7","161","±119","3.6%","±2.7","115","±72","3.6%","±2.2","189","±98","5.5%","±2.9","44","±47","1.1%","±1.2","60","±29","3.4%","±1.6","102","±63","4.4%","±2.6","108","±87","3.3%","±2.7","167","±69","7.3%","±2.9","85","±73","4.0%","±3.4"
"                Same state","225","±183","8.9%","±7.1","203","±66","10.5%","±3.4","337","±141","10.2%","±4.2","130","±62","3.3%","±1.6","219","±113","9.0%","±4.5","513","±306","9.3%","±5.4","66","±58","4.8%","±4.0","145","±111","3.7%","±2.9","103","±111","2.1%","±2.3","225","±127","3.1%","±1.7","161","±119","3.6%","±2.7","103","±71","3.2%","±2.2","112","±88","3.3%","±2.6","44","±47","1.1%","±1.2","42","±25","2.4%","±1.4","68","±52","2.9%","±2.2","79","±81","2.4%","±2.5","108","±65","4.7%","±2.8","76","±72","3.6%","±3.3"
"                Different state","0","±12","0.0%","±1.3","5","±7","0.3%","±0.4","21","±30","0.6%","±0.9","164","±138","4.2%","±3.4","3","±6","0.1%","±0.2","67","±55","1.2%","±1.0","16","±19","1.2%","±1.4","215","±190","5.5%","±4.7","25","±28","0.5%","±0.6","0","±17","0.0%","±0.4","0","±12","0.0%","±0.7","12","±18","0.4%","±0.6","77","±53","2.3%","±1.6","0","±12","0.0%","±0.8","18","±15","1.0%","±0.8","34","±39","1.5%","±1.7","29","±34","0.9%","±1.1","59","±28","2.6%","±1.2","9","±13","0.4%","±0.6"
"        Abroad","9","±13","0.4%","±0.5","0","±12","0.0%","±1.7","13","±20","0.4%","±0.6","0","±12","0.0%","±0.8","6","±10","0.2%","±0.4","21","±32","0.4%","±0.6","8","±12","0.6%","±0.9","0","±12","0.0%","±0.8","12","±18","0.2%","±0.4","40","±46","0.6%","±0.6","11","±17","0.2%","±0.4","0","±12","0.0%","±1.0","0","±12","0.0%","±0.9","0","±12","0.0%","±0.8","0","±12","0.0%","±1.8","0","±12","0.0%","±1.4","0","±12","0.0%","±1.0","4","±5","0.2%","±0.2","0","±12","0.0%","±1.5"
"PLACE OF BIRTH","","","","","","","","","","","","","","","","","","","","","","","","","","","","","","","","","","","","","","","","","","","","","","","","","","","","","","","","","","","","","","","","","","","","","","","","","","","",""
"    Total population","2,556","±198","2,556","(X)","1,955","±159","1,955","(X)","3,365","±259","3,365","(X)","3,998","±271","3,998","(X)","2,466","±199","2,466","(X)","5,554","±358","5,554","(X)","1,375","±182","1,375","(X)","3,911","±376","3,911","(X)","4,906","±313","4,906","(X)","7,214","±534","7,214","(X)","4,496","±369","4,496","(X)","3,266","±23","3,266","(X)","3,426","±16","3,426","(X)","3,985","±28","3,985","(X)","1,764","±113","1,764","(X)","2,333","±223","2,333","(X)","3,268","±16","3,268","(X)","2,303","±202","2,303","(X)","2,135","±219","2,135","(X)"
"        Native","2,487","±200","97.3%","±1.7","1,872","±146","95.8%","±5.4","3,169","±273","94.2%","±3.8","3,856","±272","96.4%","±2.2","2,298","±179","93.2%","±4.4","5,419","±357","97.6%","±1.3","1,311","±186","95.3%","±2.9","3,631","±335","92.8%","±4.0","4,671","±318","95.2%","±2.3","7,113","±540","98.6%","±1.0","4,375","±369","97.3%","±2.2","3,210","±60","98.3%","±1.7","3,313","±68","96.7%","±2.0","3,914","±73","98.2%","±1.6","1,750","±116","99.2%","±0.6","2,303","±224","98.7%","±1.6","3,118","±145","95.4%","±4.5","2,269","±204","98.5%","±1.0","1,993","±229","93.3%","±4.1"
"            Born in United States","2,487","±200","97.3%","±1.7","1,861","±146","95.2%","±5.6","3,130","±269","93.0%","±3.9","3,791","±261","94.8%","±2.5","2,249","±175","91.2%","±4.3","5,419","±357","97.6%","±1.3","1,311","±186","95.3%","±2.9","3,606","±337","92.2%","±4.2","4,626","±314","94.3%","±2.5","7,078","±530","98.1%","±1.2","4,371","±368","97.2%","±2.2","3,201","±64","98.0%","±1.8","3,282","±73","95.8%","±2.1","3,879","±74","97.3%","±1.7","1,728","±115","98.0%","±0.9","2,281","±226","97.8%","±2.1","2,887","±253","88.3%","±7.7","2,249","±200","97.7%","±1.3","1,954","±235","91.5%","±4.5"
"                State of residence","2,074","±238","81.1%","±6.8","1,552","±158","79.4%","±6.2","2,514","±299","74.7%","±5.5","3,198","±256","80.0%","±4.2","1,830","±253","74.2%","±8.3","4,141","±402","74.6%","±5.2","1,036","±166","75.3%","±6.3","2,876","±273","73.5%","±7.3","3,627","±302","73.9%","±4.4","5,820","±518","80.7%","±4.3","3,626","±362","80.6%","±4.3","2,703","±137","82.8%","±4.2","2,639","±141","77.0%","±4.1","3,458","±127","86.8%","±3.1","1,461","±120","82.8%","±3.4","2,039","±229","87.4%","±4.4","2,430","±278","74.4%","±8.6","1,637","±156","71.1%","±3.7","1,432","±209","67.1%","±6.3"
"                Different state","413","±168","16.2%","±6.5","309","±76","15.8%","±4.0","616","±119","18.3%","±3.9","593","±149","14.8%","±3.5","419","±168","17.0%","±6.9","1,278","±294","23.0%","±5.2","275","±86","20.0%","±5.5","730","±269","18.7%","±5.9","999","±220","20.4%","±4.2","1,258","±308","17.4%","±4.0","745","±188","16.6%","±4.1","498","±137","15.2%","±4.2","643","±137","18.8%","±4.0","421","±122","10.6%","±3.1","267","±59","15.1%","±3.3","242","±75","10.4%","±3.2","457","±122","14.0%","±3.7","612","±109","26.6%","±3.8","522","±137","24.4%","±6.0"
"            Born in Puerto Rico, U.S. Island areas, or born abroad to American parent(s)","0","±12","0.0%","±1.3","11","±13","0.6%","±0.6","39","±36","1.2%","±1.1","65","±53","1.6%","±1.3","49","±34","2.0%","±1.4","0","±17","0.0%","±0.6","0","±12","0.0%","±2.3","25","±39","0.6%","±1.0","45","±33","0.9%","±0.7","35","±40","0.5%","±0.6","4","±6","0.1%","±0.1","9","±14","0.3%","±0.4","31","±23","0.9%","±0.7","35","±26","0.9%","±0.7","22","±13","1.2%","±0.7","22","±35","0.9%","±1.5","231","±203","7.1%","±6.2","20","±19","0.9%","±0.8","39","±36","1.8%","±1.7"
"        Foreign born","69","±43","2.7%","±1.7","83","±108","4.2%","±5.4","196","±130","5.8%","±3.8","142","±91","3.6%","±2.2","168","±114","6.8%","±4.4","135","±74","2.4%","±1.3","64","±39","4.7%","±2.9","280","±169","7.2%","±4.0","235","±116","4.8%","±2.3","101","±73","1.4%","±1.0","121","±98","2.7%","±2.2","56","±55","1.7%","±1.7","113","±68","3.3%","±2.0","71","±64","1.8%","±1.6","14","±10","0.8%","±0.6","30","±37","1.3%","±1.6","150","±149","4.6%","±4.5","34","±22","1.5%","±1.0","142","±88","6.7%","±4.1"
"U.S. CITIZENSHIP STATUS","","","","","","","","","","","","","","","","","","","","","","","","","","","","","","","","","","","","","","","","","","","","","","","","","","","","","","","","","","","","","","","","","","","","","","","","","","","",""
"    Foreign-born population","69","±43","69","(X)","83","±108","83","(X)","196","±130","196","(X)","142","±91","142","(X)","168","±114","168","(X)","135","±74","135","(X)","64","±39","64","(X)","280","±169","280","(X)","235","±116","235","(X)","101","±73","101","(X)","121","±98","121","(X)","56","±55","56","(X)","113","±68","113","(X)","71","±64","71","(X)","14","±10","14","(X)","30","±37","30","(X)","150","±149","150","(X)","34","±22","34","(X)","142","±88","142","(X)"
"        Naturalized U.S. citizen","35","±38","50.7%","±36.3","18","±22","21.7%","±32.5","147","±113","75.0%","±23.5","26","±24","18.3%","±20.6","93","±68","55.4%","±19.6","110","±71","81.5%","±19.8","42","±28","65.6%","±22.0","155","±87","55.4%","±26.2","139","±100","59.1%","±25.1","60","±56","59.4%","±39.7","112","±98","92.6%","±13.2","45","±54","80.4%","±36.9","102","±65","90.3%","±11.0","33","±31","46.5%","±28.6","11","±10","78.6%","±30.7","22","±33","73.3%","±49.7","78","±75","52.0%","±25.9","25","±17","73.5%","±21.2","99","±80","69.7%","±28.7"
"        Not a U.S. citizen","34","±26","49.3%","±36.3","65","±93","78.3%","±32.5","49","±51","25.0%","±23.5","116","±91","81.7%","±20.6","75","±62","44.6%","±19.6","25","±27","18.5%","±19.8","22","±20","34.4%","±22.0","125","±122","44.6%","±26.2","96","±64","40.9%","±25.1","41","±48","40.6%","±39.7","9","±13","7.4%","±13.2","11","±19","19.6%","±36.9","11","±11","9.7%","±11.0","38","±41","53.5%","±28.6","3","±4","21.4%","±30.7","8","±12","26.7%","±49.7","72","±87","48.0%","±25.9","9","±9","26.5%","±21.2","43","±41","30.3%","±28.7"
"YEAR OF ENTRY","","","","","","","","","","","","","","","","","","","","","","","","","","","","","","","","","","","","","","","","","","","","","","","","","","","","","","","","","","","","","","","","","","","","","","","","","","","",""
"    Population born outside the United States","69","±43","69","(X)","94","±113","94","(X)","235","±134","235","(X)","207","±101","207","(X)","217","±114","217","(X)","135","±74","135","(X)","64","±39","64","(X)","305","±178","305","(X)","280","±122","280","(X)","136","±85","136","(X)","125","±98","125","(X)","65","±59","65","(X)","144","±72","144","(X)","106","±68","106","(X)","36","±17","36","(X)","52","±50","52","(X)","381","±253","381","(X)","54","±30","54","(X)","181","±96","181","(X)"
"        Native","0","±12","0","(X)","11","±13","11","(X)","39","±36","39","(X)","65","±53","65","(X)","49","±34","49","(X)","0","±17","0","(X)","0","±12","0","(X)","25","±39","25","(X)","45","±33","45","(X)","35","±40","35","(X)","4","±6","4","(X)","9","±14","9","(X)","31","±23","31","(X)","35","±26","35","(X)","22","±13","22","(X)","22","±35","22","(X)","231","±203","231","(X)","20","±19","20","(X)","39","±36","39","(X)"
"            Entered 2010 or later","0","±12","-","**","0","±12","0.0%","±89.4","0","±12","0.0%","±47.5","0","±12","0.0%","±36.7","0","±12","0.0%","±42.4","0","±17","-","**","0","±12","-","**","0","±12","0.0%","±59.3","0","±12","0.0%","±44.2","0","±17","0.0%","±50.1","0","±12","0.0%","±100.0","0","±12","0.0%","±98.9","0","±12","0.0%","±53.3","0","±12","0.0%","±50.1","0","±12","0.0%","±63.2","0","±12","0.0%","±63.2","0","±12","0.0%","±13.1","0","±12","0.0%","±66.3","0","±12","0.0%","±47.5"
"            Entered before 2010","0","±12","-","**","11","±13","100.0%","±89.4","39","±36","100.0%","±47.5","65","±53","100.0%","±36.7","49","±34","100.0%","±42.4","0","±17","-","**","0","±12","-","**","25","±39","100.0%","±59.3","45","±33","100.0%","±44.2","35","±40","100.0%","±50.1","4","±6","100.0%","±100.0","9","±14","100.0%","±98.9","31","±23","100.0%","±53.3","35","±26","100.0%","±50.1","22","±13","100.0%","±63.2","22","±35","100.0%","±63.2","231","±203","100.0%","±13.1","20","±19","100.0%","±66.3","39","±36","100.0%","±47.5"
"        Foreign born","69","±43","69","(X)","83","±108","83","(X)","196","±130","196","(X)","142","±91","142","(X)","168","±114","168","(X)","135","±74","135","(X)","64","±39","64","(X)","280","±169","280","(X)","235","±116","235","(X)","101","±73","101","(X)","121","±98","121","(X)","56","±55","56","(X)","113","±68","113","(X)","71","±64","71","(X)","14","±10","14","(X)","30","±37","30","(X)","150","±149","150","(X)","34","±22","34","(X)","142","±88","142","(X)"
"            Entered 2010 or later","0","±12","0.0%","±35.4","65","±93","78.3%","±32.5","35","±45","17.9%","±21.4","48","±69","33.8%","±36.8","15","±19","8.9%","±13.9","6","±12","4.4%","±9.0","0","±12","0.0%","±37.0","80","±85","28.6%","±21.8","59","±51","25.1%","±19.7","23","±36","22.8%","±32.9","0","±12","0.0%","±23.3","0","±12","0.0%","±39.6","8","±10","7.1%","±9.1","19","±30","26.8%","±27.6","0","±12","0.0%","±79.3","9","±17","30.0%","±38.3","4","±8","2.7%","±8.4","9","±9","26.5%","±21.2","0","±12","0.0%","±20.3"
"            Entered before 2010","69","±43","100.0%","±35.4","18","±22","21.7%","±32.5","161","±119","82.1%","±21.4","94","±60","66.2%","±36.8","153","±113","91.1%","±13.9","129","±73","95.6%","±9.0","64","±39","100.0%","±37.0","200","±119","71.4%","±21.8","176","±101","74.9%","±19.7","78","±62","77.2%","±32.9","121","±98","100.0%","±23.3","56","±55","100.0%","±39.6","105","±66","92.9%","±9.1","52","±43","73.2%","±27.6","14","±10","100.0%","±79.3","21","±23","70.0%","±38.3","146","±148","97.3%","±8.4","25","±17","73.5%","±21.2","142","±88","100.0%","±20.3"
"WORLD REGION OF BIRTH OF FOREIGN BORN","","","","","","","","","","","","","","","","","","","","","","","","","","","","","","","","","","","","","","","","","","","","","","","","","","","","","","","","","","","","","","","","","","","","","","","","","","","",""
"    Foreign-born population, excluding population born at sea","69","±43","69","(X)","83","±108","83","(X)","196","±130","196","(X)","142","±91","142","(X)","168","±114","168","(X)","135","±74","135","(X)","64","±39","64","(X)","280","±169","280","(X)","235","±116","235","(X)","101","±73","101","(X)","121","±98","121","(X)","56","±55","56","(X)","113","±68","113","(X)","71","±64","71","(X)","14","±10","14","(X)","30","±37","30","(X)","150","±149","150","(X)","34","±22","34","(X)","142","±88","142","(X)"
"        Europe","0","±12","0.0%","±35.4","10","±16","12.0%","±34.7","57","±62","29.1%","±27.8","8","±14","5.6%","±10.9","15","±16","8.9%","±11.5","93","±62","68.9%","±23.6","17","±17","26.6%","±21.0","32","±41","11.4%","±13.5","94","±69","40.0%","±28.2","24","±33","23.8%","±33.0","52","±52","43.0%","±18.2","12","±18","21.4%","±37.4","81","±57","71.7%","±21.7","62","±61","87.3%","±25.7","11","±10","78.6%","±30.7","13","±15","43.3%","±56.7","111","±103","74.0%","±20.6","26","±19","76.5%","±21.6","110","±79","77.5%","±19.7"
"        Asia","35","±38","50.7%","±36.3","0","±12","0.0%","±31.3","5","±12","2.6%","±7.0","77","±82","54.2%","±35.9","47","±35","28.0%","±25.7","21","±28","15.6%","±20.0","25","±27","39.1%","±30.3","130","±90","46.4%","±32.2","113","±99","48.1%","±28.8","36","±48","35.6%","±40.6","39","±46","32.2%","±19.9","0","±12","0.0%","±39.6","14","±21","12.4%","±18.2","0","±12","0.0%","±34.8","0","±12","0.0%","±79.3","17","±32","56.7%","±56.7","0","±12","0.0%","±19.3","3","±4","8.8%","±13.5","16","±21","11.3%","±15.0"
"        Africa","0","±12","0.0%","±35.4","0","±12","0.0%","±31.3","69","±88","35.2%","±37.0","0","±12","0.0%","±20.3","0","±12","0.0%","±17.5","0","±17","0.0%","±21.2","0","±12","0.0%","±37.0","43","±71","15.4%","±23.1","0","±12","0.0%","±12.9","0","±17","0.0%","±26.9","0","±12","0.0%","±23.3","0","±12","0.0%","±39.6","0","±12","0.0%","±24.6","0","±12","0.0%","±34.8","0","±12","0.0%","±79.3","0","±12","0.0%","±54.1","4","±8","2.7%","±8.4","0","±12","0.0%","±50.9","0","±12","0.0%","±20.3"
"        Oceania","0","±12","0.0%","±35.4","0","±12","0.0%","±31.3","0","±12","0.0%","±15.2","0","±12","0.0%","±20.3","0","±12","0.0%","±17.5","0","±17","0.0%","±21.2","0","±12","0.0%","±37.0","0","±12","0.0%","±10.9","0","±12","0.0%","±12.9","0","±17","0.0%","±26.9","0","±12","0.0%","±23.3","0","±12","0.0%","±39.6","0","±12","0.0%","±24.6","0","±12","0.0%","±34.8","0","±12","0.0%","±79.3","0","±12","0.0%","±54.1","0","±12","0.0%","±19.3","0","±12","0.0%","±50.9","0","±12","0.0%","±20.3"
"        Latin America","0","±12","0.0%","±35.4","73","±106","88.0%","±34.7","42","±52","21.4%","±23.1","31","±43","21.8%","±28.0","106","±105","63.1%","±31.4","6","±12","4.4%","±9.0","11","±16","17.2%","±24.9","69","±106","24.6%","±30.2","0","±12","0.0%","±12.9","0","±17","0.0%","±26.9","22","±19","18.2%","±21.4","0","±12","0.0%","±39.6","4","±9","3.5%","±8.1","0","±12","0.0%","±34.8","0","±12","0.0%","±79.3","0","±12","0.0%","±54.1","0","±12","0.0%","±19.3","5","±7","14.7%","±18.8","16","±23","11.3%","±16.8"
"        Northern America","34","±26","49.3%","±36.3","0","±12","0.0%","±31.3","23","±36","11.7%","±17.9","26","±24","18.3%","±20.3","0","±12","0.0%","±17.5","15","±23","11.1%","±15.9","11","±12","17.2%","±17.7","6","±10","2.1%","±3.9","28","±32","11.9%","±13.7","41","±48","40.6%","±39.7","8","±13","6.6%","±13.1","44","±53","78.6%","±37.4","14","±15","12.4%","±13.8","9","±16","12.7%","±25.7","3","±4","21.4%","±30.7","0","±12","0.0%","±54.1","35","±55","23.3%","±21.5","0","±12","0.0%","±50.9","0","±12","0.0%","±20.3"
"LANGUAGE SPOKEN AT HOME","","","","","","","","","","","","","","","","","","","","","","","","","","","","","","","","","","","","","","","","","","","","","","","","","","","","","","","","","","","","","","","","","","","","","","","","","","","",""
"    Population 5 years and over","2,394","±205","2,394","(X)","1,870","±144","1,870","(X)","3,187","±251","3,187","(X)","3,771","±242","3,771","(X)","2,336","±189","2,336","(X)","5,375","±326","5,375","(X)","1,359","±182","1,359","(X)","3,481","±310","3,481","(X)","4,732","±308","4,732","(X)","6,957","±512","6,957","(X)","4,380","±362","4,380","(X)","3,134","±69","3,134","(X)","3,315","±52","3,315","(X)","3,815","±88","3,815","(X)","1,686","±105","1,686","(X)","2,235","±207","2,235","(X)","3,195","±53","3,195","(X)","2,205","±197","2,205","(X)","2,068","±211","2,068","(X)"
"        English only","2,305","±204","96.3%","±2.5","1,725","±125","92.2%","±5.9","2,902","±261","91.1%","±4.3","3,595","±256","95.3%","±2.6","2,094","±213","89.6%","±6.4","5,266","±330","98.0%","±1.0","1,273","±193","93.7%","±4.1","3,170","±288","91.1%","±4.7","4,367","±330","92.3%","±3.7","6,783","±521","97.5%","±1.5","4,257","±352","97.2%","±2.2","3,043","±99","97.1%","±2.5","3,230","±75","97.4%","±1.4","3,745","±128","98.2%","±1.5","1,660","±108","98.5%","±0.7","2,215","±204","99.1%","±1.0","2,712","±347","84.9%","±10.7","2,117","±202","96.0%","±2.0","1,883","±230","91.1%","±4.8"
"        Language other than English","89","±60","3.7%","±2.5","145","±117","7.8%","±5.9","285","±141","8.9%","±4.3","176","±97","4.7%","±2.6","242","±153","10.4%","±6.4","109","±55","2.0%","±1.0","86","±55","6.3%","±4.1","311","±175","8.9%","±4.7","365","±175","7.7%","±3.7","174","±103","2.5%","±1.5","123","±99","2.8%","±2.2","91","±79","2.9%","±2.5","85","±45","2.6%","±1.4","70","±58","1.8%","±1.5","26","±12","1.5%","±0.7","20","±23","0.9%","±1.0","483","±341","15.1%","±10.7","88","±43","4.0%","±2.0","185","±98","8.9%","±4.8"
"            Speak English less than ""very well""","8","±13","0.3%","±0.5","77","±96","4.1%","±5.0","79","±64","2.5%","±2.0","38","±45","1.0%","±1.2","53","±54","2.3%","±2.2","20","±23","0.4%","±0.4","51","±36","3.8%","±2.7","134","±124","3.8%","±3.4","68","±50","1.4%","±1.1","19","±24","0.3%","±0.4","0","±12","0.0%","±0.7","17","±27","0.5%","±0.9","0","±12","0.0%","±1.0","19","±30","0.5%","±0.8","0","±12","0.0%","±1.9","0","±12","0.0%","±1.4","49","±59","1.5%","±1.8","27","±21","1.2%","±1.0","16","±23","0.8%","±1.1"
"        Spanish","36","±41","1.5%","±1.7","135","±114","7.2%","±5.8","71","±64","2.2%","±2.0","64","±56","1.7%","±1.5","27","±24","1.2%","±1.1","26","±25","0.5%","±0.5","9","±10","0.7%","±0.7","90","±108","2.6%","±3.0","63","±54","1.3%","±1.1","70","±71","1.0%","±1.0","49","±54","1.1%","±1.2","37","±44","1.2%","±1.4","23","±28","0.7%","±0.8","22","±21","0.6%","±0.6","19","±11","1.1%","±0.7","0","±12","0.0%","±1.4","26","±44","0.8%","±1.4","16","±14","0.7%","±0.6","57","±42","2.8%","±2.1"
"            Speak English less than ""very well""","0","±12","0.0%","±1.3","77","±96","4.1%","±5.0","56","±58","1.8%","±1.8","30","±43","0.8%","±1.1","3","±6","0.1%","±0.3","6","±12","0.1%","±0.2","0","±12","0.0%","±2.4","81","±107","2.3%","±3.0","24","±29","0.5%","±0.6","14","±23","0.2%","±0.3","0","±12","0.0%","±0.7","0","±12","0.0%","±1.0","0","±12","0.0%","±1.0","0","±12","0.0%","±0.8","0","±12","0.0%","±1.9","0","±12","0.0%","±1.4","0","±12","0.0%","±1.0","0","±12","0.0%","±1.5","16","±23","0.8%","±1.1"
"        Other Indo-European languages","16","±20","0.7%","±0.8","10","±16","0.5%","±0.9","198","±123","6.2%","±3.8","64","±45","1.7%","±1.2","144","±128","6.2%","±5.4","77","±50","1.4%","±0.9","36","±23","2.6%","±1.7","127","±126","3.6%","±3.5","248","±171","5.2%","±3.5","68","±58","1.0%","±0.8","46","±41","1.1%","±0.9","54","±60","1.7%","±1.9","62","±33","1.9%","±1.0","45","±55","1.2%","±1.5","7","±7","0.4%","±0.4","11","±16","0.5%","±0.7","453","±339","14.2%","±10.6","72","±40","3.3%","±1.8","94","±68","4.5%","±3.3"
"            Speak English less than ""very well""","0","±12","0.0%","±1.3","0","±12","0.0%","±1.7","23","±36","0.7%","±1.1","8","±14","0.2%","±0.4","11","±16","0.5%","±0.7","12","±20","0.2%","±0.4","26","±20","1.9%","±1.5","10","±18","0.3%","±0.5","16","±19","0.3%","±0.4","5","±9","0.1%","±0.1","0","±12","0.0%","±0.7","17","±27","0.5%","±0.9","0","±12","0.0%","±1.0","19","±30","0.5%","±0.8","0","±12","0.0%","±1.9","0","±12","0.0%","±1.4","49","±59","1.5%","±1.8","27","±21","1.2%","±1.0","0","±12","0.0%","±1.6"
"        Asian and Pacific Islander languages","37","±43","1.5%","±1.8","0","±12","0.0%","±1.7","16","±21","0.5%","±0.7","48","±69","1.3%","±1.8","71","±73","3.0%","±3.1","0","±17","0.0%","±0.6","41","±44","3.0%","±3.2","61","±63","1.8%","±1.8","54","±61","1.1%","±1.3","36","±48","0.5%","±0.7","0","±12","0.0%","±0.7","0","±12","0.0%","±1.0","0","±12","0.0%","±1.0","3","±7","0.1%","±0.2","0","±12","0.0%","±1.9","9","±17","0.4%","±0.7","0","±12","0.0%","±1.0","0","±12","0.0%","±1.5","34","±44","1.6%","±2.1"
"            Speak English less than ""very well""","8","±13","0.3%","±0.5","0","±12","0.0%","±1.7","0","±12","0.0%","±1.0","0","±12","0.0%","±0.9","39","±52","1.7%","±2.2","0","±17","0.0%","±0.6","25","±26","1.8%","±2.0","43","±44","1.2%","±1.3","28","±38","0.6%","±0.8","0","±17","0.0%","±0.5","0","±12","0.0%","±0.7","0","±12","0.0%","±1.0","0","±12","0.0%","±1.0","0","±12","0.0%","±0.8","0","±12","0.0%","±1.9","0","±12","0.0%","±1.4","0","±12","0.0%","±1.0","0","±12","0.0%","±1.5","0","±12","0.0%","±1.6"
"        Other languages","0","±12","0.0%","±1.3","0","±12","0.0%","±1.7","0","±12","0.0%","±1.0","0","±12","0.0%","±0.9","0","±12","0.0%","±1.4","6","±9","0.1%","±0.2","0","±12","0.0%","±2.4","33","±54","0.9%","±1.6","0","±12","0.0%","±0.7","0","±17","0.0%","±0.5","28","±44","0.6%","±1.0","0","±12","0.0%","±1.0","0","±12","0.0%","±1.0","0","±12","0.0%","±0.8","0","±12","0.0%","±1.9","0","±12","0.0%","±1.4","4","±8","0.1%","±0.2","0","±12","0.0%","±1.5","0","±12","0.0%","±1.6"
"            Speak English less than ""very well""","0","±12","0.0%","±1.3","0","±12","0.0%","±1.7","0","±12","0.0%","±1.0","0","±12","0.0%","±0.9","0","±12","0.0%","±1.4","2","±4","0.0%","±0.1","0","±12","0.0%","±2.4","0","±12","0.0%","±0.9","0","±12","0.0%","±0.7","0","±17","0.0%","±0.5","0","±12","0.0%","±0.7","0","±12","0.0%","±1.0","0","±12","0.0%","±1.0","0","±12","0.0%","±0.8","0","±12","0.0%","±1.9","0","±12","0.0%","±1.4","0","±12","0.0%","±1.0","0","±12","0.0%","±1.5","0","±12","0.0%","±1.6"
"ANCESTRY","","","","","","","","","","","","","","","","","","","","","","","","","","","","","","","","","","","","","","","","","","","","","","","","","","","","","","","","","","","","","","","","","","","","","","","","","","","",""
"    Total population","2,556","±198","2,556","(X)","1,955","±159","1,955","(X)","3,365","±259","3,365","(X)","3,998","±271","3,998","(X)","2,466","±199","2,466","(X)","5,554","±358","5,554","(X)","1,375","±182","1,375","(X)","3,911","±376","3,911","(X)","4,906","±313","4,906","(X)","7,214","±534","7,214","(X)","4,496","±369","4,496","(X)","3,266","±23","3,266","(X)","3,426","±16","3,426","(X)","3,985","±28","3,985","(X)","1,764","±113","1,764","(X)","2,333","±223","2,333","(X)","3,268","±16","3,268","(X)","2,303","±202","2,303","(X)","2,135","±219","2,135","(X)"
"        American","103","±77","4.0%","±3.0","144","±115","7.4%","±5.9","180","±99","5.3%","±3.0","267","±121","6.7%","±3.0","170","±88","6.9%","±3.5","124","±80","2.2%","±1.4","119","±56","8.7%","±3.9","120","±74","3.1%","±1.9","136","±83","2.8%","±1.7","709","±318","9.8%","±4.3","368","±162","8.2%","±3.4","297","±143","9.1%","±4.4","127","±61","3.7%","±1.8","296","±200","7.4%","±5.0","138","±49","7.8%","±2.8","267","±132","11.4%","±5.5","158","±85","4.8%","±2.6","89","±30","3.9%","±1.3","100","±92","4.7%","±4.2"
"        Arab","10","±16","0.4%","±0.6","0","±12","0.0%","±1.6","0","±12","0.0%","±1.0","16","±24","0.4%","±0.6","14","±22","0.6%","±0.9","17","±28","0.3%","±0.5","6","±9","0.4%","±0.7","22","±23","0.6%","±0.6","11","±16","0.2%","±0.3","20","±36","0.3%","±0.5","106","±148","2.4%","±3.3","0","±12","0.0%","±1.0","8","±12","0.2%","±0.3","49","±73","1.2%","±1.8","0","±12","0.0%","±1.8","8","±12","0.3%","±0.5","23","±38","0.7%","±1.2","0","±12","0.0%","±1.4","14","±17","0.7%","±0.8"
"        Czech","0","±12","0.0%","±1.3","0","±12","0.0%","±1.6","9","±15","0.3%","±0.4","0","±12","0.0%","±0.8","5","±8","0.2%","±0.3","0","±17","0.0%","±0.6","5","±7","0.4%","±0.5","0","±12","0.0%","±0.8","79","±104","1.6%","±2.1","0","±17","0.0%","±0.4","0","±12","0.0%","±0.7","20","±23","0.6%","±0.7","7","±11","0.2%","±0.3","154","±187","3.9%","±4.7","3","±4","0.2%","±0.2","8","±11","0.3%","±0.4","5","±9","0.2%","±0.3","7","±7","0.3%","±0.3","0","±12","0.0%","±1.5"
"        Danish","0","±12","0.0%","±1.3","0","±12","0.0%","±1.6","10","±15","0.3%","±0.5","27","±44","0.7%","±1.1","17","±18","0.7%","±0.7","0","±17","0.0%","±0.6","0","±12","0.0%","±2.3","11","±18","0.3%","±0.5","71","±72","1.4%","±1.5","0","±17","0.0%","±0.4","9","±13","0.2%","±0.3","0","±12","0.0%","±1.0","26","±30","0.8%","±0.9","0","±12","0.0%","±0.8","0","±12","0.0%","±1.8","0","±12","0.0%","±1.4","25","±25","0.8%","±0.8","2","±4","0.1%","±0.2","0","±12","0.0%","±1.5"
"        Dutch","47","±37","1.8%","±1.5","65","±37","3.3%","±1.9","31","±31","0.9%","±0.9","118","±80","3.0%","±2.0","80","±75","3.2%","±3.0","229","±135","4.1%","±2.5","30","±19","2.2%","±1.3","46","±37","1.2%","±0.9","197","±127","4.0%","±2.6","197","±133","2.7%","±1.9","71","±57","1.6%","±1.3","22","±24","0.7%","±0.7","118","±79","3.4%","±2.3","34","±31","0.9%","±0.8","24","±12","1.4%","±0.7","164","±113","7.0%","±4.7","75","±62","2.3%","±1.9","83","±38","3.6%","±1.6","41","±33","1.9%","±1.6"
"        English","221","±90","8.6%","±3.3","232","±95","11.9%","±4.9","503","±170","14.9%","±4.8","484","±146","12.1%","±3.6","341","±188","13.8%","±7.8","762","±285","13.7%","±5.1","178","±55","12.9%","±3.9","440","±212","11.3%","±5.3","548","±143","11.2%","±2.9","732","±246","10.1%","±3.5","765","±218","17.0%","±4.5","514","±177","15.7%","±5.4","416","±142","12.1%","±4.1","456","±157","11.4%","±3.9","305","±58","17.3%","±3.1","374","±144","16.0%","±6.2","584","±209","17.9%","±6.4","492","±96","21.4%","±4.0","426","±135","20.0%","±6.1"
"        French (except Basque)","155","±89","6.1%","±3.3","154","±61","7.9%","±3.2","224","±109","6.7%","±3.1","454","±175","11.4%","±4.3","334","±114","13.5%","±4.4","636","±200","11.5%","±3.6","96","±47","7.0%","±3.4","653","±305","16.7%","±7.5","339","±88","6.9%","±1.8","849","±325","11.8%","±4.4","361","±121","8.0%","±2.7","301","±107","9.2%","±3.3","460","±294","13.4%","±8.6","276","±141","6.9%","±3.5","180","±46","10.2%","±2.4","221","±111","9.5%","±4.6","421","±176","12.9%","±5.4","245","±82","10.6%","±3.3","96","±73","4.5%","±3.4"
"        French Canadian","192","±92","7.5%","±3.6","36","±26","1.8%","±1.3","176","±130","5.2%","±3.9","136","±79","3.4%","±2.0","25","±17","1.0%","±0.7","139","±156","2.5%","±2.8","21","±19","1.5%","±1.4","115","±83","2.9%","±2.1","194","±120","4.0%","±2.4","162","±96","2.2%","±1.3","222","±115","4.9%","±2.6","118","±100","3.6%","±3.1","96","±67","2.8%","±2.0","168","±102","4.2%","±2.6","59","±24","3.3%","±1.3","46","±36","2.0%","±1.5","105","±116","3.2%","±3.6","44","±22","1.9%","±0.9","25","±23","1.2%","±1.1"
"        German","276","±124","10.8%","±4.8","160","±59","8.2%","±3.0","496","±166","14.7%","±4.9","370","±132","9.3%","±3.3","311","±163","12.6%","±6.7","699","±237","12.6%","±4.3","257","±83","18.7%","±4.9","581","±316","14.9%","±7.8","647","±205","13.2%","±4.1","812","±275","11.3%","±3.9","707","±183","15.7%","±4.0","620","±215","19.0%","±6.6","422","±124","12.3%","±3.6","434","±164","10.9%","±4.1","225","±52","12.8%","±2.9","369","±119","15.8%","±5.0","828","±305","25.3%","±9.3","451","±93","19.6%","±3.5","264","±91","12.4%","±3.9"
"        Greek","15","±23","0.6%","±0.9","0","±12","0.0%","±1.6","4","±10","0.1%","±0.3","18","±28","0.5%","±0.7","0","±12","0.0%","±1.3","57","±74","1.0%","±1.3","0","±12","0.0%","±2.3","7","±11","0.2%","±0.3","84","±81","1.7%","±1.6","0","±17","0.0%","±0.4","0","±12","0.0%","±0.7","12","±17","0.4%","±0.5","0","±12","0.0%","±0.9","87","±80","2.2%","±2.0","3","±5","0.2%","±0.3","0","±12","0.0%","±1.4","0","±12","0.0%","±1.0","4","±5","0.2%","±0.2","0","±12","0.0%","±1.5"
"        Hungarian","0","±12","0.0%","±1.3","35","±44","1.8%","±2.3","11","±17","0.3%","±0.5","8","±13","0.2%","±0.3","0","±12","0.0%","±1.3","21","±30","0.4%","±0.5","0","±12","0.0%","±2.3","17","±27","0.4%","±0.7","28","±23","0.6%","±0.5","62","±68","0.9%","±1.0","20","±20","0.4%","±0.4","29","±43","0.9%","±1.3","20","±18","0.6%","±0.5","12","±20","0.3%","±0.5","13","±13","0.7%","±0.7","9","±17","0.4%","±0.7","21","±24","0.6%","±0.7","29","±40","1.3%","±1.7","16","±23","0.7%","±1.1"
"        Irish","564","±150","22.1%","±5.4","405","±132","20.7%","±6.2","635","±193","18.9%","±5.8","933","±192","23.3%","±4.8","471","±134","19.1%","±5.4","1,143","±274","20.6%","±4.8","299","±74","21.7%","±5.0","883","±361","22.6%","±8.8","1,139","±254","23.2%","±4.9","1,346","±333","18.7%","±4.3","945","±245","21.0%","±5.1","668","±209","20.5%","±6.4","745","±210","21.7%","±6.1","737","±237","18.5%","±5.9","289","±68","16.4%","±3.5","629","±198","27.0%","±7.6","803","±223","24.6%","±6.8","476","±83","20.7%","±3.1","420","±115","19.7%","±5.0"
"        Italian","343","±140","13.4%","±5.7","271","±84","13.9%","±4.1","448","±138","13.3%","±4.1","347","±123","8.7%","±3.2","463","±180","18.8%","±6.8","681","±261","12.3%","±4.6","129","±60","9.4%","±3.8","446","±114","11.4%","±2.8","787","±222","16.0%","±4.5","571","±216","7.9%","±3.0","631","±169","14.0%","±3.5","256","±99","7.8%","±3.0","624","±180","18.2%","±5.2","302","±173","7.6%","±4.4","136","±46","7.7%","±2.7","210","±112","9.0%","±4.6","246","±115","7.5%","±3.5","283","±88","12.3%","±3.7","331","±128","15.5%","±5.6"
"        Lithuanian","9","±15","0.4%","±0.6","0","±12","0.0%","±1.6","11","±17","0.3%","±0.5","0","±12","0.0%","±0.8","3","±6","0.1%","±0.3","17","±27","0.3%","±0.5","6","±8","0.4%","±0.6","18","±24","0.5%","±0.6","18","±19","0.4%","±0.4","0","±17","0.0%","±0.4","7","±13","0.2%","±0.3","0","±12","0.0%","±1.0","0","±12","0.0%","±0.9","7","±12","0.2%","±0.3","0","±12","0.0%","±1.8","0","±12","0.0%","±1.4","20","±36","0.6%","±1.1","12","±15","0.5%","±0.7","0","±12","0.0%","±1.5"
"        Norwegian","0","±12","0.0%","±1.3","0","±12","0.0%","±1.6","24","±25","0.7%","±0.7","49","±74","1.2%","±1.9","12","±12","0.5%","±0.5","101","±150","1.8%","±2.7","27","±29","2.0%","±2.0","26","±45","0.7%","±1.1","69","±76","1.4%","±1.5","76","±95","1.1%","±1.3","38","±36","0.8%","±0.8","123","±95","3.8%","±2.9","71","±68","2.1%","±2.0","37","±34","0.9%","±0.8","15","±20","0.9%","±1.1","21","±25","0.9%","±1.1","67","±61","2.1%","±1.9","26","±18","1.1%","±0.8","24","±18","1.1%","±0.8"
"        Polish","83","±67","3.2%","±2.6","116","±84","5.9%","±4.1","85","±44","2.5%","±1.3","136","±92","3.4%","±2.3","50","±52","2.0%","±2.1","371","±150","6.7%","±2.7","41","±28","3.0%","±2.0","190","±159","4.9%","±3.9","285","±142","5.8%","±2.8","441","±227","6.1%","±3.2","219","±93","4.9%","±2.0","259","±138","7.9%","±4.2","88","±57","2.6%","±1.7","139","±83","3.5%","±2.1","47","±23","2.7%","±1.3","76","±56","3.3%","±2.4","155","±121","4.7%","±3.7","95","±32","4.1%","±1.4","161","±81","7.5%","±3.8"
"        Portuguese","0","±12","0.0%","±1.3","0","±12","0.0%","±1.6","0","±12","0.0%","±1.0","0","±12","0.0%","±0.8","0","±12","0.0%","±1.3","118","±147","2.1%","±2.7","0","±12","0.0%","±2.3","0","±12","0.0%","±0.8","18","±21","0.4%","±0.4","23","±39","0.3%","±0.5","0","±12","0.0%","±0.7","0","±12","0.0%","±1.0","0","±12","0.0%","±0.9","0","±12","0.0%","±0.8","4","±5","0.2%","±0.3","0","±12","0.0%","±1.4","0","±12","0.0%","±1.0","0","±12","0.0%","±1.4","4","±6","0.2%","±0.3"
"        Russian","27","±32","1.1%","±1.3","31","±34","1.6%","±1.7","52","±58","1.5%","±1.7","0","±12","0.0%","±0.8","41","±56","1.7%","±2.3","139","±114","2.5%","±2.0","22","±22","1.6%","±1.6","0","±12","0.0%","±0.8","10","±15","0.2%","±0.3","102","±155","1.4%","±2.1","11","±18","0.2%","±0.4","33","±49","1.0%","±1.5","32","±32","0.9%","±0.9","19","±30","0.5%","±0.7","12","±14","0.7%","±0.8","40","±51","1.7%","±2.2","29","±35","0.9%","±1.1","71","±39","3.1%","±1.7","0","±12","0.0%","±1.5"
"        Scotch-Irish","44","±65","1.7%","±2.5","38","±25","1.9%","±1.2","66","±75","2.0%","±2.3","79","±66","2.0%","±1.6","46","±46","1.9%","±1.9","17","±28","0.3%","±0.5","22","±26","1.6%","±1.9","32","±33","0.8%","±0.8","125","±93","2.5%","±1.9","52","±49","0.7%","±0.7","39","±45","0.9%","±1.0","11","±16","0.3%","±0.5","16","±18","0.5%","±0.5","53","±53","1.3%","±1.3","11","±9","0.6%","±0.5","29","±36","1.2%","±1.6","0","±12","0.0%","±1.0","16","±11","0.7%","±0.5","21","±31","1.0%","±1.5"
"        Scottish","128","±80","5.0%","±3.0","70","±61","3.6%","±3.1","232","±159","6.9%","±4.6","57","±41","1.4%","±1.1","57","±44","2.3%","±1.8","154","±97","2.8%","±1.7","58","±30","4.2%","±2.2","57","±48","1.5%","±1.2","170","±84","3.5%","±1.7","393","±218","5.4%","±3.0","159","±80","3.5%","±1.8","73","±45","2.2%","±1.4","77","±58","2.2%","±1.7","74","±46","1.9%","±1.1","98","±43","5.6%","±2.3","100","±62","4.3%","±2.6","144","±97","4.4%","±3.0","100","±36","4.3%","±1.5","84","±46","3.9%","±2.1"
"        Slovak","0","±12","0.0%","±1.3","0","±12","0.0%","±1.6","0","±12","0.0%","±1.0","0","±12","0.0%","±0.8","0","±12","0.0%","±1.3","0","±17","0.0%","±0.6","11","±17","0.8%","±1.3","141","±205","3.6%","±5.3","8","±13","0.2%","±0.3","0","±17","0.0%","±0.4","17","±20","0.4%","±0.4","0","±12","0.0%","±1.0","19","±23","0.6%","±0.7","0","±12","0.0%","±0.8","10","±14","0.6%","±0.8","0","±12","0.0%","±1.4","0","±12","0.0%","±1.0","7","±7","0.3%","±0.3","6","±8","0.3%","±0.4"
"        Subsaharan African","0","±12","0.0%","±1.3","2","±6","0.1%","±0.3","66","±87","2.0%","±2.6","0","±12","0.0%","±0.8","0","±12","0.0%","±1.3","0","±17","0.0%","±0.6","0","±12","0.0%","±2.3","43","±71","1.1%","±1.8","0","±12","0.0%","±0.7","0","±17","0.0%","±0.4","0","±12","0.0%","±0.7","0","±12","0.0%","±1.0","0","±12","0.0%","±0.9","0","±12","0.0%","±0.8","0","±12","0.0%","±1.8","0","±12","0.0%","±1.4","4","±8","0.1%","±0.2","3","±5","0.1%","±0.2","0","±12","0.0%","±1.5"
"        Swedish","41","±40","1.6%","±1.5","6","±9","0.3%","±0.4","22","±18","0.7%","±0.5","52","±49","1.3%","±1.2","47","±40","1.9%","±1.6","41","±46","0.7%","±0.8","5","±9","0.4%","±0.6","11","±22","0.3%","±0.6","21","±23","0.4%","±0.5","24","±28","0.3%","±0.4","65","±47","1.4%","±1.0","13","±19","0.4%","±0.6","34","±29","1.0%","±0.9","43","±35","1.1%","±0.9","41","±39","2.3%","±2.2","0","±12","0.0%","±1.4","16","±20","0.5%","±0.6","38","±28","1.7%","±1.2","13","±12","0.6%","±0.6"
"        Swiss","0","±12","0.0%","±1.3","0","±12","0.0%","±1.6","19","±30","0.6%","±0.9","0","±12","0.0%","±0.8","0","±12","0.0%","±1.3","43","±72","0.8%","±1.3","6","±9","0.4%","±0.7","0","±12","0.0%","±0.8","8","±12","0.2%","±0.3","0","±17","0.0%","±0.4","37","±26","0.8%","±0.6","0","±12","0.0%","±1.0","20","±31","0.6%","±0.9","10","±15","0.3%","±0.4","2","±5","0.1%","±0.3","6","±8","0.3%","±0.4","0","±12","0.0%","±1.0","12","±9","0.5%","±0.4","58","±85","2.7%","±3.9"
"        Ukrainian","0","±12","0.0%","±1.3","0","±12","0.0%","±1.6","11","±17","0.3%","±0.5","22","±23","0.6%","±0.6","0","±12","0.0%","±1.3","16","±26","0.3%","±0.5","6","±9","0.4%","±0.7","16","±25","0.4%","±0.7","20","±22","0.4%","±0.4","66","±62","0.9%","±0.9","0","±12","0.0%","±0.7","43","±70","1.3%","±2.1","4","±8","0.1%","±0.2","19","±27","0.5%","±0.7","10","±10","0.6%","±0.6","0","±12","0.0%","±1.4","34","±34","1.0%","±1.0","13","±17","0.6%","±0.8","23","±21","1.1%","±1.0"
"        Welsh","0","±12","0.0%","±1.3","30","±21","1.5%","±1.1","20","±21","0.6%","±0.6","41","±30","1.0%","±0.7","15","±25","0.6%","±1.0","64","±58","1.2%","±1.1","5","±9","0.4%","±0.6","106","±154","2.7%","±3.9","41","±52","0.8%","±1.1","55","±54","0.8%","±0.8","56","±58","1.2%","±1.3","41","±48","1.3%","±1.5","22","±22","0.6%","±0.6","21","±26","0.5%","±0.7","11","±10","0.6%","±0.5","0","±12","0.0%","±1.4","17","±19","0.5%","±0.6","24","±14","1.0%","±0.6","58","±44","2.7%","±2.0"
"        West Indian (excluding Hispanic origin groups)","0","±12","0.0%","±1.3","0","±12","0.0%","±1.6","0","±12","0.0%","±1.0","0","±12","0.0%","±0.8","132","±112","5.4%","±4.4","6","±11","0.1%","±0.2","0","±12","0.0%","±2.3","0","±12","0.0%","±0.8","0","±12","0.0%","±0.7","0","±17","0.0%","±0.4","9","±13","0.2%","±0.3","0","±12","0.0%","±1.0","6","±12","0.2%","±0.3","0","±12","0.0%","±0.8","0","±12","0.0%","±1.8","0","±12","0.0%","±1.4","62","±86","1.9%","±2.6","0","±12","0.0%","±1.4","0","±12","0.0%","±1.5"
"COMPUTERS AND INTERNET USE","","","","","","","","","","","","","","","","","","","","","","","","","","","","","","","","","","","","","","","","","","","","","","","","","","","","","","","","","","","","","","","","","","","","","","","","","","","",""
"    Total households","1,122","±85","1,122","(X)","878","±67","878","(X)","1,556","±139","1,556","(X)","1,754","±96","1,754","(X)","1,106","±88","1,106","(X)","2,498","±147","2,498","(X)","645","±76","645","(X)","1,943","±159","1,943","(X)","1,980","±107","1,980","(X)","2,942","±181","2,942","(X)","1,605","±108","1,605","(X)","1,492","±142","1,492","(X)","1,453","±146","1,453","(X)","1,723","±118","1,723","(X)","747","±55","747","(X)","1,004","±95","1,004","(X)","1,480","±137","1,480","(X)","1,075","±92","1,075","(X)","1,012","±114","1,012","(X)"
"        With a computer","1,045","±93","93.1%","±3.9","742","±75","84.5%","±5.8","1,412","±141","90.7%","±4.5","1,523","±105","86.8%","±4.8","876","±109","79.2%","±6.4","2,293","±150","91.8%","±4.0","590","±67","91.5%","±4.5","1,635","±173","84.1%","±5.7","1,809","±123","91.4%","±3.9","2,761","±190","93.8%","±3.2","1,556","±105","96.9%","±1.7","1,403","±133","94.0%","±3.5","1,332","±144","91.7%","±3.1","1,363","±145","79.1%","±7.0","614","±46","82.2%","±4.0","878","±95","87.5%","±5.1","1,286","±142","86.9%","±6.8","951","±89","88.5%","±3.1","924","±110","91.3%","±4.9"
"        With a broadband Internet subscription","955","±107","85.1%","±6.9","677","±80","77.1%","±7.1","1,331","±137","85.5%","±5.3","1,411","±116","80.4%","±6.0","819","±119","74.1%","±7.7","2,150","±153","86.1%","±4.2","550","±77","85.3%","±7.7","1,561","±166","80.3%","±5.9","1,709","±128","86.3%","±4.2","2,717","±194","92.4%","±3.3","1,506","±117","93.8%","±2.9","1,241","±131","83.2%","±6.3","1,239","±168","85.3%","±5.5","1,201","±114","69.7%","±6.0","521","±43","69.7%","±4.4","783","±101","78.0%","±7.1","1,162","±145","78.5%","±8.3","869","±82","80.8%","±3.3","878","±112","86.8%","±6.5"