"Label","Census Tract 801, Washington County, New York!!Estimate","Census Tract 801, Washington County, New York!!Margin of Error","Census Tract 801, Washington County, New York!!Percent","Census Tract 801, Washington County, New York!!Percent Margin of Error","Census Tract 802, Washington County, New York!!Estimate","Census Tract 802, Washington County, New York!!Margin of Error","Census Tract 802, Washington County, New York!!Percent","Census Tract 802, Washington County, New York!!Percent Margin of Error","Census Tract 803, Washington County, New York!!Estimate","Census Tract 803, Washington County, New York!!Margin of Error","Census Tract 803, Washington County, New York!!Percent","Census Tract 803, Washington County, New York!!Percent Margin of Error","Census Tract 810, Washington County, New York!!Estimate","Census Tract 810, Washington County, New York!!Margin of Error","Census Tract 810, Washington County, New York!!Percent","Census Tract 810, Washington County, New York!!Percent Margin of Error","Census Tract 820.01, Washington County, New York!!Estimate","Census Tract 820.01, Washington County, New York!!Margin of Error","Census Tract 820.01, Washington County, New York!!Percent","Census Tract 820.01, Washington County, New York!!Percent Margin of Error","Census Tract 820.02, Washington County, New York!!Estimate","Census Tract 820.02, Washington County, New York!!Margin of Error","Census Tract 820.02, Washington County, New York!!Percent","Census Tract 820.02, Washington County, New York!!Percent Margin of Error","Census Tract 840, Washington County, New York!!Estimate","Census Tract 840, Washington County, New York!!Margin of Error","Census Tract 840, Washington County, New York!!Percent","Census Tract 840, Washington County, New York!!Percent Margin of Error","Census Tract 850, Washington County, New York!!Estimate","Census Tract 850, Washington County, New York!!Margin of Error","Census Tract 850, Washington County, New York!!Percent","Census Tract 850, Washington County, New York!!Percent Margin of Error","Census Tract 860, Washington County, New York!!Estimate","Census Tract 860, Washington County, New York!!Margin of Error","Census Tract 860, Washington County, New York!!Percent","Census Tract 860, Washington County, New York!!Percent Margin of Error","Census Tract 870, Washington County, New York!!Estimate","Census Tract 870, Washington County, New York!!Margin of Error","Census Tract 870, Washington County, New York!!Percent","Census Tract 870, Washington County, New York!!Percent Margin of Error","Census Tract 880, Washington County, New York!!Estimate","Census Tract 880, Washington County, New York!!Margin of Error","Census Tract 880, Washington County, New York!!Percent","Census Tract 880, Washington County, New York!!Percent Margin of Error","Census Tract 890, Washington County, New York!!Estimate","Census Tract 890, Washington County, New York!!Margin of Error","Census Tract 890, Washington County, New York!!Percent","Census Tract 890, Washington County, New York!!Percent Margin of Error","Census Tract 900, Washington County, New York!!Estimate","Census Tract 900, Washington County, New York!!Margin of Error","Census Tract 900, Washington County, New York!!Percent","Census Tract 900, Washington County, New York!!Percent Margin of Error","Census Tract 910, Washington County, New York!!Estimate","Census Tract 910, Washington County, New York!!Margin of Error","Census Tract 910, Washington County, New York!!Percent","Census Tract 910, Washington County, New York!!Percent Margin of Error","Census Tract 920, Washington County, New York!!Estimate","Census Tract 920, Washington County, New York!!Margin of Error","Census Tract 920, Washington County, New York!!Percent","Census Tract 920, Washington County, New York!!Percent Margin of Error","Census Tract 930, Washington County, New York!!Estimate","Census Tract 930, Washington County, New York!!Margin of Error","Census Tract 930, Washington County, New York!!Percent","Census Tract 930, Washington County, New York!!Percent Margin of Error","Census Tract 940, Washington County, New York!!Estimate","Census Tract 940, Washington County, New York!!Margin of Error","Census Tract 940, Washington County, New York!!Percent","Census Tract 940, Washington County, New York!!Percent Margin of Error"
"HOUSEHOLDS BY TYPE","","","","","","","","","","","","","","","","","","","","","","","","","","","","","","","","","","","","","","","","","","","","","","","","","","","","","","","","","","","","","","","","","","","",""
"    Total households","1,907","±168","1,907","(X)","1,021","±95","1,021","(X)","2,187","±151","2,187","(X)","1,372","±133","1,372","(X)","1,787","±266","1,787","(X)","551","±54","551","(X)","2,750","±220","2,750","(X)","814","±62","814","(X)","738","±67","738","(X)","1,480","±120","1,480","(X)","2,456","±133","2,456","(X)","1,850","±134","1,850","(X)","1,106","±83","1,106","(X)","791","±66","791","(X)","1,491","±91","1,491","(X)","772","±62","772","(X)","941","±60","941","(X)"
"        Married-couple family","645","±150","33.8%","±8.1","392","±65","38.4%","±6.1","1,095","±196","50.1%","±9.5","768","±112","56.0%","±7.3","857","±112","48.0%","±5.0","281","±43","51.0%","±6.5","1,251","±185","45.5%","±6.6","509","±72","62.5%","±7.4","382","±63","51.8%","±7.3","864","±101","58.4%","±6.9","1,061","±159","43.2%","±6.9","935","±119","50.5%","±5.8","606","±64","54.8%","±5.3","429","±57","54.2%","±6.1","638","±103","42.8%","±6.9","400","±61","51.8%","±7.8","573","±70","60.9%","±7.0"
"            With own children of the householder under 18 years","215","±79","11.3%","±4.2","129","±55","12.6%","±5.3","449","±142","20.5%","±6.8","172","±51","12.5%","±3.8","318","±42","17.8%","±3.7","68","±17","12.3%","±3.0","437","±99","15.9%","±3.6","147","±40","18.1%","±4.8","100","±33","13.6%","±4.2","219","±65","14.8%","±4.4","353","±94","14.4%","±3.9","318","±67","17.2%","±3.7","175","±35","15.8%","±3.0","121","±43","15.3%","±4.9","154","±70","10.3%","±4.8","113","±32","14.6%","±4.3","171","±50","18.2%","±5.3"
"        Cohabiting couple household","245","±140","12.8%","±7.3","99","±56","9.7%","±5.4","270","±98","12.3%","±4.5","145","±56","10.6%","±3.9","187","±69","10.5%","±3.5","49","±16","8.9%","±2.8","192","±97","7.0%","±3.7","81","±37","10.0%","±4.4","76","±29","10.3%","±3.9","91","±52","6.1%","±3.5","261","±129","10.6%","±5.2","188","±63","10.2%","±3.4","118","±40","10.7%","±3.7","37","±16","4.7%","±2.0","133","±65","8.9%","±4.2","108","±55","14.0%","±7.1","87","±32","9.2%","±3.4"
"            With own children of the householder under 18 years","70","±75","3.7%","±3.9","50","±46","4.9%","±4.5","83","±61","3.8%","±2.9","56","±38","4.1%","±2.7","80","±50","4.5%","±2.7","16","±12","2.9%","±2.2","12","±13","0.4%","±0.5","38","±27","4.7%","±3.3","13","±11","1.8%","±1.5","14","±16","0.9%","±1.1","82","±91","3.3%","±3.7","62","±41","3.4%","±2.2","46","±28","4.2%","±2.6","5","±5","0.6%","±0.7","88","±59","5.9%","±3.9","47","±37","6.1%","±4.8","45","±30","4.8%","±3.2"
"        Male householder, no spouse/partner present","436","±159","22.9%","±7.9","166","±69","16.3%","±6.5","403","±151","18.4%","±6.4","223","±82","16.3%","±5.4","293","±100","16.4%","±4.4","101","±32","18.3%","±5.6","609","±202","22.1%","±6.6","122","±39","15.0%","±4.6","126","±43","17.1%","±5.3","271","±89","18.3%","±5.6","429","±128","17.5%","±4.9","191","±79","10.3%","±4.2","123","±42","11.1%","±3.5","124","±32","15.7%","±3.9","306","±93","20.5%","±5.9","123","±49","15.9%","±5.9","121","±43","12.9%","±4.3"
"            With own children of the householder under 18 years","0","±12","0.0%","±1.7","24","±30","2.4%","±2.9","26","±34","1.2%","±1.5","10","±11","0.7%","±0.8","25","±23","1.4%","±1.3","9","±10","1.6%","±1.9","35","±43","1.3%","±1.5","5","±8","0.6%","±1.0","0","±12","0.0%","±4.3","15","±24","1.0%","±1.6","49","±71","2.0%","±2.9","17","±19","0.9%","±1.0","2","±4","0.2%","±0.3","5","±6","0.6%","±0.7","23","±25","1.5%","±1.7","3","±5","0.4%","±0.6","0","±12","0.0%","±3.4"
"            Householder living alone","185","±108","9.7%","±5.5","116","±56","11.4%","±5.4","228","±126","10.4%","±5.5","167","±76","12.2%","±5.1","219","±83","12.3%","±3.7","67","±22","12.2%","±3.9","484","±177","17.6%","±5.6","107","±39","13.1%","±4.6","112","±40","15.2%","±5.0","198","±86","13.4%","±5.4","279","±107","11.4%","±4.2","138","±66","7.5%","±3.4","107","±40","9.7%","±3.3","101","±32","12.8%","±3.9","235","±84","15.8%","±5.1","88","±44","11.4%","±5.4","106","±42","11.3%","±4.2"
"                65 years and over","35","±31","1.8%","±1.6","11","±15","1.1%","±1.5","48","±45","2.2%","±2.0","84","±52","6.1%","±3.7","64","±42","3.6%","±2.3","42","±20","7.6%","±3.5","222","±136","8.1%","±4.5","57","±32","7.0%","±3.9","47","±27","6.4%","±3.4","61","±45","4.1%","±3.0","16","±28","0.7%","±1.2","47","±41","2.5%","±2.2","32","±17","2.9%","±1.5","53","±20","6.7%","±2.5","168","±86","11.3%","±5.5","12","±13","1.6%","±1.7","42","±23","4.5%","±2.3"
"        Female householder, no spouse/partner present","581","±199","30.5%","±9.7","364","±83","35.7%","±7.0","419","±154","19.2%","±6.4","236","±80","17.2%","±5.5","450","±120","25.2%","±4.5","120","±33","21.8%","±5.3","698","±166","25.4%","±5.3","102","±39","12.5%","±4.7","154","±40","20.9%","±5.2","254","±88","17.2%","±5.4","705","±188","28.7%","±7.2","536","±120","29.0%","±5.8","259","±58","23.4%","±4.8","201","±50","25.4%","±5.5","414","±96","27.8%","±6.3","141","±48","18.3%","±6.0","160","±51","17.0%","±5.3"
"            With own children of the householder under 18 years","33","±46","1.7%","±2.5","103","±56","10.1%","±5.4","25","±28","1.1%","±1.3","19","±15","1.4%","±1.1","47","±32","2.6%","±1.7","14","±12","2.5%","±2.1","100","±54","3.6%","±2.0","28","±29","3.4%","±3.5","11","±9","1.5%","±1.1","12","±9","0.8%","±0.6","197","±118","8.0%","±4.8","148","±70","8.0%","±3.9","16","±14","1.4%","±1.3","24","±19","3.0%","±2.4","48","±34","3.2%","±2.2","29","±36","3.8%","±4.6","27","±22","2.9%","±2.3"
"            Householder living alone","333","±147","17.5%","±7.1","234","±81","22.9%","±7.3","242","±124","11.1%","±5.3","145","±66","10.6%","±4.5","293","±94","16.4%","±3.7","102","±32","18.5%","±5.2","430","±136","15.6%","±4.4","58","±29","7.1%","±3.5","120","±38","16.3%","±5.1","186","±82","12.6%","±5.1","240","±118","9.8%","±4.6","336","±115","18.2%","±5.5","190","±57","17.2%","±4.6","137","±48","17.3%","±5.6","293","±77","19.7%","±4.7","106","±38","13.7%","±4.9","91","±31","9.7%","±3.2"
"                65 years and over","160","±107","8.4%","±5.3","101","±51","9.9%","±4.9","106","±66","4.8%","±2.9","88","±52","6.4%","±3.6","154","±59","8.6%","±2.7","91","±31","16.5%","±5.2","262","±111","9.5%","±3.7","28","±19","3.4%","±2.2","63","±29","8.5%","±4.0","114","±63","7.7%","±4.1","102","±65","4.2%","±2.6","245","±106","13.2%","±5.2","144","±54","13.0%","±4.4","60","±27","7.6%","±3.1","241","±63","16.2%","±3.9","54","±23","7.0%","±3.0","53","±23","5.6%","±2.4"
"        Households with one or more people under 18 years","528","±147","27.7%","±7.9","330","±63","32.3%","±5.8","654","±131","29.9%","±6.9","310","±72","22.6%","±5.2","524","±70","29.3%","±4.6","129","±23","23.4%","±3.6","819","±101","29.8%","±5.0","237","±41","29.1%","±4.7","177","±42","24.0%","±5.0","361","±59","24.4%","±4.8","734","±105","29.9%","±4.4","583","±77","31.5%","±5.2","265","±39","24.0%","±3.7","164","±45","20.7%","±5.0","347","±69","23.3%","±4.6","210","±49","27.2%","±6.4","269","±45","28.6%","±4.4"
"        Households with one or more people 65 years and over","531","±152","27.8%","±7.0","266","±77","26.1%","±7.3","500","±92","22.9%","±3.9","544","±82","39.7%","±4.3","544","±110","30.4%","±3.3","296","±45","53.7%","±5.9","1,050","±207","38.2%","±5.6","281","±49","34.5%","±5.5","269","±51","36.4%","±6.2","542","±84","36.6%","±4.6","793","±119","32.3%","±4.7","649","±116","35.1%","±4.7","410","±60","37.1%","±4.6","322","±42","40.7%","±4.3","689","±111","46.2%","±5.9","259","±50","33.5%","±5.6","297","±43","31.6%","±3.8"
"        Average household size","2.42","±0.21","(X)","(X)","2.41","±0.22","(X)","(X)","2.42","±0.16","(X)","(X)","2.55","±0.17","(X)","(X)","2.59","±0.37","(X)","(X)","2.26","±0.14","(X)","(X)","2.32","±0.19","(X)","(X)","2.58","±0.15","(X)","(X)","2.49","±0.23","(X)","(X)","2.41","±0.19","(X)","(X)","2.37","±0.12","(X)","(X)","2.60","±0.18","(X)","(X)","2.37","±0.17","(X)","(X)","2.31","±0.17","(X)","(X)","2.19","±0.13","(X)","(X)","2.53","±0.19","(X)","(X)","2.56","±0.16","(X)","(X)"
"        Average family size","3.05","±0.32","(X)","(X)","3.07","±0.25","(X)","(X)","2.83","±0.19","(X)","(X)","2.94","±0.21","(X)","(X)","3.22","±0.51","(X)","(X)","2.81","±0.24","(X)","(X)","2.96","±0.20","(X)","(X)","2.95","±0.21","(X)","(X)","3.08","±0.26","(X)","(X)","2.85","±0.19","(X)","(X)","2.75","±0.15","(X)","(X)","3.02","±0.18","(X)","(X)","2.84","±0.18","(X)","(X)","2.85","±0.20","(X)","(X)","2.73","±0.19","(X)","(X)","3.05","±0.21","(X)","(X)","2.81","±0.19","(X)","(X)"
"RELATIONSHIP","","","","","","","","","","","","","","","","","","","","","","","","","","","","","","","","","","","","","","","","","","","","","","","","","","","","","","","","","","","","","","","","","","","",""
"    Population in households","4,612","±257","4,612","(X)","2,456","±252","2,456","(X)","5,287","±29","5,287","(X)","3,502","±244","3,502","(X)","4,634","±99","4,634","(X)","1,245","±112","1,245","(X)","6,384","±77","6,384","(X)","2,102","±120","2,102","(X)","1,838","±191","1,838","(X)","3,566","±94","3,566","(X)","5,826","±124","5,826","(X)","4,811","±33","4,811","(X)","2,618","±53","2,618","(X)","1,827","±155","1,827","(X)","3,272","±28","3,272","(X)","1,956","±145","1,956","(X)","2,410","±180","2,410","(X)"
"        Householder","1,907","±168","41.3%","±3.6","1,021","±95","41.6%","±3.7","2,187","±151","41.4%","±2.8","1,372","±133","39.2%","±2.6","1,787","±266","38.6%","±5.5","551","±54","44.3%","±2.9","2,750","±220","43.1%","±3.5","814","±62","38.7%","±2.3","738","±67","40.2%","±3.9","1,480","±120","41.5%","±3.2","2,456","±133","42.2%","±2.2","1,850","±134","38.5%","±2.8","1,106","±83","42.2%","±2.9","791","±66","43.3%","±3.2","1,491","±91","45.6%","±2.8","772","±62","39.5%","±2.9","941","±60","39.0%","±2.4"
"        Spouse","722","±190","15.7%","±4.0","398","±69","16.2%","±2.7","1,149","±212","21.7%","±4.0","744","±108","21.2%","±2.9","846","±109","18.3%","±2.3","279","±33","22.4%","±2.4","1,246","±185","19.5%","±2.9","510","±71","24.3%","±3.0","390","±60","21.2%","±2.6","858","±100","24.1%","±2.8","1,072","±164","18.4%","±2.8","941","±123","19.6%","±2.6","578","±59","22.1%","±2.2","426","±55","23.3%","±2.4","635","±99","19.4%","±3.0","398","±57","20.3%","±2.9","558","±65","23.2%","±2.4"
"        Unmarried partner","241","±139","5.2%","±3.0","96","±57","3.9%","±2.3","270","±97","5.1%","±1.8","167","±70","4.8%","±1.9","185","±68","4.0%","±1.5","45","±17","3.6%","±1.3","180","±93","2.8%","±1.5","82","±37","3.9%","±1.7","75","±28","4.1%","±1.6","86","±49","2.4%","±1.4","259","±132","4.4%","±2.3","188","±63","3.9%","±1.3","113","±40","4.3%","±1.5","38","±17","2.1%","±0.9","124","±67","3.8%","±2.1","102","±52","5.2%","±2.5","84","±32","3.5%","±1.4"
"        Child","1,074","±254","23.3%","±5.3","835","±162","34.0%","±4.1","1,274","±221","24.1%","±4.2","940","±143","26.8%","±3.7","1,566","±422","33.8%","±9.1","272","±53","21.8%","±3.4","1,410","±207","22.1%","±3.2","578","±101","27.5%","±4.5","448","±100","24.4%","±3.8","712","±111","20.0%","±3.1","1,790","±217","30.7%","±3.6","1,434","±124","29.8%","±2.6","638","±84","24.4%","±3.2","487","±87","26.7%","±3.4","741","±113","22.6%","±3.4","554","±113","28.3%","±4.8","641","±123","26.6%","±3.9"
"        Other relatives","432","±203","9.4%","±4.4","16","±17","0.7%","±0.7","263","±149","5.0%","±2.8","228","±98","6.5%","±2.7","134","±79","2.9%","±1.7","84","±43","6.7%","±3.3","659","±374","10.3%","±5.9","82","±45","3.9%","±2.1","95","±45","5.2%","±2.3","244","±144","6.8%","±4.0","187","±106","3.2%","±1.8","148","±110","3.1%","±2.3","101","±48","3.9%","±1.9","47","±25","2.6%","±1.4","219","±169","6.7%","±5.2","61","±49","3.1%","±2.5","60","±36","2.5%","±1.5"
"        Other nonrelatives","236","±162","5.1%","±3.5","90","±77","3.7%","±3.0","144","±114","2.7%","±2.2","51","±48","1.5%","±1.4","116","±64","2.5%","±1.4","14","±14","1.1%","±1.1","139","±99","2.2%","±1.6","36","±28","1.7%","±1.3","92","±67","5.0%","±3.5","186","±92","5.2%","±2.6","62","±65","1.1%","±1.1","250","±143","5.2%","±3.0","82","±50","3.1%","±1.9","38","±39","2.1%","±2.1","62","±54","1.9%","±1.6","69","±32","3.5%","±1.7","126","±70","5.2%","±2.8"
"MARITAL STATUS","","","","","","","","","","","","","","","","","","","","","","","","","","","","","","","","","","","","","","","","","","","","","","","","","","","","","","","","","","","","","","","","","","","",""
"    Males 15 years and over","1,948","±283","1,948","(X)","1,009","±194","1,009","(X)","2,406","±158","2,406","(X)","4,159","±167","4,159","(X)","1,766","±206","1,766","(X)","511","±60","511","(X)","2,597","±204","2,597","(X)","802","±82","802","(X)","810","±90","810","(X)","1,603","±96","1,603","(X)","2,496","±232","2,496","(X)","1,811","±179","1,811","(X)","1,071","±83","1,071","(X)","800","±88","800","(X)","1,289","±103","1,289","(X)","809","±83","809","(X)","996","±93","996","(X)"
"        Never married","925","±261","47.5%","±9.5","451","±159","44.7%","±9.2","870","±209","36.2%","±7.8","2,286","±202","55.0%","±3.4","593","±115","33.6%","±4.8","106","±30","20.7%","±4.9","749","±185","28.8%","±6.2","184","±47","22.9%","±5.1","235","±51","29.0%","±4.7","475","±106","29.6%","±6.0","978","±224","39.2%","±6.7","575","±157","31.8%","±7.3","287","±68","26.8%","±5.8","227","±69","28.4%","±6.6","344","±87","26.7%","±6.4","304","±79","37.6%","±8.1","287","±80","28.8%","±6.6"
"        Now married, except separated","748","±190","38.4%","±10.5","440","±97","43.6%","±8.3","1,170","±210","48.6%","±9.0","1,357","±121","32.6%","±3.2","906","±114","51.3%","±4.7","291","±41","56.9%","±6.8","1,261","±185","48.6%","±6.9","515","±73","64.2%","±6.5","444","±67","54.8%","±6.0","923","±102","57.6%","±6.5","1,169","±171","46.8%","±7.0","959","±112","53.0%","±7.1","614","±64","57.3%","±5.8","449","±55","56.1%","±6.0","680","±106","52.8%","±7.6","395","±57","48.8%","±7.3","606","±68","60.8%","±7.0"
"        Separated","1","±2","0.1%","±0.1","0","±12","0.0%","±3.2","64","±48","2.7%","±2.0","80","±33","1.9%","±0.8","17","±25","1.0%","±1.4","16","±15","3.1%","±2.8","0","±17","0.0%","±1.2","31","±24","3.9%","±3.0","16","±13","2.0%","±1.6","16","±22","1.0%","±1.4","18","±29","0.7%","±1.2","32","±29","1.8%","±1.6","1","±2","0.1%","±0.2","4","±5","0.5%","±0.6","6","±11","0.5%","±0.8","8","±11","1.0%","±1.4","14","±19","1.4%","±1.9"
"        Widowed","98","±90","5.0%","±4.5","25","±24","2.5%","±2.5","67","±72","2.8%","±3.0","108","±55","2.6%","±1.3","62","±37","3.5%","±2.0","13","±8","2.5%","±1.5","92","±89","3.5%","±3.4","27","±19","3.4%","±2.3","31","±16","3.8%","±1.9","34","±24","2.1%","±1.5","73","±56","2.9%","±2.2","47","±43","2.6%","±2.3","20","±12","1.9%","±1.1","35","±16","4.4%","±2.0","44","±33","3.4%","±2.5","11","±13","1.4%","±1.6","25","±16","2.5%","±1.6"
"        Divorced","176","±90","9.0%","±4.4","93","±62","9.2%","±6.4","235","±133","9.8%","±5.4","328","±88","7.9%","±2.1","188","±68","10.6%","±3.4","85","±36","16.6%","±6.4","495","±128","19.1%","±4.8","45","±26","5.6%","±3.1","84","±38","10.4%","±4.7","155","±60","9.7%","±3.7","258","±134","10.3%","±5.4","198","±113","10.9%","±6.0","149","±59","13.9%","±5.1","85","±35","10.6%","±4.4","215","±99","16.7%","±7.4","91","±48","11.2%","±5.8","64","±31","6.4%","±3.1"
"    Females 15 years and over","1,850","±221","1,850","(X)","980","±107","980","(X)","2,092","±174","2,092","(X)","1,483","±141","1,483","(X)","2,084","±120","2,084","(X)","544","±58","544","(X)","2,787","±157","2,787","(X)","925","±81","925","(X)","775","±85","775","(X)","1,673","±100","1,673","(X)","2,710","±167","2,710","(X)","2,027","±129","2,027","(X)","1,143","±72","1,143","(X)","762","±68","762","(X)","1,548","±113","1,548","(X)","742","±65","742","(X)","999","±82","999","(X)"
"        Never married","563","±190","30.4%","±9.1","216","±83","22.0%","±7.8","586","±180","28.0%","±7.4","330","±82","22.3%","±4.7","726","±189","34.8%","±8.8","94","±36","17.3%","±5.9","631","±140","22.6%","±4.7","224","±68","24.2%","±6.2","177","±55","22.8%","±5.6","407","±112","24.3%","±6.0","746","±160","27.5%","±5.2","491","±102","24.2%","±4.4","277","±74","24.2%","±5.9","123","±35","16.1%","±4.2","391","±108","25.3%","±6.2","117","±42","15.8%","±5.3","203","±61","20.3%","±5.4"
"        Now married, except separated","696","±156","37.6%","±9.3","419","±77","42.8%","±7.8","1,117","±186","53.4%","±9.0","828","±110","55.8%","±7.1","892","±118","42.8%","±5.9","299","±36","55.0%","±6.3","1,348","±190","48.4%","±6.8","524","±69","56.6%","±8.2","418","±65","53.9%","±6.5","922","±95","55.1%","±7.0","1,097","±163","40.5%","±6.1","965","±126","47.6%","±6.6","590","±61","51.6%","±5.8","449","±54","58.9%","±5.2","665","±106","43.0%","±8.2","408","±63","55.0%","±6.7","585","±67","58.6%","±8.1"
"        Separated","24","±39","1.3%","±2.1","18","±21","1.8%","±2.1","17","±28","0.8%","±1.3","33","±24","2.2%","±1.6","29","±25","1.4%","±1.2","6","±7","1.1%","±1.2","40","±35","1.4%","±1.2","24","±19","2.6%","±2.0","4","±5","0.5%","±0.7","15","±17","0.9%","±1.0","265","±131","9.8%","±4.9","60","±43","3.0%","±2.1","26","±18","2.3%","±1.6","19","±19","2.5%","±2.5","36","±29","2.3%","±1.9","5","±7","0.7%","±1.0","22","±18","2.2%","±1.8"
"        Widowed","136","±89","7.4%","±4.7","108","±53","11.0%","±5.3","193","±93","9.2%","±4.2","125","±52","8.4%","±3.5","220","±75","10.6%","±3.4","78","±28","14.3%","±4.9","344","±139","12.3%","±4.8","56","±34","6.1%","±3.5","73","±32","9.4%","±4.4","147","±64","8.8%","±3.5","304","±113","11.2%","±4.2","228","±110","11.2%","±5.0","119","±46","10.4%","±3.8","74","±29","9.7%","±3.8","179","±69","11.6%","±4.4","91","±30","12.3%","±4.1","83","±28","8.3%","±2.7"
"        Divorced","431","±185","23.3%","±9.1","219","±96","22.3%","±9.1","179","±86","8.6%","±4.3","167","±73","11.3%","±4.6","217","±74","10.4%","±3.3","67","±33","12.3%","±5.9","424","±105","15.2%","±3.8","97","±35","10.5%","±3.6","103","±35","13.3%","±4.5","182","±64","10.9%","±3.8","298","±137","11.0%","±4.9","283","±103","14.0%","±5.1","131","±50","11.5%","±4.3","97","±36","12.7%","±4.3","277","±108","17.9%","±6.2","121","±52","16.3%","±6.8","106","±53","10.6%","±4.8"
"FERTILITY","","","","","","","","","","","","","","","","","","","","","","","","","","","","","","","","","","","","","","","","","","","","","","","","","","","","","","","","","","","","","","","","","","","",""
"    Number of women 15 to 50 years old who had a birth in the past 12 months","43","±62","43","(X)","44","±58","44","(X)","137","±108","137","(X)","39","±34","39","(X)","40","±29","40","(X)","6","±6","6","(X)","6","±10","6","(X)","14","±16","14","(X)","5","±6","5","(X)","24","±21","24","(X)","50","±51","50","(X)","33","±25","33","(X)","34","±32","34","(X)","16","±17","16","(X)","0","±12","0","(X)","31","±30","31","(X)","20","±15","20","(X)"
"        Unmarried women (widowed, divorced, and never married)","43","±62","100.0%","±45.2","0","±12","0.0%","±44.7","0","±17","0.0%","±20.9","26","±32","66.7%","±45.5","29","±26","72.5%","±28.4","2","±3","33.3%","±35.7","6","±10","100.0%","±100.0","8","±12","57.1%","±53.7","5","±6","100.0%","±100.0","5","±8","20.8%","±32.4","0","±17","0.0%","±41.9","16","±19","48.5%","±40.7","5","±7","14.7%","±24.3","0","±12","0.0%","±74.1","0","±12","-","**","22","±26","71.0%","±34.9","0","±12","0.0%","±66.3"
"            Per 1,000 unmarried women","78","±104","(X)","(X)","0","±97","(X)","(X)","0","±53","(X)","(X)","71","±91","(X)","(X)","38","±39","(X)","(X)","17","±27","(X)","(X)","9","±16","(X)","(X)","33","±50","(X)","(X)","25","±32","(X)","(X)","12","±18","(X)","(X)","0","±46","(X)","(X)","28","±34","(X)","(X)","17","±26","(X)","(X)","0","±248","(X)","(X)","0","±86","(X)","(X)","115","±135","(X)","(X)","0","±121","(X)","(X)"
"        Per 1,000 women 15 to 50 years old","46","±66","(X)","(X)","82","±113","(X)","(X)","116","±92","(X)","(X)","56","±51","(X)","(X)","33","±27","(X)","(X)","30","±32","(X)","(X)","5","±8","(X)","(X)","30","±34","(X)","(X)","14","±18","(X)","(X)","31","±28","(X)","(X)","36","±36","(X)","(X)","31","±25","(X)","(X)","61","±56","(X)","(X)","59","±62","(X)","(X)","0","±54","(X)","(X)","93","±86","(X)","(X)","40","±31","(X)","(X)"
"        Per 1,000 women 15 to 19 years old","0","±424","(X)","(X)","0","±383","(X)","(X)","0","±199","(X)","(X)","0","±207","(X)","(X)","0","±133","(X)","(X)","0","±469","(X)","(X)","0","±185","(X)","(X)","0","±376","(X)","(X)","0","±469","(X)","(X)","0","±237","(X)","(X)","0","±158","(X)","(X)","0","±332","(X)","(X)","0","±315","(X)","(X)","0","±433","(X)","(X)","0","±351","(X)","(X)","0","±741","(X)","(X)","0","±404","(X)","(X)"
"        Per 1,000 women 20 to 34 years old","84","±123","(X)","(X)","0","±177","(X)","(X)","161","±161","(X)","(X)","124","±123","(X)","(X)","78","±76","(X)","(X)","26","±100","(X)","(X)","12","±20","(X)","(X)","77","±89","(X)","(X)","36","±47","(X)","(X)","45","±56","(X)","(X)","65","±77","(X)","(X)","48","±44","(X)","(X)","152","±135","(X)","(X)","0","±321","(X)","(X)","0","±144","(X)","(X)","231","±188","(X)","(X)","54","±59","(X)","(X)"
"        Per 1,000 women 35 to 50 years old","0","±84","(X)","(X)","143","±187","(X)","(X)","109","±131","(X)","(X)","18","±29","(X)","(X)","11","±17","(X)","(X)","42","±41","(X)","(X)","0","±54","(X)","(X)","0","±132","(X)","(X)","0","±172","(X)","(X)","30","±41","(X)","(X)","25","±40","(X)","(X)","20","±32","(X)","(X)","0","±123","(X)","(X)","112","±112","(X)","(X)","0","±101","(X)","(X)","0","±163","(X)","(X)","40","±44","(X)","(X)"
"GRANDPARENTS","","","","","","","","","","","","","","","","","","","","","","","","","","","","","","","","","","","","","","","","","","","","","","","","","","","","","","","","","","","","","","","","","","","",""
"    Number of grandparents living with own grandchildren under 18 years","196","±136","196","(X)","15","±26","15","(X)","55","±53","55","(X)","114","±66","114","(X)","46","±32","46","(X)","42","±29","42","(X)","205","±117","205","(X)","48","±34","48","(X)","71","±48","71","(X)","117","±75","117","(X)","47","±80","47","(X)","70","±64","70","(X)","62","±33","62","(X)","11","±11","11","(X)","42","±36","42","(X)","27","±24","27","(X)","6","±9","6","(X)"
"        Grandparents responsible for grandchildren","153","±134","78.1%","±27.4","15","±26","100.0%","±76.6","27","±48","49.1%","±50.9","51","±47","44.7%","±30.7","15","±17","32.6%","±30.5","32","±27","76.2%","±26.5","48","±60","23.4%","±27.3","6","±11","12.5%","±23.2","35","±39","49.3%","±33.8","16","±18","13.7%","±18.4","42","±71","89.4%","±89.4","3","±7","4.3%","±10.8","5","±8","8.1%","±12.3","4","±7","36.4%","±53.3","21","±21","50.0%","±48.9","0","±12","0.0%","±57.1","6","±9","100.0%","±100.0"
"        Years responsible for grandchildren","","","","","","","","","","","","","","","","","","","","","","","","","","","","","","","","","","","","","","","","","","","","","","","","","","","","","","","","","","","","","","","","","","","",""
"            Less than 1 year","33","±46","16.8%","±26.3","0","±12","0.0%","±76.6","0","±17","0.0%","±40.0","6","±10","5.3%","±8.1","0","±12","0.0%","±43.7","15","±18","35.7%","±37.1","40","±60","19.5%","±27.9","6","±11","12.5%","±23.2","0","±12","0.0%","±34.8","2","±4","1.7%","±3.2","0","±17","0.0%","±43.3","0","±12","0.0%","±35.1","0","±12","0.0%","±37.6","0","±12","0.0%","±89.4","13","±18","31.0%","±42.5","0","±12","0.0%","±57.1","0","±12","0.0%","±100.0"
"            1 or 2 years","0","±12","0.0%","±15.2","0","±12","0.0%","±76.6","0","±17","0.0%","±40.0","0","±17","0.0%","±24.4","7","±11","15.2%","±22.6","0","±12","0.0%","±45.8","0","±17","0.0%","±14.6","0","±12","0.0%","±42.8","0","±12","0.0%","±34.8","0","±12","0.0%","±23.9","0","±17","0.0%","±43.3","0","±12","0.0%","±35.1","0","±12","0.0%","±37.6","4","±7","36.4%","±53.3","8","±11","19.0%","±33.4","0","±12","0.0%","±57.1","0","±12","0.0%","±100.0"
"            3 or 4 years","0","±12","0.0%","±15.2","0","±12","0.0%","±76.6","0","±17","0.0%","±40.0","0","±17","0.0%","±24.4","0","±12","0.0%","±43.7","14","±22","33.3%","±41.9","8","±12","3.9%","±7.0","0","±12","0.0%","±42.8","2","±4","2.8%","±6.1","0","±12","0.0%","±23.9","0","±17","0.0%","±43.3","0","±12","0.0%","±35.1","0","±12","0.0%","±37.6","0","±12","0.0%","±89.4","0","±12","0.0%","±45.8","0","±12","0.0%","±57.1","6","±9","100.0%","±100.0"
"            5 or more years","120","±128","61.2%","±36.3","15","±26","100.0%","±76.6","27","±48","49.1%","±50.9","45","±45","39.5%","±32.1","8","±11","17.4%","±22.8","3","±4","7.1%","±12.2","0","±17","0.0%","±14.6","0","±12","0.0%","±42.8","33","±39","46.5%","±34.6","14","±18","12.0%","±18.2","42","±71","89.4%","±89.4","3","±7","4.3%","±10.8","5","±8","8.1%","±12.3","0","±12","0.0%","±89.4","0","±12","0.0%","±45.8","0","±12","0.0%","±57.1","0","±12","0.0%","±100.0"
"    Number of grandparents responsible for own grandchildren under 18 years","153","±134","153","(X)","15","±26","15","(X)","27","±48","27","(X)","51","±47","51","(X)","15","±17","15","(X)","32","±27","32","(X)","48","±60","48","(X)","6","±11","6","(X)","35","±39","35","(X)","16","±18","16","(X)","42","±71","42","(X)","3","±7","3","(X)","5","±8","5","(X)","4","±7","4","(X)","21","±21","21","(X)","0","±12","0","(X)","6","±9","6","(X)"
"        Who are female","128","±119","83.7%","±22.7","7","±13","46.7%","±13.7","14","±26","51.9%","±7.6","26","±22","51.0%","±17.4","11","±13","73.3%","±27.8","17","±14","53.1%","±12.2","48","±60","100.0%","±42.8","6","±11","100.0%","±100.0","21","±23","60.0%","±24.6","14","±18","87.5%","±28.8","22","±37","52.4%","±5.3","3","±7","100.0%","±100.0","2","±4","40.0%","±50.3","4","±7","100.0%","±100.0","15","±15","71.4%","±26.1","0","±12","-","**","0","±12","0.0%","±100.0"
"        Who are married","52","±78","34.0%","±47.4","15","±26","100.0%","±76.6","27","±48","100.0%","±57.1","51","±47","100.0%","±41.5","8","±11","53.3%","±53.3","29","±28","90.6%","±19.7","8","±12","16.7%","±45.1","0","±12","0.0%","±100.0","33","±39","94.3%","±15.9","6","±8","37.5%","±54.0","42","±71","100.0%","±45.8","3","±7","100.0%","±100.0","5","±8","100.0%","±100.0","0","±12","0.0%","±100.0","13","±18","61.9%","±55.1","0","±12","-","**","6","±9","100.0%","±100.0"
"SCHOOL ENROLLMENT","","","","","","","","","","","","","","","","","","","","","","","","","","","","","","","","","","","","","","","","","","","","","","","","","","","","","","","","","","","","","","","","","","","",""
"    Population 3 years and over enrolled in school","857","±193","857","(X)","571","±105","571","(X)","843","±182","843","(X)","1,287","±128","1,287","(X)","969","±174","969","(X)","252","±48","252","(X)","1,272","±235","1,272","(X)","453","±109","453","(X)","322","±69","322","(X)","611","±83","611","(X)","1,022","±153","1,022","(X)","811","±144","811","(X)","475","±84","475","(X)","322","±64","322","(X)","606","±129","606","(X)","498","±131","498","(X)","564","±125","564","(X)"
"        Nursery school, preschool","60","±50","7.0%","±5.9","56","±66","9.8%","±11.9","18","±26","2.1%","±3.1","46","±41","3.6%","±3.2","38","±34","3.9%","±3.7","17","±16","6.7%","±6.3","102","±66","8.0%","±5.2","29","±18","6.4%","±4.6","29","±22","9.0%","±7.1","19","±21","3.1%","±3.5","16","±26","1.6%","±2.6","42","±43","5.2%","±5.5","41","±32","8.6%","±7.0","15","±12","4.7%","±3.5","40","±41","6.6%","±6.1","71","±41","14.3%","±8.4","25","±22","4.4%","±4.1"
"        Kindergarten","21","±33","2.5%","±3.8","18","±27","3.2%","±4.7","58","±60","6.9%","±7.1","40","±22","3.1%","±1.7","26","±26","2.7%","±2.8","9","±10","3.6%","±4.2","69","±59","5.4%","±4.8","26","±18","5.7%","±4.3","20","±21","6.2%","±6.1","38","±29","6.2%","±4.8","83","±90","8.1%","±8.5","71","±70","8.8%","±8.0","14","±12","2.9%","±2.4","19","±14","5.9%","±4.2","0","±12","0.0%","±5.2","34","±18","6.8%","±4.5","38","±32","6.7%","±5.4"
"        Elementary school (grades 1-8)","420","±125","49.0%","±14.6","238","±91","41.7%","±15.4","374","±117","44.4%","±9.1","272","±81","21.1%","±6.3","543","±234","56.0%","±17.4","124","±35","49.2%","±10.6","654","±201","51.4%","±10.7","221","±74","48.8%","±8.5","120","±38","37.3%","±8.2","304","±79","49.8%","±12.0","595","±140","58.2%","±13.2","476","±110","58.7%","±8.6","225","±67","47.4%","±10.3","148","±40","46.0%","±9.5","324","±72","53.5%","±9.8","192","±56","38.6%","±8.9","271","±115","48.0%","±12.7"
"        High school (grades 9-12)","180","±136","21.0%","±14.8","158","±73","27.7%","±10.2","242","±108","28.7%","±11.1","644","±103","50.0%","±7.1","230","±91","23.7%","±10.9","53","±27","21.0%","±10.7","291","±112","22.9%","±7.9","79","±40","17.4%","±9.2","69","±27","21.4%","±7.3","185","±70","30.3%","±10.3","233","±95","22.8%","±8.3","155","±61","19.1%","±7.6","103","±39","21.7%","±7.5","96","±42","29.8%","±10.2","146","±69","24.1%","±11.2","114","±63","22.9%","±8.3","131","±48","23.2%","±7.6"
"        College or graduate school","176","±122","20.5%","±12.5","101","±62","17.7%","±9.6","151","±90","17.9%","±9.9","285","±111","22.1%","±7.8","132","±63","13.6%","±7.1","49","±27","19.4%","±9.2","156","±82","12.3%","±6.4","98","±53","21.6%","±8.7","84","±35","26.1%","±9.3","65","±41","10.6%","±6.1","95","±84","9.3%","±8.0","67","±37","8.3%","±4.5","92","±44","19.4%","±8.2","44","±23","13.7%","±6.9","96","±69","15.8%","±9.5","87","±46","17.5%","±6.7","99","±44","17.6%","±9.0"
"EDUCATIONAL ATTAINMENT","","","","","","","","","","","","","","","","","","","","","","","","","","","","","","","","","","","","","","","","","","","","","","","","","","","","","","","","","","","","","","","","","","","",""
"    Population 25 years and over","3,471","±276","3,471","(X)","1,651","±200","1,651","(X)","3,854","±274","3,854","(X)","4,499","±171","4,499","(X)","3,215","±290","3,215","(X)","946","±89","946","(X)","4,726","±230","4,726","(X)","1,522","±111","1,522","(X)","1,419","±126","1,419","(X)","2,833","±116","2,833","(X)","4,489","±153","4,489","(X)","3,295","±153","3,295","(X)","1,968","±94","1,968","(X)","1,395","±109","1,395","(X)","2,596","±113","2,596","(X)","1,374","±109","1,374","(X)","1,739","±111","1,739","(X)"
"        Less than 9th grade","49","±53","1.4%","±1.5","38","±29","2.3%","±1.8","73","±46","1.9%","±1.2","325","±88","7.2%","±1.9","361","±249","11.2%","±8.5","17","±16","1.8%","±1.8","296","±129","6.3%","±2.7","26","±27","1.7%","±1.7","119","±42","8.4%","±2.8","78","±40","2.8%","±1.4","195","±127","4.3%","±2.8","155","±107","4.7%","±3.2","46","±27","2.3%","±1.4","46","±43","3.3%","±3.0","122","±64","4.7%","±2.5","23","±16","1.7%","±1.1","19","±17","1.1%","±1.0"
"        9th to 12th grade, no diploma","154","±134","4.4%","±3.9","11","±15","0.7%","±0.9","328","±161","8.5%","±4.1","542","±112","12.0%","±2.4","251","±100","7.8%","±2.8","70","±30","7.4%","±3.0","529","±190","11.2%","±4.2","85","±44","5.6%","±2.9","184","±73","13.0%","±4.6","213","±100","7.5%","±3.5","420","±155","9.4%","±3.4","122","±57","3.7%","±1.7","101","±52","5.1%","±2.7","95","±34","6.8%","±2.3","222","±90","8.6%","±3.5","52","±31","3.8%","±2.2","73","±39","4.2%","±2.2"
"        High school graduate (includes equivalency)","1,660","±308","47.8%","±7.8","641","±163","38.8%","±8.5","1,517","±259","39.4%","±6.0","2,025","±203","45.0%","±4.3","1,283","±281","39.9%","±6.0","297","±43","31.4%","±3.5","2,065","±250","43.7%","±4.8","621","±119","40.8%","±6.3","486","±82","34.2%","±5.4","1,046","±145","36.9%","±4.8","1,593","±236","35.5%","±5.4","1,227","±244","37.2%","±7.1","636","±93","32.3%","±4.9","383","±57","27.5%","±3.7","955","±151","36.8%","±5.4","366","±78","26.6%","±5.3","628","±97","36.1%","±5.1"
"        Some college, no degree","746","±252","21.5%","±7.0","335","±106","20.3%","±6.3","710","±227","18.4%","±5.5","604","±108","13.4%","±2.5","576","±154","17.9%","±3.9","226","±40","23.9%","±3.6","714","±182","15.1%","±3.6","260","±65","17.1%","±4.4","228","±50","16.1%","±3.6","509","±110","18.0%","±3.9","1,010","±240","22.5%","±5.3","432","±117","13.1%","±3.4","410","±103","20.8%","±4.9","267","±55","19.1%","±3.6","377","±108","14.5%","±4.2","206","±73","15.0%","±4.9","260","±63","15.0%","±3.4"
"        Associate's degree","329","±145","9.5%","±4.1","308","±123","18.7%","±7.0","397","±205","10.3%","±5.4","420","±140","9.3%","±3.0","361","±111","11.2%","±3.2","113","±40","11.9%","±3.7","449","±115","9.5%","±2.3","184","±61","12.1%","±3.8","130","±40","9.2%","±2.7","449","±145","15.8%","±5.0","509","±185","11.3%","±4.0","341","±93","10.3%","±2.8","199","±60","10.1%","±3.1","182","±39","13.0%","±2.9","307","±99","11.8%","±3.7","139","±47","10.1%","±3.5","201","±52","11.6%","±3.0"
"        Bachelor's degree","444","±203","12.8%","±5.8","182","±88","11.0%","±5.0","396","±191","10.3%","±4.9","323","±97","7.2%","±2.2","228","±93","7.1%","±2.6","126","±32","13.3%","±3.3","358","±129","7.6%","±2.7","202","±59","13.3%","±4.1","136","±34","9.6%","±2.4","276","±96","9.7%","±3.5","546","±187","12.2%","±4.2","531","±140","16.1%","±4.3","360","±96","18.3%","±4.7","231","±50","16.6%","±3.4","320","±94","12.3%","±3.5","301","±69","21.9%","±4.7","321","±85","18.5%","±4.6"
"        Graduate or professional degree","89","±61","2.6%","±1.8","136","±76","8.2%","±4.4","433","±153","11.2%","±4.0","260","±98","5.8%","±2.2","155","±61","4.8%","±1.9","97","±27","10.3%","±2.8","315","±120","6.7%","±2.5","144","±50","9.5%","±3.2","136","±39","9.6%","±2.7","262","±93","9.2%","±3.3","216","±109","4.8%","±2.4","487","±151","14.8%","±4.6","216","±67","11.0%","±3.4","191","±47","13.7%","±3.2","293","±97","11.3%","±3.8","287","±76","20.9%","±5.5","237","±57","13.6%","±3.4"
"        High school graduate or higher","3,268","±305","94.2%","±4.2","1,602","±204","97.0%","±2.0","3,453","±287","89.6%","±4.3","3,632","±190","80.7%","±3.1","2,603","±456","81.0%","±7.4","859","±89","90.8%","±3.4","3,901","±354","82.5%","±5.5","1,411","±109","92.7%","±3.3","1,116","±105","78.6%","±6.0","2,542","±139","89.7%","±3.7","3,874","±209","86.3%","±4.1","3,018","±176","91.6%","±3.5","1,821","±104","92.5%","±2.7","1,254","±98","89.9%","±4.0","2,252","±156","86.7%","±4.1","1,299","±105","94.5%","±2.9","1,647","±110","94.7%","±2.4"
"        Bachelor's degree or higher","533","±216","15.4%","±6.2","318","±118","19.3%","±6.4","829","±252","21.5%","±6.4","583","±147","13.0%","±3.3","383","±106","11.9%","±2.9","223","±42","23.6%","±4.4","673","±168","14.2%","±3.5","346","±71","22.7%","±4.9","272","±56","19.2%","±3.9","538","±146","19.0%","±5.3","762","±226","17.0%","±5.0","1,018","±185","30.9%","±5.7","576","±115","29.3%","±5.6","422","±69","30.3%","±4.4","613","±125","23.6%","±4.7","588","±103","42.8%","±7.0","558","±105","32.1%","±5.8"
"VETERAN STATUS","","","","","","","","","","","","","","","","","","","","","","","","","","","","","","","","","","","","","","","","","","","","","","","","","","","","","","","","","","","","","","","","","","","",""
"    Civilian population 18 years and over","3,735","±242","3,735","(X)","1,871","±202","1,871","(X)","4,266","±172","4,266","(X)","5,516","±96","5,516","(X)","3,578","±303","3,578","(X)","1,015","±95","1,015","(X)","5,128","±212","5,128","(X)","1,655","±109","1,655","(X)","1,515","±145","1,515","(X)","3,086","±79","3,086","(X)","5,005","±128","5,005","(X)","3,741","±124","3,741","(X)","2,151","±73","2,151","(X)","1,480","±119","1,480","(X)","2,764","±93","2,764","(X)","1,464","±115","1,464","(X)","1,881","±105","1,881","(X)"
"        Civilian veterans","399","±140","10.7%","±3.6","171","±63","9.1%","±3.4","405","±173","9.5%","±4.0","348","±77","6.3%","±1.4","294","±93","8.2%","±2.2","140","±34","13.8%","±3.2","417","±137","8.1%","±2.6","176","±57","10.6%","±3.4","96","±35","6.3%","±2.3","229","±70","7.4%","±2.3","559","±123","11.2%","±2.4","298","±96","8.0%","±2.6","138","±39","6.4%","±1.8","117","±28","7.9%","±2.0","233","±74","8.4%","±2.7","74","±26","5.1%","±1.8","143","±38","7.6%","±2.0"
"DISABILITY STATUS OF THE CIVILIAN NONINSTITUTIONALIZED POPULATION","","","","","","","","","","","","","","","","","","","","","","","","","","","","","","","","","","","","","","","","","","","","","","","","","","","","","","","","","","","","","","","","","","","",""
"    Total Civilian Noninstitutionalized Population","4,635","±253","4,635","(X)","2,479","±251","2,479","(X)","5,292","±33","5,292","(X)","3,535","±243","3,535","(X)","4,642","±98","4,642","(X)","1,245","±112","1,245","(X)","6,407","±75","6,407","(X)","2,102","±120","2,102","(X)","1,838","±191","1,838","(X)","3,566","±94","3,566","(X)","5,863","±122","5,863","(X)","4,813","±24","4,813","(X)","2,650","±19","2,650","(X)","1,827","±155","1,827","(X)","3,292","±35","3,292","(X)","1,956","±145","1,956","(X)","2,428","±180","2,428","(X)"
"        With a disability","887","±346","19.1%","±7.4","366","±96","14.8%","±3.9","550","±169","10.4%","±3.2","394","±121","11.1%","±3.3","915","±164","19.7%","±3.4","178","±42","14.3%","±3.5","1,150","±249","17.9%","±3.9","283","±81","13.5%","±3.8","323","±97","17.6%","±4.6","449","±121","12.6%","±3.4","1,042","±220","17.8%","±3.7","452","±135","9.4%","±2.8","421","±87","15.9%","±3.3","254","±72","13.9%","±3.9","710","±168","21.6%","±5.1","125","±46","6.4%","±2.3","234","±63","9.6%","±2.5"
"    Under 18 years","900","±159","900","(X)","608","±96","608","(X)","1,026","±167","1,026","(X)","536","±96","536","(X)","1,064","±282","1,064","(X)","230","±41","230","(X)","1,355","±212","1,355","(X)","447","±71","447","(X)","323","±82","323","(X)","593","±73","593","(X)","1,154","±128","1,154","(X)","1,077","±121","1,077","(X)","499","±69","499","(X)","347","±80","347","(X)","528","±89","528","(X)","492","±107","492","(X)","547","±127","547","(X)"
"        With a disability","68","±99","7.6%","±11.3","26","±27","4.3%","±4.8","64","±66","6.2%","±6.1","34","±26","6.3%","±4.8","98","±63","9.2%","±7.3","23","±14","10.0%","±6.2","52","±45","3.8%","±3.4","20","±20","4.5%","±4.3","18","±15","5.6%","±4.7","14","±23","2.4%","±3.8","19","±33","1.6%","±2.9","4","±7","0.4%","±0.6","64","±47","12.8%","±9.1","8","±8","2.3%","±2.5","28","±34","5.3%","±6.6","11","±12","2.2%","±2.5","19","±21","3.5%","±3.6"
"    18 to 64 years","3,042","±244","3,042","(X)","1,511","±209","1,511","(X)","3,557","±163","3,557","(X)","2,269","±195","2,269","(X)","2,822","±198","2,822","(X)","623","±83","623","(X)","3,634","±245","3,634","(X)","1,245","±102","1,245","(X)","1,165","±150","1,165","(X)","2,211","±127","2,211","(X)","3,646","±194","3,646","(X)","2,871","±147","2,871","(X)","1,546","±83","1,546","(X)","1,029","±115","1,029","(X)","1,924","±134","1,924","(X)","1,076","±110","1,076","(X)","1,431","±80","1,431","(X)"
"        With a disability","554","±247","18.2%","±8.0","157","±67","10.4%","±4.5","211","±97","5.9%","±2.7","205","±89","9.0%","±3.9","432","±105","15.3%","±3.5","70","±23","11.2%","±3.7","541","±148","14.9%","±4.1","113","±41","9.1%","±3.3","184","±93","15.8%","±7.0","207","±74","9.4%","±3.4","640","±180","17.6%","±4.7","236","±70","8.2%","±2.3","191","±60","12.4%","±3.9","112","±58","10.9%","±5.2","337","±135","17.5%","±6.8","51","±32","4.7%","±2.8","83","±43","5.8%","±3.0"
"    65 years and over","693","±173","693","(X)","360","±108","360","(X)","709","±133","709","(X)","730","±117","730","(X)","756","±151","756","(X)","392","±58","392","(X)","1,418","±274","1,418","(X)","410","±70","410","(X)","350","±59","350","(X)","762","±111","762","(X)","1,063","±172","1,063","(X)","865","±140","865","(X)","605","±90","605","(X)","451","±56","451","(X)","840","±118","840","(X)","388","±78","388","(X)","450","±60","450","(X)"
"        With a disability","265","±126","38.2%","±14.6","183","±68","50.8%","±13.2","275","±125","38.8%","±15.4","155","±69","21.2%","±9.5","385","±99","50.9%","±6.5","85","±30","21.7%","±6.8","557","±184","39.3%","±9.3","150","±53","36.6%","±10.2","121","±36","34.6%","±8.2","228","±86","29.9%","±10.2","383","±123","36.0%","±11.0","212","±106","24.5%","±10.7","166","±55","27.4%","±7.0","134","±39","29.7%","±7.6","345","±87","41.1%","±8.6","63","±26","16.2%","±6.8","132","±42","29.3%","±8.5"
"RESIDENCE 1 YEAR AGO","","","","","","","","","","","","","","","","","","","","","","","","","","","","","","","","","","","","","","","","","","","","","","","","","","","","","","","","","","","","","","","","","","","",""
"    Population 1 year and over","4,635","±253","4,635","(X)","2,430","±246","2,430","(X)","5,166","±116","5,166","(X)","6,004","±45","6,004","(X)","4,601","±99","4,601","(X)","1,238","±110","1,238","(X)","6,483","±29","6,483","(X)","2,086","±121","2,086","(X)","1,834","±191","1,834","(X)","3,674","±23","3,674","(X)","6,106","±53","6,106","(X)","4,788","±36","4,788","(X)","2,610","±40","2,610","(X)","1,812","±147","1,812","(X)","3,292","±35","3,292","(X)","1,923","±134","1,923","(X)","2,416","±184","2,416","(X)"
"        Same house","3,798","±404","81.9%","±7.1","2,080","±299","85.6%","±10.6","3,891","±390","75.3%","±7.3","4,444","±183","74.0%","±3.0","4,093","±253","89.0%","±5.3","1,179","±107","95.2%","±2.6","5,930","±204","91.5%","±3.1","1,905","±135","91.3%","±4.9","1,734","±184","94.5%","±2.4","3,492","±102","95.0%","±2.7","5,149","±409","84.3%","±6.8","4,207","±282","87.9%","±5.8","2,250","±115","86.2%","±4.0","1,706","±150","94.2%","±2.7","3,144","±84","95.5%","±2.4","1,769","±137","92.0%","±4.4","2,148","±214","88.9%","±5.1"
"        Different house in the U.S.","837","±326","18.1%","±7.1","350","±267","14.4%","±10.6","1,230","±375","23.8%","±7.2","1,557","±177","25.9%","±3.0","508","±243","11.0%","±5.3","59","±33","4.8%","±2.6","544","±200","8.4%","±3.1","155","±109","7.4%","±5.1","100","±46","5.5%","±2.4","181","±100","4.9%","±2.7","921","±410","15.1%","±6.7","577","±275","12.1%","±5.7","354","±104","13.6%","±4.0","106","±49","5.8%","±2.7","148","±80","4.5%","±2.4","154","±86","8.0%","±4.4","268","±122","11.1%","±5.1"
"            Same county","517","±281","11.2%","±6.1","138","±145","5.7%","±6.1","446","±283","8.6%","±5.4","123","±65","2.0%","±1.1","347","±201","7.5%","±4.4","20","±17","1.6%","±1.4","387","±173","6.0%","±2.7","123","±101","5.9%","±4.7","59","±37","3.2%","±2.0","52","±29","1.4%","±0.8","533","±379","8.7%","±6.2","358","±195","7.5%","±4.1","216","±105","8.3%","±4.1","70","±44","3.9%","±2.4","84","±65","2.6%","±2.0","71","±65","3.7%","±3.4","223","±118","9.2%","±4.9"
"            Different county","320","±161","6.9%","±3.5","212","±212","8.7%","±8.3","784","±310","15.2%","±6.0","1,434","±180","23.9%","±3.0","161","±95","3.5%","±2.1","39","±26","3.2%","±2.1","157","±82","2.4%","±1.3","32","±40","1.5%","±1.9","41","±24","2.2%","±1.3","129","±98","3.5%","±2.7","388","±182","6.4%","±3.0","219","±141","4.6%","±3.0","138","±69","5.3%","±2.6","36","±23","2.0%","±1.3","64","±48","1.9%","±1.4","83","±49","4.3%","±2.5","45","±36","1.9%","±1.5"
"                Same state","243","±153","5.2%","±3.3","186","±218","7.7%","±8.6","683","±266","13.2%","±5.2","1,388","±172","23.1%","±2.9","98","±81","2.1%","±1.8","29","±24","2.3%","±1.9","53","±32","0.8%","±0.5","32","±40","1.5%","±1.9","26","±21","1.4%","±1.2","122","±99","3.3%","±2.7","342","±172","5.6%","±2.8","217","±141","4.5%","±2.9","90","±49","3.4%","±1.9","29","±20","1.6%","±1.2","25","±24","0.8%","±0.7","64","±47","3.3%","±2.4","27","±27","1.1%","±1.1"
"                Different state","77","±100","1.7%","±2.2","26","±41","1.1%","±1.7","101","±122","2.0%","±2.4","46","±45","0.8%","±0.7","63","±42","1.4%","±0.9","10","±11","0.8%","±0.9","104","±76","1.6%","±1.2","0","±12","0.0%","±1.5","15","±12","0.8%","±0.7","7","±11","0.2%","±0.3","46","±39","0.8%","±0.6","2","±4","0.0%","±0.1","48","±45","1.8%","±1.7","7","±9","0.4%","±0.5","39","±45","1.2%","±1.4","19","±21","1.0%","±1.1","18","±18","0.7%","±0.7"
"        Abroad","0","±12","0.0%","±0.7","0","±12","0.0%","±1.3","45","±59","0.9%","±1.1","3","±6","0.0%","±0.1","0","±12","0.0%","±0.7","0","±12","0.0%","±2.6","9","±14","0.1%","±0.2","26","±28","1.2%","±1.3","0","±12","0.0%","±1.8","1","±2","0.0%","±0.1","36","±38","0.6%","±0.6","4","±6","0.1%","±0.1","6","±13","0.2%","±0.5","0","±12","0.0%","±1.8","0","±12","0.0%","±1.0","0","±12","0.0%","±1.7","0","±12","0.0%","±1.3"
"PLACE OF BIRTH","","","","","","","","","","","","","","","","","","","","","","","","","","","","","","","","","","","","","","","","","","","","","","","","","","","","","","","","","","","","","","","","","","","",""
"    Total population","4,635","±253","4,635","(X)","2,479","±251","2,479","(X)","5,306","±25","5,306","(X)","6,052","±27","6,052","(X)","4,644","±98","4,644","(X)","1,245","±112","1,245","(X)","6,483","±29","6,483","(X)","2,102","±120","2,102","(X)","1,838","±191","1,838","(X)","3,688","±18","3,688","(X)","6,159","±16","6,159","(X)","4,822","±21","4,822","(X)","2,650","±19","2,650","(X)","1,827","±155","1,827","(X)","3,292","±35","3,292","(X)","1,961","±146","1,961","(X)","2,433","±182","2,433","(X)"
"        Native","4,601","±246","99.3%","±0.9","2,437","±246","98.3%","±1.7","5,075","±165","95.6%","±3.1","5,710","±115","94.3%","±1.8","4,562","±107","98.2%","±1.3","1,231","±112","98.9%","±0.8","6,302","±122","97.2%","±1.8","2,051","±126","97.6%","±2.0","1,789","±192","97.3%","±1.5","3,642","±45","98.8%","±1.1","6,079","±72","98.7%","±1.1","4,726","±65","98.0%","±1.3","2,577","±50","97.2%","±1.8","1,787","±153","97.8%","±1.1","3,193","±70","97.0%","±1.8","1,867","±144","95.2%","±3.0","2,408","±181","99.0%","±0.8"
"            Born in United States","4,528","±272","97.7%","±1.8","2,437","±246","98.3%","±1.7","5,055","±171","95.3%","±3.2","5,487","±135","90.7%","±2.2","4,532","±104","97.6%","±1.4","1,227","±111","98.6%","±0.8","6,282","±125","96.9%","±1.9","2,043","±127","97.2%","±2.2","1,770","±191","96.3%","±1.9","3,598","±66","97.6%","±1.6","6,048","±81","98.2%","±1.3","4,713","±69","97.7%","±1.4","2,518","±60","95.0%","±2.2","1,784","±153","97.6%","±1.0","3,183","±69","96.7%","±1.8","1,863","±144","95.0%","±3.0","2,404","±182","98.8%","±0.9"
"                State of residence","4,007","±254","86.5%","±3.7","2,184","±247","88.1%","±6.3","3,861","±383","72.8%","±7.2","4,674","±162","77.2%","±2.6","2,672","±323","57.5%","±6.8","867","±101","69.6%","±5.1","4,663","±245","71.9%","±3.8","1,673","±131","79.6%","±4.7","1,309","±174","71.2%","±5.1","2,996","±136","81.2%","±3.6","5,425","±187","88.1%","±3.1","3,929","±223","81.5%","±4.6","1,748","±119","66.0%","±4.5","1,177","±130","64.4%","±5.4","1,786","±233","54.3%","±7.0","1,245","±151","63.5%","±5.0","1,967","±150","80.8%","±3.4"
"                Different state","521","±172","11.2%","±3.5","253","±150","10.2%","±5.8","1,194","±390","22.5%","±7.4","813","±138","13.4%","±2.3","1,860","±309","40.1%","±6.7","360","±71","28.9%","±5.0","1,619","±242","25.0%","±3.7","370","±97","17.6%","±4.4","461","±97","25.1%","±4.8","602","±121","16.3%","±3.3","623","±174","10.1%","±2.8","784","±210","16.3%","±4.4","770","±125","29.1%","±4.7","607","±119","33.2%","±5.5","1,397","±239","42.4%","±7.3","618","±100","31.5%","±5.3","437","±95","18.0%","±3.3"
"            Born in Puerto Rico, U.S. Island areas, or born abroad to American parent(s)","73","±69","1.6%","±1.5","0","±12","0.0%","±1.3","20","±34","0.4%","±0.6","223","±58","3.7%","±1.0","30","±20","0.6%","±0.4","4","±5","0.3%","±0.4","20","±19","0.3%","±0.3","8","±11","0.4%","±0.5","19","±17","1.0%","±0.9","44","±52","1.2%","±1.4","31","±32","0.5%","±0.5","13","±13","0.3%","±0.3","59","±36","2.2%","±1.4","3","±6","0.2%","±0.3","10","±12","0.3%","±0.4","4","±9","0.2%","±0.5","4","±7","0.2%","±0.3"
"        Foreign born","34","±41","0.7%","±0.9","42","±43","1.7%","±1.7","231","±165","4.4%","±3.1","342","±112","5.7%","±1.8","82","±61","1.8%","±1.3","14","±10","1.1%","±0.8","181","±119","2.8%","±1.8","51","±43","2.4%","±2.0","49","±28","2.7%","±1.5","46","±39","1.2%","±1.1","80","±71","1.3%","±1.1","96","±62","2.0%","±1.3","73","±46","2.8%","±1.8","40","±20","2.2%","±1.1","99","±58","3.0%","±1.8","94","±60","4.8%","±3.0","25","±21","1.0%","±0.8"
"U.S. CITIZENSHIP STATUS","","","","","","","","","","","","","","","","","","","","","","","","","","","","","","","","","","","","","","","","","","","","","","","","","","","","","","","","","","","","","","","","","","","",""
"    Foreign-born population","34","±41","34","(X)","42","±43","42","(X)","231","±165","231","(X)","342","±112","342","(X)","82","±61","82","(X)","14","±10","14","(X)","181","±119","181","(X)","51","±43","51","(X)","49","±28","49","(X)","46","±39","46","(X)","80","±71","80","(X)","96","±62","96","(X)","73","±46","73","(X)","40","±20","40","(X)","99","±58","99","(X)","94","±60","94","(X)","25","±21","25","(X)"
"        Naturalized U.S. citizen","25","±36","73.5%","±42.5","27","±33","64.3%","±46.6","71","±117","30.7%","±41.3","132","±97","38.6%","±18.8","72","±60","87.8%","±17.7","12","±10","85.7%","±24.1","135","±109","74.6%","±21.7","39","±40","76.5%","±29.0","26","±21","53.1%","±22.3","45","±39","97.8%","±5.9","80","±71","100.0%","±32.1","67","±60","69.8%","±31.0","48","±43","65.8%","±31.5","31","±19","77.5%","±21.4","89","±58","89.9%","±16.3","58","±35","61.7%","±19.1","25","±21","100.0%","±59.3"
"        Not a U.S. citizen","9","±15","26.5%","±42.5","15","±26","35.7%","±46.6","160","±128","69.3%","±41.3","210","±55","61.4%","±18.8","10","±12","12.2%","±17.7","2","±3","14.3%","±24.1","46","±38","25.4%","±21.7","12","±13","23.5%","±29.0","23","±12","46.9%","±22.3","1","±2","2.2%","±5.9","0","±17","0.0%","±32.1","29","±27","30.2%","±31.0","25","±23","34.2%","±31.5","9","±8","22.5%","±21.4","10","±15","10.1%","±16.3","36","±31","38.3%","±19.1","0","±12","0.0%","±59.3"
"YEAR OF ENTRY","","","","","","","","","","","","","","","","","","","","","","","","","","","","","","","","","","","","","","","","","","","","","","","","","","","","","","","","","","","","","","","","","","","",""
"    Population born outside the United States","107","±82","107","(X)","42","±43","42","(X)","251","±172","251","(X)","565","±131","565","(X)","112","±68","112","(X)","18","±11","18","(X)","201","±122","201","(X)","59","±46","59","(X)","68","±34","68","(X)","90","±61","90","(X)","111","±81","111","(X)","109","±67","109","(X)","132","±59","132","(X)","43","±19","43","(X)","109","±59","109","(X)","98","±61","98","(X)","29","±22","29","(X)"
"        Native","73","±69","73","(X)","0","±12","0","(X)","20","±34","20","(X)","223","±58","223","(X)","30","±20","30","(X)","4","±5","4","(X)","20","±19","20","(X)","8","±11","8","(X)","19","±17","19","(X)","44","±52","44","(X)","31","±32","31","(X)","13","±13","13","(X)","59","±36","59","(X)","3","±6","3","(X)","10","±12","10","(X)","4","±9","4","(X)","4","±7","4","(X)"
"            Entered 2010 or later","0","±12","0.0%","±34.1","0","±12","-","**","20","±34","100.0%","±66.3","1","±2","0.4%","±1.0","0","±12","0.0%","±54.1","0","±12","0.0%","±100.0","0","±17","0.0%","±66.3","8","±11","100.0%","±100.0","0","±12","0.0%","±68.0","0","±12","0.0%","±44.7","21","±30","67.7%","±46.6","7","±11","53.8%","±48.5","19","±27","32.2%","±37.0","0","±12","0.0%","±100.0","0","±12","0.0%","±93.8","0","±12","0.0%","±100.0","0","±12","0.0%","±100.0"
"            Entered before 2010","73","±69","100.0%","±34.1","0","±12","-","**","0","±17","0.0%","±66.3","222","±58","99.6%","±1.0","30","±20","100.0%","±54.1","4","±5","100.0%","±100.0","20","±19","100.0%","±66.3","0","±12","0.0%","±100.0","19","±17","100.0%","±68.0","44","±52","100.0%","±44.7","10","±13","32.3%","±46.6","6","±7","46.2%","±48.5","40","±24","67.8%","±37.0","3","±6","100.0%","±100.0","10","±12","100.0%","±93.8","4","±9","100.0%","±100.0","4","±7","100.0%","±100.0"
"        Foreign born","34","±41","34","(X)","42","±43","42","(X)","231","±165","231","(X)","342","±112","342","(X)","82","±61","82","(X)","14","±10","14","(X)","181","±119","181","(X)","51","±43","51","(X)","49","±28","49","(X)","46","±39","46","(X)","80","±71","80","(X)","96","±62","96","(X)","73","±46","73","(X)","40","±20","40","(X)","99","±58","99","(X)","94","±60","94","(X)","25","±21","25","(X)"
"            Entered 2010 or later","0","±12","0.0%","±50.9","20","±28","47.6%","±47.2","32","±36","13.9%","±14.7","49","±39","14.3%","±10.6","0","±12","0.0%","±31.5","3","±4","21.4%","±21.9","13","±17","7.2%","±10.4","7","±11","13.7%","±24.3","3","±4","6.1%","±9.0","10","±15","21.7%","±22.9","0","±17","0.0%","±32.1","1","±2","1.0%","±2.9","6","±9","8.2%","±11.8","0","±12","0.0%","±46.9","0","±12","0.0%","±27.4","8","±13","8.5%","±11.2","0","±12","0.0%","±59.3"
"            Entered before 2010","34","±41","100.0%","±50.9","22","±30","52.4%","±47.2","199","±148","86.1%","±14.7","293","±101","85.7%","±10.6","82","±61","100.0%","±31.5","11","±8","78.6%","±21.9","168","±117","92.8%","±10.4","44","±40","86.3%","±24.3","46","±26","93.9%","±9.0","36","±30","78.3%","±22.9","80","±71","100.0%","±32.1","95","±62","99.0%","±2.9","67","±44","91.8%","±11.8","40","±20","100.0%","±46.9","99","±58","100.0%","±27.4","86","±52","91.5%","±11.2","25","±21","100.0%","±59.3"
"WORLD REGION OF BIRTH OF FOREIGN BORN","","","","","","","","","","","","","","","","","","","","","","","","","","","","","","","","","","","","","","","","","","","","","","","","","","","","","","","","","","","","","","","","","","","",""
"    Foreign-born population, excluding population born at sea","34","±41","34","(X)","42","±43","42","(X)","231","±165","231","(X)","342","±112","342","(X)","82","±61","82","(X)","14","±10","14","(X)","181","±119","181","(X)","51","±43","51","(X)","49","±28","49","(X)","46","±39","46","(X)","80","±71","80","(X)","96","±62","96","(X)","73","±46","73","(X)","40","±20","40","(X)","99","±58","99","(X)","94","±60","94","(X)","25","±21","25","(X)"
"        Europe","0","±12","0.0%","±50.9","23","±30","54.8%","±34.4","52","±56","22.5%","±25.8","16","±18","4.7%","±5.6","44","±48","53.7%","±30.3","4","±5","28.6%","±30.6","24","±25","13.3%","±15.6","12","±13","23.5%","±29.0","23","±20","46.9%","±28.1","14","±18","30.4%","±44.2","49","±64","61.3%","±40.3","24","±27","25.0%","±29.7","12","±12","16.4%","±16.4","21","±12","52.5%","±26.5","56","±46","56.6%","±31.2","35","±28","37.2%","±31.9","20","±17","80.0%","±28.5"
"        Asia","0","±12","0.0%","±50.9","12","±16","28.6%","±34.8","55","±92","23.8%","±32.4","62","±89","18.1%","±22.7","4","±6","4.9%","±9.2","3","±4","21.4%","±21.9","70","±64","38.7%","±31.7","0","±12","0.0%","±41.5","8","±7","16.3%","±14.2","0","±12","0.0%","±43.7","0","±17","0.0%","±32.1","63","±59","65.6%","±32.8","13","±19","17.8%","±26.0","3","±6","7.5%","±14.8","26","±36","26.3%","±31.7","54","±51","57.4%","±34.3","0","±12","0.0%","±59.3"
"        Africa","0","±12","0.0%","±50.9","0","±12","0.0%","±45.8","16","±25","6.9%","±9.0","2","±4","0.6%","±1.1","8","±15","9.8%","±15.0","0","±12","0.0%","±79.3","63","±92","34.8%","±37.5","0","±12","0.0%","±41.5","0","±12","0.0%","±42.4","0","±12","0.0%","±43.7","0","±17","0.0%","±32.1","4","±5","4.2%","±6.9","0","±12","0.0%","±34.1","0","±12","0.0%","±46.9","0","±12","0.0%","±27.4","0","±12","0.0%","±28.5","0","±12","0.0%","±59.3"
"        Oceania","0","±12","0.0%","±50.9","0","±12","0.0%","±45.8","0","±17","0.0%","±13.1","0","±17","0.0%","±9.1","0","±12","0.0%","±31.5","2","±3","14.3%","±24.1","0","±17","0.0%","±16.4","0","±12","0.0%","±41.5","0","±12","0.0%","±42.4","0","±12","0.0%","±43.7","0","±17","0.0%","±32.1","0","±12","0.0%","±28.0","0","±12","0.0%","±34.1","0","±12","0.0%","±46.9","0","±12","0.0%","±27.4","0","±12","0.0%","±28.5","0","±12","0.0%","±59.3"
"        Latin America","23","±36","67.6%","±52.3","7","±13","16.7%","±22.6","108","±111","46.8%","±38.7","245","±62","71.6%","±19.6","8","±10","9.8%","±13.8","1","±3","7.1%","±19.3","7","±16","3.9%","±9.0","39","±40","76.5%","±29.0","13","±16","26.5%","±27.6","32","±38","69.6%","±44.2","31","±31","38.8%","±40.3","5","±7","5.2%","±7.6","43","±42","58.9%","±34.1","12","±14","30.0%","±27.7","7","±12","7.1%","±12.4","0","±12","0.0%","±28.5","0","±12","0.0%","±59.3"
"        Northern America","11","±19","32.4%","±52.3","0","±12","0.0%","±45.8","0","±17","0.0%","±13.1","17","±19","5.0%","±5.8","18","±18","22.0%","±25.7","4","±6","28.6%","±35.0","17","±28","9.4%","±15.5","0","±12","0.0%","±41.5","5","±6","10.2%","±15.1","0","±12","0.0%","±43.7","0","±17","0.0%","±32.1","0","±12","0.0%","±28.0","5","±7","6.8%","±10.3","4","±5","10.0%","±14.2","10","±15","10.1%","±16.3","5","±7","5.3%","±8.4","5","±9","20.0%","±28.5"
"LANGUAGE SPOKEN AT HOME","","","","","","","","","","","","","","","","","","","","","","","","","","","","","","","","","","","","","","","","","","","","","","","","","","","","","","","","","","","","","","","","","","","",""
"    Population 5 years and over","4,378","±274","4,378","(X)","2,277","±260","2,277","(X)","4,946","±123","4,946","(X)","5,925","±67","5,925","(X)","4,490","±109","4,490","(X)","1,190","±106","1,190","(X)","6,151","±125","6,151","(X)","1,995","±119","1,995","(X)","1,750","±179","1,750","(X)","3,623","±45","3,623","(X)","5,916","±136","5,916","(X)","4,486","±83","4,486","(X)","2,489","±68","2,489","(X)","1,745","±140","1,745","(X)","3,212","±69","3,212","(X)","1,821","±124","1,821","(X)","2,326","±186","2,326","(X)"
"        English only","4,313","±279","98.5%","±1.3","2,195","±255","96.4%","±2.7","4,563","±250","92.3%","±4.8","5,209","±206","87.9%","±3.5","3,842","±660","85.6%","±14.8","1,178","±105","99.0%","±0.8","5,916","±201","96.2%","±2.7","1,952","±123","97.8%","±1.7","1,688","±180","96.5%","±2.4","3,557","±65","98.2%","±1.3","5,751","±178","97.2%","±1.8","4,353","±123","97.0%","±2.0","2,438","±74","98.0%","±1.1","1,657","±137","95.0%","±3.2","3,076","±100","95.8%","±2.0","1,704","±139","93.6%","±3.6","2,295","±187","98.7%","±0.9"
"        Language other than English","65","±56","1.5%","±1.3","82","±61","3.6%","±2.7","383","±238","7.7%","±4.8","716","±206","12.1%","±3.5","648","±664","14.4%","±14.8","12","±9","1.0%","±0.8","235","±166","3.8%","±2.7","43","±34","2.2%","±1.7","62","±41","3.5%","±2.4","66","±46","1.8%","±1.3","165","±109","2.8%","±1.8","133","±92","3.0%","±2.0","51","±28","2.0%","±1.1","88","±57","5.0%","±3.2","136","±65","4.2%","±2.0","117","±64","6.4%","±3.6","31","±20","1.3%","±0.9"
"            Speak English less than ""very well""","0","±12","0.0%","±0.7","5","±10","0.2%","±0.4","60","±61","1.2%","±1.2","186","±68","3.1%","±1.1","490","±555","10.9%","±12.3","3","±4","0.3%","±0.3","59","±59","1.0%","±1.0","0","±12","0.0%","±1.6","30","±27","1.7%","±1.6","26","±25","0.7%","±0.7","18","±20","0.3%","±0.3","63","±59","1.4%","±1.3","26","±20","1.0%","±0.8","19","±18","1.1%","±1.0","32","±41","1.0%","±1.3","49","±39","2.7%","±2.1","6","±10","0.3%","±0.4"
"        Spanish","65","±56","1.5%","±1.3","66","±58","2.9%","±2.5","185","±196","3.7%","±4.0","499","±94","8.4%","±1.6","28","±28","0.6%","±0.6","5","±4","0.4%","±0.4","13","±19","0.2%","±0.3","24","±30","1.2%","±1.5","20","±25","1.1%","±1.4","30","±26","0.8%","±0.7","98","±80","1.7%","±1.4","17","±22","0.4%","±0.5","40","±26","1.6%","±1.1","56","±49","3.2%","±2.8","56","±35","1.7%","±1.1","29","±27","1.6%","±1.5","6","±10","0.3%","±0.4"
"            Speak English less than ""very well""","0","±12","0.0%","±0.7","0","±12","0.0%","±1.4","44","±55","0.9%","±1.1","171","±66","2.9%","±1.1","0","±12","0.0%","±0.7","0","±12","0.0%","±2.7","7","±16","0.1%","±0.3","0","±12","0.0%","±1.6","16","±24","0.9%","±1.4","21","±23","0.6%","±0.6","18","±20","0.3%","±0.3","0","±12","0.0%","±0.7","23","±20","0.9%","±0.8","12","±14","0.7%","±0.8","32","±41","1.0%","±1.3","11","±13","0.6%","±0.7","6","±10","0.3%","±0.4"
"        Other Indo-European languages","0","±12","0.0%","±0.7","4","±8","0.2%","±0.3","198","±141","4.0%","±2.9","194","±191","3.3%","±3.2","609","±674","13.6%","±15.0","4","±6","0.3%","±0.5","128","±142","2.1%","±2.3","19","±15","1.0%","±0.8","32","±30","1.8%","±1.7","36","±30","1.0%","±0.8","63","±69","1.1%","±1.2","49","±48","1.1%","±1.1","11","±10","0.4%","±0.4","32","±23","1.8%","±1.3","27","±19","0.8%","±0.6","34","±28","1.9%","±1.6","25","±17","1.1%","±0.7"
"            Speak English less than ""very well""","0","±12","0.0%","±0.7","0","±12","0.0%","±1.4","16","±27","0.3%","±0.5","15","±17","0.3%","±0.3","487","±555","10.8%","±12.3","0","±12","0.0%","±2.7","31","±45","0.5%","±0.7","0","±12","0.0%","±1.6","14","±15","0.8%","±0.9","5","±10","0.1%","±0.3","0","±17","0.0%","±0.5","10","±18","0.2%","±0.4","3","±4","0.1%","±0.2","7","±9","0.4%","±0.5","0","±12","0.0%","±1.0","0","±12","0.0%","±1.8","0","±12","0.0%","±1.4"
"        Asian and Pacific Islander languages","0","±12","0.0%","±0.7","12","±16","0.5%","±0.7","0","±17","0.0%","±0.7","0","±17","0.0%","±0.5","3","±5","0.1%","±0.1","3","±4","0.3%","±0.3","94","±80","1.5%","±1.3","0","±12","0.0%","±1.6","10","±11","0.6%","±0.6","0","±12","0.0%","±0.9","0","±17","0.0%","±0.5","67","±76","1.5%","±1.7","0","±12","0.0%","±1.3","0","±12","0.0%","±1.8","26","±36","0.8%","±1.1","54","±51","3.0%","±2.8","0","±12","0.0%","±1.4"
"            Speak English less than ""very well""","0","±12","0.0%","±0.7","5","±10","0.2%","±0.4","0","±17","0.0%","±0.7","0","±17","0.0%","±0.5","3","±5","0.1%","±0.1","3","±4","0.3%","±0.3","21","±33","0.3%","±0.5","0","±12","0.0%","±1.6","0","±12","0.0%","±1.8","0","±12","0.0%","±0.9","0","±17","0.0%","±0.5","53","±56","1.2%","±1.3","0","±12","0.0%","±1.3","0","±12","0.0%","±1.8","0","±12","0.0%","±1.0","38","±36","2.1%","±2.0","0","±12","0.0%","±1.4"
"        Other languages","0","±12","0.0%","±0.7","0","±12","0.0%","±1.4","0","±17","0.0%","±0.7","23","±20","0.4%","±0.3","8","±15","0.2%","±0.3","0","±12","0.0%","±2.7","0","±17","0.0%","±0.5","0","±12","0.0%","±1.6","0","±12","0.0%","±1.8","0","±12","0.0%","±0.9","4","±7","0.1%","±0.1","0","±12","0.0%","±0.7","0","±12","0.0%","±1.3","0","±12","0.0%","±1.8","27","±41","0.8%","±1.3","0","±12","0.0%","±1.8","0","±12","0.0%","±1.4"
"            Speak English less than ""very well""","0","±12","0.0%","±0.7","0","±12","0.0%","±1.4","0","±17","0.0%","±0.7","0","±17","0.0%","±0.5","0","±12","0.0%","±0.7","0","±12","0.0%","±2.7","0","±17","0.0%","±0.5","0","±12","0.0%","±1.6","0","±12","0.0%","±1.8","0","±12","0.0%","±0.9","0","±17","0.0%","±0.5","0","±12","0.0%","±0.7","0","±12","0.0%","±1.3","0","±12","0.0%","±1.8","0","±12","0.0%","±1.0","0","±12","0.0%","±1.8","0","±12","0.0%","±1.4"
"ANCESTRY","","","","","","","","","","","","","","","","","","","","","","","","","","","","","","","","","","","","","","","","","","","","","","","","","","","","","","","","","","","","","","","","","","","",""
"    Total population","4,635","±253","4,635","(X)","2,479","±251","2,479","(X)","5,306","±25","5,306","(X)","6,052","±27","6,052","(X)","4,644","±98","4,644","(X)","1,245","±112","1,245","(X)","6,483","±29","6,483","(X)","2,102","±120","2,102","(X)","1,838","±191","1,838","(X)","3,688","±18","3,688","(X)","6,159","±16","6,159","(X)","4,822","±21","4,822","(X)","2,650","±19","2,650","(X)","1,827","±155","1,827","(X)","3,292","±35","3,292","(X)","1,961","±146","1,961","(X)","2,433","±182","2,433","(X)"
"        American","633","±279","13.7%","±6.0","448","±208","18.1%","±8.1","855","±303","16.1%","±5.7","931","±214","15.4%","±3.5","718","±253","15.5%","±5.4","274","±88","22.0%","±6.5","1,464","±446","22.6%","±6.9","253","±97","12.0%","±4.5","294","±103","16.0%","±5.5","589","±274","16.0%","±7.4","1,137","±474","18.5%","±7.7","474","±177","9.8%","±3.7","492","±168","18.6%","±6.3","248","±83","13.6%","±4.4","534","±249","16.2%","±7.6","228","±134","11.6%","±6.5","286","±149","11.8%","±5.9"
"        Arab","0","±12","0.0%","±0.7","0","±12","0.0%","±1.3","85","±96","1.6%","±1.8","14","±17","0.2%","±0.3","0","±12","0.0%","±0.7","0","±12","0.0%","±2.6","94","±137","1.4%","±2.1","0","±12","0.0%","±1.5","28","±44","1.5%","±2.4","6","±9","0.2%","±0.3","0","±17","0.0%","±0.5","0","±12","0.0%","±0.7","19","±24","0.7%","±0.9","13","±14","0.7%","±0.7","0","±12","0.0%","±1.0","0","±12","0.0%","±1.6","0","±12","0.0%","±1.3"
"        Czech","54","±79","1.2%","±1.7","0","±12","0.0%","±1.3","0","±17","0.0%","±0.6","14","±23","0.2%","±0.4","17","±15","0.4%","±0.3","10","±7","0.8%","±0.6","29","±28","0.4%","±0.4","21","±24","1.0%","±1.2","14","±17","0.8%","±0.9","3","±6","0.1%","±0.2","0","±17","0.0%","±0.5","12","±17","0.2%","±0.4","0","±12","0.0%","±1.2","5","±7","0.3%","±0.4","72","±85","2.2%","±2.6","6","±9","0.3%","±0.5","0","±12","0.0%","±1.3"
"        Danish","0","±12","0.0%","±0.7","0","±12","0.0%","±1.3","0","±17","0.0%","±0.6","11","±18","0.2%","±0.3","0","±12","0.0%","±0.7","19","±18","1.5%","±1.5","20","±29","0.3%","±0.5","5","±7","0.2%","±0.3","3","±4","0.2%","±0.2","16","±21","0.4%","±0.6","23","±29","0.4%","±0.5","6","±8","0.1%","±0.2","2","±3","0.1%","±0.1","0","±12","0.0%","±1.8","6","±10","0.2%","±0.3","9","±12","0.5%","±0.6","39","±34","1.6%","±1.4"
"        Dutch","99","±76","2.1%","±1.7","32","±35","1.3%","±1.4","162","±100","3.1%","±1.9","104","±68","1.7%","±1.1","651","±745","14.0%","±16.1","18","±9","1.4%","±0.8","90","±76","1.4%","±1.2","23","±16","1.1%","±0.8","128","±92","7.0%","±4.9","120","±85","3.3%","±2.3","26","±41","0.4%","±0.7","71","±41","1.5%","±0.9","31","±21","1.2%","±0.8","46","±24","2.5%","±1.3","71","±45","2.2%","±1.3","66","±27","3.4%","±1.4","75","±41","3.1%","±1.6"
"        English","470","±241","10.1%","±5.0","171","±99","6.9%","±4.0","816","±237","15.4%","±4.5","596","±189","9.8%","±3.1","498","±160","10.7%","±3.5","152","±41","12.2%","±3.4","723","±210","11.2%","±3.2","436","±130","20.7%","±6.1","218","±55","11.9%","±2.9","462","±119","12.5%","±3.2","463","±197","7.5%","±3.2","399","±118","8.3%","±2.5","331","±91","12.5%","±3.4","170","±39","9.3%","±2.2","550","±201","16.7%","±6.1","406","±181","20.7%","±9.1","340","±91","14.0%","±3.5"
"        French (except Basque)","648","±275","14.0%","±5.9","391","±159","15.8%","±6.8","455","±188","8.6%","±3.5","473","±182","7.8%","±3.0","588","±236","12.7%","±5.1","113","±31","9.1%","±2.4","662","±202","10.2%","±3.1","189","±86","9.0%","±4.2","175","±74","9.5%","±3.8","285","±104","7.7%","±2.8","778","±253","12.6%","±4.1","458","±294","9.5%","±6.1","147","±63","5.5%","±2.4","72","±33","3.9%","±1.8","194","±99","5.9%","±3.0","169","±65","8.6%","±3.4","133","±49","5.5%","±2.0"
"        French Canadian","127","±148","2.7%","±3.2","62","±72","2.5%","±2.9","141","±120","2.7%","±2.3","49","±31","0.8%","±0.5","236","±95","5.1%","±2.1","21","±12","1.7%","±0.9","147","±111","2.3%","±1.7","113","±71","5.4%","±3.4","44","±26","2.4%","±1.4","81","±69","2.2%","±1.9","163","±149","2.6%","±2.4","112","±61","2.3%","±1.3","74","±30","2.8%","±1.1","47","±23","2.6%","±1.3","105","±84","3.2%","±2.5","17","±15","0.9%","±0.8","31","±23","1.3%","±1.0"
"        German","539","±243","11.6%","±5.3","355","±188","14.3%","±7.5","595","±235","11.2%","±4.4","226","±80","3.7%","±1.3","341","±90","7.3%","±2.0","154","±49","12.4%","±3.8","640","±269","9.9%","±4.1","218","±103","10.4%","±4.8","252","±109","13.7%","±5.5","483","±159","13.1%","±4.3","733","±288","11.9%","±4.7","525","±176","10.9%","±3.6","385","±113","14.5%","±4.2","269","±59","14.7%","±3.4","566","±259","17.2%","±7.8","329","±92","16.8%","±4.5","389","±119","16.0%","±4.8"
"        Greek","0","±12","0.0%","±0.7","0","±12","0.0%","±1.3","0","±17","0.0%","±0.6","7","±9","0.1%","±0.2","55","±81","1.2%","±1.7","0","±12","0.0%","±2.6","18","±20","0.3%","±0.3","0","±12","0.0%","±1.5","44","±49","2.4%","±2.6","1","±3","0.0%","±0.1","21","±34","0.3%","±0.6","40","±42","0.8%","±0.9","31","±47","1.2%","±1.8","0","±12","0.0%","±1.8","15","±22","0.5%","±0.7","4","±7","0.2%","±0.3","0","±12","0.0%","±1.3"
"        Hungarian","21","±33","0.5%","±0.7","0","±12","0.0%","±1.3","33","±39","0.6%","±0.7","25","±27","0.4%","±0.4","5","±10","0.1%","±0.2","6","±6","0.5%","±0.4","157","±239","2.4%","±3.7","55","±49","2.6%","±2.3","14","±16","0.8%","±0.8","2","±3","0.1%","±0.1","0","±17","0.0%","±0.5","0","±12","0.0%","±0.7","12","±18","0.5%","±0.7","3","±4","0.2%","±0.2","35","±43","1.1%","±1.3","0","±12","0.0%","±1.6","0","±12","0.0%","±1.3"
"        Irish","1,000","±334","21.6%","±7.1","516","±186","20.8%","±7.5","954","±272","18.0%","±5.1","705","±166","11.6%","±2.8","865","±271","18.6%","±5.8","269","±72","21.6%","±5.4","821","±240","12.7%","±3.7","478","±176","22.7%","±8.2","294","±119","16.0%","±5.8","738","±167","20.0%","±4.5","856","±280","13.9%","±4.6","1,251","±304","25.9%","±6.3","441","±115","16.6%","±4.3","336","±79","18.4%","±4.3","683","±252","20.7%","±7.6","385","±83","19.6%","±4.1","604","±136","24.8%","±5.5"
"        Italian","637","±308","13.7%","±6.6","229","±133","9.2%","±5.4","395","±172","7.4%","±3.2","337","±129","5.6%","±2.1","371","±134","8.0%","±2.9","75","±28","6.0%","±2.0","270","±93","4.2%","±1.4","91","±45","4.3%","±2.1","206","±66","11.2%","±3.3","224","±89","6.1%","±2.4","631","±243","10.2%","±3.9","428","±162","8.9%","±3.4","187","±73","7.1%","±2.7","157","±77","8.6%","±4.0","203","±68","6.2%","±2.1","132","±60","6.7%","±3.2","196","±71","8.1%","±3.0"
"        Lithuanian","0","±12","0.0%","±0.7","31","±49","1.3%","±2.0","29","±33","0.5%","±0.6","10","±13","0.2%","±0.2","4","±7","0.1%","±0.1","6","±6","0.5%","±0.4","52","±53","0.8%","±0.8","6","±9","0.3%","±0.4","3","±5","0.2%","±0.2","0","±12","0.0%","±0.9","0","±17","0.0%","±0.5","15","±22","0.3%","±0.5","6","±10","0.2%","±0.4","9","±6","0.5%","±0.3","9","±14","0.3%","±0.4","6","±10","0.3%","±0.5","18","±18","0.7%","±0.8"
"        Norwegian","12","±20","0.3%","±0.4","34","±52","1.4%","±2.1","36","±59","0.7%","±1.1","9","±13","0.1%","±0.2","5","±8","0.1%","±0.2","12","±12","1.0%","±1.0","28","±40","0.4%","±0.6","27","±27","1.3%","±1.3","18","±19","1.0%","±1.0","15","±17","0.4%","±0.5","115","±131","1.9%","±2.1","13","±10","0.3%","±0.2","15","±15","0.6%","±0.6","25","±19","1.4%","±1.1","49","±34","1.5%","±1.0","61","±52","3.1%","±2.7","36","±21","1.5%","±0.9"
"        Polish","174","±108","3.8%","±2.4","59","±50","2.4%","±2.1","226","±136","4.3%","±2.5","126","±67","2.1%","±1.1","186","±107","4.0%","±2.3","61","±27","4.9%","±2.1","278","±195","4.3%","±3.0","82","±45","3.9%","±2.1","40","±24","2.2%","±1.3","141","±76","3.8%","±2.1","150","±134","2.4%","±2.2","473","±193","9.8%","±4.0","116","±78","4.4%","±2.9","65","±25","3.6%","±1.4","89","±67","2.7%","±2.0","105","±65","5.4%","±3.4","175","±89","7.2%","±3.6"
"        Portuguese","0","±12","0.0%","±0.7","0","±12","0.0%","±1.3","29","±44","0.5%","±0.8","0","±17","0.0%","±0.5","53","±79","1.1%","±1.7","0","±12","0.0%","±2.6","11","±18","0.2%","±0.3","0","±12","0.0%","±1.5","3","±4","0.2%","±0.2","0","±12","0.0%","±0.9","9","±17","0.1%","±0.3","3","±5","0.1%","±0.1","0","±12","0.0%","±1.2","0","±12","0.0%","±1.8","6","±10","0.2%","±0.3","4","±6","0.2%","±0.3","26","±39","1.1%","±1.6"
"        Russian","51","±67","1.1%","±1.5","0","±12","0.0%","±1.3","36","±50","0.7%","±0.9","15","±17","0.2%","±0.3","28","±25","0.6%","±0.5","6","±7","0.5%","±0.6","0","±17","0.0%","±0.5","0","±12","0.0%","±1.5","3","±5","0.2%","±0.3","20","±17","0.5%","±0.5","48","±66","0.8%","±1.1","109","±97","2.3%","±2.0","41","±29","1.5%","±1.1","8","±8","0.4%","±0.4","12","±15","0.4%","±0.5","18","±17","0.9%","±0.9","5","±9","0.2%","±0.4"
"        Scotch-Irish","0","±12","0.0%","±0.7","203","±244","8.2%","±9.7","88","±117","1.7%","±2.2","41","±30","0.7%","±0.5","19","±16","0.4%","±0.3","16","±13","1.3%","±1.0","58","±46","0.9%","±0.7","60","±38","2.9%","±1.8","37","±25","2.0%","±1.4","109","±71","3.0%","±1.9","59","±61","1.0%","±1.0","69","±49","1.4%","±1.0","54","±30","2.0%","±1.1","52","±22","2.8%","±1.3","43","±39","1.3%","±1.2","16","±14","0.8%","±0.7","86","±66","3.5%","±2.7"
"        Scottish","170","±115","3.7%","±2.5","101","±79","4.1%","±3.2","69","±76","1.3%","±1.4","115","±62","1.9%","±1.0","63","±45","1.4%","±1.0","29","±15","2.3%","±1.2","48","±36","0.7%","±0.6","62","±35","2.9%","±1.7","56","±25","3.0%","±1.3","212","±102","5.7%","±2.8","25","±40","0.4%","±0.7","103","±44","2.1%","±0.9","98","±45","3.7%","±1.7","49","±26","2.7%","±1.5","167","±98","5.1%","±3.0","93","±45","4.7%","±2.4","90","±38","3.7%","±1.6"
"        Slovak","0","±12","0.0%","±0.7","0","±12","0.0%","±1.3","28","±47","0.5%","±0.9","6","±12","0.1%","±0.2","2","±4","0.0%","±0.1","0","±12","0.0%","±2.6","95","±88","1.5%","±1.4","0","±12","0.0%","±1.5","0","±12","0.0%","±1.8","0","±12","0.0%","±0.9","0","±17","0.0%","±0.5","61","±87","1.3%","±1.8","8","±11","0.3%","±0.4","4","±6","0.2%","±0.3","0","±12","0.0%","±1.0","3","±8","0.2%","±0.4","4","±7","0.2%","±0.3"
"        Subsaharan African","0","±12","0.0%","±0.7","0","±12","0.0%","±1.3","0","±17","0.0%","±0.6","0","±17","0.0%","±0.5","28","±39","0.6%","±0.8","0","±12","0.0%","±2.6","0","±17","0.0%","±0.5","0","±12","0.0%","±1.5","0","±12","0.0%","±1.8","5","±8","0.1%","±0.2","0","±17","0.0%","±0.5","0","±12","0.0%","±0.7","0","±12","0.0%","±1.2","0","±12","0.0%","±1.8","0","±12","0.0%","±1.0","0","±12","0.0%","±1.6","0","±12","0.0%","±1.3"
"        Swedish","0","±12","0.0%","±0.7","0","±12","0.0%","±1.3","123","±96","2.3%","±1.8","32","±38","0.5%","±0.6","10","±7","0.2%","±0.2","10","±7","0.8%","±0.6","26","±25","0.4%","±0.4","5","±8","0.2%","±0.4","37","±31","2.0%","±1.7","21","±24","0.6%","±0.7","66","±61","1.1%","±1.0","41","±35","0.9%","±0.7","43","±25","1.6%","±0.9","9","±10","0.5%","±0.5","37","±22","1.1%","±0.7","7","±12","0.4%","±0.6","57","±47","2.3%","±1.9"
"        Swiss","0","±12","0.0%","±0.7","0","±12","0.0%","±1.3","0","±17","0.0%","±0.6","1","±2","0.0%","±0.1","4","±6","0.1%","±0.1","0","±12","0.0%","±2.6","8","±12","0.1%","±0.2","0","±12","0.0%","±1.5","0","±12","0.0%","±1.8","0","±12","0.0%","±0.9","17","±27","0.3%","±0.4","0","±12","0.0%","±0.7","0","±12","0.0%","±1.2","8","±7","0.4%","±0.4","0","±12","0.0%","±1.0","7","±10","0.4%","±0.5","12","±12","0.5%","±0.5"
"        Ukrainian","0","±12","0.0%","±0.7","65","±97","2.6%","±3.9","12","±22","0.2%","±0.4","0","±17","0.0%","±0.5","75","±112","1.6%","±2.4","3","±4","0.2%","±0.3","29","±33","0.4%","±0.5","6","±9","0.3%","±0.4","2","±4","0.1%","±0.2","19","±23","0.5%","±0.6","17","±29","0.3%","±0.5","6","±7","0.1%","±0.1","11","±11","0.4%","±0.4","30","±35","1.6%","±1.9","0","±12","0.0%","±1.0","36","±26","1.8%","±1.4","12","±12","0.5%","±0.5"
"        Welsh","37","±47","0.8%","±1.0","84","±62","3.4%","±2.5","15","±19","0.3%","±0.4","53","±48","0.9%","±0.8","109","±50","2.3%","±1.1","23","±18","1.8%","±1.5","298","±113","4.6%","±1.7","11","±12","0.5%","±0.6","18","±15","1.0%","±0.8","2","±3","0.1%","±0.1","152","±112","2.5%","±1.8","15","±14","0.3%","±0.3","62","±35","2.3%","±1.3","8","±9","0.4%","±0.5","132","±139","4.0%","±4.2","28","±31","1.4%","±1.6","27","±39","1.1%","±1.6"
"        West Indian (excluding Hispanic origin groups)","167","±204","3.6%","±4.4","0","±12","0.0%","±1.3","0","±17","0.0%","±0.6","89","±41","1.5%","±0.7","0","±12","0.0%","±0.7","0","±12","0.0%","±2.6","0","±17","0.0%","±0.5","0","±12","0.0%","±1.5","0","±12","0.0%","±1.8","10","±20","0.3%","±0.5","0","±17","0.0%","±0.5","0","±12","0.0%","±0.7","24","±37","0.9%","±1.4","0","±12","0.0%","±1.8","0","±12","0.0%","±1.0","1","±2","0.1%","±0.1","0","±12","0.0%","±1.3"
"COMPUTERS AND INTERNET USE","","","","","","","","","","","","","","","","","","","","","","","","","","","","","","","","","","","","","","","","","","","","","","","","","","","","","","","","","","","","","","","","","","","",""
"    Total households","1,907","±168","1,907","(X)","1,021","±95","1,021","(X)","2,187","±151","2,187","(X)","1,372","±133","1,372","(X)","1,787","±266","1,787","(X)","551","±54","551","(X)","2,750","±220","2,750","(X)","814","±62","814","(X)","738","±67","738","(X)","1,480","±120","1,480","(X)","2,456","±133","2,456","(X)","1,850","±134","1,850","(X)","1,106","±83","1,106","(X)","791","±66","791","(X)","1,491","±91","1,491","(X)","772","±62","772","(X)","941","±60","941","(X)"
"        With a computer","1,695","±167","88.9%","±5.6","960","±84","94.0%","±4.5","2,160","±149","98.8%","±1.3","1,203","±126","87.7%","±5.4","1,443","±266","80.7%","±4.4","441","±54","80.0%","±5.3","2,308","±211","83.9%","±6.7","762","±61","93.6%","±3.6","580","±63","78.6%","±5.6","1,208","±103","81.6%","±5.2","2,187","±147","89.0%","±4.8","1,673","±137","90.4%","±3.5","985","±83","89.1%","±3.3","663","±66","83.8%","±4.9","1,212","±96","81.3%","±5.3","724","±56","93.8%","±3.7","844","±59","89.7%","±3.8"
"        With a broadband Internet subscription","1,584","±184","83.1%","±6.8","897","±89","87.9%","±5.5","2,024","±151","92.5%","±4.6","1,093","±115","79.7%","±5.9","1,251","±230","70.0%","±5.3","374","±53","67.9%","±5.9","2,059","±207","74.9%","±6.9","687","±65","84.4%","±5.3","445","±67","60.3%","±7.4","1,039","±103","70.2%","±7.3","2,004","±158","81.6%","±5.7","1,582","±135","85.5%","±4.7","906","±78","81.9%","±4.6","619","±65","78.3%","±6.0","1,236","±93","82.9%","±5.1","635","±61","82.3%","±7.2","700","±66","74.4%","±6.4"