"Label","Census Tract 9701, Wyoming County, New York!!Estimate","Census Tract 9701, Wyoming County, New York!!Margin of Error","Census Tract 9701, Wyoming County, New York!!Percent","Census Tract 9701, Wyoming County, New York!!Percent Margin of Error","Census Tract 9702, Wyoming County, New York!!Estimate","Census Tract 9702, Wyoming County, New York!!Margin of Error","Census Tract 9702, Wyoming County, New York!!Percent","Census Tract 9702, Wyoming County, New York!!Percent Margin of Error","Census Tract 9703, Wyoming County, New York!!Estimate","Census Tract 9703, Wyoming County, New York!!Margin of Error","Census Tract 9703, Wyoming County, New York!!Percent","Census Tract 9703, Wyoming County, New York!!Percent Margin of Error","Census Tract 9704, Wyoming County, New York!!Estimate","Census Tract 9704, Wyoming County, New York!!Margin of Error","Census Tract 9704, Wyoming County, New York!!Percent","Census Tract 9704, Wyoming County, New York!!Percent Margin of Error","Census Tract 9705, Wyoming County, New York!!Estimate","Census Tract 9705, Wyoming County, New York!!Margin of Error","Census Tract 9705, Wyoming County, New York!!Percent","Census Tract 9705, Wyoming County, New York!!Percent Margin of Error","Census Tract 9706, Wyoming County, New York!!Estimate","Census Tract 9706, Wyoming County, New York!!Margin of Error","Census Tract 9706, Wyoming County, New York!!Percent","Census Tract 9706, Wyoming County, New York!!Percent Margin of Error","Census Tract 9707, Wyoming County, New York!!Estimate","Census Tract 9707, Wyoming County, New York!!Margin of Error","Census Tract 9707, Wyoming County, New York!!Percent","Census Tract 9707, Wyoming County, New York!!Percent Margin of Error","Census Tract 9708, Wyoming County, New York!!Estimate","Census Tract 9708, Wyoming County, New York!!Margin of Error","Census Tract 9708, Wyoming County, New York!!Percent","Census Tract 9708, Wyoming County, New York!!Percent Margin of Error","Census Tract 9709, Wyoming County, New York!!Estimate","Census Tract 9709, Wyoming County, New York!!Margin of Error","Census Tract 9709, Wyoming County, New York!!Percent","Census Tract 9709, Wyoming County, New York!!Percent Margin of Error","Census Tract 9710, Wyoming County, New York!!Estimate","Census Tract 9710, Wyoming County, New York!!Margin of Error","Census Tract 9710, Wyoming County, New York!!Percent","Census Tract 9710, Wyoming County, New York!!Percent Margin of Error","Census Tract 9711, Wyoming County, New York!!Estimate","Census Tract 9711, Wyoming County, New York!!Margin of Error","Census Tract 9711, Wyoming County, New York!!Percent","Census Tract 9711, Wyoming County, New York!!Percent Margin of Error"
"HOUSEHOLDS BY TYPE","","","","","","","","","","","","","","","","","","","","","","","","","","","","","","","","","","","","","","","","","","","",""
"    Total households","998","±50","998","(X)","1,891","±155","1,891","(X)","1,344","±80","1,344","(X)","1,587","±83","1,587","(X)","2,176","±197","2,176","(X)","1,793","±123","1,793","(X)","1,215","±79","1,215","(X)","1,203","±78","1,203","(X)","866","±72","866","(X)","1,834","±113","1,834","(X)","1,010","±65","1,010","(X)"
"        Married-couple family","604","±48","60.5%","±4.6","1,054","±121","55.7%","±6.2","780","±85","58.0%","±6.6","902","±74","56.8%","±4.9","885","±117","40.7%","±6.5","845","±120","47.1%","±6.8","634","±78","52.2%","±6.4","568","±71","47.2%","±5.4","462","±64","53.3%","±7.3","781","±94","42.6%","±5.4","564","±60","55.8%","±5.2"
"            With own children of the householder under 18 years","208","±34","20.8%","±3.2","407","±100","21.5%","±5.4","219","±53","16.3%","±4.0","257","±53","16.2%","±3.4","318","±89","14.6%","±4.7","330","±69","18.4%","±3.8","203","±52","16.7%","±4.0","190","±41","15.8%","±3.3","158","±42","18.2%","±5.0","283","±55","15.4%","±2.9","199","±40","19.7%","±3.6"
"        Cohabiting couple household","34","±13","3.4%","±1.3","173","±79","9.1%","±4.2","136","±54","10.1%","±4.0","123","±42","7.8%","±2.6","210","±118","9.7%","±5.4","195","±78","10.9%","±4.4","97","±36","8.0%","±3.0","109","±38","9.1%","±3.1","54","±40","6.2%","±4.6","129","±53","7.0%","±3.0","90","±30","8.9%","±3.0"
"            With own children of the householder under 18 years","9","±7","0.9%","±0.7","61","±43","3.2%","±2.4","37","±31","2.8%","±2.3","56","±31","3.5%","±1.9","111","±80","5.1%","±3.7","35","±30","2.0%","±1.7","38","±20","3.1%","±1.7","38","±27","3.2%","±2.2","10","±15","1.2%","±1.8","28","±29","1.5%","±1.6","30","±17","3.0%","±1.7"
"        Male householder, no spouse/partner present","200","±40","20.0%","±3.8","286","±93","15.1%","±4.5","211","±60","15.7%","±4.2","318","±79","20.0%","±4.4","414","±147","19.0%","±5.8","320","±98","17.8%","±5.2","165","±58","13.6%","±4.4","241","±59","20.0%","±4.7","186","±70","21.5%","±7.6","350","±86","19.1%","±4.3","197","±43","19.5%","±4.1"
"            With own children of the householder under 18 years","37","±24","3.7%","±2.4","60","±36","3.2%","±1.9","22","±25","1.6%","±1.8","21","±14","1.3%","±0.9","31","±36","1.4%","±1.7","26","±39","1.5%","±2.2","15","±12","1.2%","±1.0","15","±11","1.2%","±0.9","0","±12","0.0%","±3.7","61","±54","3.3%","±3.0","7","±7","0.7%","±0.7"
"            Householder living alone","126","±36","12.6%","±3.4","192","±79","10.2%","±3.9","142","±60","10.6%","±4.3","240","±71","15.1%","±4.1","323","±144","14.8%","±5.9","178","±68","9.9%","±3.7","136","±49","11.2%","±3.8","187","±55","15.5%","±4.4","173","±69","20.0%","±7.5","253","±80","13.8%","±4.0","141","±40","14.0%","±3.9"
"                65 years and over","40","±21","4.0%","±2.1","54","±31","2.9%","±1.6","63","±36","4.7%","±2.6","67","±33","4.2%","±2.0","47","±48","2.2%","±2.2","42","±30","2.3%","±1.7","60","±34","4.9%","±2.8","47","±27","3.9%","±2.3","22","±15","2.5%","±1.7","62","±34","3.4%","±1.7","53","±21","5.2%","±2.1"
"        Female householder, no spouse/partner present","160","±34","16.0%","±3.1","378","±103","20.0%","±4.7","217","±90","16.1%","±6.3","244","±58","15.4%","±3.6","667","±160","30.7%","±6.3","433","±116","24.1%","±5.6","319","±73","26.3%","±5.3","285","±56","23.7%","±4.4","164","±44","18.9%","±4.7","574","±116","31.3%","±5.3","159","±45","15.7%","±4.0"
"            With own children of the householder under 18 years","16","±10","1.6%","±1.0","72","±42","3.8%","±2.2","22","±24","1.6%","±1.8","46","±28","2.9%","±1.8","110","±88","5.1%","±4.0","31","±29","1.7%","±1.6","45","±27","3.7%","±2.3","75","±26","6.2%","±2.1","43","±36","5.0%","±4.1","109","±50","5.9%","±2.7","14","±9","1.4%","±0.9"
"            Householder living alone","118","±30","11.8%","±2.8","238","±83","12.6%","±3.9","111","±59","8.3%","±4.2","124","±37","7.8%","±2.3","487","±143","22.4%","±5.8","278","±95","15.5%","±4.7","229","±69","18.8%","±5.0","158","±42","13.1%","±3.3","71","±26","8.2%","±3.1","403","±105","22.0%","±5.0","102","±43","10.1%","±4.0"
"                65 years and over","50","±21","5.0%","±2.1","129","±56","6.8%","±2.7","27","±25","2.0%","±1.8","72","±23","4.5%","±1.5","268","±116","12.3%","±5.2","180","±79","10.0%","±4.1","105","±36","8.6%","±2.9","73","±20","6.1%","±1.6","61","±26","7.0%","±3.0","210","±64","11.5%","±3.3","45","±17","4.5%","±1.6"
"        Households with one or more people under 18 years","284","±37","28.5%","±3.5","635","±110","33.6%","±6.1","312","±54","23.2%","±4.1","404","±60","25.5%","±3.9","584","±116","26.8%","±6.4","472","±71","26.3%","±4.2","342","±49","28.1%","±4.5","388","±58","32.3%","±4.5","221","±58","25.5%","±6.7","518","±60","28.2%","±4.1","281","±41","27.8%","±3.8"
"        Households with one or more people 65 years and over","313","±32","31.4%","±2.7","515","±95","27.2%","±4.4","479","±76","35.6%","±5.5","507","±68","31.9%","±3.7","656","±114","30.1%","±4.3","613","±99","34.2%","±4.7","417","±50","34.3%","±4.1","331","±39","27.5%","±3.1","264","±61","30.5%","±6.4","542","±73","29.6%","±3.1","312","±45","30.9%","±4.0"
"        Average household size","2.46","±0.13","(X)","(X)","2.53","±0.17","(X)","(X)","2.41","±0.14","(X)","(X)","2.42","±0.13","(X)","(X)","2.17","±0.19","(X)","(X)","2.43","±0.16","(X)","(X)","2.27","±0.15","(X)","(X)","2.37","±0.15","(X)","(X)","2.40","±0.24","(X)","(X)","2.24","±0.14","(X)","(X)","2.52","±0.16","(X)","(X)"
"        Average family size","2.88","±0.15","(X)","(X)","2.96","±0.17","(X)","(X)","2.73","±0.16","(X)","(X)","2.75","±0.12","(X)","(X)","2.73","±0.20","(X)","(X)","2.95","±0.24","(X)","(X)","2.68","±0.15","(X)","(X)","2.89","±0.18","(X)","(X)","2.89","±0.20","(X)","(X)","2.81","±0.12","(X)","(X)","2.95","±0.14","(X)","(X)"
"RELATIONSHIP","","","","","","","","","","","","","","","","","","","","","","","","","","","","","","","","","","","","","","","","","","","",""
"    Population in households","2,458","±104","2,458","(X)","4,784","±202","4,784","(X)","3,243","±17","3,243","(X)","3,841","±193","3,841","(X)","4,715","±91","4,715","(X)","4,360","±32","4,360","(X)","2,757","±25","2,757","(X)","2,856","±192","2,856","(X)","2,079","±201","2,079","(X)","4,111","±33","4,111","(X)","2,545","±165","2,545","(X)"
"        Householder","998","±50","40.6%","±2.1","1,891","±155","39.5%","±2.6","1,344","±80","41.4%","±2.4","1,587","±83","41.3%","±2.3","2,176","±197","46.2%","±4.0","1,793","±123","41.1%","±2.8","1,215","±79","44.1%","±2.9","1,203","±78","42.1%","±2.5","866","±72","41.7%","±4.1","1,834","±113","44.6%","±2.8","1,010","±65","39.7%","±2.6"
"        Spouse","602","±46","24.5%","±1.6","1,048","±116","21.9%","±2.2","772","±81","23.8%","±2.5","880","±74","22.9%","±1.9","930","±120","19.7%","±2.6","852","±114","19.5%","±2.6","597","±64","21.7%","±2.3","542","±70","19.0%","±2.0","460","±62","22.1%","±2.5","801","±96","19.5%","±2.3","559","±64","22.0%","±1.9"
"        Unmarried partner","32","±13","1.3%","±0.5","175","±74","3.7%","±1.6","147","±58","4.5%","±1.8","118","±40","3.1%","±1.1","207","±120","4.4%","±2.5","226","±92","5.2%","±2.1","99","±41","3.6%","±1.5","93","±32","3.3%","±1.1","51","±38","2.5%","±1.8","130","±52","3.2%","±1.3","89","±31","3.5%","±1.2"
"        Child","695","±74","28.3%","±2.4","1,463","±172","30.6%","±3.4","852","±128","26.3%","±3.9","991","±132","25.8%","±2.7","1,106","±180","23.5%","±3.9","1,200","±147","27.5%","±3.4","662","±88","24.0%","±3.2","734","±85","25.7%","±2.5","554","±90","26.6%","±2.9","1,093","±131","26.6%","±3.2","669","±82","26.3%","±2.2"
"        Other relatives","62","±25","2.5%","±1.0","163","±86","3.4%","±1.8","113","±81","3.5%","±2.5","90","±38","2.3%","±1.0","133","±107","2.8%","±2.3","167","±89","3.8%","±2.0","60","±37","2.2%","±1.3","190","±68","6.7%","±2.2","71","±46","3.4%","±2.1","54","±33","1.3%","±0.8","144","±53","5.7%","±2.0"
"        Other nonrelatives","69","±32","2.8%","±1.3","44","±39","0.9%","±0.8","15","±18","0.5%","±0.6","175","±91","4.6%","±2.3","163","±129","3.5%","±2.7","122","±89","2.8%","±2.0","124","±68","4.5%","±2.4","94","±46","3.3%","±1.6","77","±86","3.7%","±4.0","199","±161","4.8%","±3.9","74","±45","2.9%","±1.7"
"MARITAL STATUS","","","","","","","","","","","","","","","","","","","","","","","","","","","","","","","","","","","","","","","","","","","",""
"    Males 15 years and over","1,079","±62","1,079","(X)","4,292","±182","4,292","(X)","1,447","±104","1,447","(X)","1,693","±124","1,693","(X)","1,975","±215","1,975","(X)","1,889","±135","1,889","(X)","1,169","±90","1,169","(X)","1,125","±85","1,125","(X)","881","±86","881","(X)","1,640","±130","1,640","(X)","1,083","±95","1,083","(X)"
"        Never married","303","±60","28.1%","±4.6","2,095","±201","48.8%","±3.7","454","±120","31.4%","±6.9","453","±97","26.8%","±4.7","731","±194","37.0%","±7.2","607","±160","32.1%","±7.4","334","±66","28.6%","±4.7","323","±60","28.7%","±4.5","281","±71","31.9%","±6.6","563","±145","34.3%","±7.2","313","±72","28.9%","±4.9"
"        Now married, except separated","632","±44","58.6%","±4.8","1,480","±139","34.5%","±3.5","801","±85","55.4%","±7.4","945","±99","55.8%","±5.2","926","±126","46.9%","±7.2","964","±117","51.0%","±6.9","670","±80","57.3%","±6.5","592","±67","52.6%","±5.8","502","±66","57.0%","±6.8","797","±102","48.6%","±7.2","585","±62","54.0%","±4.6"
"        Separated","20","±15","1.9%","±1.4","141","±53","3.3%","±1.2","0","±12","0.0%","±2.2","38","±28","2.2%","±1.6","34","±34","1.7%","±1.7","22","±23","1.2%","±1.2","29","±27","2.5%","±2.3","13","±12","1.2%","±1.1","18","±21","2.0%","±2.4","19","±22","1.2%","±1.4","19","±14","1.8%","±1.3"
"        Widowed","46","±19","4.3%","±1.7","112","±55","2.6%","±1.3","87","±48","6.0%","±3.2","36","±20","2.1%","±1.2","14","±24","0.7%","±1.2","95","±63","5.0%","±3.3","33","±23","2.8%","±1.9","31","±12","2.8%","±1.1","15","±12","1.7%","±1.4","79","±52","4.8%","±3.1","26","±18","2.4%","±1.7"
"        Divorced","78","±27","7.2%","±2.6","464","±80","10.8%","±1.8","105","±52","7.3%","±3.6","221","±64","13.1%","±3.8","270","±115","13.7%","±5.6","201","±82","10.6%","±4.3","103","±48","8.8%","±4.0","166","±56","14.8%","±4.7","65","±31","7.4%","±3.4","182","±75","11.1%","±4.7","140","±41","12.9%","±3.9"
"    Females 15 years and over","951","±63","951","(X)","1,927","±136","1,927","(X)","1,295","±90","1,295","(X)","1,510","±93","1,510","(X)","2,133","±141","2,133","(X)","1,771","±141","1,771","(X)","1,159","±84","1,159","(X)","1,162","±97","1,162","(X)","807","±108","807","(X)","1,784","±110","1,784","(X)","1,010","±78","1,010","(X)"
"        Never married","225","±43","23.7%","±3.7","449","±106","23.3%","±5.2","344","±99","26.6%","±6.7","347","±92","23.0%","±5.3","418","±109","19.6%","±4.6","492","±117","27.8%","±5.6","255","±65","22.0%","±4.9","279","±62","24.0%","±4.6","178","±72","22.1%","±7.0","488","±118","27.4%","±6.0","224","±55","22.2%","±4.6"
"        Now married, except separated","616","±49","64.8%","±4.3","1,072","±120","55.6%","±5.6","760","±86","58.7%","±7.5","945","±81","62.6%","±5.3","983","±135","46.1%","±6.9","834","±116","47.1%","±6.2","598","±67","51.6%","±6.2","564","±70","48.5%","±5.1","474","±65","58.7%","±7.7","826","±86","46.3%","±5.7","584","±61","57.8%","±4.3"
"        Separated","6","±6","0.6%","±0.7","27","±23","1.4%","±1.2","12","±19","0.9%","±1.4","9","±12","0.6%","±0.8","57","±49","2.7%","±2.3","45","±47","2.5%","±2.7","91","±60","7.9%","±5.0","8","±6","0.7%","±0.5","3","±5","0.4%","±0.6","56","±39","3.1%","±2.2","11","±8","1.1%","±0.8"
"        Widowed","54","±16","5.7%","±1.7","118","±53","6.1%","±2.8","79","±42","6.1%","±3.1","77","±26","5.1%","±1.7","213","±125","10.0%","±5.7","130","±54","7.3%","±3.1","95","±27","8.2%","±2.3","101","±24","8.7%","±2.1","79","±33","9.8%","±4.1","182","±55","10.2%","±2.9","111","±29","11.0%","±2.8"
"        Divorced","50","±21","5.3%","±2.1","261","±90","13.5%","±4.4","100","±46","7.7%","±3.5","132","±39","8.7%","±2.7","462","±160","21.7%","±7.4","270","±78","15.2%","±4.1","120","±40","10.4%","±3.4","210","±61","18.1%","±4.9","73","±37","9.0%","±4.3","232","±72","13.0%","±3.8","80","±27","7.9%","±2.9"
"FERTILITY","","","","","","","","","","","","","","","","","","","","","","","","","","","","","","","","","","","","","","","","","","","",""
"    Number of women 15 to 50 years old who had a birth in the past 12 months","32","±13","32","(X)","46","±34","46","(X)","0","±12","0","(X)","58","±41","58","(X)","96","±53","96","(X)","111","±69","111","(X)","11","±14","11","(X)","64","±37","64","(X)","23","±23","23","(X)","25","±25","25","(X)","11","±8","11","(X)"
"        Unmarried women (widowed, divorced, and never married)","7","±6","21.9%","±16.6","0","±17","0.0%","±43.7","0","±12","-","**","23","±30","39.7%","±36.9","59","±40","61.5%","±33.6","69","±51","62.2%","±36.6","5","±9","45.5%","±45.3","12","±11","18.8%","±21.4","0","±12","0.0%","±61.8","4","±6","16.0%","±29.3","5","±6","45.5%","±35.2"
"            Per 1,000 unmarried women","36","±29","(X)","(X)","0","±58","(X)","(X)","0","±93","(X)","(X)","61","±78","(X)","(X)","110","±79","(X)","(X)","135","±90","(X)","(X)","21","±38","(X)","(X)","38","±33","(X)","(X)","0","±160","(X)","(X)","7","±11","(X)","(X)","21","±25","(X)","(X)"
"        Per 1,000 women 15 to 50 years old","66","±26","(X)","(X)","44","±33","(X)","(X)","0","±53","(X)","(X)","73","±51","(X)","(X)","87","±49","(X)","(X)","116","±69","(X)","(X)","23","±30","(X)","(X)","108","±61","(X)","(X)","58","±59","(X)","(X)","25","±26","(X)","(X)","22","±17","(X)","(X)"
"        Per 1,000 women 15 to 19 years old","38","±58","(X)","(X)","0","±148","(X)","(X)","0","±428","(X)","(X)","0","±341","(X)","(X)","0","±360","(X)","(X)","0","±205","(X)","(X)","0","±315","(X)","(X)","0","±321","(X)","(X)","0","±389","(X)","(X)","0","±151","(X)","(X)","0","±367","(X)","(X)"
"        Per 1,000 women 20 to 34 years old","110","±48","(X)","(X)","61","±67","(X)","(X)","0","±126","(X)","(X)","116","±90","(X)","(X)","165","±131","(X)","(X)","255","±149","(X)","(X)","63","±83","(X)","(X)","160","±91","(X)","(X)","160","±157","(X)","(X)","71","±72","(X)","(X)","41","±35","(X)","(X)"
"        Per 1,000 women 35 to 50 years old","24","±33","(X)","(X)","47","±40","(X)","(X)","0","±99","(X)","(X)","33","±34","(X)","(X)","52","±57","(X)","(X)","17","±27","(X)","(X)","0","±135","(X)","(X)","88","±101","(X)","(X)","0","±155","(X)","(X)","0","±71","(X)","(X)","10","±16","(X)","(X)"
"GRANDPARENTS","","","","","","","","","","","","","","","","","","","","","","","","","","","","","","","","","","","","","","","","","","","",""
"    Number of grandparents living with own grandchildren under 18 years","27","±14","27","(X)","69","±53","69","(X)","35","±41","35","(X)","30","±17","30","(X)","39","±43","39","(X)","75","±70","75","(X)","46","±41","46","(X)","97","±54","97","(X)","14","±16","14","(X)","39","±26","39","(X)","42","±34","42","(X)"
"        Grandparents responsible for grandchildren","13","±11","48.1%","±27.5","14","±16","20.3%","±26.1","0","±12","0.0%","±50.1","22","±17","73.3%","±36.0","6","±9","15.4%","±27.7","49","±69","65.3%","±50.0","37","±41","80.4%","±30.9","71","±50","73.2%","±17.0","9","±11","64.3%","±29.0","17","±23","43.6%","±50.4","9","±14","21.4%","±21.6"
"        Years responsible for grandchildren","","","","","","","","","","","","","","","","","","","","","","","","","","","","","","","","","","","","","","","","","","","",""
"            Less than 1 year","13","±11","48.1%","±27.5","6","±10","8.7%","±14.7","0","±12","0.0%","±50.1","3","±4","10.0%","±13.9","0","±12","0.0%","±47.5","0","±12","0.0%","±33.5","26","±40","56.5%","±50.3","5","±6","5.2%","±6.9","0","±12","0.0%","±79.3","0","±12","0.0%","±47.5","0","±12","0.0%","±45.8"
"            1 or 2 years","0","±12","0.0%","±57.1","0","±17","0.0%","±35.4","0","±12","0.0%","±50.1","0","±12","0.0%","±54.1","0","±12","0.0%","±47.5","49","±69","65.3%","±50.0","6","±8","13.0%","±21.1","12","±15","12.4%","±15.9","0","±12","0.0%","±79.3","0","±12","0.0%","±47.5","9","±14","21.4%","±21.6"
"            3 or 4 years","0","±12","0.0%","±57.1","0","±17","0.0%","±35.4","0","±12","0.0%","±50.1","7","±11","23.3%","±34.3","0","±12","0.0%","±47.5","0","±12","0.0%","±33.5","0","±12","0.0%","±43.7","31","±45","32.0%","±33.1","0","±12","0.0%","±79.3","17","±23","43.6%","±50.4","0","±12","0.0%","±45.8"
"            5 or more years","0","±12","0.0%","±57.1","8","±13","11.6%","±20.8","0","±12","0.0%","±50.1","12","±13","40.0%","±34.3","6","±9","15.4%","±27.7","0","±12","0.0%","±33.5","5","±9","10.9%","±23.1","23","±15","23.7%","±17.6","9","±11","64.3%","±29.0","0","±12","0.0%","±47.5","0","±12","0.0%","±45.8"
"    Number of grandparents responsible for own grandchildren under 18 years","13","±11","13","(X)","14","±16","14","(X)","0","±12","0","(X)","22","±17","22","(X)","6","±9","6","(X)","49","±69","49","(X)","37","±41","37","(X)","71","±50","71","(X)","9","±11","9","(X)","17","±23","17","(X)","9","±14","9","(X)"
"        Who are female","9","±7","69.2%","±25.0","14","±16","100.0%","±79.3","0","±12","-","**","11","±9","50.0%","±20.0","3","±5","50.0%","±44.0","25","±36","51.0%","±4.3","21","±21","56.8%","±17.6","46","±28","64.8%","±14.1","5","±8","55.6%","±55.6","17","±23","100.0%","±71.9","0","±12","0.0%","±98.9"
"        Who are married","8","±10","61.5%","±45.8","0","±17","0.0%","±79.3","0","±12","-","**","19","±16","86.4%","±20.2","6","±9","100.0%","±100.0","49","±69","100.0%","±42.4","32","±40","86.5%","±32.9","51","±49","71.8%","±28.8","4","±7","44.4%","±55.6","0","±12","0.0%","±71.9","9","±14","100.0%","±98.9"
"SCHOOL ENROLLMENT","","","","","","","","","","","","","","","","","","","","","","","","","","","","","","","","","","","","","","","","","","","",""
"    Population 3 years and over enrolled in school","463","±60","463","(X)","1,113","±177","1,113","(X)","525","±68","525","(X)","644","±125","644","(X)","946","±207","946","(X)","855","±157","855","(X)","580","±72","580","(X)","640","±90","640","(X)","479","±107","479","(X)","982","±110","982","(X)","517","±71","517","(X)"
"        Nursery school, preschool","29","±20","6.3%","±4.3","73","±39","6.6%","±3.4","46","±32","8.8%","±6.0","41","±21","6.4%","±3.3","94","±65","9.9%","±7.3","25","±25","2.9%","±2.9","24","±19","4.1%","±3.5","65","±33","10.2%","±5.1","55","±61","11.5%","±11.9","68","±34","6.9%","±3.5","5","±5","1.0%","±0.9"
"        Kindergarten","41","±19","8.9%","±3.9","24","±20","2.2%","±1.8","9","±15","1.7%","±2.9","15","±11","2.3%","±1.8","1","±3","0.1%","±0.4","41","±42","4.8%","±4.6","31","±19","5.3%","±3.3","35","±18","5.5%","±2.7","15","±18","3.1%","±3.7","55","±29","5.6%","±3.0","37","±26","7.2%","±4.7"
"        Elementary school (grades 1-8)","196","±36","42.3%","±5.3","484","±109","43.5%","±8.0","342","±60","65.1%","±11.1","304","±100","47.2%","±9.2","444","±185","46.9%","±13.1","355","±116","41.5%","±10.6","274","±75","47.2%","±9.9","280","±59","43.8%","±7.5","221","±52","46.1%","±8.9","370","±86","37.7%","±9.4","263","±43","50.9%","±7.3"
"        High school (grades 9-12)","117","±33","25.3%","±5.9","284","±100","25.5%","±7.5","64","±35","12.2%","±6.4","130","±40","20.2%","±6.6","197","±89","20.8%","±10.3","322","±106","37.7%","±12.3","165","±49","28.4%","±8.6","181","±53","28.3%","±6.7","106","±58","22.1%","±11.5","312","±126","31.8%","±11.6","106","±33","20.5%","±5.8"
"        College or graduate school","80","±28","17.3%","±5.2","248","±73","22.3%","±5.1","64","±39","12.2%","±6.7","154","±49","23.9%","±6.1","210","±117","22.2%","±10.9","112","±61","13.1%","±6.2","86","±34","14.8%","±5.4","79","±33","12.3%","±4.9","82","±46","17.1%","±8.8","177","±71","18.0%","±6.4","106","±39","20.5%","±6.3"
"EDUCATIONAL ATTAINMENT","","","","","","","","","","","","","","","","","","","","","","","","","","","","","","","","","","","","","","","","","","","",""
"    Population 25 years and over","1,731","±74","1,731","(X)","5,138","±206","5,138","(X)","2,572","±80","2,572","(X)","2,697","±147","2,697","(X)","3,576","±223","3,576","(X)","3,146","±156","3,146","(X)","2,045","±96","2,045","(X)","1,980","±134","1,980","(X)","1,527","±115","1,527","(X)","2,803","±147","2,803","(X)","1,818","±103","1,818","(X)"
"        Less than 9th grade","17","±11","1.0%","±0.6","253","±86","4.9%","±1.6","54","±49","2.1%","±1.9","18","±13","0.7%","±0.5","100","±67","2.8%","±1.9","140","±63","4.5%","±2.0","85","±51","4.2%","±2.5","98","±47","4.9%","±2.2","0","±12","0.0%","±2.1","28","±19","1.0%","±0.7","61","±33","3.4%","±1.8"
"        9th to 12th grade, no diploma","119","±45","6.9%","±2.6","611","±141","11.9%","±2.7","154","±72","6.0%","±2.8","109","±31","4.0%","±1.1","286","±129","8.0%","±3.4","129","±56","4.1%","±1.8","62","±25","3.0%","±1.2","179","±46","9.0%","±2.3","134","±78","8.8%","±5.1","177","±73","6.3%","±2.6","124","±50","6.8%","±2.6"
"        High school graduate (includes equivalency)","684","±69","39.5%","±3.6","1,912","±203","37.2%","±3.7","991","±151","38.5%","±5.8","1,143","±109","42.4%","±3.5","1,353","±257","37.8%","±6.7","1,211","±193","38.5%","±5.8","783","±105","38.3%","±5.0","809","±102","40.9%","±4.7","664","±108","43.5%","±6.4","1,243","±170","44.3%","±5.2","821","±80","45.2%","±4.4"
"        Some college, no degree","330","±45","19.1%","±2.7","1,092","±161","21.3%","±2.9","485","±110","18.9%","±4.4","424","±71","15.7%","±2.5","630","±165","17.6%","±4.3","604","±153","19.2%","±5.0","319","±79","15.6%","±3.7","327","±67","16.5%","±2.9","242","±67","15.8%","±4.2","544","±102","19.4%","±3.7","293","±63","16.1%","±3.2"
"        Associate's degree","212","±35","12.2%","±2.0","528","±95","10.3%","±1.9","379","±114","14.7%","±4.2","401","±76","14.9%","±2.7","554","±170","15.5%","±4.5","602","±184","19.1%","±5.6","284","±62","13.9%","±3.0","258","±55","13.0%","±2.6","243","±67","15.9%","±4.4","343","±82","12.2%","±2.8","256","±49","14.1%","±2.5"
"        Bachelor's degree","246","±52","14.2%","±2.8","503","±118","9.8%","±2.2","321","±97","12.5%","±3.8","383","±75","14.2%","±2.6","339","±118","9.5%","±3.2","350","±99","11.1%","±3.2","297","±81","14.5%","±3.7","174","±43","8.8%","±2.1","120","±51","7.9%","±3.2","325","±81","11.6%","±2.9","165","±37","9.1%","±2.1"
"        Graduate or professional degree","123","±34","7.1%","±1.9","239","±71","4.7%","±1.3","188","±83","7.3%","±3.2","219","±71","8.1%","±2.6","314","±178","8.8%","±5.2","110","±56","3.5%","±1.7","215","±70","10.5%","±3.4","135","±43","6.8%","±2.2","124","±66","8.1%","±4.3","143","±50","5.1%","±1.8","98","±33","5.4%","±1.7"
"        High school graduate or higher","1,595","±83","92.1%","±2.7","4,274","±231","83.2%","±3.2","2,364","±123","91.9%","±4.0","2,570","±144","95.3%","±1.2","3,190","±215","89.2%","±4.0","2,877","±161","91.4%","±2.6","1,898","±104","92.8%","±2.4","1,703","±129","86.0%","±3.2","1,393","±128","91.2%","±5.1","2,598","±156","92.7%","±2.8","1,633","±94","89.8%","±3.0"
"        Bachelor's degree or higher","369","±68","21.3%","±3.6","742","±146","14.4%","±2.7","509","±126","19.8%","±5.0","602","±107","22.3%","±3.6","653","±195","18.3%","±5.8","460","±121","14.6%","±3.8","512","±90","25.0%","±4.1","309","±62","15.6%","±3.1","244","±77","16.0%","±4.8","468","±102","16.7%","±3.6","263","±51","14.5%","±2.7"
"VETERAN STATUS","","","","","","","","","","","","","","","","","","","","","","","","","","","","","","","","","","","","","","","","","","","",""
"    Civilian population 18 years and over","1,918","±82","1,918","(X)","6,005","±161","6,005","(X)","2,689","±58","2,689","(X)","3,080","±145","3,080","(X)","3,984","±186","3,984","(X)","3,425","±150","3,425","(X)","2,197","±93","2,197","(X)","2,165","±138","2,165","(X)","1,639","±153","1,639","(X)","3,176","±103","3,176","(X)","2,003","±138","2,003","(X)"
"        Civilian veterans","148","±33","7.7%","±1.7","433","±92","7.2%","±1.5","221","±74","8.2%","±2.8","263","±58","8.5%","±1.8","279","±132","7.0%","±3.3","322","±104","9.4%","±3.1","212","±55","9.6%","±2.6","163","±37","7.5%","±1.7","143","±60","8.7%","±3.4","204","±64","6.4%","±2.0","161","±33","8.0%","±1.8"
"DISABILITY STATUS OF THE CIVILIAN NONINSTITUTIONALIZED POPULATION","","","","","","","","","","","","","","","","","","","","","","","","","","","","","","","","","","","","","","","","","","","",""
"    Total Civilian Noninstitutionalized Population","2,458","±104","2,458","(X)","4,784","±202","4,784","(X)","3,243","±17","3,243","(X)","3,837","±193","3,837","(X)","4,745","±90","4,745","(X)","4,389","±19","4,389","(X)","2,792","±19","2,792","(X)","2,856","±192","2,856","(X)","2,079","±201","2,079","(X)","4,118","±33","4,118","(X)","2,545","±165","2,545","(X)"
"        With a disability","335","±54","13.6%","±2.2","465","±101","9.7%","±2.1","321","±92","9.9%","±2.8","566","±99","14.8%","±2.6","899","±215","18.9%","±4.5","647","±135","14.7%","±3.1","502","±99","18.0%","±3.5","387","±84","13.6%","±2.8","212","±63","10.2%","±3.2","518","±94","12.6%","±2.3","331","±64","13.0%","±2.3"
"    Under 18 years","540","±53","540","(X)","1,112","±162","1,112","(X)","554","±54","554","(X)","757","±113","757","(X)","879","±181","879","(X)","964","±149","964","(X)","595","±90","595","(X)","691","±93","691","(X)","440","±116","440","(X)","942","±101","942","(X)","542","±74","542","(X)"
"        With a disability","30","±18","5.6%","±3.3","30","±41","2.7%","±3.5","33","±26","6.0%","±4.6","67","±39","8.9%","±4.9","101","±73","11.5%","±8.7","19","±22","2.0%","±2.2","34","±22","5.7%","±3.9","51","±23","7.4%","±3.4","24","±22","5.5%","±5.1","31","±28","3.3%","±3.0","6","±6","1.1%","±1.1"
"    18 to 64 years","1,470","±71","1,470","(X)","2,953","±184","2,953","(X)","1,945","±132","1,945","(X)","2,359","±140","2,359","(X)","2,987","±174","2,987","(X)","2,619","±133","2,619","(X)","1,593","±113","1,593","(X)","1,720","±130","1,720","(X)","1,272","±167","1,272","(X)","2,440","±108","2,440","(X)","1,577","±141","1,577","(X)"
"        With a disability","146","±35","9.9%","±2.4","215","±71","7.3%","±2.3","95","±48","4.9%","±2.4","270","±64","11.4%","±2.7","478","±171","16.0%","±5.6","333","±119","12.7%","±4.4","235","±80","14.8%","±4.6","220","±77","12.8%","±4.1","107","±47","8.4%","±3.5","236","±61","9.7%","±2.4","187","±57","11.9%","±3.2"
"    65 years and over","448","±38","448","(X)","719","±130","719","(X)","744","±123","744","(X)","721","±79","721","(X)","879","±129","879","(X)","806","±138","806","(X)","604","±70","604","(X)","445","±50","445","(X)","367","±93","367","(X)","736","±84","736","(X)","426","±57","426","(X)"
"        With a disability","159","±34","35.5%","±7.1","220","±80","30.6%","±9.4","193","±69","25.9%","±8.4","229","±48","31.8%","±5.8","320","±118","36.4%","±12.0","295","±88","36.6%","±10.5","233","±49","38.6%","±8.0","116","±32","26.1%","±6.3","81","±33","22.1%","±7.8","251","±63","34.1%","±7.0","138","±27","32.4%","±5.2"
"RESIDENCE 1 YEAR AGO","","","","","","","","","","","","","","","","","","","","","","","","","","","","","","","","","","","","","","","","","","","",""
"    Population 1 year and over","2,428","±103","2,428","(X)","7,048","±50","7,048","(X)","3,243","±17","3,243","(X)","3,799","±193","3,799","(X)","4,827","±54","4,827","(X)","4,308","±67","4,308","(X)","2,760","±33","2,760","(X)","2,826","±194","2,826","(X)","2,059","±199","2,059","(X)","4,073","±54","4,073","(X)","2,537","±164","2,537","(X)"
"        Same house","2,264","±102","93.2%","±1.6","5,740","±269","81.4%","±3.8","3,057","±108","94.3%","±3.3","3,610","±186","95.0%","±2.0","4,199","±314","87.0%","±6.5","3,787","±217","87.9%","±5.2","2,465","±105","89.3%","±3.7","2,623","±200","92.8%","±2.2","1,954","±161","94.9%","±3.5","3,651","±179","89.6%","±4.3","2,414","±171","95.2%","±1.6"
"        Different house in the U.S.","164","±40","6.8%","±1.6","1,303","±267","18.5%","±3.8","175","±103","5.4%","±3.2","186","±78","4.9%","±2.0","628","±311","13.0%","±6.5","521","±225","12.1%","±5.2","292","±102","10.6%","±3.7","194","±60","6.9%","±2.2","105","±78","5.1%","±3.5","422","±174","10.4%","±4.3","121","±41","4.8%","±1.6"
"            Same county","72","±31","3.0%","±1.3","287","±133","4.1%","±1.9","55","±56","1.7%","±1.7","119","±61","3.1%","±1.6","563","±313","11.7%","±6.5","366","±215","8.5%","±5.0","158","±76","5.7%","±2.7","111","±48","3.9%","±1.7","59","±40","2.9%","±1.8","100","±67","2.5%","±1.6","61","±29","2.4%","±1.1"
"            Different county","92","±36","3.8%","±1.5","1,016","±221","14.4%","±3.1","120","±92","3.7%","±2.8","67","±38","1.8%","±1.0","65","±48","1.3%","±1.0","155","±84","3.6%","±1.9","134","±66","4.9%","±2.4","83","±41","2.9%","±1.5","46","±67","2.2%","±3.2","322","±155","7.9%","±3.8","60","±28","2.4%","±1.1"
"                Same state","66","±31","2.7%","±1.2","903","±184","12.8%","±2.6","109","±91","3.4%","±2.8","67","±38","1.8%","±1.0","56","±44","1.2%","±0.9","148","±84","3.4%","±1.9","116","±65","4.2%","±2.4","63","±32","2.2%","±1.1","4","±6","0.2%","±0.3","244","±147","6.0%","±3.6","49","±22","1.9%","±0.9"
"                Different state","26","±19","1.1%","±0.8","113","±114","1.6%","±1.6","11","±16","0.3%","±0.5","0","±12","0.0%","±0.9","9","±19","0.2%","±0.4","7","±13","0.2%","±0.3","18","±22","0.7%","±0.8","20","±22","0.7%","±0.8","42","±67","2.0%","±3.2","78","±70","1.9%","±1.7","11","±14","0.4%","±0.6"
"        Abroad","0","±12","0.0%","±1.3","5","±8","0.1%","±0.1","11","±17","0.3%","±0.5","3","±4","0.1%","±0.1","0","±12","0.0%","±0.7","0","±12","0.0%","±0.8","3","±4","0.1%","±0.2","9","±11","0.3%","±0.4","0","±12","0.0%","±1.6","0","±12","0.0%","±0.8","2","±4","0.1%","±0.2"
"PLACE OF BIRTH","","","","","","","","","","","","","","","","","","","","","","","","","","","","","","","","","","","","","","","","","","","",""
"    Total population","2,458","±104","2,458","(X)","7,117","±30","7,117","(X)","3,243","±17","3,243","(X)","3,841","±193","3,841","(X)","4,863","±35","4,863","(X)","4,389","±19","4,389","(X)","2,796","±18","2,796","(X)","2,856","±192","2,856","(X)","2,079","±201","2,079","(X)","4,118","±33","4,118","(X)","2,545","±165","2,545","(X)"
"        Native","2,451","±104","99.7%","±0.3","6,856","±134","96.3%","±1.9","3,223","±28","99.4%","±0.7","3,733","±191","97.2%","±2.5","4,785","±65","98.4%","±1.1","4,289","±109","97.7%","±2.5","2,688","±73","96.1%","±2.5","2,783","±186","97.4%","±1.3","2,074","±201","99.8%","±0.4","4,038","±59","98.1%","±1.3","2,502","±167","98.3%","±1.4"
"            Born in United States","2,439","±102","99.2%","±0.6","6,710","±141","94.3%","±2.0","3,215","±29","99.1%","±0.8","3,733","±191","97.2%","±2.5","4,785","±65","98.4%","±1.1","4,279","±110","97.5%","±2.5","2,685","±72","96.0%","±2.5","2,745","±182","96.1%","±2.0","2,074","±201","99.8%","±0.4","4,003","±72","97.2%","±1.6","2,488","±167","97.8%","±1.5"
"                State of residence","2,159","±120","87.8%","±2.6","6,133","±213","86.2%","±3.0","3,000","±134","92.5%","±4.1","3,502","±185","91.2%","±3.2","4,314","±179","88.7%","±3.6","3,752","±187","85.5%","±4.3","2,416","±110","86.4%","±3.9","2,478","±174","86.8%","±2.5","1,959","±190","94.2%","±3.8","3,725","±108","90.5%","±2.6","2,267","±149","89.1%","±2.8"
"                Different state","280","±61","11.4%","±2.5","577","±138","8.1%","±1.9","215","±128","6.6%","±3.9","231","±96","6.0%","±2.4","471","±160","9.7%","±3.3","527","±170","12.0%","±3.9","269","±86","9.6%","±3.1","267","±62","9.3%","±2.1","115","±78","5.5%","±3.6","278","±87","6.8%","±2.1","221","±72","8.7%","±2.6"
"            Born in Puerto Rico, U.S. Island areas, or born abroad to American parent(s)","12","±12","0.5%","±0.5","146","±79","2.1%","±1.1","8","±14","0.2%","±0.4","0","±12","0.0%","±0.8","0","±12","0.0%","±0.7","10","±13","0.2%","±0.3","3","±5","0.1%","±0.2","38","±45","1.3%","±1.5","0","±12","0.0%","±1.5","35","±40","0.8%","±1.0","14","±9","0.6%","±0.4"
"        Foreign born","7","±7","0.3%","±0.3","261","±133","3.7%","±1.9","20","±22","0.6%","±0.7","108","±99","2.8%","±2.5","78","±54","1.6%","±1.1","100","±108","2.3%","±2.5","108","±69","3.9%","±2.5","73","±39","2.6%","±1.3","5","±7","0.2%","±0.4","80","±52","1.9%","±1.3","43","±35","1.7%","±1.4"
"U.S. CITIZENSHIP STATUS","","","","","","","","","","","","","","","","","","","","","","","","","","","","","","","","","","","","","","","","","","","",""
"    Foreign-born population","7","±7","7","(X)","261","±133","261","(X)","20","±22","20","(X)","108","±99","108","(X)","78","±54","78","(X)","100","±108","100","(X)","108","±69","108","(X)","73","±39","73","(X)","5","±7","5","(X)","80","±52","80","(X)","43","±35","43","(X)"
"        Naturalized U.S. citizen","4","±6","57.1%","±52.5","25","±24","9.6%","±10.1","20","±22","100.0%","±66.3","13","±11","12.0%","±15.8","34","±31","43.6%","±28.9","16","±17","16.0%","±38.1","45","±39","41.7%","±37.5","39","±26","53.4%","±23.4","0","±12","0.0%","±100.0","42","±32","52.5%","±32.7","41","±34","95.3%","±7.2"
"        Not a U.S. citizen","3","±3","42.9%","±52.5","236","±132","90.4%","±10.1","0","±12","0.0%","±66.3","95","±98","88.0%","±15.8","44","±39","56.4%","±28.9","84","±110","84.0%","±38.1","63","±63","58.3%","±37.5","34","±28","46.6%","±23.4","5","±7","100.0%","±100.0","38","±41","47.5%","±32.7","2","±3","4.7%","±7.2"
"YEAR OF ENTRY","","","","","","","","","","","","","","","","","","","","","","","","","","","","","","","","","","","","","","","","","","","",""
"    Population born outside the United States","19","±14","19","(X)","407","±140","407","(X)","28","±26","28","(X)","108","±99","108","(X)","78","±54","78","(X)","110","±109","110","(X)","111","±69","111","(X)","111","±58","111","(X)","5","±7","5","(X)","115","±65","115","(X)","57","±37","57","(X)"
"        Native","12","±12","12","(X)","146","±79","146","(X)","8","±14","8","(X)","0","±12","0","(X)","0","±12","0","(X)","10","±13","10","(X)","3","±5","3","(X)","38","±45","38","(X)","0","±12","0","(X)","35","±40","35","(X)","14","±9","14","(X)"
"            Entered 2010 or later","0","±12","0.0%","±85.6","22","±30","15.1%","±17.0","0","±12","0.0%","±100.0","0","±12","-","**","0","±12","-","**","0","±12","0.0%","±93.8","0","±12","0.0%","±100.0","0","±12","0.0%","±48.1","0","±12","-","**","0","±12","0.0%","±50.1","1","±2","7.1%","±15.6"
"            Entered before 2010","12","±12","100.0%","±85.6","124","±66","84.9%","±17.0","8","±14","100.0%","±100.0","0","±12","-","**","0","±12","-","**","10","±13","100.0%","±93.8","3","±5","100.0%","±100.0","38","±45","100.0%","±48.1","0","±12","-","**","35","±40","100.0%","±50.1","13","±9","92.9%","±15.6"
"        Foreign born","7","±7","7","(X)","261","±133","261","(X)","20","±22","20","(X)","108","±99","108","(X)","78","±54","78","(X)","100","±108","100","(X)","108","±69","108","(X)","73","±39","73","(X)","5","±7","5","(X)","80","±52","80","(X)","43","±35","43","(X)"
"            Entered 2010 or later","1","±2","14.3%","±31.4","112","±113","42.9%","±29.0","0","±12","0.0%","±66.3","74","±94","68.5%","±38.3","0","±12","0.0%","±32.7","0","±12","0.0%","±27.2","20","±24","18.5%","±22.7","15","±16","20.5%","±15.2","0","±12","0.0%","±100.0","38","±41","47.5%","±32.7","0","±12","0.0%","±45.2"
"            Entered before 2010","6","±6","85.7%","±31.4","149","±75","57.1%","±29.0","20","±22","100.0%","±66.3","34","±27","31.5%","±38.3","78","±54","100.0%","±32.7","100","±108","100.0%","±27.2","88","±65","81.5%","±22.7","58","±30","79.5%","±15.2","5","±7","100.0%","±100.0","42","±32","52.5%","±32.7","43","±35","100.0%","±45.2"
"WORLD REGION OF BIRTH OF FOREIGN BORN","","","","","","","","","","","","","","","","","","","","","","","","","","","","","","","","","","","","","","","","","","","",""
"    Foreign-born population, excluding population born at sea","7","±7","7","(X)","261","±133","261","(X)","20","±22","20","(X)","108","±99","108","(X)","78","±54","78","(X)","100","±108","100","(X)","108","±69","108","(X)","73","±39","73","(X)","5","±7","5","(X)","80","±52","80","(X)","43","±35","43","(X)"
"        Europe","0","±12","0.0%","±100.0","0","±17","0.0%","±11.7","20","±22","100.0%","±66.3","11","±11","10.2%","±13.5","17","±27","21.8%","±32.7","11","±14","11.0%","±29.1","6","±8","5.6%","±8.6","15","±11","20.5%","±14.5","5","±7","100.0%","±100.0","38","±37","47.5%","±32.1","13","±12","30.2%","±31.9"
"        Asia","0","±12","0.0%","±100.0","27","±34","10.3%","±13.9","0","±12","0.0%","±66.3","4","±9","3.7%","±9.6","13","±24","16.7%","±27.1","0","±12","0.0%","±27.2","30","±32","27.8%","±30.8","14","±12","19.2%","±14.5","0","±12","0.0%","±100.0","30","±36","37.5%","±33.0","24","±31","55.8%","±41.7"
"        Africa","0","±12","0.0%","±100.0","0","±17","0.0%","±11.7","0","±12","0.0%","±66.3","10","±15","9.3%","±16.2","4","±8","5.1%","±10.9","0","±12","0.0%","±27.2","0","±12","0.0%","±25.5","15","±21","20.5%","±23.6","0","±12","0.0%","±100.0","0","±12","0.0%","±32.1","0","±12","0.0%","±45.2"
"        Oceania","0","±12","0.0%","±100.0","0","±17","0.0%","±11.7","0","±12","0.0%","±66.3","0","±12","0.0%","±25.5","0","±12","0.0%","±32.7","0","±12","0.0%","±27.2","0","±12","0.0%","±25.5","0","±12","0.0%","±34.1","0","±12","0.0%","±100.0","0","±12","0.0%","±32.1","0","±12","0.0%","±45.2"
"        Latin America","5","±7","71.4%","±48.4","218","±130","83.5%","±17.8","0","±12","0.0%","±66.3","83","±94","76.9%","±27.0","44","±41","56.4%","±35.2","89","±111","89.0%","±29.1","49","±62","45.4%","±42.0","18","±18","24.7%","±19.6","0","±12","0.0%","±100.0","3","±6","3.8%","±8.6","0","±12","0.0%","±45.2"
"        Northern America","2","±3","28.6%","±48.4","16","±25","6.1%","±9.8","0","±12","0.0%","±66.3","0","±12","0.0%","±25.5","0","±12","0.0%","±32.7","0","±12","0.0%","±27.2","23","±25","21.3%","±26.3","11","±14","15.1%","±14.2","0","±12","0.0%","±100.0","9","±9","11.3%","±12.7","6","±9","14.0%","±23.2"
"LANGUAGE SPOKEN AT HOME","","","","","","","","","","","","","","","","","","","","","","","","","","","","","","","","","","","","","","","","","","","",""
"    Population 5 years and over","2,295","±106","2,295","(X)","6,785","±95","6,785","(X)","3,123","±57","3,123","(X)","3,573","±186","3,573","(X)","4,691","±95","4,691","(X)","4,129","±127","4,129","(X)","2,663","±58","2,663","(X)","2,683","±177","2,683","(X)","1,997","±186","1,997","(X)","3,877","±94","3,877","(X)","2,409","±152","2,409","(X)"
"        English only","2,264","±105","98.6%","±1.3","6,206","±157","91.5%","±2.0","3,077","±67","98.5%","±0.9","3,437","±193","96.2%","±3.0","4,561","±109","97.2%","±1.8","3,900","±161","94.5%","±3.0","2,504","±108","94.0%","±4.1","2,642","±175","98.5%","±0.7","1,973","±183","98.8%","±1.2","3,783","±101","97.6%","±1.1","2,310","±169","95.9%","±3.1"
"        Language other than English","31","±29","1.4%","±1.3","579","±137","8.5%","±2.0","46","±29","1.5%","±0.9","136","±108","3.8%","±3.0","130","±86","2.8%","±1.8","229","±124","5.5%","±3.0","159","±109","6.0%","±4.1","41","±18","1.5%","±0.7","24","±25","1.2%","±1.2","94","±43","2.4%","±1.1","99","±74","4.1%","±3.1"
"            Speak English less than ""very well""","5","±7","0.2%","±0.3","206","±120","3.0%","±1.8","0","±12","0.0%","±1.0","79","±95","2.2%","±2.6","14","±17","0.3%","±0.4","66","±75","1.6%","±1.8","6","±9","0.2%","±0.3","25","±17","0.9%","±0.6","0","±12","0.0%","±1.6","7","±10","0.2%","±0.2","5","±5","0.2%","±0.2"
"        Spanish","29","±29","1.3%","±1.3","506","±127","7.5%","±1.9","6","±10","0.2%","±0.3","77","±94","2.2%","±2.6","45","±37","1.0%","±0.8","150","±117","3.6%","±2.8","150","±111","5.6%","±4.1","24","±18","0.9%","±0.7","0","±12","0.0%","±1.6","33","±24","0.9%","±0.6","4","±6","0.2%","±0.2"
"            Speak English less than ""very well""","5","±7","0.2%","±0.3","194","±118","2.9%","±1.7","0","±12","0.0%","±1.0","72","±95","2.0%","±2.6","11","±16","0.2%","±0.3","66","±75","1.6%","±1.8","6","±9","0.2%","±0.3","21","±18","0.8%","±0.7","0","±12","0.0%","±1.6","7","±10","0.2%","±0.2","0","±12","0.0%","±1.3"
"        Other Indo-European languages","2","±3","0.1%","±0.1","20","±27","0.3%","±0.4","40","±27","1.3%","±0.9","38","±44","1.1%","±1.2","85","±84","1.8%","±1.8","34","±27","0.8%","±0.7","9","±11","0.3%","±0.4","16","±11","0.6%","±0.4","24","±25","1.2%","±1.2","15","±22","0.4%","±0.6","92","±74","3.8%","±3.1"
"            Speak English less than ""very well""","0","±12","0.0%","±1.4","0","±17","0.0%","±0.5","0","±12","0.0%","±1.0","3","±5","0.1%","±0.1","3","±5","0.1%","±0.1","0","±12","0.0%","±0.8","0","±12","0.0%","±1.2","4","±5","0.1%","±0.2","0","±12","0.0%","±1.6","0","±12","0.0%","±0.8","3","±4","0.1%","±0.1"
"        Asian and Pacific Islander languages","0","±12","0.0%","±1.4","0","±17","0.0%","±0.5","0","±12","0.0%","±1.0","11","±15","0.3%","±0.4","0","±12","0.0%","±0.7","45","±43","1.1%","±1.0","0","±12","0.0%","±1.2","0","±12","0.0%","±1.2","0","±12","0.0%","±1.6","46","±45","1.2%","±1.2","3","±4","0.1%","±0.2"
"            Speak English less than ""very well""","0","±12","0.0%","±1.4","0","±17","0.0%","±0.5","0","±12","0.0%","±1.0","4","±9","0.1%","±0.2","0","±12","0.0%","±0.7","0","±12","0.0%","±0.8","0","±12","0.0%","±1.2","0","±12","0.0%","±1.2","0","±12","0.0%","±1.6","0","±12","0.0%","±0.8","2","±3","0.1%","±0.1"
"        Other languages","0","±12","0.0%","±1.4","53","±37","0.8%","±0.5","0","±12","0.0%","±1.0","10","±15","0.3%","±0.4","0","±12","0.0%","±0.7","0","±12","0.0%","±0.8","0","±12","0.0%","±1.2","1","±2","0.0%","±0.1","0","±12","0.0%","±1.6","0","±12","0.0%","±0.8","0","±12","0.0%","±1.3"
"            Speak English less than ""very well""","0","±12","0.0%","±1.4","12","±22","0.2%","±0.3","0","±12","0.0%","±1.0","0","±12","0.0%","±0.9","0","±12","0.0%","±0.7","0","±12","0.0%","±0.8","0","±12","0.0%","±1.2","0","±12","0.0%","±1.2","0","±12","0.0%","±1.6","0","±12","0.0%","±0.8","0","±12","0.0%","±1.3"
"ANCESTRY","","","","","","","","","","","","","","","","","","","","","","","","","","","","","","","","","","","","","","","","","","","",""
"    Total population","2,458","±104","2,458","(X)","7,117","±30","7,117","(X)","3,243","±17","3,243","(X)","3,841","±193","3,841","(X)","4,863","±35","4,863","(X)","4,389","±19","4,389","(X)","2,796","±18","2,796","(X)","2,856","±192","2,856","(X)","2,079","±201","2,079","(X)","4,118","±33","4,118","(X)","2,545","±165","2,545","(X)"
"        American","177","±46","7.2%","±1.8","351","±137","4.9%","±1.9","88","±71","2.7%","±2.2","227","±110","5.9%","±2.8","176","±84","3.6%","±1.7","480","±254","10.9%","±5.8","158","±73","5.7%","±2.6","141","±49","4.9%","±1.8","182","±89","8.8%","±4.3","243","±159","5.9%","±3.9","192","±51","7.5%","±2.0"
"        Arab","3","±6","0.1%","±0.3","17","±16","0.2%","±0.2","11","±16","0.3%","±0.5","58","±78","1.5%","±2.0","0","±12","0.0%","±0.7","0","±12","0.0%","±0.7","0","±12","0.0%","±1.2","0","±12","0.0%","±1.1","0","±12","0.0%","±1.5","13","±21","0.3%","±0.5","4","±5","0.2%","±0.2"
"        Czech","3","±5","0.1%","±0.2","5","±8","0.1%","±0.1","0","±12","0.0%","±1.0","4","±6","0.1%","±0.2","0","±12","0.0%","±0.7","9","±17","0.2%","±0.4","0","±12","0.0%","±1.2","1","±3","0.0%","±0.1","13","±15","0.6%","±0.7","0","±12","0.0%","±0.8","1","±3","0.0%","±0.1"
"        Danish","0","±12","0.0%","±1.3","0","±17","0.0%","±0.5","0","±12","0.0%","±1.0","0","±12","0.0%","±0.8","0","±12","0.0%","±0.7","11","±20","0.3%","±0.4","0","±12","0.0%","±1.2","14","±18","0.5%","±0.6","0","±12","0.0%","±1.5","0","±12","0.0%","±0.8","3","±5","0.1%","±0.2"
"        Dutch","22","±12","0.9%","±0.5","98","±49","1.4%","±0.7","51","±38","1.6%","±1.2","42","±21","1.1%","±0.5","247","±115","5.1%","±2.4","89","±40","2.0%","±0.9","97","±61","3.5%","±2.2","71","±36","2.5%","±1.3","54","±37","2.6%","±1.7","108","±55","2.6%","±1.3","87","±48","3.4%","±1.9"
"        English","387","±64","15.7%","±2.6","602","±130","8.5%","±1.8","331","±149","10.2%","±4.6","297","±68","7.7%","±1.8","751","±242","15.4%","±5.0","456","±154","10.4%","±3.5","496","±105","17.7%","±3.7","420","±96","14.7%","±3.1","238","±150","11.4%","±6.7","573","±200","13.9%","±4.8","273","±58","10.7%","±2.3"
"        French (except Basque)","53","±30","2.2%","±1.2","185","±72","2.6%","±1.0","65","±35","2.0%","±1.1","166","±56","4.3%","±1.5","186","±115","3.8%","±2.4","100","±58","2.3%","±1.3","66","±32","2.4%","±1.1","114","±37","4.0%","±1.3","9","±10","0.4%","±0.5","150","±79","3.6%","±1.9","113","±70","4.4%","±2.8"
"        French Canadian","32","±19","1.3%","±0.8","70","±48","1.0%","±0.7","10","±16","0.3%","±0.5","53","±63","1.4%","±1.6","93","±78","1.9%","±1.6","33","±31","0.8%","±0.7","25","±15","0.9%","±0.5","32","±18","1.1%","±0.6","0","±12","0.0%","±1.5","38","±36","0.9%","±0.9","12","±8","0.5%","±0.3"
"        German","621","±98","25.3%","±3.9","1,791","±303","25.2%","±4.3","1,097","±187","33.8%","±5.8","1,542","±168","40.1%","±4.5","1,498","±323","30.8%","±6.7","727","±209","16.6%","±4.8","773","±155","27.6%","±5.5","887","±158","31.1%","±5.1","778","±158","37.4%","±7.3","1,338","±233","32.5%","±5.7","651","±115","25.6%","±4.4"
"        Greek","0","±12","0.0%","±1.3","54","±46","0.8%","±0.6","33","±36","1.0%","±1.1","0","±12","0.0%","±0.8","0","±12","0.0%","±0.7","19","±22","0.4%","±0.5","4","±5","0.1%","±0.2","2","±3","0.1%","±0.1","3","±5","0.1%","±0.2","21","±32","0.5%","±0.8","0","±12","0.0%","±1.3"
"        Hungarian","11","±8","0.4%","±0.3","21","±25","0.3%","±0.3","10","±15","0.3%","±0.5","19","±16","0.5%","±0.4","14","±24","0.3%","±0.5","16","±19","0.4%","±0.4","21","±21","0.8%","±0.8","35","±27","1.2%","±0.9","6","±9","0.3%","±0.4","24","±22","0.6%","±0.5","12","±9","0.5%","±0.4"
"        Irish","595","±112","24.2%","±4.4","845","±202","11.9%","±2.8","333","±153","10.3%","±4.7","485","±119","12.6%","±3.0","836","±218","17.2%","±4.5","783","±214","17.8%","±4.9","435","±110","15.6%","±3.9","418","±84","14.6%","±2.7","385","±109","18.5%","±5.7","689","±208","16.7%","±5.0","320","±48","12.6%","±1.9"
"        Italian","202","±65","8.2%","±2.6","475","±154","6.7%","±2.2","405","±158","12.5%","±4.9","343","±112","8.9%","±2.8","413","±187","8.5%","±3.9","295","±112","6.7%","±2.5","220","±70","7.9%","±2.5","178","±52","6.2%","±1.8","89","±45","4.3%","±2.2","332","±112","8.1%","±2.7","152","±62","6.0%","±2.4"
"        Lithuanian","3","±5","0.1%","±0.2","14","±22","0.2%","±0.3","0","±12","0.0%","±1.0","4","±6","0.1%","±0.1","0","±12","0.0%","±0.7","0","±12","0.0%","±0.7","6","±9","0.2%","±0.3","2","±3","0.1%","±0.1","0","±12","0.0%","±1.5","0","±12","0.0%","±0.8","0","±12","0.0%","±1.3"
"        Norwegian","5","±8","0.2%","±0.3","10","±15","0.1%","±0.2","0","±12","0.0%","±1.0","7","±10","0.2%","±0.3","3","±5","0.1%","±0.1","11","±17","0.3%","±0.4","62","±41","2.2%","±1.5","34","±26","1.2%","±0.9","11","±17","0.5%","±0.8","9","±15","0.2%","±0.4","8","±9","0.3%","±0.3"
"        Polish","115","±40","4.7%","±1.6","592","±138","8.3%","±1.9","937","±215","28.9%","±6.6","489","±109","12.7%","±2.8","431","±182","8.9%","±3.7","245","±96","5.6%","±2.2","232","±63","8.3%","±2.3","239","±59","8.4%","±2.2","251","±113","12.1%","±5.5","495","±139","12.0%","±3.4","176","±43","6.9%","±1.6"
"        Portuguese","0","±12","0.0%","±1.3","0","±17","0.0%","±0.5","0","±12","0.0%","±1.0","0","±12","0.0%","±0.8","38","±45","0.8%","±0.9","12","±18","0.3%","±0.4","0","±12","0.0%","±1.2","9","±14","0.3%","±0.5","0","±12","0.0%","±1.5","0","±12","0.0%","±0.8","0","±12","0.0%","±1.3"
"        Russian","0","±12","0.0%","±1.3","30","±27","0.4%","±0.4","0","±12","0.0%","±1.0","26","±15","0.7%","±0.4","3","±6","0.1%","±0.1","0","±12","0.0%","±0.7","15","±12","0.5%","±0.4","13","±15","0.5%","±0.5","4","±5","0.2%","±0.3","0","±12","0.0%","±0.8","12","±9","0.5%","±0.4"
"        Scotch-Irish","15","±11","0.6%","±0.4","91","±62","1.3%","±0.9","51","±52","1.6%","±1.6","28","±25","0.7%","±0.6","0","±12","0.0%","±0.7","20","±23","0.5%","±0.5","15","±12","0.5%","±0.4","22","±15","0.8%","±0.5","19","±23","0.9%","±1.1","18","±16","0.4%","±0.4","14","±12","0.6%","±0.5"
"        Scottish","49","±19","2.0%","±0.8","115","±99","1.6%","±1.4","9","±15","0.3%","±0.5","94","±38","2.4%","±1.0","88","±71","1.8%","±1.5","159","±114","3.6%","±2.6","74","±39","2.6%","±1.4","64","±25","2.2%","±0.9","85","±78","4.1%","±3.8","58","±44","1.4%","±1.1","87","±51","3.4%","±2.0"
"        Slovak","2","±3","0.1%","±0.1","0","±17","0.0%","±0.5","9","±13","0.3%","±0.4","3","±4","0.1%","±0.1","4","±8","0.1%","±0.2","0","±12","0.0%","±0.7","9","±8","0.3%","±0.3","5","±7","0.2%","±0.3","18","±17","0.9%","±0.8","0","±12","0.0%","±0.8","0","±12","0.0%","±1.3"
"        Subsaharan African","0","±12","0.0%","±1.3","292","±142","4.1%","±2.0","0","±12","0.0%","±1.0","10","±15","0.3%","±0.4","15","±19","0.3%","±0.4","0","±12","0.0%","±0.7","18","±26","0.6%","±0.9","15","±21","0.5%","±0.7","0","±12","0.0%","±1.5","0","±12","0.0%","±0.8","0","±12","0.0%","±1.3"
"        Swedish","12","±8","0.5%","±0.3","76","±46","1.1%","±0.6","43","±42","1.3%","±1.3","59","±39","1.5%","±1.0","26","±29","0.5%","±0.6","8","±14","0.2%","±0.3","20","±17","0.7%","±0.6","5","±5","0.2%","±0.2","11","±17","0.5%","±0.8","94","±103","2.3%","±2.5","10","±10","0.4%","±0.4"
"        Swiss","0","±12","0.0%","±1.3","12","±18","0.2%","±0.3","67","±92","2.1%","±2.8","90","±56","2.3%","±1.5","12","±19","0.2%","±0.4","8","±13","0.2%","±0.3","15","±22","0.5%","±0.8","2","±3","0.1%","±0.1","0","±12","0.0%","±1.5","15","±23","0.4%","±0.6","25","±19","1.0%","±0.7"
"        Ukrainian","25","±18","1.0%","±0.7","26","±33","0.4%","±0.5","8","±13","0.2%","±0.4","53","±48","1.4%","±1.2","65","±85","1.3%","±1.8","28","±39","0.6%","±0.9","32","±42","1.1%","±1.5","2","±3","0.1%","±0.1","9","±9","0.4%","±0.4","8","±12","0.2%","±0.3","25","±18","1.0%","±0.7"
"        Welsh","28","±16","1.1%","±0.6","21","±19","0.3%","±0.3","10","±17","0.3%","±0.5","14","±13","0.4%","±0.3","50","±59","1.0%","±1.2","15","±18","0.3%","±0.4","73","±49","2.6%","±1.8","21","±19","0.7%","±0.7","12","±13","0.6%","±0.6","150","±124","3.6%","±3.0","21","±12","0.8%","±0.5"
"        West Indian (excluding Hispanic origin groups)","0","±12","0.0%","±1.3","76","±45","1.1%","±0.6","0","±12","0.0%","±1.0","0","±12","0.0%","±0.8","4","±8","0.1%","±0.2","4","±6","0.1%","±0.1","0","±12","0.0%","±1.2","0","±12","0.0%","±1.1","0","±12","0.0%","±1.5","25","±44","0.6%","±1.1","0","±12","0.0%","±1.3"
"COMPUTERS AND INTERNET USE","","","","","","","","","","","","","","","","","","","","","","","","","","","","","","","","","","","","","","","","","","","",""
"    Total households","998","±50","998","(X)","1,891","±155","1,891","(X)","1,344","±80","1,344","(X)","1,587","±83","1,587","(X)","2,176","±197","2,176","(X)","1,793","±123","1,793","(X)","1,215","±79","1,215","(X)","1,203","±78","1,203","(X)","866","±72","866","(X)","1,834","±113","1,834","(X)","1,010","±65","1,010","(X)"
"        With a computer","861","±56","86.3%","±3.4","1,708","±152","90.3%","±3.5","1,162","±88","86.5%","±4.4","1,377","±92","86.8%","±3.4","1,888","±196","86.8%","±4.5","1,560","±126","87.0%","±5.1","1,120","±83","92.2%","±2.9","963","±83","80.0%","±4.8","783","±73","90.4%","±4.3","1,540","±103","84.0%","±4.0","846","±71","83.8%","±4.0"
"        With a broadband Internet subscription","805","±59","80.7%","±4.2","1,475","±173","78.0%","±5.7","1,022","±96","76.0%","±7.0","1,231","±93","77.6%","±4.5","1,655","±175","76.1%","±5.8","1,460","±117","81.4%","±4.8","1,002","±86","82.5%","±4.3","839","±81","69.7%","±5.2","685","±71","79.1%","±5.5","1,424","±98","77.6%","±4.3","703","±70","69.6%","±5.2"